Age,Gender,Weight (kg),Height (m),BMI,Fat_Percentage,Max_BPM,Avg_BPM,Resting_BPM,Session_Duration (hours),Calories_Burned,Workout_Frequency (days/week),Experience_Level,Water_Intake (liters),Fitness_Goal,Workout_Type,Equipment_dumbbell,Equipment_barbell,Equipment_cable,Equipment_kettlebell,Equipment_resistance_band,Equipment_stability_ball,Equipment_bodyweight_only
59.8,Female,67.3,1.6,26.26,29.0,161.7,134.8,76.5,1.73,696.5,3.3,1.0,3.3,Strength,Strength,1.0,0.0,0.0,0.0,0.0,0.0,1.0
51.8,Male,68.0,1.85,19.95,30.9,170.5,156.5,63.1,0.63,430.9,1.9,1.0,3.43,Weight Loss,HIIT,0.0,0.0,0.0,0.0,1.0,1.0,1.0
30.0,Male,61.6,1.77,19.66,24.3,170.0,130.0,74.0,2.0,1068.0,5.0,2.0,1.5,Muscle Gain,Strength,1.0,1.0,1.0,0.0,0.0,0.0,1.0
58.2,Female,74.1,1.58,29.5,18.5,151.9,137.8,61.6,0.92,421.3,4.6,1.0,2.6,Muscle Gain,Strength,1.0,1.0,1.0,0.0,0.0,0.0,1.0
37.9,Male,74.6,1.79,23.37,8.3,186.8,178.5,48.7,1.04,1399.6,4.7,3.0,3.8,General Fitness,Cardio,1.0,0.0,0.0,0.0,0.0,0.0,1.0
16.0,Male,83.3,1.91,22.71,24.5,210.0,151.5,52.4,0.91,501.2,2.5,1.0,3.45,Muscle Gain,Strength,1.0,1.0,1.0,1.0,0.0,1.0,1.0
28.0,Male,82.4,1.57,33.43,31.0,171.0,169.0,55.0,1.07,1218.0,4.0,2.0,2.5,Weight Loss,HIIT,0.0,0.0,0.0,0.0,1.0,0.0,1.0
30.0,Male,72.5,1.91,19.87,28.2,189.0,142.0,58.0,1.44,976.0,2.0,2.0,3.6,General Fitness,Cardio,0.0,0.0,0.0,0.0,0.0,0.0,0.0
27.4,Female,59.7,1.59,23.74,22.9,177.7,135.7,65.3,1.82,910.4,3.7,3.0,3.6,Muscle Gain,Strength,1.0,1.0,0.0,1.0,1.0,1.0,0.0
52.1,Male,79.2,1.72,26.64,15.7,168.8,142.1,59.8,1.31,831.0,3.8,2.0,3.6,Muscle Gain,Strength,1.0,1.0,0.0,0.0,1.0,0.0,0.0
42.0,Male,59.1,1.65,21.71,21.2,183.0,138.0,71.0,2.0,957.0,2.0,2.0,2.0,Muscle Gain,Strength,1.0,1.0,0.0,0.0,0.0,0.0,1.0
16.1,Male,113.8,1.83,34.07,31.9,210.0,135.8,69.3,0.67,277.3,1.8,1.0,3.1,General Fitness,Yoga,0.0,0.0,0.0,0.0,0.0,1.0,1.0
35.8,Male,63.4,1.62,24.0,26.6,184.7,117.7,61.4,0.38,90.1,4.0,3.0,2.42,Stress Relief,Yoga,0.0,0.0,0.0,0.0,1.0,0.0,1.0
29.7,Male,67.4,1.78,21.33,13.3,198.5,154.6,52.7,0.65,358.9,4.8,2.0,2.8,General Fitness,Cardio,0.0,0.0,0.0,0.0,0.0,0.0,1.0
68.1,Female,46.3,1.48,21.16,14.2,157.1,152.1,58.8,1.26,550.4,4.8,2.0,3.9,Weight Loss,Cardio,0.0,0.0,0.0,0.0,0.0,0.0,1.0
63.5,Male,91.1,1.81,27.77,8.0,155.3,149.8,56.2,1.17,966.7,5.6,2.0,2.9,General Fitness,Cardio,0.0,0.0,0.0,1.0,0.0,0.0,1.0
36.7,Male,67.7,1.65,24.79,17.3,176.6,105.9,65.0,0.8,92.3,2.8,3.0,2.0,Flexibility,Yoga,0.0,0.0,0.0,0.0,1.0,0.0,1.0
36.3,Male,74.2,1.8,22.94,11.0,193.3,149.1,67.7,1.54,899.0,4.1,3.0,3.6,General Fitness,Cardio,0.0,0.0,0.0,0.0,1.0,1.0,1.0
39.0,Female,77.9,1.74,25.62,26.5,174.5,127.3,84.7,0.87,227.9,2.1,1.0,3.74,Flexibility,Yoga,0.0,0.0,0.0,0.0,0.0,1.0,1.0
45.3,Male,78.2,1.78,24.69,24.7,173.4,155.4,67.0,1.04,923.3,3.8,2.0,3.9,General Fitness,HIIT,1.0,0.0,0.0,1.0,0.0,0.0,1.0
18.0,Male,60.5,1.71,20.81,12.4,192.8,118.0,76.1,0.88,366.5,3.3,3.0,2.7,Strength,Strength,1.0,1.0,1.0,0.0,0.0,1.0,1.0
60.1,Male,76.6,1.78,24.24,11.5,163.1,158.1,67.7,1.18,1375.8,3.2,3.0,3.0,Endurance,HIIT,0.0,0.0,0.0,1.0,0.0,0.0,1.0
52.9,Male,68.9,1.76,22.18,18.6,174.7,151.8,67.2,0.85,594.4,4.0,3.0,2.8,Muscle Gain,Functional,1.0,1.0,0.0,1.0,1.0,1.0,1.0
30.5,Male,61.5,1.77,19.55,16.9,189.3,114.8,46.2,1.04,210.9,5.0,3.0,2.5,Stress Relief,Yoga,1.0,0.0,0.0,0.0,0.0,0.0,1.0
27.0,Female,40.0,1.85,11.69,24.0,177.0,156.0,65.0,1.58,1014.0,5.0,3.0,3.7,Weight Loss,Cardio,0.0,0.0,1.0,1.0,0.0,1.0,1.0
67.5,Male,86.1,1.78,27.03,18.7,140.0,135.0,54.2,0.94,740.5,3.0,1.0,3.2,Muscle Gain,Strength,1.0,1.0,1.0,0.0,1.0,1.0,1.0
25.8,Female,56.1,1.52,24.19,21.3,199.9,91.9,58.7,1.49,256.7,4.1,2.0,2.5,Flexibility,Yoga,0.0,0.0,0.0,0.0,1.0,0.0,1.0
28.1,Female,52.9,1.55,22.0,25.6,199.8,129.1,69.1,1.78,533.1,4.7,1.0,2.9,Muscle Gain,Strength,1.0,1.0,1.0,0.0,0.0,0.0,0.0
18.0,Female,53.5,1.68,18.96,28.1,198.0,134.0,74.0,1.9,368.0,5.0,2.0,3.1,Endurance,HIIT,1.0,0.0,0.0,1.0,1.0,1.0,1.0
50.0,Male,85.2,1.76,27.64,15.4,169.8,121.6,65.9,0.96,438.3,4.8,1.0,3.2,Muscle Gain,Strength,1.0,0.0,1.0,0.0,0.0,0.0,1.0
43.0,Female,40.0,1.89,11.2,21.4,169.0,134.0,54.0,0.57,1267.0,4.0,2.0,1.5,Weight Loss,HIIT,0.0,0.0,0.0,1.0,1.0,1.0,1.0
23.7,Female,81.7,1.63,30.59,33.6,201.1,132.2,73.9,1.35,700.0,3.4,2.0,3.9,Strength,Powerlifting,1.0,1.0,0.0,1.0,0.0,1.0,1.0
21.8,Male,92.3,1.72,31.03,19.4,207.1,108.2,74.6,2.23,1258.3,4.8,2.0,3.3,Strength,Powerlifting,1.0,1.0,1.0,0.0,0.0,0.0,0.0
38.0,Female,42.6,1.61,16.43,14.9,172.0,122.0,69.0,1.13,462.0,2.0,2.0,2.5,Muscle Gain,Strength,1.0,0.0,1.0,0.0,0.0,0.0,1.0
36.1,Male,60.1,1.55,25.02,22.9,178.2,124.0,69.0,1.12,347.8,4.2,3.0,2.2,Muscle Gain,Powerlifting,1.0,0.0,0.0,0.0,0.0,0.0,0.0
50.0,Female,49.4,1.91,13.54,17.6,188.0,131.0,74.0,1.11,963.0,2.0,1.0,2.7,Strength,Strength,0.0,1.0,0.0,0.0,0.0,0.0,1.0
19.8,Female,54.0,1.53,23.05,,196.9,181.1,46.5,1.15,1006.0,2.5,2.0,4.0,Endurance,HIIT,0.0,0.0,0.0,0.0,1.0,1.0,1.0
25.0,Female,65.4,1.57,26.58,15.4,198.6,175.6,55.6,0.5,325.5,4.8,3.0,3.0,Weight Loss,Cardio,0.0,0.0,0.0,1.0,0.0,0.0,1.0
19.0,Male,60.7,1.7,21.0,20.9,183.0,128.0,74.0,1.22,817.0,4.0,1.0,2.8,Strength,Strength,1.0,1.0,1.0,0.0,1.0,0.0,0.0
28.0,Female,40.0,1.81,12.21,21.3,194.0,164.0,57.0,1.57,1070.0,3.0,1.0,3.4,General Fitness,Strength,1.0,1.0,1.0,0.0,0.0,0.0,0.0
50.4,Male,74.1,1.59,29.4,20.3,177.1,162.3,71.1,0.67,538.6,5.3,3.0,3.73,Weight Loss,HIIT,0.0,1.0,0.0,1.0,1.0,0.0,1.0
44.6,Female,62.8,1.66,22.82,21.9,178.5,117.1,58.1,0.71,165.2,3.0,2.0,2.86,Flexibility,Yoga,0.0,0.0,0.0,0.0,1.0,1.0,1.0
37.9,Male,72.1,1.63,27.04,16.2,169.2,164.2,51.0,1.17,869.7,2.2,2.0,3.6,General Fitness,HIIT,1.0,0.0,0.0,0.0,0.0,0.0,1.0
17.4,Female,69.6,1.65,25.52,22.2,202.8,162.7,64.1,1.07,471.8,5.9,2.0,3.09,Muscle Gain,Strength,1.0,1.0,0.0,0.0,0.0,1.0,1.0
54.4,Male,68.1,1.62,25.99,15.9,161.0,124.9,57.1,1.75,1010.6,3.6,3.0,3.4,Muscle Gain,Strength,1.0,0.0,1.0,0.0,0.0,1.0,0.0
19.7,Male,67.3,1.77,21.59,18.8,191.7,173.8,54.4,1.13,1291.5,5.7,2.0,3.2,Weight Loss,Cardio,0.0,0.0,0.0,0.0,0.0,0.0,1.0
28.0,Female,68.8,1.73,22.99,31.4,198.0,169.0,66.0,1.46,1279.0,3.0,1.0,1.6,Muscle Gain,Strength,1.0,1.0,1.0,1.0,1.0,0.0,0.0
28.3,Female,67.3,1.58,27.11,24.8,200.1,125.8,71.1,0.95,594.1,4.3,1.0,2.8,General Fitness,Functional,0.0,0.0,0.0,1.0,1.0,0.0,0.0
38.7,Female,60.3,1.58,24.21,17.5,191.7,161.4,52.1,1.2,956.3,3.8,3.0,3.1,General Fitness,Cardio,0.0,0.0,0.0,0.0,0.0,0.0,1.0
35.2,Female,72.1,1.64,26.88,26.0,182.3,145.6,52.0,1.27,1084.8,3.2,3.0,2.9,Muscle Gain,Functional,1.0,1.0,1.0,0.0,0.0,1.0,0.0
16.0,Male,46.8,1.69,16.41,15.3,200.0,159.3,64.8,1.4,423.7,2.8,1.0,3.36,Muscle Gain,Strength,1.0,0.0,1.0,0.0,0.0,0.0,1.0
21.3,Male,67.5,1.6,26.36,16.4,209.2,121.3,66.1,1.0,381.0,3.5,1.0,2.4,Strength,Strength,1.0,0.0,1.0,1.0,0.0,1.0,1.0
25.3,Female,55.3,1.56,22.8,20.6,179.1,158.5,50.2,1.42,1179.3,5.7,3.0,3.3,General Fitness,Cardio,0.0,0.0,0.0,1.0,0.0,0.0,1.0
20.9,Male,86.7,1.74,28.48,17.5,210.0,119.3,55.6,1.06,700.3,4.2,3.0,2.7,Strength,Powerlifting,0.0,0.0,0.0,0.0,0.0,1.0,0.0
42.0,Female,55.6,1.63,20.93,22.0,176.0,134.0,74.0,1.41,384.0,3.0,1.0,3.3,Weight Loss,Cardio,0.0,0.0,1.0,0.0,0.0,0.0,1.0
31.9,Male,84.0,1.82,25.3,19.1,197.0,98.6,67.5,0.96,196.1,2.8,3.0,3.1,Flexibility,Yoga,0.0,0.0,0.0,0.0,1.0,0.0,1.0
27.2,Male,74.0,1.73,24.79,19.9,200.6,145.5,61.5,0.55,253.0,1.9,1.0,2.97,Strength,Strength,1.0,1.0,1.0,0.0,1.0,0.0,1.0
25.7,Female,69.5,1.71,23.82,21.6,191.2,146.9,62.2,0.89,419.5,3.4,2.0,2.8,Muscle Gain,Functional,1.0,0.0,0.0,1.0,1.0,1.0,1.0
36.4,Male,111.5,1.87,31.78,20.2,180.9,123.6,52.0,1.42,743.1,4.5,3.0,2.9,Muscle Gain,Powerlifting,1.0,1.0,1.0,1.0,0.0,0.0,0.0
45.0,Male,84.1,1.71,28.76,22.4,161.0,169.0,56.0,1.38,480.0,3.0,3.0,3.4,General Fitness,Strength,1.0,1.0,0.0,0.0,1.0,0.0,1.0
51.5,Female,59.1,1.65,21.75,22.2,167.4,162.4,49.5,0.84,597.3,2.1,2.0,3.7,Weight Loss,HIIT,0.0,0.0,0.0,1.0,0.0,0.0,1.0
34.9,Male,77.0,1.63,29.11,35.2,183.2,123.1,64.2,1.32,361.3,4.1,2.0,4.08,Flexibility,Yoga,0.0,1.0,0.0,0.0,0.0,0.0,1.0
52.0,Male,71.3,1.84,21.06,29.2,197.0,126.0,73.0,1.22,765.0,2.0,2.0,1.8,Endurance,Cardio,0.0,0.0,0.0,0.0,0.0,0.0,1.0
27.5,Male,108.0,1.69,37.73,38.4,192.1,153.1,60.7,1.72,1232.6,1.4,1.0,3.68,Athletic Performance,Functional,,,,,,,
51.9,Female,73.4,1.68,25.96,23.0,161.2,156.2,55.7,1.37,727.6,5.7,1.0,3.1,Weight Loss,Cardio,0.0,0.0,0.0,1.0,0.0,0.0,1.0
25.6,Female,75.3,1.61,29.19,29.1,187.8,135.0,73.7,1.1,654.6,4.0,2.0,2.4,Muscle Gain,Powerlifting,1.0,1.0,0.0,0.0,0.0,0.0,0.0
45.2,Male,60.3,1.74,19.91,20.7,168.2,144.9,65.1,1.45,654.6,3.9,2.0,2.3,General Fitness,Functional,0.0,0.0,1.0,1.0,1.0,1.0,0.0
41.6,Female,68.7,1.7,23.87,23.2,189.6,173.7,51.8,0.92,1095.8,3.4,2.0,3.6,Endurance,HIIT,1.0,0.0,0.0,0.0,0.0,0.0,1.0
52.0,Male,77.8,1.59,30.77,27.3,183.0,135.0,50.0,1.37,949.0,4.0,2.0,2.9,Weight Loss,Cardio,0.0,0.0,0.0,0.0,0.0,0.0,1.0
51.5,Male,73.8,1.8,22.71,14.7,170.8,114.4,63.2,0.79,414.5,3.9,2.0,2.2,Strength,Strength,1.0,1.0,1.0,0.0,0.0,1.0,1.0
37.7,Male,69.5,1.74,23.04,20.2,195.4,133.7,65.6,1.43,747.7,3.8,2.0,3.0,Muscle Gain,Strength,0.0,1.0,1.0,1.0,0.0,0.0,0.0
54.0,Female,46.8,1.67,16.78,25.5,181.0,169.0,74.0,1.48,820.9,4.0,1.0,1.5,Strength,Strength,1.0,1.0,1.0,1.0,1.0,0.0,0.0
36.9,Male,80.4,1.69,28.19,19.7,185.3,112.8,72.5,1.47,510.1,4.6,2.0,2.7,Muscle Gain,Strength,1.0,1.0,1.0,0.0,1.0,0.0,1.0
40.1,Male,80.0,1.73,26.79,12.8,191.3,129.6,69.6,1.53,951.8,4.3,1.0,3.0,Muscle Gain,Strength,1.0,0.0,1.0,0.0,0.0,1.0,1.0
24.3,Male,87.6,1.86,25.31,13.9,199.0,92.5,54.7,0.76,133.6,3.8,2.0,2.0,Flexibility,Yoga,0.0,0.0,0.0,0.0,1.0,1.0,1.0
32.8,Female,63.2,1.83,18.93,20.0,182.1,143.8,74.4,1.46,639.5,2.3,1.0,3.41,Athletic Performance,Strength,,,,,,,
30.0,Female,50.8,1.81,15.51,14.5,196.0,132.0,74.0,1.28,794.0,3.0,3.0,3.2,General Fitness,Strength,1.0,1.0,1.0,1.0,0.0,0.0,1.0
40.3,Male,88.2,1.88,24.9,14.3,188.5,166.9,52.0,0.71,887.4,4.1,3.0,3.1,General Fitness,HIIT,0.0,1.0,0.0,1.0,0.0,0.0,0.0
37.3,Female,56.0,1.77,17.92,19.2,196.8,146.0,61.6,0.98,331.7,3.8,2.0,2.71,Muscle Gain,Strength,1.0,0.0,1.0,0.0,0.0,1.0,0.0
67.8,Female,78.7,1.62,29.91,27.9,161.2,121.2,74.4,1.36,514.7,4.2,3.0,2.2,Strength,Strength,1.0,1.0,1.0,0.0,0.0,1.0,1.0
33.0,Female,45.8,1.51,20.02,27.2,192.3,130.5,58.5,1.28,572.5,4.1,3.0,3.1,Muscle Gain,Functional,1.0,0.0,1.0,1.0,0.0,1.0,0.0
19.1,Female,81.2,1.66,29.46,22.1,188.8,119.3,61.1,1.87,698.0,4.1,2.0,3.0,Muscle Gain,Strength,1.0,1.0,1.0,1.0,0.0,1.0,1.0
21.0,Female,78.5,1.8,24.23,23.9,179.0,169.0,59.0,1.64,683.0,4.0,1.0,2.7,General Fitness,Strength,0.0,1.0,0.0,1.0,0.0,0.0,0.0
29.7,Female,61.8,1.5,27.67,32.0,183.4,155.9,66.9,1.07,488.9,3.9,2.0,3.77,General Fitness,Cardio,0.0,0.0,0.0,1.0,1.0,0.0,1.0
30.0,Male,120.0,1.79,37.45,24.3,187.0,141.0,51.0,2.0,1508.0,4.0,1.0,2.5,General Fitness,Strength,1.0,1.0,1.0,0.0,1.0,1.0,1.0
32.9,Male,78.7,1.84,23.28,15.2,188.6,127.9,73.2,1.39,1001.0,4.0,3.0,2.9,General Fitness,Functional,1.0,0.0,0.0,1.0,1.0,1.0,1.0
55.5,Male,82.5,1.75,26.81,11.0,153.5,148.5,47.3,1.19,1115.9,5.2,3.0,2.9,Weight Loss,Cardio,0.0,1.0,0.0,1.0,0.0,0.0,1.0
29.9,Male,55.3,1.65,20.31,12.2,182.2,158.2,53.3,1.24,944.2,6.0,3.0,3.0,Weight Loss,Cardio,1.0,0.0,0.0,1.0,0.0,0.0,1.0
16.0,Male,52.5,1.7,18.15,21.1,187.8,178.9,85.2,0.84,472.8,2.7,1.0,3.03,Weight Loss,HIIT,1.0,0.0,0.0,1.0,1.0,0.0,1.0
38.0,Female,77.4,1.54,32.64,29.0,169.0,149.0,50.0,2.0,867.0,5.0,2.0,3.6,General Fitness,Strength,1.0,1.0,1.0,0.0,0.0,1.0,1.0
50.6,Male,66.4,1.7,23.05,16.5,174.5,135.2,78.6,0.76,404.1,5.0,1.0,2.5,Strength,Strength,1.0,1.0,1.0,0.0,0.0,0.0,1.0
34.5,Female,47.6,1.54,19.96,25.2,183.2,161.7,51.3,0.84,515.4,4.2,3.0,2.9,Weight Loss,Cardio,0.0,0.0,0.0,0.0,0.0,1.0,1.0
22.0,Female,48.6,1.72,16.43,25.4,177.0,156.0,70.0,1.39,708.0,3.0,1.0,3.4,Muscle Gain,Strength,1.0,1.0,0.0,1.0,0.0,0.0,1.0
23.7,Male,70.1,1.63,26.41,,200.4,121.6,53.8,1.77,910.1,4.5,2.0,3.0,General Fitness,Powerlifting,0.0,1.0,1.0,0.0,1.0,1.0,0.0
56.0,Female,64.2,1.79,20.04,15.9,196.0,165.0,58.0,0.97,667.0,4.0,1.0,3.3,General Fitness,Cardio,1.0,0.0,0.0,0.0,1.0,0.0,1.0
55.0,Female,94.9,1.52,41.08,27.9,196.0,120.0,73.0,2.0,1309.0,2.0,2.0,1.5,General Fitness,HIIT,0.0,0.0,0.0,0.0,1.0,1.0,0.0
52.0,Male,58.2,1.71,19.9,28.7,182.0,161.0,50.0,1.49,1364.0,3.0,2.0,3.5,Weight Loss,HIIT,0.0,1.0,0.0,1.0,0.0,0.0,1.0
28.2,Male,63.3,1.8,19.64,13.7,202.3,141.5,70.1,0.6,258.3,4.8,2.0,1.9,Athletic Performance,Functional,0.0,0.0,0.0,1.0,1.0,0.0,1.0
18.4,Female,61.2,1.56,25.19,22.4,209.4,143.3,58.5,0.61,339.3,3.5,2.0,3.4,General Fitness,Functional,1.0,0.0,1.0,0.0,1.0,0.0,1.0
20.8,Female,60.8,1.76,19.73,29.5,204.1,162.9,73.5,1.43,564.6,3.0,1.0,3.69,Strength,Strength,1.0,1.0,1.0,1.0,0.0,0.0,1.0
35.0,Male,94.6,1.69,33.12,33.1,167.0,158.0,57.0,0.75,1534.0,4.0,2.0,2.0,Muscle Gain,Strength,1.0,1.0,1.0,0.0,1.0,0.0,0.0
34.0,Female,101.5,1.57,41.18,17.7,184.0,120.0,55.0,1.02,601.0,5.0,2.0,2.3,Muscle Gain,Strength,1.0,1.0,1.0,1.0,0.0,1.0,1.0
26.9,Female,88.5,1.74,29.34,31.6,186.7,171.7,75.7,0.91,825.5,1.4,2.0,3.08,Weight Loss,HIIT,1.0,1.0,0.0,1.0,1.0,1.0,1.0
34.9,Male,68.8,1.7,23.68,16.2,173.7,112.0,62.7,0.58,94.0,4.9,2.0,2.4,Flexibility,Yoga,1.0,0.0,1.0,0.0,0.0,0.0,1.0
41.5,Male,67.3,1.78,21.27,17.7,180.4,129.0,63.7,0.93,447.5,4.7,3.0,3.2,Athletic Performance,Functional,0.0,0.0,1.0,1.0,1.0,1.0,1.0
34.6,Male,71.2,1.79,22.22,9.9,188.3,178.4,56.2,1.46,1263.7,5.3,2.0,3.4,General Fitness,Cardio,0.0,0.0,0.0,0.0,0.0,0.0,1.0
23.8,Female,61.8,1.59,24.34,28.0,204.6,141.8,55.3,1.34,661.9,3.9,2.0,2.7,Muscle Gain,Strength,1.0,1.0,1.0,0.0,0.0,1.0,0.0
22.0,Male,55.0,1.88,15.56,16.3,176.0,131.0,74.0,2.0,1445.0,3.0,1.0,1.9,Strength,Strength,1.0,1.0,1.0,0.0,1.0,1.0,0.0
37.5,Female,51.0,1.61,19.7,15.9,181.5,154.3,50.5,0.9,608.6,3.5,1.0,3.4,Endurance,Cardio,0.0,0.0,1.0,0.0,0.0,0.0,1.0
30.9,Male,66.2,1.73,22.06,23.7,197.1,135.1,71.2,0.89,206.7,2.6,1.0,2.69,Flexibility,Yoga,0.0,0.0,0.0,0.0,0.0,1.0,1.0
27.0,Female,75.2,1.96,19.58,14.9,172.0,132.0,61.0,1.22,829.0,3.0,1.0,2.7,Endurance,HIIT,0.0,0.0,0.0,1.0,0.0,0.0,0.0
31.1,Male,90.2,1.84,26.75,14.1,193.4,153.1,59.9,0.37,464.2,4.5,2.0,3.0,Endurance,HIIT,1.0,0.0,0.0,1.0,0.0,0.0,1.0
41.8,Female,48.3,1.7,16.66,17.1,191.1,151.2,61.0,1.32,424.8,4.5,3.0,3.61,Muscle Gain,Strength,1.0,1.0,1.0,0.0,0.0,0.0,1.0
24.0,Male,40.0,2.0,10.0,31.9,173.0,126.0,50.0,1.1,1783.0,3.0,1.0,1.6,Endurance,Cardio,0.0,0.0,0.0,1.0,0.0,0.0,1.0
31.1,Male,72.5,1.73,24.33,17.2,189.5,151.5,66.6,1.53,1026.3,5.2,1.0,3.7,Weight Loss,Cardio,0.0,0.0,0.0,0.0,1.0,1.0,1.0
29.3,Female,69.7,1.67,25.02,14.1,197.8,158.5,58.1,1.73,1551.3,4.8,2.0,3.6,Weight Loss,Cardio,0.0,0.0,0.0,0.0,1.0,0.0,1.0
19.7,Female,55.4,1.65,20.28,17.6,210.0,94.9,78.4,0.58,79.3,3.3,2.0,1.9,General Fitness,Yoga,0.0,0.0,0.0,0.0,0.0,1.0,1.0
33.0,Female,72.9,1.58,29.2,25.9,178.0,153.0,57.0,0.94,1139.0,2.0,1.0,3.5,General Fitness,HIIT,0.0,0.0,0.0,1.0,0.0,1.0,1.0
46.0,Male,91.4,1.71,31.26,30.8,183.0,136.0,58.0,0.93,820.9,4.0,1.0,3.4,Weight Loss,Cardio,1.0,0.0,0.0,1.0,0.0,0.0,1.0
26.2,Female,59.6,1.62,22.73,23.5,203.1,158.8,45.0,1.03,783.6,2.7,2.0,3.0,Weight Loss,HIIT,0.0,1.0,0.0,1.0,0.0,0.0,1.0
44.5,Female,45.0,1.88,12.7,19.6,164.7,131.1,65.2,1.66,558.0,2.0,1.0,3.2,Weight Loss,Cardio,0.0,1.0,0.0,0.0,0.0,0.0,1.0
26.8,Female,60.7,1.67,21.81,21.6,190.6,127.4,60.1,1.07,451.5,3.3,3.0,2.6,Muscle Gain,Functional,1.0,0.0,0.0,1.0,1.0,1.0,1.0
37.9,Female,50.9,1.62,19.45,25.6,181.7,130.8,61.3,0.96,434.3,3.9,3.0,2.1,Muscle Gain,Functional,0.0,0.0,1.0,1.0,1.0,1.0,1.0
32.3,Female,51.8,1.85,15.18,21.1,181.3,139.6,70.2,1.07,374.0,2.4,2.0,3.23,General Fitness,Cardio,0.0,0.0,1.0,1.0,0.0,0.0,1.0
42.5,Female,53.5,1.66,19.36,15.3,183.4,151.7,65.4,1.11,563.7,3.4,3.0,3.6,Weight Loss,HIIT,0.0,0.0,0.0,0.0,1.0,0.0,1.0
29.0,Female,85.3,1.68,30.22,26.1,161.0,133.0,74.0,1.45,1269.0,4.0,3.0,2.5,Weight Loss,Cardio,1.0,0.0,0.0,0.0,0.0,0.0,1.0
46.4,Male,75.7,1.97,19.52,24.4,162.9,140.1,66.9,2.3,1194.4,1.7,1.0,4.04,General Fitness,Strength,,,,,,,
46.9,Female,79.2,1.61,30.56,34.1,169.8,128.1,51.6,2.29,1247.8,3.3,2.0,3.7,Strength,Powerlifting,1.0,1.0,0.0,0.0,0.0,0.0,1.0
22.9,Male,73.2,1.72,24.81,8.8,186.3,162.1,55.0,1.68,1277.1,4.4,2.0,3.4,General Fitness,Cardio,0.0,0.0,0.0,0.0,0.0,0.0,1.0
19.3,Male,67.2,1.77,21.54,18.5,193.7,152.8,51.1,1.35,1163.6,5.9,1.0,3.1,Weight Loss,Cardio,0.0,0.0,0.0,0.0,0.0,0.0,1.0
22.6,Male,62.3,1.71,21.22,17.3,209.8,174.9,51.0,1.7,1553.0,5.7,3.0,4.3,Weight Loss,Cardio,1.0,1.0,0.0,0.0,0.0,0.0,1.0
46.0,Male,73.0,2.0,18.25,10.0,184.0,123.0,64.0,0.9,1159.0,5.0,3.0,3.4,Weight Loss,Cardio,0.0,0.0,0.0,0.0,0.0,1.0,1.0
54.2,Female,55.9,1.58,22.33,21.3,177.3,149.6,49.3,1.12,508.7,5.2,3.0,2.7,Endurance,Cardio,0.0,0.0,0.0,1.0,0.0,0.0,1.0
31.9,Female,70.3,1.59,27.85,20.6,199.4,148.0,65.7,1.13,673.2,4.1,2.0,2.8,Muscle Gain,Functional,0.0,1.0,1.0,1.0,1.0,0.0,1.0
29.3,Male,65.7,1.68,23.3,20.0,194.8,115.5,59.0,1.56,578.0,3.8,1.0,2.7,Muscle Gain,Strength,1.0,1.0,0.0,0.0,0.0,1.0,1.0
37.2,Female,60.1,1.67,21.66,16.6,181.7,150.2,51.9,0.41,337.1,3.9,3.0,2.7,Weight Loss,HIIT,0.0,0.0,0.0,1.0,0.0,0.0,1.0
38.9,Male,78.5,1.63,29.7,33.0,176.9,147.7,80.5,1.31,735.5,2.4,1.0,4.2,Weight Loss,Cardio,0.0,0.0,1.0,0.0,0.0,0.0,1.0
43.1,Female,61.0,1.58,24.32,25.0,184.7,128.1,66.7,1.48,911.1,3.7,1.0,3.2,Muscle Gain,Functional,0.0,0.0,0.0,1.0,0.0,0.0,1.0
34.0,Male,85.0,1.81,26.06,13.9,190.2,139.2,61.6,1.92,1218.6,3.9,1.0,3.7,Strength,Strength,1.0,1.0,0.0,1.0,1.0,1.0,0.0
43.3,Female,64.3,1.61,24.86,22.1,172.9,131.2,74.4,1.32,553.4,3.2,3.0,3.0,Athletic Performance,Functional,0.0,1.0,1.0,1.0,1.0,1.0,1.0
30.2,Male,60.7,1.68,21.61,20.0,182.1,125.3,62.9,1.17,567.0,4.1,2.0,2.9,General Fitness,Functional,1.0,0.0,0.0,1.0,0.0,1.0,1.0
39.3,Female,55.3,1.57,22.46,20.1,186.2,139.0,65.4,1.33,752.6,3.5,3.0,3.0,Muscle Gain,Functional,0.0,1.0,0.0,1.0,1.0,1.0,1.0
16.0,Female,75.2,1.59,29.65,23.2,199.8,164.7,60.4,1.01,511.8,4.4,3.0,3.11,Endurance,Cardio,1.0,1.0,0.0,0.0,0.0,0.0,1.0
29.8,Male,85.1,1.77,27.26,26.8,201.6,109.4,45.0,1.33,533.0,4.6,3.0,2.7,Muscle Gain,Powerlifting,0.0,0.0,1.0,1.0,1.0,0.0,0.0
48.0,Male,90.4,2.0,22.6,24.4,193.0,156.0,59.0,1.78,1246.0,3.0,2.0,2.3,Endurance,Cardio,0.0,0.0,0.0,0.0,0.0,0.0,1.0
16.0,Male,45.0,1.85,13.14,19.8,210.0,119.1,59.2,0.73,123.6,2.6,1.0,3.81,Flexibility,Yoga,0.0,0.0,0.0,0.0,1.0,0.0,1.0
40.0,Male,78.8,1.7,27.27,21.1,176.0,169.0,63.0,1.78,1179.0,2.0,1.0,1.9,Muscle Gain,Strength,1.0,0.0,1.0,1.0,1.0,0.0,1.0
38.0,Male,58.1,1.94,15.45,16.4,175.3,147.3,56.5,1.32,644.0,4.2,2.0,2.38,Endurance,Cardio,0.0,0.0,0.0,0.0,1.0,0.0,1.0
29.2,Male,76.5,1.7,26.35,20.4,187.3,126.5,55.0,1.1,555.8,4.4,3.0,2.9,Muscle Gain,Powerlifting,1.0,1.0,1.0,1.0,1.0,0.0,1.0
53.4,Male,72.2,1.7,25.1,18.1,161.7,122.2,71.1,1.66,757.2,5.0,3.0,2.2,Strength,Strength,1.0,1.0,1.0,0.0,0.0,0.0,1.0
31.6,Female,82.7,1.73,27.5,31.4,192.8,145.6,55.9,1.16,593.9,5.0,2.0,3.62,Muscle Gain,Strength,0.0,1.0,1.0,0.0,0.0,0.0,0.0
51.4,Female,69.9,1.65,25.82,22.8,158.7,141.6,55.4,0.88,424.4,4.2,1.0,3.2,Muscle Gain,Strength,1.0,1.0,1.0,1.0,0.0,0.0,1.0
51.7,Female,70.0,1.68,24.7,18.3,157.4,137.6,60.1,1.01,584.0,3.1,2.0,3.1,Muscle Gain,Strength,1.0,1.0,0.0,0.0,1.0,1.0,0.0
24.5,Male,83.7,1.67,29.84,21.8,200.8,140.9,54.8,1.8,1510.8,4.8,2.0,3.2,General Fitness,Strength,1.0,1.0,1.0,0.0,1.0,0.0,1.0
26.8,Female,56.9,1.56,23.25,25.2,193.5,141.0,61.7,2.0,755.7,4.5,2.0,3.9,Strength,Strength,1.0,1.0,1.0,1.0,0.0,0.0,0.0
21.4,Female,67.4,1.89,18.91,20.3,189.9,157.4,53.7,1.23,580.4,3.9,3.0,3.81,General Fitness,Cardio,1.0,0.0,1.0,1.0,1.0,0.0,1.0
21.1,Male,78.2,1.78,24.75,22.2,196.1,111.8,65.6,2.04,989.2,4.5,3.0,2.6,Strength,Powerlifting,0.0,1.0,1.0,0.0,1.0,0.0,1.0
27.5,Male,74.8,1.69,26.14,12.5,193.1,128.4,69.4,1.16,528.0,4.4,2.0,2.8,Athletic Performance,Functional,1.0,1.0,0.0,0.0,1.0,0.0,1.0
24.0,Female,65.3,1.74,21.57,25.6,178.0,168.0,63.0,1.12,984.0,4.0,2.0,3.3,Endurance,HIIT,1.0,0.0,0.0,0.0,0.0,1.0,1.0
23.0,Male,46.7,1.65,17.15,15.8,164.0,159.0,68.0,1.81,1563.0,4.0,2.0,2.5,General Fitness,Strength,1.0,1.0,1.0,0.0,1.0,0.0,0.0
24.0,Female,61.9,1.58,24.9,21.1,190.5,131.1,57.4,2.46,1293.6,3.9,2.0,3.2,General Fitness,Powerlifting,1.0,1.0,1.0,0.0,1.0,0.0,1.0
24.6,Male,59.8,1.74,19.69,12.1,197.2,114.9,69.4,0.95,230.3,3.0,1.0,3.0,Stress Relief,Yoga,1.0,0.0,0.0,0.0,1.0,0.0,1.0
18.0,Male,129.4,1.5,57.51,22.0,177.0,145.0,71.0,1.37,772.0,5.0,1.0,1.7,Muscle Gain,Strength,1.0,1.0,1.0,0.0,1.0,1.0,1.0
32.2,Male,45.0,1.85,13.16,14.5,186.1,112.3,58.3,0.79,130.8,4.4,3.0,2.73,Flexibility,Yoga,0.0,1.0,0.0,0.0,0.0,1.0,1.0
22.2,Female,63.0,1.72,21.22,23.7,185.3,141.2,59.9,1.46,519.8,4.7,1.0,3.3,General Fitness,Strength,1.0,1.0,1.0,0.0,0.0,0.0,1.0
18.0,Male,63.0,1.66,22.86,24.5,191.0,168.0,74.0,0.89,456.0,3.0,2.0,2.7,Muscle Gain,Strength,1.0,0.0,1.0,0.0,0.0,1.0,1.0
29.8,Female,59.0,1.64,21.92,23.4,196.7,175.7,57.6,0.91,562.9,3.7,2.0,3.4,Weight Loss,HIIT,1.0,0.0,0.0,1.0,0.0,1.0,1.0
18.1,Male,63.8,1.81,19.49,16.1,200.1,176.9,48.7,0.35,276.7,4.4,3.0,3.5,Endurance,HIIT,1.0,1.0,0.0,0.0,1.0,1.0,1.0
51.0,Female,60.9,1.55,25.41,25.8,162.0,97.3,64.6,0.57,103.1,4.6,3.0,3.0,Flexibility,Yoga,0.0,0.0,0.0,0.0,1.0,1.0,1.0
24.3,Female,52.6,1.65,19.2,17.1,199.1,180.3,59.9,1.19,1160.5,2.7,2.0,4.4,Weight Loss,HIIT,0.0,0.0,0.0,1.0,1.0,0.0,1.0
24.2,Male,92.1,1.84,27.31,14.7,182.4,142.1,65.3,1.06,954.8,4.8,2.0,3.3,Endurance,Cardio,1.0,0.0,0.0,0.0,0.0,0.0,1.0
37.0,Female,77.3,1.58,30.96,23.5,180.0,140.0,61.0,1.57,1333.0,2.0,2.0,1.5,Endurance,HIIT,0.0,1.0,0.0,0.0,0.0,0.0,1.0
27.0,Male,52.3,1.75,17.08,15.0,180.0,128.0,61.0,1.92,931.0,4.0,2.0,2.5,Muscle Gain,Strength,1.0,0.0,1.0,0.0,0.0,0.0,0.0
27.4,Female,58.3,1.6,22.83,18.3,194.4,148.5,57.2,1.3,956.7,3.5,2.0,3.3,Muscle Gain,Functional,0.0,1.0,1.0,1.0,1.0,1.0,1.0
40.0,Female,61.0,1.88,17.26,24.9,171.0,138.0,62.0,1.38,1180.0,2.0,3.0,2.0,Endurance,HIIT,0.0,1.0,0.0,1.0,0.0,0.0,1.0
29.8,Male,67.0,1.6,26.33,13.1,206.8,132.4,71.8,1.34,607.4,4.3,1.0,2.3,Muscle Gain,Functional,0.0,1.0,1.0,1.0,1.0,0.0,1.0
39.6,Female,59.7,1.59,23.55,23.3,184.7,117.8,64.3,1.12,243.5,5.4,2.0,2.4,Flexibility,Yoga,0.0,0.0,0.0,0.0,0.0,0.0,1.0
25.2,Male,72.8,1.71,24.96,11.9,203.9,173.3,48.3,1.49,1229.4,5.4,3.0,3.7,Weight Loss,Cardio,0.0,1.0,0.0,1.0,0.0,0.0,1.0
33.1,Female,77.8,1.71,26.54,24.6,177.2,119.3,69.8,0.99,288.6,2.9,1.0,3.31,Flexibility,Yoga,1.0,1.0,0.0,0.0,1.0,1.0,1.0
27.1,Female,63.8,1.65,23.3,22.5,207.5,163.7,65.4,1.16,757.0,2.9,3.0,3.8,Endurance,HIIT,0.0,1.0,0.0,0.0,0.0,0.0,1.0
28.4,Female,54.2,1.56,22.24,18.6,180.0,163.1,51.9,1.16,900.9,2.1,3.0,3.8,Weight Loss,HIIT,1.0,1.0,0.0,0.0,0.0,1.0,1.0
26.8,Female,70.4,1.64,26.21,19.7,198.1,156.7,51.0,1.16,624.5,4.1,1.0,2.8,Weight Loss,Cardio,0.0,0.0,0.0,1.0,0.0,0.0,1.0
48.0,Female,60.0,1.92,16.28,11.1,165.0,140.0,72.0,2.0,1751.0,2.0,2.0,1.5,Endurance,HIIT,1.0,0.0,0.0,0.0,0.0,1.0,1.0
53.4,Female,72.5,1.59,28.59,32.2,155.5,113.8,60.0,1.56,699.7,3.2,3.0,2.7,Strength,Powerlifting,0.0,1.0,0.0,0.0,0.0,0.0,1.0
20.3,Male,84.8,1.76,27.52,10.8,210.0,158.1,72.5,1.23,880.3,3.6,3.0,2.9,Weight Loss,Cardio,1.0,0.0,0.0,0.0,0.0,0.0,1.0
39.7,Female,58.9,1.6,22.93,16.1,178.6,173.6,45.0,0.99,815.6,4.3,2.0,3.5,Endurance,HIIT,0.0,0.0,1.0,1.0,1.0,0.0,0.0
23.2,Female,56.7,1.68,20.19,27.0,192.6,135.5,65.0,1.79,727.6,3.3,2.0,2.4,General Fitness,Strength,1.0,1.0,1.0,1.0,0.0,0.0,1.0
18.0,Female,129.9,1.76,41.94,25.1,168.0,135.0,50.0,1.3,1208.0,3.0,2.0,2.0,General Fitness,HIIT,1.0,1.0,0.0,1.0,0.0,0.0,1.0
29.0,Male,72.8,1.65,26.86,19.4,187.4,142.2,63.5,1.32,1051.7,3.8,3.0,2.9,Muscle Gain,Functional,1.0,0.0,0.0,1.0,1.0,1.0,1.0
18.0,Male,51.4,1.83,15.35,23.7,195.0,141.0,54.0,0.97,1145.0,2.0,3.0,1.7,Endurance,HIIT,1.0,1.0,0.0,0.0,0.0,0.0,0.0
49.0,Male,58.2,1.82,17.57,20.8,171.0,154.0,67.0,1.38,624.0,4.0,1.0,3.5,General Fitness,Strength,1.0,1.0,1.0,0.0,0.0,0.0,1.0
25.8,Female,57.6,1.55,24.1,21.6,177.5,133.1,76.2,1.88,567.8,4.7,1.0,3.6,Strength,Strength,0.0,1.0,0.0,0.0,0.0,0.0,1.0
38.0,Male,58.7,1.72,19.84,21.2,189.0,152.0,58.0,1.21,1063.0,3.0,1.0,1.6,Weight Loss,HIIT,0.0,0.0,0.0,1.0,0.0,1.0,1.0
45.0,Male,71.4,1.73,23.86,24.6,179.0,140.0,52.0,1.56,1246.0,4.0,1.0,2.6,Strength,Strength,1.0,1.0,1.0,0.0,1.0,1.0,0.0
25.5,Male,92.3,1.8,28.33,12.6,176.1,137.3,56.3,0.76,470.7,4.6,3.0,3.2,Muscle Gain,Strength,1.0,1.0,1.0,0.0,1.0,1.0,1.0
34.1,Female,82.9,1.76,26.61,23.9,187.3,153.9,82.1,1.39,766.4,2.2,1.0,4.21,Athletic Performance,Functional,,,,,,,
39.2,Female,68.2,1.7,23.46,16.6,179.1,169.0,58.4,1.14,988.6,4.7,2.0,3.0,Endurance,Cardio,0.0,0.0,0.0,0.0,0.0,0.0,1.0
47.8,Female,69.5,1.69,24.21,21.4,165.2,130.1,65.3,1.35,608.6,3.6,2.0,3.43,Strength,Strength,1.0,1.0,0.0,1.0,1.0,0.0,1.0
58.9,Female,69.4,1.58,27.74,22.8,167.4,129.6,64.9,1.65,656.4,3.9,1.0,3.1,Strength,Strength,1.0,1.0,1.0,0.0,0.0,1.0,1.0
20.1,Male,78.6,1.75,25.65,13.5,200.2,99.2,80.9,0.85,129.4,5.5,3.0,2.6,General Fitness,Yoga,0.0,0.0,0.0,0.0,1.0,1.0,1.0
35.6,Female,64.9,1.81,19.78,18.5,193.2,168.0,64.5,0.88,607.1,5.9,3.0,3.5,Endurance,Cardio,0.0,0.0,0.0,0.0,0.0,0.0,1.0
49.0,Female,68.8,1.66,24.97,26.2,190.0,137.0,63.0,2.0,1023.0,2.0,1.0,2.6,Muscle Gain,Strength,1.0,1.0,1.0,0.0,0.0,0.0,1.0
46.3,Male,54.2,1.64,20.19,17.0,187.9,166.6,45.0,0.59,300.4,4.5,1.0,3.0,Weight Loss,Cardio,0.0,0.0,0.0,0.0,1.0,0.0,1.0
53.0,Female,47.5,1.66,17.24,22.5,166.0,156.0,55.0,1.1,1766.0,3.0,1.0,1.6,Endurance,HIIT,1.0,0.0,0.0,1.0,0.0,0.0,1.0
38.2,Female,63.9,1.65,23.44,17.2,171.0,166.0,50.4,0.69,619.8,3.3,2.0,3.0,Weight Loss,Cardio,0.0,0.0,1.0,1.0,0.0,0.0,1.0
41.1,Male,68.2,1.72,23.17,18.9,158.9,113.2,57.3,1.31,395.0,4.3,2.0,2.7,Muscle Gain,Strength,0.0,1.0,1.0,0.0,1.0,0.0,1.0
27.9,Male,90.1,1.84,26.57,12.6,205.4,168.7,71.7,1.57,1536.8,4.3,3.0,3.8,Endurance,Cardio,0.0,0.0,0.0,0.0,0.0,0.0,1.0
28.6,Male,79.6,1.78,25.13,19.2,203.1,112.6,67.8,0.87,175.2,2.9,3.0,2.0,Stress Relief,Yoga,0.0,0.0,0.0,0.0,1.0,1.0,1.0
36.8,Female,79.2,1.71,26.94,26.9,175.7,114.0,71.3,2.24,737.1,4.2,2.0,3.1,Muscle Gain,Powerlifting,1.0,1.0,0.0,0.0,0.0,0.0,0.0
50.0,Female,57.3,1.72,19.37,11.1,197.0,133.0,56.0,2.0,950.0,2.0,3.0,3.2,Strength,Strength,1.0,1.0,1.0,0.0,0.0,0.0,0.0
21.4,Female,84.3,1.69,29.51,24.8,196.7,174.7,68.4,0.93,784.6,3.7,2.0,3.46,Endurance,HIIT,1.0,1.0,0.0,0.0,1.0,0.0,1.0
45.9,Male,75.0,1.79,23.47,14.0,173.9,111.5,67.5,1.54,845.3,3.1,1.0,3.0,Strength,Strength,1.0,1.0,1.0,0.0,0.0,0.0,1.0
21.1,Male,56.5,1.7,19.59,16.9,203.1,134.0,73.9,0.8,351.7,4.5,2.0,2.9,Muscle Gain,Functional,1.0,0.0,1.0,1.0,0.0,0.0,1.0
30.0,Female,86.0,1.67,30.7,18.7,194.1,140.8,85.0,1.6,929.1,4.5,3.0,3.6,General Fitness,Strength,1.0,1.0,1.0,1.0,1.0,0.0,0.0
28.0,Male,84.4,1.74,27.88,22.0,182.0,142.0,52.0,1.45,1392.0,2.0,1.0,2.6,Strength,Strength,1.0,1.0,1.0,1.0,0.0,0.0,1.0
27.0,Male,52.3,1.6,20.43,22.5,177.0,124.0,66.0,0.93,416.0,5.0,2.0,2.8,Muscle Gain,Strength,1.0,1.0,1.0,0.0,0.0,1.0,1.0
43.2,Female,53.4,1.55,22.23,16.4,174.3,161.8,57.4,0.88,571.7,4.0,2.0,2.9,General Fitness,Cardio,0.0,0.0,0.0,0.0,0.0,0.0,1.0
18.5,Male,72.3,1.67,26.01,18.6,210.0,117.1,72.1,1.43,638.1,3.4,2.0,2.3,Strength,Strength,0.0,1.0,0.0,0.0,0.0,0.0,1.0
54.0,Male,40.0,1.79,12.48,16.9,162.0,162.0,54.0,2.0,444.0,5.0,3.0,2.3,Strength,Strength,1.0,1.0,1.0,0.0,0.0,0.0,1.0
43.0,Male,75.0,1.8,23.15,32.8,170.0,141.0,61.0,1.09,790.0,3.0,2.0,2.4,General Fitness,Strength,0.0,1.0,1.0,1.0,1.0,0.0,0.0
49.0,Female,77.9,1.75,25.44,24.8,196.0,169.0,64.0,1.24,1267.0,3.0,2.0,3.5,Endurance,HIIT,0.0,0.0,0.0,0.0,0.0,1.0,1.0
18.0,Female,69.0,1.66,25.04,25.7,196.0,141.0,56.0,1.46,1251.0,4.0,2.0,2.4,Strength,Strength,1.0,0.0,1.0,1.0,0.0,0.0,0.0
69.0,Male,77.1,1.68,27.18,8.2,158.9,147.3,56.3,0.96,515.8,4.2,2.0,2.4,Weight Loss,Cardio,0.0,0.0,0.0,0.0,0.0,0.0,1.0
30.4,Male,105.2,1.82,31.81,21.7,199.8,117.2,76.1,1.73,809.1,3.7,2.0,2.3,Strength,Powerlifting,0.0,1.0,0.0,0.0,0.0,0.0,1.0
18.7,Female,65.8,1.57,26.66,19.8,205.9,134.3,56.9,0.64,461.4,4.2,1.0,3.4,Athletic Performance,Functional,0.0,1.0,0.0,1.0,1.0,1.0,0.0
21.0,Female,94.4,1.69,33.05,20.7,197.0,155.0,61.0,1.94,1089.0,3.0,2.0,2.4,Muscle Gain,Strength,1.0,1.0,0.0,1.0,1.0,1.0,0.0
44.8,Female,71.1,1.53,30.24,23.7,172.1,100.9,63.9,1.35,550.2,4.4,2.0,2.7,General Fitness,Powerlifting,1.0,1.0,1.0,1.0,1.0,0.0,0.0
25.8,Female,56.8,1.57,23.0,19.4,196.5,133.6,60.0,1.12,460.4,4.7,3.0,3.0,General Fitness,Functional,1.0,1.0,1.0,1.0,1.0,0.0,1.0
51.9,Male,55.7,1.75,18.17,19.3,158.6,155.1,68.4,0.41,244.5,3.9,2.0,2.28,Weight Loss,HIIT,0.0,1.0,0.0,1.0,1.0,1.0,1.0
29.6,Female,60.8,1.55,25.38,17.6,183.8,177.0,69.5,1.61,1284.7,5.3,2.0,5.0,Weight Loss,Cardio,1.0,0.0,0.0,1.0,0.0,0.0,1.0
31.0,Male,40.0,2.0,10.0,26.9,176.0,162.0,69.0,1.45,949.0,3.0,2.0,3.2,Endurance,Cardio,1.0,0.0,0.0,0.0,0.0,0.0,1.0
19.8,Female,72.5,1.7,24.99,16.5,206.8,117.5,50.4,1.38,337.4,4.2,3.0,3.0,General Fitness,Yoga,0.0,0.0,0.0,0.0,1.0,0.0,1.0
16.0,Female,45.0,1.68,15.91,24.7,199.7,155.6,67.4,1.18,343.4,2.9,1.0,3.12,Muscle Gain,Strength,1.0,1.0,1.0,1.0,0.0,0.0,1.0
42.0,Female,54.0,1.69,18.91,25.7,179.0,169.0,53.0,1.19,458.0,3.0,3.0,3.3,Strength,Strength,1.0,1.0,1.0,0.0,0.0,0.0,0.0
28.9,Female,70.3,1.59,27.71,21.9,186.5,176.4,70.5,0.78,619.0,5.6,2.0,3.1,Endurance,Cardio,0.0,0.0,1.0,0.0,0.0,0.0,1.0
22.9,Male,88.7,1.87,25.3,19.6,201.0,118.5,45.0,1.54,837.3,4.6,3.0,2.3,Strength,Strength,1.0,0.0,1.0,1.0,1.0,1.0,1.0
34.4,Female,57.4,1.52,24.93,25.0,195.2,117.4,68.5,1.63,564.2,4.5,2.0,2.1,Strength,Strength,1.0,0.0,1.0,1.0,1.0,0.0,1.0
22.0,Male,64.6,2.0,16.15,21.4,196.0,137.0,73.0,0.85,704.0,3.0,3.0,2.5,Endurance,HIIT,1.0,0.0,0.0,1.0,1.0,1.0,1.0
57.7,Female,63.8,1.49,28.91,22.2,163.3,131.5,61.7,0.88,380.0,3.7,2.0,2.9,Strength,Strength,1.0,1.0,1.0,0.0,1.0,1.0,1.0
37.0,Male,79.6,1.68,28.2,28.6,180.0,137.0,67.0,2.0,920.0,3.0,3.0,1.8,Muscle Gain,Strength,1.0,1.0,1.0,1.0,0.0,0.0,0.0
64.0,Female,57.2,1.45,27.2,34.3,170.9,126.1,72.2,1.39,615.3,4.0,3.0,2.9,Muscle Gain,Powerlifting,1.0,1.0,0.0,1.0,1.0,0.0,0.0
67.7,Male,89.5,1.83,26.7,16.1,143.2,138.2,57.0,0.35,376.9,3.5,2.0,2.7,General Fitness,HIIT,0.0,0.0,0.0,1.0,1.0,1.0,1.0
53.0,Female,46.4,1.7,16.06,21.9,169.0,120.0,72.0,1.49,1415.0,4.0,2.0,3.4,General Fitness,Strength,1.0,1.0,0.0,1.0,1.0,0.0,0.0
35.2,Male,94.3,1.77,30.17,20.7,188.7,118.4,67.0,1.11,568.1,3.2,2.0,2.4,Muscle Gain,Powerlifting,1.0,1.0,0.0,0.0,0.0,0.0,0.0
31.0,Male,50.7,1.86,14.65,24.3,171.0,149.0,74.0,1.29,580.0,3.0,2.0,3.6,General Fitness,Cardio,0.0,0.0,0.0,0.0,0.0,0.0,1.0
43.8,Male,72.8,1.67,26.19,23.5,182.0,174.6,58.0,0.64,516.5,4.8,2.0,2.89,Endurance,HIIT,0.0,0.0,0.0,1.0,1.0,0.0,0.0
34.7,Female,70.4,1.65,25.88,31.0,186.4,143.8,74.6,1.74,767.6,1.2,1.0,3.43,Strength,Strength,1.0,1.0,0.0,0.0,1.0,0.0,0.0
27.8,Male,72.2,1.78,22.75,13.8,196.6,124.7,67.4,1.94,732.2,4.5,2.0,3.4,Muscle Gain,Strength,1.0,1.0,1.0,0.0,0.0,0.0,0.0
32.9,Female,61.5,1.71,20.98,24.1,179.4,91.1,46.6,1.2,161.9,4.2,1.0,2.3,Stress Relief,Yoga,0.0,0.0,0.0,0.0,0.0,0.0,1.0
52.4,Female,66.7,1.59,26.27,19.9,169.6,140.9,62.3,1.52,1086.7,5.5,3.0,3.6,Endurance,Cardio,0.0,0.0,0.0,0.0,1.0,0.0,1.0
18.0,Male,64.8,1.82,19.56,21.9,169.0,156.0,69.0,1.93,1516.0,3.0,2.0,3.5,General Fitness,Strength,1.0,1.0,1.0,0.0,1.0,1.0,1.0
50.9,Male,69.8,1.63,26.42,19.9,174.6,126.6,56.5,1.43,543.8,4.6,1.0,2.7,Strength,Strength,1.0,1.0,1.0,1.0,0.0,0.0,1.0
37.6,Male,70.7,1.79,22.06,20.6,174.7,140.3,66.2,1.07,520.4,3.2,3.0,2.5,General Fitness,Functional,1.0,0.0,0.0,1.0,1.0,0.0,0.0
31.0,Male,95.6,1.78,30.33,33.2,193.9,178.2,66.5,1.12,1055.1,2.4,2.0,3.66,Weight Loss,HIIT,1.0,0.0,0.0,0.0,0.0,0.0,0.0
30.0,Female,42.2,1.63,15.88,26.4,177.0,134.0,74.0,2.0,685.0,3.0,2.0,3.7,Muscle Gain,Strength,1.0,1.0,1.0,0.0,0.0,0.0,1.0
32.8,Female,76.5,1.68,27.06,24.2,190.7,149.2,63.6,1.26,984.9,3.4,2.0,2.8,Athletic Performance,Functional,1.0,0.0,1.0,1.0,0.0,1.0,1.0
55.4,Female,67.9,1.8,21.03,20.6,161.7,127.4,56.4,0.73,304.3,3.2,2.0,3.36,Strength,Strength,1.0,1.0,0.0,0.0,0.0,0.0,1.0
21.0,Male,76.8,1.75,25.08,25.1,166.0,125.0,74.0,1.56,1152.0,3.0,1.0,2.7,Strength,Strength,1.0,1.0,0.0,0.0,0.0,1.0,1.0
39.1,Male,63.2,1.67,22.6,17.3,170.3,101.5,58.5,1.15,177.3,5.6,2.0,2.0,Stress Relief,Yoga,0.0,1.0,0.0,0.0,1.0,1.0,1.0
32.7,Male,69.2,1.72,23.51,11.5,189.1,92.4,74.1,1.18,159.3,5.8,3.0,1.8,Flexibility,Yoga,0.0,1.0,0.0,0.0,0.0,1.0,1.0
24.0,Female,69.5,1.68,24.71,21.4,198.5,162.0,69.2,1.18,594.4,2.3,1.0,3.12,Muscle Gain,Functional,,,,,,,
38.9,Female,74.3,1.73,24.78,32.9,185.7,154.4,64.3,0.89,490.0,1.9,1.0,2.74,Weight Loss,Cardio,0.0,0.0,0.0,0.0,1.0,0.0,1.0
33.3,Male,45.0,1.96,11.66,22.0,182.8,147.4,81.9,0.87,244.6,2.7,1.0,3.28,Strength,Strength,1.0,0.0,1.0,0.0,0.0,0.0,0.0
34.0,Female,80.0,2.0,20.0,22.3,173.0,125.0,56.0,1.82,773.0,4.0,2.0,2.8,Muscle Gain,Strength,1.0,1.0,1.0,0.0,0.0,1.0,1.0
25.6,Female,58.3,1.58,23.27,25.7,199.1,119.1,65.3,1.16,140.7,5.4,3.0,2.5,Flexibility,Yoga,0.0,0.0,0.0,0.0,0.0,1.0,1.0
29.7,Female,83.9,1.59,33.24,33.7,177.3,145.8,72.2,0.77,396.0,2.6,1.0,3.16,General Fitness,Strength,1.0,1.0,0.0,0.0,0.0,0.0,1.0
19.0,Male,56.9,1.74,18.88,14.5,194.2,116.3,65.7,1.41,195.1,2.3,1.0,,General Fitness,Yoga,0.0,0.0,0.0,0.0,1.0,0.0,1.0
37.8,Male,99.0,1.55,41.41,29.5,174.8,118.5,65.1,0.76,268.1,4.5,3.0,3.72,General Fitness,Yoga,0.0,0.0,0.0,0.0,1.0,1.0,0.0
22.0,Male,54.3,1.85,15.87,26.6,165.0,144.0,53.0,2.0,1740.0,4.0,2.0,3.7,Muscle Gain,Strength,1.0,0.0,1.0,0.0,1.0,0.0,0.0
31.9,Female,69.4,1.74,22.95,27.7,188.4,159.3,66.4,0.74,574.3,3.0,3.0,3.3,Athletic Performance,Functional,0.0,0.0,0.0,1.0,1.0,1.0,1.0
39.7,Male,49.9,1.63,18.87,11.1,184.5,93.1,69.2,1.31,123.4,5.8,1.0,2.3,Flexibility,Yoga,0.0,0.0,0.0,0.0,1.0,1.0,1.0
18.5,Female,58.5,1.68,20.68,19.8,210.0,175.4,55.8,0.86,553.6,3.6,3.0,3.7,Endurance,HIIT,1.0,1.0,1.0,1.0,0.0,0.0,1.0
29.8,Female,108.7,1.66,39.34,26.9,187.7,150.5,75.5,1.52,1010.7,3.5,2.0,3.12,General Fitness,Strength,1.0,0.0,1.0,0.0,0.0,1.0,0.0
61.7,Male,79.5,1.67,28.51,26.2,157.1,114.5,64.3,0.81,421.1,3.8,3.0,3.01,Strength,Strength,1.0,1.0,1.0,1.0,0.0,1.0,0.0
49.9,Female,56.1,1.64,20.85,17.0,186.0,153.4,59.1,1.16,461.6,4.8,2.0,3.7,Weight Loss,Cardio,0.0,0.0,0.0,1.0,0.0,0.0,1.0
34.4,Female,55.4,1.66,20.2,19.4,192.8,123.9,56.5,1.99,568.7,4.2,1.0,2.9,Muscle Gain,Strength,1.0,1.0,0.0,1.0,0.0,1.0,0.0
69.2,Female,60.9,1.55,25.3,26.9,148.3,142.4,50.1,0.86,452.8,4.3,1.0,2.6,Strength,Strength,1.0,1.0,1.0,1.0,0.0,0.0,0.0
54.0,Male,79.6,1.87,22.76,27.7,190.0,155.0,53.0,1.37,884.0,2.0,2.0,3.5,Muscle Gain,Strength,0.0,1.0,0.0,0.0,0.0,0.0,1.0
34.8,Female,78.5,1.68,27.66,19.4,188.4,152.5,56.5,1.31,1097.8,5.0,2.0,2.8,Athletic Performance,Functional,0.0,0.0,0.0,1.0,1.0,1.0,0.0
37.9,Male,87.4,1.61,33.79,32.8,176.1,170.6,69.4,0.79,757.4,2.6,2.0,3.32,Weight Loss,HIIT,1.0,0.0,0.0,1.0,1.0,0.0,1.0
36.2,Male,55.1,1.86,15.98,22.0,188.5,175.3,62.1,0.64,377.2,2.4,2.0,3.04,Endurance,HIIT,1.0,0.0,0.0,1.0,0.0,1.0,1.0
18.0,Male,61.3,1.6,23.95,13.7,191.0,135.0,67.0,1.09,609.0,2.0,3.0,1.6,Muscle Gain,Strength,1.0,1.0,1.0,0.0,0.0,0.0,0.0
46.1,Female,56.8,1.61,21.88,21.2,174.5,132.8,70.9,1.11,383.8,4.4,2.0,2.4,Athletic Performance,Functional,1.0,0.0,1.0,1.0,1.0,0.0,1.0
52.0,Female,54.3,1.73,18.14,20.5,185.0,137.0,57.0,2.0,1783.0,3.0,2.0,3.1,Strength,Strength,1.0,1.0,1.0,1.0,0.0,0.0,1.0
35.4,Female,47.6,1.58,18.99,17.9,184.2,109.0,63.2,0.82,76.9,4.3,2.0,1.8,General Fitness,Yoga,0.0,0.0,0.0,0.0,0.0,0.0,1.0
49.0,Male,53.8,1.81,16.42,25.3,185.0,169.0,71.0,1.56,1345.0,4.0,2.0,2.4,Muscle Gain,Strength,1.0,1.0,1.0,0.0,0.0,0.0,0.0
27.5,Female,69.4,1.6,26.95,18.6,185.2,173.1,55.3,1.1,1142.6,5.3,3.0,3.9,Weight Loss,Cardio,0.0,0.0,0.0,0.0,0.0,0.0,0.0
50.9,Female,81.4,1.74,26.88,26.8,169.1,133.7,70.1,1.19,1064.0,4.9,1.0,2.5,General Fitness,Functional,0.0,1.0,1.0,1.0,1.0,1.0,0.0
31.0,Female,53.5,1.68,18.96,22.6,180.0,155.0,57.0,0.86,875.0,2.0,1.0,3.3,Strength,Strength,1.0,1.0,0.0,0.0,1.0,1.0,1.0
27.0,Female,55.8,1.67,20.01,28.8,192.0,167.0,74.0,2.0,642.0,3.0,2.0,3.4,Strength,Strength,1.0,1.0,1.0,1.0,0.0,0.0,1.0
35.2,Female,62.5,1.63,23.57,21.8,188.1,104.0,63.5,1.15,260.5,4.8,3.0,2.2,General Fitness,Yoga,0.0,0.0,0.0,0.0,1.0,1.0,1.0
25.8,Female,80.3,1.82,24.16,24.8,191.9,145.6,56.1,1.68,925.9,4.3,3.0,3.69,Weight Loss,Cardio,0.0,0.0,0.0,1.0,0.0,0.0,0.0
26.0,Female,110.3,1.94,29.31,30.0,171.0,111.0,51.0,1.25,1376.0,3.0,1.0,3.7,Weight Loss,HIIT,1.0,1.0,0.0,1.0,0.0,0.0,1.0
54.0,Male,80.0,1.72,26.94,16.2,169.1,98.2,71.4,0.93,137.5,4.1,1.0,2.0,Stress Relief,Yoga,0.0,0.0,0.0,0.0,1.0,0.0,1.0
28.5,Female,71.1,1.64,26.32,17.0,188.3,167.2,60.2,1.75,1821.0,3.0,1.0,4.2,Weight Loss,Cardio,0.0,0.0,0.0,1.0,0.0,0.0,0.0
67.8,Female,50.3,1.54,21.16,24.0,140.0,135.0,59.3,0.75,303.6,5.5,1.0,2.9,General Fitness,Cardio,0.0,0.0,1.0,1.0,0.0,0.0,1.0
18.1,Female,75.3,1.71,25.9,19.1,202.8,127.0,65.0,0.93,617.7,3.8,1.0,2.4,Muscle Gain,Strength,1.0,1.0,1.0,1.0,1.0,0.0,1.0
49.0,Male,88.5,1.8,27.46,22.4,176.9,125.9,66.8,2.07,928.2,4.0,2.0,2.7,General Fitness,Powerlifting,0.0,1.0,1.0,0.0,0.0,0.0,0.0
21.9,Male,104.2,1.7,36.21,31.7,186.5,170.1,73.2,0.6,592.1,3.6,2.0,3.62,Endurance,HIIT,1.0,0.0,0.0,0.0,1.0,0.0,0.0
31.0,Male,87.3,1.65,32.07,31.5,176.0,137.0,74.0,0.91,1262.0,4.0,2.0,2.8,Strength,Strength,1.0,1.0,0.0,0.0,0.0,1.0,0.0
29.0,Female,40.0,1.72,13.52,27.1,194.0,127.0,68.0,1.51,1005.0,2.0,1.0,2.1,Weight Loss,HIIT,0.0,0.0,0.0,0.0,0.0,0.0,1.0
18.0,Male,56.1,2.0,14.02,27.4,180.0,120.0,57.0,1.04,1461.0,5.0,2.0,2.0,Endurance,HIIT,1.0,0.0,1.0,1.0,0.0,0.0,0.0
49.3,Female,65.4,1.73,21.99,25.7,174.7,151.0,72.0,1.49,699.8,3.1,2.0,3.22,Endurance,Cardio,0.0,0.0,1.0,0.0,0.0,0.0,1.0
18.7,Male,45.0,1.87,12.84,18.2,199.1,161.5,64.5,1.02,286.4,2.7,2.0,3.81,General Fitness,Strength,,,,,,,
38.2,Female,73.4,1.7,25.42,20.9,181.4,125.4,70.2,1.45,666.9,4.5,1.0,2.9,General Fitness,Strength,1.0,1.0,1.0,0.0,0.0,0.0,1.0
29.8,Male,66.9,1.72,22.69,14.7,193.5,130.0,61.5,0.84,343.2,4.2,2.0,2.6,Muscle Gain,Functional,0.0,1.0,1.0,1.0,1.0,0.0,1.0
19.0,Female,43.6,1.7,15.09,23.9,168.0,126.0,55.0,1.42,685.0,4.0,3.0,1.5,Endurance,HIIT,0.0,0.0,1.0,1.0,1.0,0.0,1.0
26.9,Male,93.0,1.84,27.38,15.1,187.7,135.3,55.8,0.68,558.6,3.6,1.0,2.7,Athletic Performance,Functional,0.0,0.0,1.0,1.0,1.0,1.0,1.0
44.0,Female,40.8,1.74,13.48,10.0,177.0,165.0,72.0,1.37,384.0,3.0,1.0,2.8,Weight Loss,HIIT,1.0,0.0,0.0,1.0,1.0,0.0,1.0
18.0,Male,40.0,1.72,13.52,28.0,193.0,138.0,74.0,1.41,726.0,2.0,3.0,3.7,Muscle Gain,Strength,1.0,1.0,0.0,0.0,1.0,0.0,0.0
65.3,Female,58.6,1.61,22.63,23.4,156.2,112.3,62.8,1.25,483.0,3.6,2.0,3.1,Muscle Gain,Strength,1.0,1.0,0.0,1.0,0.0,0.0,0.0
48.3,Female,70.7,1.59,28.01,18.3,175.3,134.3,62.5,1.62,749.7,4.5,1.0,3.4,General Fitness,Strength,1.0,0.0,1.0,1.0,0.0,0.0,0.0
58.2,Male,85.5,1.95,22.57,17.5,166.2,133.9,57.7,1.65,849.3,3.6,1.0,3.2,General Fitness,Strength,1.0,1.0,0.0,0.0,0.0,1.0,1.0
43.0,Female,79.7,1.66,29.02,,193.2,110.1,54.7,1.55,542.7,4.0,3.0,2.2,General Fitness,Powerlifting,0.0,1.0,1.0,0.0,0.0,0.0,0.0
50.0,Male,97.0,1.65,35.63,27.1,191.0,133.0,70.0,1.43,1256.0,5.0,2.0,1.5,Endurance,Cardio,0.0,0.0,1.0,1.0,1.0,0.0,1.0
58.4,Female,52.4,1.57,21.18,21.1,169.2,123.8,54.4,1.09,330.4,4.7,3.0,2.3,General Fitness,Strength,1.0,1.0,1.0,1.0,1.0,1.0,0.0
46.6,Male,83.7,1.78,26.5,15.9,171.5,166.5,62.2,1.04,687.0,5.8,3.0,3.5,Weight Loss,Cardio,0.0,0.0,1.0,0.0,0.0,0.0,1.0
20.9,Female,78.1,1.76,25.18,26.4,192.5,146.1,70.9,1.37,670.1,2.0,2.0,3.99,Strength,Strength,1.0,0.0,1.0,0.0,1.0,0.0,0.0
28.0,Male,73.2,1.76,23.63,26.4,171.0,159.0,61.0,1.21,973.0,4.0,1.0,2.0,General Fitness,HIIT,1.0,0.0,1.0,0.0,1.0,0.0,1.0
47.0,Female,51.4,1.88,14.54,24.0,176.0,125.0,58.0,0.88,1133.0,3.0,3.0,3.3,Muscle Gain,Strength,1.0,1.0,1.0,0.0,0.0,0.0,1.0
48.0,Male,40.0,1.67,14.34,17.8,169.0,168.0,57.0,2.0,833.0,3.0,3.0,2.2,Muscle Gain,Strength,0.0,0.0,1.0,1.0,0.0,1.0,1.0
30.0,Female,61.8,1.88,17.49,23.7,189.0,142.0,73.0,1.02,1033.0,4.0,1.0,2.3,General Fitness,Cardio,0.0,0.0,0.0,1.0,0.0,0.0,1.0
26.2,Female,63.7,1.65,23.36,23.8,188.1,117.1,74.4,0.68,100.0,2.9,1.0,1.5,General Fitness,Yoga,0.0,0.0,0.0,0.0,1.0,1.0,1.0
43.6,Female,63.9,1.52,27.84,23.9,185.6,143.3,63.7,1.74,1097.0,3.2,2.0,3.8,Strength,Strength,1.0,1.0,1.0,1.0,1.0,0.0,0.0
54.4,Female,73.4,1.64,27.44,21.6,154.8,131.7,68.3,1.01,661.1,3.0,2.0,2.5,General Fitness,Functional,0.0,1.0,0.0,1.0,0.0,0.0,1.0
18.6,Male,57.9,1.93,15.48,18.3,194.9,162.3,65.7,1.55,642.0,3.0,1.0,3.11,Endurance,Cardio,1.0,0.0,0.0,1.0,0.0,0.0,1.0
36.8,Female,63.4,1.6,24.74,30.5,186.6,115.1,67.6,1.54,652.5,3.3,3.0,2.6,Muscle Gain,Powerlifting,1.0,1.0,0.0,1.0,0.0,0.0,1.0
36.1,Female,65.0,1.76,20.93,23.8,180.5,137.2,64.4,0.64,459.0,4.9,3.0,2.0,General Fitness,Functional,1.0,0.0,0.0,1.0,1.0,1.0,1.0
29.9,Female,61.9,1.55,25.76,15.7,193.1,117.2,63.1,1.01,134.6,3.6,2.0,2.6,Stress Relief,Yoga,0.0,0.0,0.0,0.0,0.0,1.0,1.0
50.1,Female,71.3,1.68,25.28,19.0,174.9,102.4,67.7,1.32,257.5,5.6,3.0,2.3,Stress Relief,Yoga,0.0,0.0,0.0,1.0,0.0,1.0,1.0
19.8,Female,69.5,1.66,25.25,19.7,210.0,99.6,64.3,1.14,149.3,3.2,2.0,2.4,Stress Relief,Yoga,0.0,0.0,0.0,0.0,1.0,0.0,1.0
44.0,Male,94.4,1.75,30.82,24.1,163.0,154.0,58.0,1.66,881.0,3.0,3.0,2.9,General Fitness,HIIT,1.0,1.0,0.0,0.0,1.0,0.0,1.0
50.7,Male,92.9,1.84,27.36,21.4,171.8,136.0,59.7,0.77,530.0,4.7,1.0,2.5,General Fitness,Functional,0.0,1.0,1.0,0.0,1.0,0.0,1.0
19.6,Female,53.1,1.66,19.29,23.5,205.3,125.3,63.4,1.69,775.8,4.0,3.0,3.9,General Fitness,Strength,1.0,1.0,1.0,0.0,1.0,1.0,0.0
30.2,Female,49.1,1.58,19.71,21.4,192.9,180.6,56.5,1.19,964.3,4.6,3.0,3.6,Weight Loss,HIIT,0.0,1.0,0.0,1.0,1.0,0.0,1.0
30.0,Male,90.5,1.66,32.9,20.2,200.6,158.4,52.0,1.09,769.5,3.7,3.0,2.64,General Fitness,Cardio,0.0,0.0,0.0,0.0,1.0,0.0,1.0
39.3,Female,74.6,1.6,29.15,21.9,191.4,138.7,56.2,1.7,782.5,3.9,3.0,4.23,General Fitness,Strength,1.0,1.0,0.0,0.0,0.0,1.0,0.0
16.0,Male,59.1,1.64,22.09,22.7,210.0,181.1,75.1,1.36,580.6,2.7,1.0,3.31,General Fitness,Cardio,0.0,0.0,0.0,0.0,0.0,0.0,1.0
29.1,Female,72.2,1.69,25.4,16.6,190.4,167.3,65.7,0.68,737.0,4.3,3.0,3.2,Weight Loss,HIIT,1.0,0.0,0.0,0.0,0.0,0.0,1.0
33.0,Female,59.8,1.73,19.91,23.1,189.1,112.5,74.0,1.04,132.9,4.1,2.0,2.2,Flexibility,Yoga,1.0,0.0,0.0,0.0,1.0,1.0,1.0
23.9,Male,56.3,1.69,19.83,19.7,197.6,155.1,62.7,1.04,540.7,4.5,1.0,3.6,Muscle Gain,Functional,0.0,0.0,1.0,1.0,0.0,1.0,0.0
26.3,Female,63.9,1.7,22.03,27.7,181.6,132.7,53.1,1.31,453.2,4.6,1.0,3.5,Muscle Gain,Strength,1.0,1.0,1.0,1.0,1.0,0.0,0.0
23.9,Female,77.3,1.87,22.22,20.2,186.3,151.6,75.0,0.41,193.9,2.8,1.0,3.89,Strength,Strength,1.0,1.0,1.0,0.0,0.0,0.0,0.0
30.2,Female,50.5,1.58,20.23,14.7,196.6,156.7,59.0,0.74,467.4,3.6,2.0,3.1,General Fitness,Cardio,0.0,0.0,0.0,0.0,0.0,0.0,1.0
35.4,Female,60.9,1.66,22.13,23.8,182.1,141.1,67.7,1.45,937.9,3.6,3.0,3.8,General Fitness,Functional,0.0,0.0,1.0,1.0,1.0,1.0,1.0
18.9,Male,85.5,1.77,27.45,18.8,190.7,177.7,56.1,0.94,1030.2,4.5,1.0,3.0,Weight Loss,Cardio,1.0,0.0,0.0,0.0,0.0,1.0,0.0
24.0,Female,45.1,1.6,17.62,31.2,195.0,163.0,66.0,2.0,453.0,2.0,2.0,1.6,Weight Loss,Cardio,0.0,0.0,0.0,0.0,0.0,0.0,1.0
41.3,Male,56.8,1.67,20.43,18.5,166.0,104.9,70.9,1.36,127.0,3.2,1.0,2.4,Stress Relief,Yoga,1.0,0.0,0.0,0.0,0.0,1.0,1.0
69.1,Female,73.1,1.58,29.13,28.3,158.1,121.3,72.1,2.04,974.5,3.7,3.0,3.1,Strength,Powerlifting,0.0,1.0,1.0,0.0,0.0,0.0,1.0
22.7,Female,67.4,1.61,25.97,18.1,195.1,177.9,62.3,0.58,446.4,4.9,3.0,2.6,Weight Loss,HIIT,0.0,0.0,0.0,1.0,0.0,1.0,1.0
37.7,Female,54.7,1.56,22.58,24.9,186.9,161.1,50.0,1.62,1396.4,4.0,2.0,4.2,Weight Loss,Cardio,0.0,0.0,1.0,0.0,0.0,0.0,1.0
34.8,Male,64.8,1.74,21.38,18.4,195.8,147.0,49.6,0.56,430.0,3.9,2.0,3.0,Endurance,Cardio,0.0,0.0,0.0,0.0,0.0,0.0,1.0
67.7,Female,57.6,1.62,22.01,21.4,151.4,118.7,72.9,0.94,219.1,5.5,2.0,2.1,Flexibility,Yoga,0.0,0.0,0.0,0.0,0.0,0.0,1.0
25.0,Male,40.8,1.69,14.29,24.4,194.0,145.0,54.0,1.65,1353.0,4.0,1.0,2.5,Weight Loss,HIIT,1.0,0.0,0.0,1.0,1.0,0.0,1.0
34.8,Female,66.4,1.61,25.61,21.2,185.9,180.9,58.7,1.01,1151.4,3.9,3.0,4.0,Endurance,HIIT,1.0,0.0,0.0,0.0,0.0,1.0,1.0
18.5,Female,53.1,1.7,18.34,23.9,206.3,169.9,66.9,1.66,653.5,2.3,1.0,4.15,General Fitness,Functional,,,,,,,
35.6,Male,85.1,1.76,27.52,15.4,179.6,154.9,49.0,1.39,1587.1,5.4,2.0,3.8,Endurance,Cardio,0.0,0.0,0.0,0.0,0.0,0.0,1.0
33.1,Female,60.6,1.57,24.69,23.9,199.5,150.1,63.4,1.08,833.8,3.8,2.0,3.5,General Fitness,Functional,0.0,1.0,0.0,1.0,1.0,1.0,1.0
38.7,Female,58.9,1.58,23.52,23.9,171.3,150.4,58.2,0.63,423.5,4.0,1.0,3.5,General Fitness,Functional,0.0,0.0,0.0,1.0,1.0,1.0,1.0
34.6,Male,61.5,1.64,22.86,17.6,174.2,116.4,67.7,1.27,276.8,2.5,1.0,2.9,General Fitness,Yoga,0.0,0.0,0.0,1.0,0.0,0.0,1.0
32.9,Female,64.2,1.66,23.2,14.8,193.5,172.3,52.0,0.93,1102.0,2.4,2.0,3.5,Endurance,HIIT,0.0,0.0,0.0,0.0,1.0,1.0,0.0
39.5,Male,77.2,1.65,28.4,15.6,172.2,141.5,72.9,1.37,947.7,4.6,2.0,,Muscle Gain,Strength,1.0,1.0,0.0,0.0,0.0,0.0,0.0
50.5,Female,74.6,1.66,27.17,24.6,182.0,150.7,59.1,1.74,1729.3,5.6,3.0,3.9,Endurance,Cardio,0.0,0.0,1.0,0.0,1.0,0.0,0.0
23.7,Female,58.7,1.6,22.89,20.4,195.1,102.3,58.4,0.94,89.9,4.8,1.0,1.8,Flexibility,Yoga,0.0,0.0,0.0,0.0,1.0,0.0,1.0
26.1,Female,64.9,1.64,24.22,31.4,188.2,176.9,72.4,0.57,364.8,2.8,1.0,3.22,General Fitness,HIIT,0.0,0.0,0.0,0.0,1.0,0.0,1.0
47.0,Male,45.4,1.81,13.86,28.6,189.0,128.0,55.0,1.01,662.0,4.0,1.0,3.6,General Fitness,Strength,1.0,1.0,1.0,1.0,0.0,1.0,1.0
46.0,Male,49.8,1.91,13.65,29.4,160.0,146.0,65.0,2.0,1009.0,3.0,3.0,3.0,Endurance,HIIT,0.0,1.0,0.0,1.0,0.0,0.0,1.0
46.7,Male,87.9,1.93,23.5,20.1,177.6,137.2,62.8,1.49,1028.8,3.7,1.0,2.8,Strength,Strength,1.0,1.0,1.0,0.0,0.0,0.0,1.0
38.7,Male,51.0,1.61,19.72,11.7,185.2,159.4,45.4,1.68,1176.8,4.0,3.0,3.2,Endurance,Cardio,0.0,0.0,0.0,1.0,0.0,1.0,1.0
29.1,Female,52.2,1.59,20.78,21.8,192.8,92.4,65.4,1.11,138.0,4.8,1.0,2.9,General Fitness,Yoga,0.0,1.0,0.0,0.0,0.0,1.0,1.0
26.5,Male,74.1,1.74,24.53,17.2,199.7,144.8,49.3,1.1,620.7,4.1,1.0,2.8,Weight Loss,Cardio,0.0,0.0,0.0,1.0,0.0,0.0,1.0
20.0,Male,70.8,1.89,19.76,14.3,194.9,143.5,58.5,0.75,561.9,3.4,1.0,2.8,Endurance,Cardio,0.0,0.0,0.0,0.0,0.0,0.0,1.0
67.8,Female,60.2,1.66,21.82,23.4,152.6,124.4,65.5,1.03,376.8,3.4,2.0,3.0,Muscle Gain,Strength,1.0,1.0,1.0,1.0,0.0,0.0,1.0
48.0,Male,62.8,1.73,21.07,14.0,178.7,154.1,58.1,0.83,550.7,3.9,3.0,3.3,Athletic Performance,Functional,0.0,0.0,0.0,1.0,0.0,0.0,1.0
33.8,Male,80.7,1.72,27.43,14.5,178.5,167.0,64.2,0.68,840.5,3.5,2.0,2.7,Weight Loss,HIIT,0.0,0.0,0.0,0.0,1.0,1.0,1.0
29.3,Female,86.9,1.77,27.62,23.2,184.8,149.4,60.7,1.75,1856.2,4.6,3.0,4.6,Weight Loss,Cardio,0.0,0.0,1.0,0.0,0.0,0.0,1.0
53.0,Male,53.5,1.71,18.3,25.1,195.0,169.0,54.0,1.04,900.0,3.0,2.0,2.7,General Fitness,Strength,1.0,1.0,0.0,0.0,0.0,1.0,1.0
22.0,Female,74.3,1.72,25.2,20.7,197.2,155.1,59.5,1.32,674.7,5.6,3.0,2.63,General Fitness,Strength,,,,,,,
16.0,Male,63.8,1.73,21.33,19.8,205.3,171.4,78.1,1.46,668.1,3.3,2.0,2.49,Athletic Performance,Strength,,,,,,,
46.0,Female,64.1,1.68,22.71,24.8,178.2,100.0,58.1,2.45,679.6,3.9,2.0,3.2,General Fitness,Powerlifting,1.0,1.0,1.0,0.0,0.0,0.0,0.0
57.0,Female,40.0,1.62,15.24,25.2,190.0,123.0,57.0,1.43,1093.0,5.0,1.0,3.2,Muscle Gain,Strength,1.0,1.0,1.0,0.0,1.0,0.0,1.0
18.0,Female,56.0,1.82,16.91,24.3,170.0,131.0,62.0,1.55,1249.0,3.0,3.0,2.0,Weight Loss,HIIT,1.0,0.0,1.0,1.0,0.0,0.0,1.0
28.2,Female,62.5,1.53,26.65,21.6,185.5,176.8,57.6,0.35,342.7,4.1,3.0,3.0,Endurance,HIIT,1.0,0.0,0.0,0.0,0.0,1.0,1.0
47.0,Female,46.0,1.58,18.43,28.5,172.0,147.0,72.0,1.37,1098.0,2.0,3.0,3.7,Strength,Strength,1.0,0.0,1.0,0.0,0.0,0.0,0.0
47.8,Female,66.5,1.76,21.36,24.6,165.4,133.7,69.4,1.0,413.8,4.0,3.0,3.1,General Fitness,Functional,1.0,0.0,1.0,1.0,1.0,0.0,1.0
42.7,Male,93.3,1.74,30.96,23.4,175.5,127.3,54.4,1.22,781.4,3.7,2.0,3.7,Muscle Gain,Powerlifting,0.0,1.0,1.0,0.0,1.0,1.0,0.0
23.8,Male,77.2,1.79,24.01,17.3,205.4,138.6,65.9,0.86,762.2,3.6,2.0,,General Fitness,Functional,0.0,0.0,1.0,1.0,1.0,1.0,1.0
41.2,Male,99.9,1.94,26.61,15.0,183.3,152.9,63.8,0.88,847.9,2.5,2.0,3.0,General Fitness,HIIT,0.0,0.0,1.0,1.0,0.0,0.0,1.0
29.1,Male,84.4,1.78,26.76,16.5,197.1,159.2,48.8,0.66,835.7,3.7,3.0,2.5,Endurance,Cardio,0.0,0.0,0.0,0.0,0.0,0.0,0.0
28.0,Male,61.1,1.74,20.18,21.5,163.0,156.0,59.0,1.89,1277.0,2.0,2.0,3.4,Weight Loss,Cardio,0.0,0.0,0.0,0.0,0.0,0.0,1.0
35.3,Female,60.2,1.55,24.98,26.1,203.1,141.0,60.2,1.01,541.0,3.5,3.0,3.1,Athletic Performance,Functional,1.0,1.0,1.0,1.0,1.0,1.0,1.0
43.5,Male,75.1,1.74,24.75,21.4,180.6,139.2,63.0,1.75,1268.9,4.4,3.0,3.7,General Fitness,Strength,1.0,0.0,1.0,1.0,0.0,1.0,1.0
48.8,Male,70.9,1.8,21.82,13.0,175.4,170.4,46.1,0.58,558.4,4.6,2.0,2.8,Endurance,HIIT,1.0,0.0,0.0,0.0,1.0,1.0,1.0
23.0,Female,56.5,1.97,14.56,28.6,169.0,151.0,56.0,2.0,1380.0,3.0,2.0,2.6,Strength,Strength,1.0,1.0,1.0,1.0,1.0,1.0,1.0
33.1,Male,80.5,1.71,27.59,30.6,191.3,159.3,65.8,1.1,607.6,2.3,1.0,2.67,Weight Loss,Cardio,1.0,0.0,0.0,0.0,0.0,0.0,1.0
54.9,Male,106.6,1.82,32.06,24.7,181.9,112.7,63.8,1.96,1387.8,4.6,2.0,2.4,Muscle Gain,Powerlifting,1.0,1.0,0.0,1.0,0.0,0.0,0.0
33.3,Female,93.7,1.88,26.5,20.1,181.6,158.5,69.6,1.37,904.8,2.0,1.0,3.63,Weight Loss,Cardio,0.0,0.0,0.0,0.0,0.0,0.0,1.0
50.7,Male,77.9,1.72,26.27,22.0,164.0,127.9,60.3,1.22,662.5,4.3,1.0,2.5,General Fitness,Functional,1.0,1.0,0.0,1.0,1.0,1.0,1.0
28.7,Male,59.5,1.72,20.07,15.8,196.6,106.5,66.1,1.18,140.5,2.2,2.0,2.5,General Fitness,Yoga,0.0,0.0,0.0,0.0,1.0,0.0,1.0
37.8,Female,88.6,1.73,29.51,22.8,170.6,122.9,62.1,1.86,1155.7,4.0,3.0,3.1,Muscle Gain,Strength,0.0,1.0,1.0,0.0,1.0,0.0,1.0
18.0,Female,43.1,1.75,14.07,19.1,183.0,138.0,53.0,1.95,437.0,2.0,2.0,3.6,Endurance,Cardio,0.0,0.0,0.0,0.0,0.0,1.0,1.0
56.0,Female,56.2,1.69,19.68,24.4,198.0,155.0,74.0,1.64,1486.0,2.0,1.0,1.8,General Fitness,Cardio,0.0,1.0,0.0,0.0,0.0,1.0,0.0
26.0,Female,86.6,1.73,28.94,19.0,192.0,120.0,59.0,1.75,1102.0,3.0,1.0,1.8,Weight Loss,HIIT,1.0,1.0,1.0,1.0,1.0,0.0,1.0
29.4,Female,63.3,1.71,21.66,20.6,187.5,93.9,57.3,1.24,163.7,2.6,1.0,1.9,Stress Relief,Yoga,0.0,0.0,0.0,0.0,1.0,0.0,1.0
24.0,Female,89.0,1.61,34.34,23.8,181.0,160.0,74.0,1.3,827.0,3.0,3.0,3.1,Muscle Gain,Strength,1.0,1.0,1.0,0.0,0.0,0.0,1.0
44.0,Female,49.3,1.55,20.52,21.5,193.0,168.0,72.0,1.48,918.0,5.0,1.0,3.6,Endurance,Cardio,0.0,0.0,0.0,0.0,0.0,1.0,1.0
55.6,Male,81.3,1.94,21.6,20.4,169.6,150.4,65.8,1.09,1106.7,4.9,1.0,3.1,Athletic Performance,Functional,1.0,0.0,0.0,1.0,1.0,0.0,0.0
55.0,Female,49.8,1.75,16.23,13.3,158.8,136.5,52.1,1.47,541.9,4.6,3.0,3.24,Endurance,Cardio,0.0,0.0,0.0,1.0,0.0,0.0,1.0
28.1,Male,71.4,1.66,25.88,17.3,198.5,103.0,60.9,1.08,365.8,3.7,3.0,2.9,Strength,Powerlifting,0.0,1.0,0.0,0.0,0.0,0.0,0.0
20.0,Female,103.4,1.53,44.17,23.0,180.0,166.0,56.0,1.28,631.0,4.0,1.0,3.0,Weight Loss,HIIT,1.0,0.0,0.0,1.0,1.0,0.0,0.0
37.6,Male,57.9,1.78,18.35,23.7,183.1,171.2,55.4,0.73,469.0,4.2,2.0,3.02,Endurance,HIIT,0.0,0.0,1.0,0.0,0.0,0.0,1.0
34.0,Male,76.4,1.84,22.57,17.0,164.0,161.0,69.0,1.2,978.0,3.0,1.0,3.0,Weight Loss,Cardio,1.0,0.0,0.0,0.0,1.0,0.0,1.0
53.8,Male,53.7,1.7,18.63,10.5,164.2,100.0,65.6,1.23,191.4,3.2,3.0,2.1,General Fitness,Yoga,1.0,0.0,0.0,0.0,0.0,1.0,1.0
22.0,Male,55.6,1.69,19.5,20.0,200.3,129.8,67.8,1.34,673.9,3.2,2.0,2.7,Athletic Performance,Functional,1.0,0.0,0.0,1.0,1.0,1.0,0.0
36.0,Female,55.5,1.69,19.43,15.3,198.0,132.0,71.0,1.85,1590.0,3.0,2.0,2.2,Weight Loss,Cardio,0.0,0.0,0.0,0.0,0.0,0.0,1.0
22.5,Female,56.8,1.54,23.81,19.1,190.3,100.0,69.0,0.53,73.8,2.4,1.0,1.5,General Fitness,Yoga,0.0,0.0,0.0,0.0,1.0,0.0,1.0
41.8,Male,89.8,1.93,24.0,14.5,191.8,179.3,54.7,1.3,1047.5,5.3,3.0,3.5,Endurance,Cardio,0.0,1.0,0.0,0.0,1.0,0.0,1.0
45.5,Female,52.6,1.82,15.86,22.5,184.9,172.1,75.7,0.71,352.8,2.7,1.0,3.78,Endurance,HIIT,0.0,1.0,1.0,1.0,1.0,0.0,1.0
36.4,Female,68.6,1.67,24.64,25.8,163.7,128.8,60.8,1.89,975.9,4.4,2.0,3.3,Muscle Gain,Strength,1.0,1.0,0.0,0.0,0.0,0.0,0.0
26.1,Male,87.2,1.75,28.47,23.5,198.5,128.3,51.0,2.42,914.3,3.1,3.0,3.5,Muscle Gain,Powerlifting,0.0,1.0,1.0,0.0,0.0,0.0,0.0
44.0,Female,40.0,1.68,14.17,28.1,175.0,156.0,74.0,1.04,1010.0,3.0,3.0,1.8,Weight Loss,Cardio,0.0,0.0,0.0,0.0,1.0,0.0,1.0
24.0,Female,68.3,1.66,24.79,16.9,202.6,145.4,61.2,0.83,783.6,3.6,3.0,2.9,Weight Loss,Cardio,0.0,0.0,0.0,0.0,0.0,0.0,1.0
29.3,Female,90.1,1.83,26.87,24.6,194.2,191.4,78.3,0.6,572.2,1.8,1.0,3.33,Endurance,HIIT,1.0,0.0,0.0,0.0,1.0,0.0,1.0
38.0,Female,46.5,1.65,17.08,24.1,182.0,169.0,70.0,1.34,806.0,2.0,1.0,3.5,Endurance,Cardio,0.0,1.0,0.0,1.0,0.0,0.0,1.0
36.5,Female,53.0,1.7,18.36,23.4,177.7,115.6,70.4,0.76,106.0,3.8,1.0,2.1,General Fitness,Yoga,0.0,0.0,0.0,0.0,0.0,1.0,1.0
27.6,Male,84.9,1.77,27.03,12.8,181.0,140.2,56.9,0.93,624.5,3.8,2.0,2.7,Muscle Gain,Strength,1.0,1.0,1.0,1.0,0.0,0.0,1.0
36.0,Male,40.0,2.0,10.0,25.7,193.0,121.0,65.0,1.98,1282.0,4.0,1.0,2.6,Strength,Strength,1.0,1.0,1.0,0.0,0.0,1.0,1.0
28.0,Female,70.3,1.6,27.4,26.6,187.4,128.6,63.2,1.45,859.4,4.9,2.0,3.1,Athletic Performance,Functional,0.0,1.0,1.0,0.0,1.0,0.0,0.0
39.8,Male,77.5,1.67,27.72,28.6,183.9,161.7,63.2,1.44,823.8,2.5,2.0,3.5,General Fitness,Cardio,0.0,0.0,0.0,1.0,0.0,0.0,1.0
23.5,Female,64.8,1.61,25.12,28.1,202.8,104.8,65.2,2.41,688.2,3.9,2.0,2.9,General Fitness,Powerlifting,0.0,1.0,0.0,0.0,0.0,0.0,0.0
26.0,Male,64.6,1.82,19.5,28.1,196.0,165.0,55.0,1.46,1699.0,4.0,2.0,3.3,Muscle Gain,Strength,1.0,1.0,1.0,1.0,0.0,1.0,0.0
28.5,Male,60.2,1.7,20.9,9.2,198.7,157.4,54.7,0.37,297.2,3.5,3.0,3.1,Endurance,HIIT,0.0,1.0,0.0,0.0,1.0,0.0,1.0
44.6,Female,56.7,1.51,24.87,14.9,191.3,154.2,61.8,0.54,418.6,3.1,2.0,2.5,General Fitness,HIIT,0.0,0.0,0.0,1.0,1.0,0.0,1.0
19.9,Female,46.1,1.54,19.42,19.7,210.0,167.2,54.8,1.17,801.6,2.0,3.0,3.2,Weight Loss,HIIT,1.0,0.0,0.0,1.0,1.0,0.0,1.0
18.0,Male,63.9,1.86,18.47,24.0,161.0,147.0,51.0,1.83,1178.0,2.0,1.0,3.3,Muscle Gain,Strength,0.0,1.0,1.0,0.0,1.0,1.0,1.0
25.6,Female,63.8,1.64,23.74,24.5,205.3,129.8,67.9,1.42,842.3,3.7,1.0,2.9,Athletic Performance,Functional,1.0,1.0,0.0,1.0,0.0,1.0,1.0
27.8,Female,56.9,1.65,20.99,27.5,187.8,157.5,67.2,1.49,1005.7,4.5,2.0,2.9,Muscle Gain,Functional,1.0,0.0,1.0,1.0,1.0,1.0,1.0
23.8,Female,45.0,1.73,15.02,21.2,191.9,157.5,75.8,1.44,435.7,3.1,2.0,,Endurance,Cardio,1.0,1.0,0.0,0.0,0.0,1.0,1.0
22.2,Female,59.2,1.62,22.44,25.7,192.5,125.7,66.6,1.02,451.8,4.5,3.0,3.2,General Fitness,Strength,1.0,1.0,1.0,0.0,0.0,0.0,1.0
28.4,Female,66.5,1.6,25.96,20.5,188.7,164.5,46.8,0.4,387.3,3.8,3.0,3.6,Endurance,HIIT,0.0,0.0,0.0,0.0,1.0,1.0,1.0
35.0,Male,71.1,1.75,23.31,14.6,181.7,132.4,64.7,1.69,979.6,4.6,1.0,,Strength,Strength,1.0,0.0,1.0,0.0,0.0,1.0,1.0
20.0,Female,55.9,1.59,22.11,21.8,194.7,126.0,63.9,1.22,624.4,4.9,2.0,2.8,General Fitness,Functional,1.0,1.0,1.0,1.0,1.0,0.0,1.0
64.4,Male,93.0,1.9,25.85,21.4,159.4,128.3,73.3,1.64,799.6,4.8,3.0,2.9,Strength,Powerlifting,1.0,1.0,0.0,1.0,0.0,0.0,0.0
36.9,Male,61.0,1.75,19.96,12.3,184.5,157.1,67.2,0.61,457.4,3.4,1.0,2.9,Athletic Performance,Functional,0.0,0.0,1.0,1.0,0.0,1.0,1.0
25.6,Female,55.0,1.62,21.07,28.0,190.2,122.7,70.3,1.34,390.9,3.8,3.0,2.8,Strength,Strength,1.0,1.0,1.0,0.0,1.0,0.0,1.0
32.2,Male,80.3,1.92,21.78,22.2,188.4,151.7,63.8,1.34,682.0,3.6,2.0,3.68,Strength,Strength,1.0,1.0,0.0,1.0,1.0,1.0,1.0
40.4,Male,72.9,1.96,19.04,16.6,185.3,157.6,54.6,1.99,1104.5,4.9,3.0,3.55,Weight Loss,Cardio,1.0,0.0,0.0,1.0,1.0,0.0,1.0
36.0,Male,57.4,1.58,22.99,18.3,192.0,152.0,70.0,1.38,1137.0,2.0,1.0,3.2,Muscle Gain,Strength,1.0,1.0,1.0,0.0,0.0,1.0,0.0
18.1,Male,76.5,1.93,20.48,16.3,204.3,136.5,81.9,0.72,419.5,4.3,3.0,2.9,Athletic Performance,Functional,1.0,1.0,0.0,1.0,1.0,1.0,1.0
36.2,Male,68.6,1.74,22.73,19.1,175.1,112.3,76.0,0.81,162.1,5.4,2.0,2.6,Flexibility,Yoga,0.0,0.0,0.0,0.0,1.0,0.0,1.0
19.9,Male,66.8,1.82,20.11,11.2,192.3,92.6,67.3,0.71,92.2,5.9,1.0,2.0,Stress Relief,Yoga,0.0,0.0,0.0,1.0,0.0,0.0,1.0
53.5,Male,68.4,1.77,21.89,22.1,171.2,141.6,64.7,1.74,830.3,3.7,3.0,3.71,Weight Loss,Cardio,1.0,0.0,0.0,0.0,0.0,0.0,1.0
31.7,Female,76.2,1.61,29.55,21.0,206.8,112.5,63.7,1.27,504.3,4.9,2.0,2.1,Strength,Strength,1.0,1.0,1.0,0.0,1.0,0.0,1.0
56.1,Female,52.1,1.62,19.84,21.3,163.5,135.9,74.0,0.98,311.4,1.5,1.0,2.81,Muscle Gain,Strength,1.0,0.0,1.0,0.0,0.0,0.0,0.0
32.0,Male,69.3,1.77,22.08,19.0,190.2,127.4,77.3,1.88,705.7,3.7,2.0,2.7,Strength,Strength,1.0,1.0,0.0,0.0,0.0,0.0,0.0
29.4,Male,70.1,1.76,22.65,12.2,186.3,118.7,62.6,1.26,196.5,3.1,3.0,3.3,General Fitness,Yoga,0.0,1.0,0.0,0.0,1.0,0.0,1.0
60.3,Male,64.0,1.61,24.85,13.1,146.8,130.3,60.7,0.8,484.9,4.6,3.0,2.7,Muscle Gain,Functional,1.0,0.0,1.0,1.0,1.0,0.0,0.0
29.9,Male,102.6,1.75,33.49,18.4,178.7,117.0,69.5,1.23,931.2,3.9,2.0,2.8,Strength,Powerlifting,0.0,1.0,0.0,0.0,1.0,0.0,1.0
40.0,Female,40.0,1.74,13.21,22.7,173.0,164.0,72.0,1.33,1194.0,4.0,1.0,1.5,Weight Loss,HIIT,0.0,0.0,0.0,1.0,1.0,1.0,1.0
24.1,Female,62.9,1.74,20.74,23.8,176.4,131.0,61.9,1.26,498.9,4.0,2.0,2.6,Strength,Strength,1.0,1.0,1.0,0.0,0.0,1.0,1.0
29.0,Female,71.2,1.8,21.98,10.0,176.0,139.0,68.0,1.4,354.0,2.0,3.0,,Weight Loss,Cardio,0.0,0.0,0.0,1.0,0.0,0.0,1.0
46.6,Male,75.4,1.83,22.43,19.5,178.1,154.9,69.4,1.36,823.9,5.0,1.0,3.8,General Fitness,Functional,0.0,0.0,1.0,1.0,1.0,1.0,0.0
51.4,Male,77.1,1.75,25.07,19.2,156.1,132.3,61.2,0.94,627.1,3.6,1.0,2.9,Muscle Gain,Strength,0.0,1.0,1.0,1.0,0.0,0.0,0.0
28.6,Male,73.3,1.74,24.34,16.2,199.7,178.9,66.0,0.62,637.8,2.8,2.0,3.2,Weight Loss,HIIT,0.0,0.0,0.0,1.0,0.0,0.0,1.0
29.0,Male,96.7,1.7,33.46,32.9,175.0,141.0,54.0,2.0,880.0,2.0,3.0,2.3,Muscle Gain,Strength,1.0,1.0,1.0,1.0,1.0,0.0,0.0
51.3,Male,97.4,1.58,39.13,26.4,168.2,151.3,74.3,0.47,462.3,2.8,1.0,3.4,General Fitness,HIIT,0.0,0.0,0.0,1.0,0.0,1.0,0.0
31.6,Female,76.0,1.63,28.79,28.1,184.7,112.3,56.1,1.17,583.7,4.2,3.0,3.3,Strength,Powerlifting,0.0,1.0,1.0,0.0,0.0,0.0,0.0
38.8,Female,61.9,1.65,22.85,26.6,177.5,100.1,47.9,1.23,244.0,3.2,3.0,2.2,Strength,Powerlifting,0.0,1.0,0.0,0.0,1.0,0.0,1.0
52.1,Male,78.7,1.72,26.47,11.8,162.0,157.0,53.6,1.02,1048.3,4.3,1.0,3.6,Weight Loss,Cardio,0.0,0.0,0.0,0.0,0.0,0.0,1.0
36.9,Female,78.4,1.6,30.73,30.2,179.5,127.1,70.2,2.48,1105.2,3.5,3.0,3.1,Strength,Powerlifting,1.0,1.0,0.0,0.0,0.0,1.0,1.0
36.4,Male,82.0,1.77,26.14,18.0,176.9,171.9,55.2,0.32,470.5,3.1,2.0,3.2,General Fitness,HIIT,0.0,0.0,0.0,0.0,1.0,0.0,1.0
25.8,Male,72.0,1.79,22.48,18.5,198.9,148.7,58.0,0.9,523.8,4.9,2.0,,Weight Loss,Cardio,0.0,0.0,1.0,0.0,0.0,0.0,1.0
24.0,Female,79.7,1.92,21.62,25.3,192.0,122.5,53.0,1.29,1187.0,5.0,3.0,3.5,Strength,Strength,1.0,1.0,1.0,1.0,0.0,0.0,1.0
18.0,Male,42.3,1.64,15.73,26.4,198.0,169.0,65.0,1.55,1199.0,4.0,1.0,3.2,Weight Loss,Cardio,0.0,1.0,0.0,0.0,0.0,0.0,1.0
57.0,Female,84.0,1.95,22.09,17.5,199.0,142.0,51.0,1.66,872.0,4.0,1.0,3.4,Muscle Gain,Strength,1.0,1.0,1.0,0.0,0.0,0.0,1.0
42.0,Female,57.3,1.76,18.5,22.1,174.0,131.0,74.0,1.13,841.0,4.0,3.0,1.9,Muscle Gain,Strength,1.0,1.0,1.0,1.0,0.0,0.0,1.0
16.0,Female,108.1,1.76,35.01,41.1,209.2,161.2,62.9,1.52,988.9,2.7,2.0,3.46,General Fitness,Strength,0.0,1.0,1.0,0.0,0.0,1.0,0.0
35.3,Male,63.1,1.69,22.01,17.2,185.3,174.4,59.1,0.77,577.3,5.0,1.0,3.5,General Fitness,Cardio,0.0,0.0,1.0,0.0,0.0,0.0,1.0
18.0,Female,45.3,1.75,14.79,28.4,190.0,169.0,69.0,0.82,808.0,2.0,3.0,3.7,Weight Loss,Cardio,0.0,0.0,0.0,0.0,0.0,1.0,1.0
34.0,Male,64.9,1.52,28.24,24.3,189.8,165.1,74.0,2.14,1110.7,3.9,2.0,3.09,Weight Loss,Cardio,0.0,0.0,0.0,0.0,1.0,0.0,1.0
31.4,Female,58.2,1.64,21.7,18.1,189.9,110.8,68.5,1.63,686.9,3.2,2.0,1.9,Strength,Strength,1.0,1.0,0.0,0.0,0.0,1.0,1.0
22.0,Female,60.8,1.77,19.41,25.4,169.0,130.0,74.0,1.1,1298.0,2.0,3.0,,Weight Loss,Cardio,0.0,0.0,0.0,0.0,0.0,0.0,1.0
55.9,Male,85.1,1.76,27.35,9.0,155.0,150.0,63.0,0.57,731.7,2.7,2.0,2.9,Weight Loss,HIIT,1.0,0.0,1.0,0.0,1.0,0.0,1.0
51.7,Female,46.9,1.56,19.27,26.5,171.7,133.6,72.2,0.83,273.9,4.5,3.0,2.6,Athletic Performance,Functional,0.0,1.0,1.0,0.0,1.0,1.0,1.0
27.5,Male,71.3,1.8,22.02,14.9,201.1,107.8,68.0,0.99,272.1,3.5,2.0,1.7,Stress Relief,Yoga,1.0,0.0,0.0,0.0,0.0,0.0,1.0
32.0,Male,51.1,1.86,14.77,34.8,199.0,131.0,63.0,1.0,865.0,3.0,1.0,3.2,General Fitness,HIIT,1.0,0.0,1.0,1.0,0.0,0.0,1.0
26.0,Female,57.7,1.68,20.45,25.5,200.1,141.5,69.3,0.64,373.5,3.4,3.0,2.8,General Fitness,Functional,1.0,0.0,0.0,1.0,1.0,0.0,1.0
45.2,Male,62.6,1.67,22.35,11.2,172.3,112.2,71.1,1.45,243.4,2.6,3.0,2.2,General Fitness,Yoga,0.0,0.0,0.0,0.0,0.0,1.0,0.0
58.7,Female,63.3,1.59,24.91,21.8,154.9,149.9,55.6,0.38,194.2,4.6,2.0,2.8,Endurance,HIIT,0.0,0.0,0.0,0.0,1.0,0.0,1.0
54.2,Female,83.9,1.68,29.76,26.1,170.6,155.5,64.0,0.58,500.8,3.8,2.0,2.68,Endurance,HIIT,1.0,1.0,0.0,1.0,1.0,1.0,1.0
18.0,Female,90.8,1.66,32.95,10.0,182.0,134.0,56.0,1.77,990.0,4.0,2.0,1.8,Strength,Strength,1.0,1.0,1.0,1.0,0.0,0.0,1.0
18.1,Male,59.9,1.77,19.05,16.1,210.0,168.3,64.8,0.31,342.3,4.4,2.0,3.4,Endurance,HIIT,1.0,0.0,0.0,1.0,1.0,1.0,1.0
28.9,Female,59.2,1.66,21.38,18.4,205.3,160.5,51.2,1.64,1480.1,3.6,2.0,3.8,Weight Loss,Cardio,0.0,0.0,0.0,0.0,0.0,0.0,1.0
69.2,Male,66.3,1.72,22.52,17.9,157.2,97.7,65.9,1.14,131.4,2.6,3.0,1.7,Stress Relief,Yoga,0.0,0.0,0.0,0.0,0.0,0.0,1.0
28.0,Female,43.3,1.78,13.67,26.3,193.0,128.0,72.0,1.27,1479.0,3.0,1.0,3.4,Weight Loss,HIIT,1.0,0.0,0.0,1.0,1.0,0.0,1.0
45.0,Male,46.0,1.76,14.85,24.0,165.0,135.0,69.0,1.05,1121.0,5.0,2.0,1.5,Muscle Gain,Strength,1.0,1.0,0.0,1.0,1.0,0.0,1.0
27.2,Female,74.1,1.8,22.76,27.2,192.7,114.5,53.3,0.98,276.7,1.7,2.0,2.16,General Fitness,Yoga,0.0,0.0,0.0,0.0,1.0,0.0,1.0
23.0,Female,59.6,1.81,18.19,22.6,160.0,146.0,71.0,1.54,1382.0,5.0,2.0,2.8,Endurance,HIIT,1.0,0.0,0.0,0.0,1.0,0.0,1.0
20.0,Female,75.8,1.87,21.68,23.5,160.0,163.0,63.0,2.0,988.0,4.0,3.0,2.7,Endurance,HIIT,0.0,0.0,0.0,1.0,0.0,0.0,1.0
51.6,Male,66.8,1.77,21.37,12.8,159.2,151.0,54.0,1.08,831.4,5.1,2.0,3.3,General Fitness,Cardio,1.0,0.0,0.0,1.0,0.0,1.0,1.0
18.0,Male,56.5,1.93,15.17,22.3,177.0,156.0,52.0,1.53,1419.0,4.0,2.0,3.5,Strength,Strength,1.0,1.0,1.0,0.0,0.0,0.0,0.0
41.9,Female,52.4,1.92,14.27,16.5,178.6,113.3,52.2,0.72,136.8,4.1,3.0,2.83,Flexibility,Yoga,0.0,0.0,0.0,0.0,1.0,0.0,1.0
20.0,Male,40.0,1.78,12.62,25.5,192.0,149.0,57.0,0.93,1075.0,4.0,1.0,1.9,Muscle Gain,Strength,1.0,1.0,0.0,1.0,0.0,0.0,1.0
28.0,Female,67.8,1.57,27.51,30.5,198.0,135.0,67.0,2.0,1062.0,3.0,1.0,1.5,General Fitness,Strength,1.0,1.0,1.0,0.0,0.0,0.0,1.0
26.6,Male,89.5,1.93,24.1,23.0,204.1,159.7,77.1,1.06,630.6,2.9,1.0,3.09,Muscle Gain,Strength,1.0,1.0,1.0,0.0,0.0,0.0,0.0
28.7,Male,50.2,1.61,19.4,14.5,197.2,187.0,50.5,1.0,1012.1,3.0,2.0,3.7,General Fitness,HIIT,1.0,0.0,0.0,0.0,0.0,0.0,1.0
18.3,Female,75.6,1.66,27.38,24.8,208.4,162.3,65.1,1.5,1269.4,4.9,2.0,2.9,Endurance,Cardio,0.0,0.0,0.0,0.0,0.0,0.0,1.0
31.6,Female,76.3,1.52,33.07,26.4,175.1,164.4,53.6,0.72,561.8,2.2,1.0,2.6,Weight Loss,HIIT,0.0,0.0,0.0,0.0,0.0,0.0,0.0
29.6,Male,66.8,1.77,21.33,16.1,199.2,150.3,55.7,1.02,489.0,3.5,2.0,3.0,General Fitness,Cardio,0.0,0.0,0.0,0.0,0.0,0.0,1.0
28.3,Female,77.4,1.69,27.05,21.8,191.8,110.6,61.5,1.25,585.4,3.1,2.0,2.9,General Fitness,Strength,1.0,0.0,1.0,0.0,0.0,0.0,1.0
19.0,Female,66.7,1.73,22.29,24.9,172.0,121.5,71.0,1.18,589.0,3.0,1.0,1.8,General Fitness,HIIT,0.0,0.0,0.0,1.0,1.0,0.0,1.0
30.0,Female,119.6,1.72,40.43,13.1,191.0,150.0,74.0,1.77,1006.0,4.0,3.0,2.2,Strength,Strength,1.0,0.0,1.0,1.0,0.0,1.0,1.0
16.0,Male,61.2,1.69,21.33,19.9,196.6,158.8,53.6,2.1,862.1,3.9,3.0,3.71,General Fitness,Functional,,,,,,,
28.3,Male,52.5,1.65,19.33,12.3,185.8,179.5,74.4,1.73,1196.2,5.8,1.0,4.5,Endurance,Cardio,0.0,0.0,0.0,1.0,0.0,0.0,0.0
24.4,Female,59.1,1.62,22.39,20.7,208.6,159.7,57.3,0.78,464.7,5.5,2.0,2.7,General Fitness,Cardio,0.0,0.0,0.0,0.0,0.0,0.0,1.0
20.6,Male,57.3,1.67,20.62,22.6,195.4,169.9,78.0,1.31,541.3,2.9,1.0,3.82,Weight Loss,Cardio,0.0,0.0,0.0,1.0,0.0,1.0,1.0
45.1,Female,57.0,1.61,21.87,18.2,168.4,163.4,64.6,0.9,851.9,4.7,2.0,2.8,General Fitness,HIIT,1.0,0.0,1.0,1.0,0.0,0.0,0.0
52.6,Female,60.3,2.01,14.87,7.6,168.8,156.9,56.3,0.58,379.6,5.0,3.0,2.98,Endurance,HIIT,0.0,0.0,0.0,1.0,1.0,0.0,1.0
27.8,Male,69.5,1.59,27.44,13.2,177.0,112.5,59.3,0.79,373.2,5.0,3.0,3.0,General Fitness,Strength,1.0,1.0,1.0,0.0,0.0,0.0,0.0
49.4,Female,58.3,1.67,20.8,26.7,167.2,140.1,68.2,0.86,280.0,3.8,3.0,2.9,General Fitness,Strength,1.0,1.0,1.0,1.0,0.0,1.0,1.0
22.0,Female,64.6,1.76,20.91,17.2,201.9,176.3,59.3,1.45,1248.2,3.8,2.0,3.8,General Fitness,Cardio,0.0,0.0,0.0,0.0,0.0,0.0,1.0
36.0,Male,93.2,1.63,35.08,25.8,181.0,153.0,55.0,1.21,389.0,3.0,2.0,1.5,Weight Loss,Cardio,0.0,0.0,0.0,0.0,0.0,1.0,1.0
36.9,Female,53.4,1.57,21.68,20.0,189.6,152.0,64.2,1.78,1315.5,4.2,3.0,3.3,General Fitness,Cardio,0.0,0.0,0.0,0.0,0.0,0.0,1.0
33.0,Male,84.0,1.7,29.07,20.5,194.0,156.0,73.0,0.5,580.0,3.0,3.0,2.5,General Fitness,Cardio,1.0,0.0,0.0,0.0,1.0,0.0,1.0
18.0,Male,61.0,1.67,21.87,27.4,163.0,139.0,70.0,1.22,361.0,2.0,3.0,3.4,Strength,Strength,1.0,1.0,1.0,1.0,0.0,0.0,0.0
27.5,Female,54.0,1.54,22.65,,188.7,152.3,56.0,0.89,384.0,3.8,3.0,2.9,Endurance,HIIT,0.0,0.0,0.0,1.0,0.0,0.0,1.0
62.0,Male,56.4,1.72,19.18,,160.6,146.8,55.1,0.94,713.2,4.7,1.0,3.2,Endurance,Cardio,0.0,0.0,0.0,0.0,0.0,0.0,1.0
50.3,Male,81.1,1.83,24.16,19.5,166.2,131.2,65.1,1.66,727.9,3.9,3.0,2.9,Muscle Gain,Powerlifting,0.0,1.0,1.0,0.0,0.0,0.0,0.0
34.4,Female,82.7,1.6,32.09,30.7,198.8,109.3,68.4,1.2,440.8,3.7,2.0,2.7,Strength,Powerlifting,0.0,1.0,0.0,0.0,0.0,0.0,0.0
27.4,Male,66.4,1.8,20.41,12.7,202.7,148.8,52.7,1.75,827.1,4.2,3.0,3.3,Endurance,Cardio,0.0,0.0,0.0,0.0,0.0,1.0,1.0
38.5,Female,64.2,1.66,23.3,20.7,185.5,153.8,62.0,1.44,1139.0,4.3,2.0,3.3,Muscle Gain,Functional,1.0,0.0,1.0,1.0,1.0,1.0,1.0
37.9,Female,71.7,1.67,25.56,30.2,185.7,132.5,67.8,2.45,1302.3,4.6,3.0,3.6,Muscle Gain,Powerlifting,1.0,1.0,1.0,1.0,1.0,0.0,0.0
49.8,Female,63.7,1.65,23.42,18.4,181.8,155.4,51.8,0.61,624.5,4.6,3.0,2.8,General Fitness,HIIT,1.0,0.0,1.0,1.0,0.0,0.0,1.0
25.0,Female,85.1,1.98,21.71,22.5,185.0,148.0,58.0,1.29,785.0,4.0,1.0,3.5,Muscle Gain,Strength,1.0,0.0,0.0,1.0,0.0,1.0,0.0
32.2,Male,57.0,1.72,19.24,17.9,190.5,99.2,58.0,1.2,112.8,3.4,1.0,1.9,Flexibility,Yoga,1.0,0.0,0.0,0.0,1.0,1.0,1.0
29.8,Female,63.7,1.55,26.44,24.6,204.2,116.9,68.4,0.85,336.8,3.6,2.0,1.8,Muscle Gain,Strength,1.0,0.0,1.0,1.0,1.0,0.0,1.0
50.8,Male,70.7,1.68,25.19,13.3,170.3,165.3,53.4,1.05,656.2,3.7,2.0,3.7,Weight Loss,HIIT,1.0,0.0,0.0,1.0,0.0,1.0,1.0
31.0,Female,60.6,1.68,21.54,27.5,177.4,130.9,52.0,0.81,304.3,4.2,2.0,2.7,Muscle Gain,Strength,1.0,1.0,1.0,1.0,1.0,0.0,1.0
26.3,Male,81.1,1.77,25.92,21.8,189.4,114.9,61.6,1.78,808.3,3.0,3.0,2.7,Strength,Powerlifting,0.0,1.0,1.0,0.0,0.0,0.0,0.0
40.9,Female,45.7,1.95,11.95,21.1,183.4,114.0,65.4,0.56,92.8,2.6,1.0,3.08,General Fitness,Yoga,0.0,0.0,0.0,0.0,1.0,1.0,1.0
56.0,Male,54.0,1.92,14.65,21.6,190.0,129.0,73.0,0.61,985.0,3.0,2.0,2.5,Weight Loss,HIIT,1.0,0.0,0.0,1.0,0.0,1.0,1.0
67.7,Female,70.8,1.64,26.17,23.6,170.5,134.5,74.7,1.44,474.6,4.5,2.0,2.8,Muscle Gain,Powerlifting,0.0,1.0,1.0,0.0,0.0,0.0,0.0
37.8,Female,81.9,1.72,27.8,23.3,174.5,169.5,54.0,1.27,842.0,4.1,3.0,2.9,Weight Loss,Cardio,0.0,0.0,0.0,0.0,0.0,1.0,1.0
37.7,Male,65.4,1.74,21.67,18.1,186.1,146.2,67.9,1.29,893.5,4.4,3.0,3.9,Muscle Gain,Functional,0.0,0.0,1.0,1.0,0.0,0.0,1.0
28.0,Male,63.2,1.79,19.63,13.6,203.8,111.6,55.6,0.77,150.7,3.1,1.0,1.7,Stress Relief,Yoga,0.0,0.0,0.0,0.0,1.0,1.0,1.0
30.2,Female,66.8,1.84,19.74,23.6,179.9,169.1,68.5,1.05,721.1,3.1,1.0,3.21,Weight Loss,HIIT,0.0,0.0,1.0,1.0,1.0,0.0,0.0
33.0,Female,61.8,1.67,22.17,15.4,198.7,163.1,72.9,0.73,692.0,4.6,1.0,2.8,Endurance,Cardio,0.0,1.0,0.0,0.0,0.0,0.0,1.0
31.4,Female,64.5,1.61,24.92,27.4,194.9,123.8,72.1,1.55,801.5,4.1,1.0,2.3,Strength,Strength,1.0,1.0,1.0,0.0,0.0,1.0,1.0
41.2,Female,69.5,1.79,21.64,17.9,174.8,165.6,65.5,0.86,625.0,4.3,3.0,2.64,Weight Loss,HIIT,1.0,0.0,0.0,1.0,1.0,0.0,1.0
52.7,Male,64.4,1.76,20.82,19.6,162.7,144.7,79.5,1.5,993.1,3.7,1.0,3.5,General Fitness,Strength,1.0,1.0,1.0,0.0,1.0,0.0,1.0
31.3,Female,54.8,1.54,23.02,24.2,180.4,142.9,57.0,0.78,470.1,4.8,3.0,2.3,General Fitness,Functional,0.0,0.0,1.0,1.0,0.0,1.0,0.0
16.0,Male,50.0,1.67,17.97,24.5,206.4,164.8,75.1,1.19,408.0,1.0,2.0,3.49,General Fitness,Functional,,,,,,,
26.4,Female,49.2,1.55,20.59,20.1,201.2,107.5,65.1,1.41,202.0,5.1,2.0,2.0,Stress Relief,Yoga,0.0,0.0,0.0,1.0,1.0,1.0,1.0
28.3,Male,63.8,1.63,24.05,16.3,190.0,185.0,51.0,1.07,820.9,3.7,3.0,3.5,Endurance,HIIT,0.0,1.0,0.0,1.0,1.0,0.0,1.0
22.0,Male,129.9,1.62,49.5,27.2,185.0,141.0,52.0,1.62,571.0,4.0,2.0,1.8,Muscle Gain,Strength,1.0,1.0,1.0,0.0,0.0,0.0,1.0
63.7,Female,63.5,1.65,23.3,22.6,143.2,138.2,55.3,1.46,979.7,4.6,2.0,3.4,General Fitness,Functional,1.0,0.0,0.0,1.0,1.0,1.0,1.0
59.0,Male,40.0,2.0,10.0,27.0,173.0,141.0,68.0,1.04,1331.0,2.0,1.0,3.7,Muscle Gain,Strength,1.0,0.0,1.0,1.0,0.0,0.0,1.0
33.1,Female,71.8,1.61,27.88,14.7,184.9,155.6,58.6,1.03,1162.3,3.0,3.0,3.7,Endurance,HIIT,1.0,0.0,0.0,1.0,1.0,0.0,1.0
29.1,Female,60.2,1.54,25.51,19.6,181.8,159.6,60.8,1.0,958.6,3.9,2.0,3.2,Endurance,HIIT,1.0,0.0,0.0,1.0,1.0,1.0,1.0
31.6,Male,58.8,1.77,18.81,19.3,188.2,147.4,71.6,1.61,613.9,3.0,1.0,3.49,Muscle Gain,Strength,1.0,1.0,1.0,0.0,1.0,0.0,1.0
18.1,Male,82.1,1.8,25.46,11.6,203.7,96.7,57.3,0.54,126.4,3.1,1.0,1.6,General Fitness,Yoga,0.0,0.0,0.0,0.0,0.0,0.0,1.0
40.0,Female,64.6,1.55,26.89,21.4,198.0,133.0,74.0,1.39,303.0,2.0,2.0,1.5,Muscle Gain,Strength,1.0,1.0,1.0,0.0,0.0,1.0,1.0
48.0,Female,62.9,1.67,22.55,24.5,198.0,164.0,64.0,0.84,1098.0,5.0,1.0,3.3,Weight Loss,HIIT,1.0,0.0,0.0,0.0,1.0,0.0,1.0
23.0,Female,67.2,1.63,25.42,18.0,193.6,119.7,52.7,0.89,252.7,5.1,1.0,2.1,General Fitness,Yoga,1.0,0.0,1.0,1.0,1.0,0.0,1.0
18.9,Male,87.0,1.78,27.35,11.5,208.8,114.6,73.2,0.63,109.6,4.8,3.0,2.4,Stress Relief,Yoga,0.0,1.0,0.0,0.0,1.0,0.0,1.0
24.5,Male,63.5,1.89,17.78,10.5,196.5,114.7,57.9,1.14,272.3,3.5,3.0,2.5,Stress Relief,Yoga,0.0,0.0,0.0,0.0,0.0,0.0,1.0
29.0,Male,73.6,1.82,22.22,25.2,162.0,141.0,55.0,1.5,1057.0,2.0,2.0,2.1,Endurance,Cardio,0.0,0.0,0.0,0.0,0.0,0.0,1.0
22.0,Male,96.9,1.8,29.91,21.7,163.0,132.0,56.0,0.94,748.0,4.0,2.0,2.5,Endurance,HIIT,1.0,0.0,0.0,0.0,1.0,0.0,1.0
37.2,Female,47.9,1.55,19.91,22.9,173.5,168.5,64.9,1.45,1058.1,4.6,1.0,3.1,Weight Loss,Cardio,0.0,0.0,1.0,0.0,1.0,0.0,1.0
23.5,Female,56.9,1.63,21.44,27.1,200.1,134.0,55.4,1.57,717.9,4.1,1.0,3.1,Muscle Gain,Strength,1.0,1.0,1.0,0.0,0.0,0.0,1.0
40.6,Female,52.0,1.53,22.3,25.6,194.2,113.2,63.0,1.18,468.6,3.4,1.0,2.2,General Fitness,Strength,1.0,1.0,0.0,1.0,0.0,0.0,1.0
47.0,Male,85.5,1.84,25.25,24.1,172.0,152.0,68.0,0.98,773.0,2.0,2.0,2.6,Weight Loss,Cardio,0.0,0.0,0.0,1.0,0.0,0.0,1.0
40.0,Female,56.8,1.54,23.95,27.6,166.0,167.0,71.0,1.06,1225.0,4.0,1.0,1.7,Muscle Gain,Strength,1.0,1.0,0.0,0.0,0.0,1.0,1.0
27.0,Female,73.0,1.6,28.56,21.9,189.2,131.2,64.8,1.75,1057.4,4.5,3.0,2.5,Muscle Gain,Strength,1.0,1.0,0.0,0.0,0.0,1.0,0.0
19.1,Male,86.3,1.77,27.55,23.9,196.6,116.0,71.2,1.54,914.1,3.2,3.0,2.0,Muscle Gain,Powerlifting,1.0,1.0,0.0,0.0,0.0,0.0,1.0
60.8,Female,50.6,1.61,19.54,16.6,161.6,155.6,61.9,0.91,409.3,4.6,3.0,3.7,Weight Loss,HIIT,1.0,1.0,0.0,1.0,1.0,0.0,1.0
27.3,Female,45.0,1.94,11.96,17.0,191.6,151.4,75.1,1.44,411.6,4.3,2.0,3.42,Strength,Strength,1.0,0.0,0.0,0.0,0.0,0.0,1.0
23.0,Male,90.0,1.58,36.05,25.0,172.0,164.0,60.0,0.78,682.0,4.0,1.0,3.2,Strength,Strength,1.0,1.0,0.0,0.0,0.0,1.0,1.0
67.5,Female,66.9,1.59,26.33,21.7,165.0,135.3,62.6,0.77,376.5,4.7,3.0,3.1,General Fitness,Strength,1.0,1.0,1.0,0.0,0.0,1.0,1.0
43.0,Female,69.7,1.75,22.76,26.1,193.0,162.0,53.0,0.52,1262.0,3.0,2.0,1.5,Weight Loss,Cardio,1.0,0.0,0.0,0.0,0.0,1.0,1.0
20.0,Male,75.6,1.74,24.97,21.4,192.0,128.0,72.0,1.86,906.0,4.0,2.0,3.3,General Fitness,Cardio,0.0,0.0,1.0,1.0,0.0,1.0,1.0
22.3,Female,66.6,1.74,22.08,20.6,200.5,151.9,69.9,0.59,492.6,2.6,2.0,2.5,Endurance,HIIT,1.0,1.0,0.0,1.0,1.0,1.0,1.0
44.1,Female,61.9,1.52,26.64,20.1,182.3,147.2,67.8,1.04,463.2,4.5,2.0,2.9,General Fitness,Functional,,,,,,,
28.2,Male,67.3,1.76,21.74,12.5,192.9,140.5,51.4,1.35,866.7,5.3,1.0,3.4,Weight Loss,Cardio,0.0,0.0,0.0,0.0,0.0,0.0,1.0
23.0,Male,57.8,1.87,16.53,28.7,172.0,142.0,54.0,1.46,1741.0,3.0,2.0,3.5,Muscle Gain,Strength,1.0,1.0,1.0,0.0,0.0,1.0,0.0
23.5,Male,69.6,1.67,24.82,26.4,190.4,112.7,61.8,2.2,829.1,3.8,3.0,3.1,Strength,Powerlifting,1.0,1.0,1.0,0.0,0.0,0.0,0.0
33.1,Male,73.1,1.66,26.46,24.2,183.3,157.7,67.2,1.52,844.5,2.9,1.0,3.2,General Fitness,Cardio,0.0,0.0,0.0,1.0,0.0,0.0,1.0
26.2,Male,54.2,1.64,20.1,13.5,191.4,154.0,66.6,1.28,596.7,3.7,2.0,3.4,General Fitness,Functional,1.0,1.0,0.0,1.0,1.0,0.0,1.0
46.0,Male,50.2,1.8,15.49,28.4,193.0,132.0,74.0,1.21,893.0,3.0,3.0,3.4,General Fitness,HIIT,0.0,0.0,0.0,0.0,1.0,0.0,1.0
52.9,Female,73.6,1.64,27.25,17.6,174.7,159.0,55.3,0.43,300.5,2.0,2.0,3.3,Endurance,HIIT,1.0,0.0,0.0,0.0,0.0,0.0,1.0
68.3,Female,81.9,1.73,27.26,17.2,150.6,145.6,75.2,0.83,517.6,4.1,2.0,2.7,Weight Loss,HIIT,1.0,1.0,0.0,0.0,1.0,0.0,1.0
20.7,Female,74.9,1.61,28.81,24.7,208.9,112.6,68.3,0.96,388.8,4.9,2.0,2.3,Muscle Gain,Strength,1.0,0.0,1.0,0.0,1.0,0.0,1.0
18.0,Male,43.5,1.77,13.88,24.4,161.0,136.0,57.0,2.0,452.0,5.0,1.0,3.3,Weight Loss,Cardio,0.0,0.0,0.0,1.0,1.0,0.0,1.0
72.5,Male,68.1,1.9,18.92,18.8,148.3,144.5,61.4,0.79,528.0,6.1,3.0,3.9,Weight Loss,HIIT,1.0,0.0,0.0,1.0,1.0,0.0,1.0
34.6,Female,45.0,1.91,12.34,15.8,189.9,159.3,67.0,0.51,171.8,2.9,2.0,2.44,Weight Loss,Cardio,0.0,0.0,1.0,0.0,0.0,0.0,1.0
18.9,Female,59.7,1.6,23.44,21.6,187.5,162.0,51.8,1.01,1002.6,2.8,2.0,3.0,Weight Loss,HIIT,0.0,1.0,0.0,1.0,1.0,0.0,1.0
36.0,Female,74.2,1.64,27.71,19.0,172.9,153.5,68.3,0.73,641.0,3.3,3.0,3.7,General Fitness,Functional,0.0,0.0,1.0,1.0,1.0,1.0,1.0
25.6,Male,95.9,1.73,32.03,24.2,187.4,102.1,68.3,1.12,345.9,3.6,2.0,2.7,Muscle Gain,Powerlifting,1.0,1.0,1.0,0.0,1.0,0.0,0.0
61.4,Female,118.1,2.01,29.23,32.0,160.2,95.9,49.1,0.68,307.1,4.0,3.0,3.08,General Fitness,Yoga,0.0,0.0,0.0,0.0,1.0,1.0,1.0
29.8,Female,53.4,1.58,21.3,18.5,183.1,138.1,50.6,1.22,662.1,4.6,1.0,3.2,Muscle Gain,Functional,1.0,0.0,1.0,1.0,1.0,1.0,0.0
51.1,Female,62.5,1.72,21.15,14.8,176.8,151.8,57.7,0.51,342.8,3.6,1.0,2.4,Endurance,Cardio,1.0,0.0,0.0,0.0,0.0,1.0,1.0
36.1,Male,89.9,1.75,29.21,20.1,178.6,137.0,59.2,1.92,968.1,4.0,2.0,3.6,Muscle Gain,Strength,1.0,0.0,1.0,0.0,0.0,0.0,0.0
50.5,Male,89.6,1.82,26.92,9.5,176.7,171.7,53.2,0.89,833.6,2.3,2.0,2.8,Weight Loss,HIIT,0.0,0.0,0.0,1.0,0.0,0.0,1.0
37.8,Female,72.2,1.69,25.23,20.4,178.9,115.9,70.5,1.93,866.0,3.9,1.0,2.6,Strength,Strength,1.0,1.0,0.0,0.0,0.0,0.0,0.0
37.5,Female,71.0,1.67,25.49,29.1,185.3,112.3,69.1,2.29,808.8,4.9,2.0,3.2,Muscle Gain,Powerlifting,0.0,1.0,0.0,0.0,1.0,0.0,0.0
18.0,Male,52.4,1.74,17.31,10.0,181.0,169.0,63.0,0.83,889.0,4.0,3.0,2.8,Muscle Gain,Strength,1.0,1.0,1.0,0.0,0.0,0.0,0.0
39.0,Female,55.0,1.53,23.61,21.5,196.3,170.5,56.8,1.37,1018.1,3.0,2.0,3.5,Endurance,Cardio,1.0,0.0,0.0,0.0,0.0,0.0,1.0
66.4,Female,58.7,1.69,20.53,15.4,147.8,142.8,45.0,1.59,1034.2,4.5,3.0,3.1,General Fitness,Cardio,0.0,0.0,0.0,1.0,0.0,0.0,1.0
24.0,Male,61.4,1.77,19.69,9.6,190.4,169.3,64.5,0.75,737.7,4.3,1.0,3.0,Endurance,Cardio,1.0,1.0,0.0,0.0,0.0,0.0,1.0
54.7,Male,70.5,1.82,21.22,16.6,175.3,135.7,65.3,0.86,455.0,4.6,2.0,3.2,Athletic Performance,Functional,0.0,0.0,0.0,1.0,1.0,0.0,1.0
24.4,Male,55.1,1.75,18.03,,199.3,103.5,61.3,0.69,74.5,5.2,3.0,2.1,Flexibility,Yoga,0.0,0.0,0.0,0.0,1.0,1.0,1.0
46.0,Female,50.1,1.56,20.5,21.1,178.3,98.5,66.5,0.54,57.2,2.9,2.0,1.8,Flexibility,Yoga,1.0,1.0,0.0,0.0,1.0,0.0,1.0
47.0,Male,40.0,1.89,11.2,26.7,177.0,139.0,69.0,1.3,902.0,3.0,3.0,3.3,Weight Loss,HIIT,1.0,0.0,0.0,0.0,1.0,0.0,1.0
22.8,Female,42.4,1.45,20.17,17.7,207.3,153.3,58.2,0.62,374.5,4.0,1.0,3.1,Weight Loss,Cardio,0.0,0.0,0.0,0.0,0.0,1.0,1.0
18.9,Female,49.7,1.55,20.78,23.8,209.5,146.6,57.1,0.56,358.3,4.2,3.0,3.8,Weight Loss,Cardio,1.0,0.0,0.0,0.0,0.0,0.0,1.0
33.3,Female,45.3,1.48,20.58,24.9,189.0,91.8,58.3,1.03,100.3,2.0,3.0,2.4,Flexibility,Yoga,0.0,0.0,0.0,0.0,1.0,1.0,1.0
51.0,Female,53.7,1.72,18.15,10.0,169.0,120.0,52.0,0.95,1234.0,3.0,3.0,3.3,Weight Loss,HIIT,1.0,0.0,0.0,1.0,1.0,0.0,0.0
36.3,Female,50.6,1.55,21.07,19.6,177.4,172.4,70.0,1.24,806.9,5.7,1.0,3.0,Endurance,Cardio,0.0,1.0,0.0,0.0,0.0,0.0,1.0
26.1,Male,64.1,1.78,20.15,14.3,201.9,154.9,62.5,0.57,474.9,2.8,2.0,3.3,Endurance,HIIT,1.0,1.0,0.0,1.0,1.0,0.0,1.0
43.0,Male,40.0,1.73,13.36,21.3,161.0,146.0,69.0,1.37,1359.0,2.0,3.0,2.5,General Fitness,Cardio,0.0,0.0,1.0,0.0,0.0,0.0,1.0
67.8,Female,66.3,1.65,24.27,23.2,157.5,124.1,62.5,1.32,498.8,2.2,1.0,2.95,Muscle Gain,Strength,1.0,1.0,1.0,0.0,0.0,1.0,0.0
29.8,Male,69.3,1.66,25.15,21.4,189.7,139.5,73.2,0.81,478.4,3.2,1.0,2.6,Athletic Performance,Functional,0.0,0.0,0.0,1.0,1.0,0.0,1.0
18.0,Female,65.3,1.64,24.28,25.8,196.0,169.0,74.0,0.9,921.0,5.0,2.0,3.3,Strength,Strength,1.0,1.0,1.0,1.0,0.0,1.0,1.0
29.3,Female,59.2,1.58,23.7,19.9,186.7,115.4,68.3,1.24,187.6,4.9,2.0,2.3,General Fitness,Yoga,1.0,0.0,0.0,0.0,0.0,1.0,1.0
52.8,Female,51.4,1.52,22.25,23.6,182.5,138.9,57.2,1.77,777.2,4.2,1.0,2.8,Muscle Gain,Strength,1.0,1.0,1.0,0.0,0.0,1.0,0.0
65.5,Female,75.2,1.69,26.28,26.9,157.1,118.9,73.7,1.61,917.6,4.7,3.0,2.8,Muscle Gain,Strength,1.0,1.0,1.0,0.0,1.0,0.0,0.0
28.0,Male,68.0,1.7,23.53,17.0,174.0,155.0,68.0,0.74,1464.0,3.0,2.0,2.3,General Fitness,Strength,1.0,1.0,1.0,0.0,0.0,1.0,1.0
65.5,Male,82.4,1.72,27.96,16.1,160.1,136.7,68.3,1.27,838.5,4.7,3.0,3.1,Muscle Gain,Functional,1.0,0.0,1.0,1.0,0.0,1.0,0.0
65.0,Male,59.4,1.59,23.44,15.5,157.7,147.5,63.5,1.16,879.8,5.1,1.0,2.8,Weight Loss,Cardio,0.0,0.0,0.0,0.0,0.0,0.0,1.0
35.9,Female,71.0,1.63,26.87,23.3,186.3,130.5,69.6,1.15,507.8,3.7,3.0,2.6,General Fitness,Strength,1.0,0.0,0.0,1.0,0.0,0.0,0.0
33.9,Male,99.4,1.71,33.84,17.8,191.2,112.2,66.6,1.63,1023.4,3.5,2.0,2.7,Muscle Gain,Powerlifting,0.0,1.0,1.0,0.0,0.0,0.0,0.0
18.0,Female,72.1,1.79,22.5,16.7,194.0,169.0,71.0,1.89,716.0,2.0,2.0,3.2,General Fitness,Strength,1.0,1.0,0.0,0.0,0.0,0.0,0.0
31.0,Male,40.0,1.77,12.77,15.3,181.0,127.0,51.0,0.76,1382.0,4.0,2.0,2.6,Endurance,Cardio,0.0,0.0,1.0,0.0,0.0,0.0,1.0
51.0,Male,76.7,1.69,26.79,21.3,175.0,121.1,62.0,1.21,453.4,3.6,2.0,3.3,Strength,Strength,1.0,1.0,1.0,1.0,1.0,0.0,1.0
37.5,Male,64.9,1.73,21.72,9.3,191.5,170.4,45.9,0.9,868.7,3.3,3.0,3.1,Weight Loss,HIIT,1.0,0.0,0.0,1.0,0.0,0.0,1.0
26.6,Male,58.0,1.59,22.94,21.5,186.9,122.0,62.4,1.82,497.8,3.5,3.0,3.1,General Fitness,Strength,1.0,1.0,1.0,0.0,0.0,0.0,0.0
27.3,Female,70.8,1.57,28.7,26.0,203.1,131.7,69.7,2.3,1049.4,3.8,2.0,3.1,Strength,Powerlifting,1.0,1.0,0.0,0.0,1.0,0.0,0.0
25.4,Female,57.2,1.52,24.72,23.1,203.1,161.1,58.3,1.08,876.6,4.3,3.0,3.2,Endurance,Cardio,1.0,0.0,0.0,0.0,0.0,1.0,1.0
18.0,Female,75.8,1.99,19.14,10.0,191.0,167.0,71.0,1.53,850.0,4.0,1.0,3.5,Weight Loss,HIIT,1.0,0.0,0.0,0.0,0.0,0.0,1.0
24.0,Male,41.3,1.73,13.8,26.2,180.0,156.0,74.0,1.55,1285.0,4.0,3.0,3.2,Weight Loss,HIIT,0.0,1.0,0.0,1.0,0.0,0.0,1.0
27.4,Male,83.8,1.86,24.34,27.5,194.1,151.7,71.6,1.01,549.0,2.8,1.0,2.81,Muscle Gain,Strength,1.0,1.0,1.0,0.0,0.0,0.0,0.0
39.0,Female,41.3,1.76,13.33,24.3,175.0,136.0,69.0,1.42,1096.0,3.0,2.0,3.2,Muscle Gain,Strength,1.0,1.0,1.0,0.0,0.0,0.0,1.0
43.4,Male,70.1,1.72,23.65,12.6,175.4,155.9,54.0,0.7,400.7,4.5,3.0,3.2,Endurance,HIIT,1.0,0.0,0.0,1.0,0.0,0.0,1.0
39.9,Female,76.8,1.69,27.01,25.8,188.8,144.3,59.2,1.12,958.2,4.2,1.0,3.3,General Fitness,Functional,0.0,0.0,1.0,1.0,0.0,1.0,0.0
48.4,Female,75.6,1.59,29.83,31.7,169.4,117.3,75.0,2.08,928.7,3.2,3.0,3.6,Muscle Gain,Powerlifting,0.0,1.0,0.0,1.0,0.0,0.0,0.0
32.1,Female,71.0,1.75,23.09,21.8,191.3,132.0,60.9,1.35,576.3,4.6,2.0,3.2,General Fitness,Functional,1.0,1.0,0.0,1.0,1.0,1.0,1.0
41.0,Female,40.0,1.69,14.01,26.0,192.0,138.0,66.0,0.95,1556.0,4.0,1.0,2.6,Strength,Strength,1.0,1.0,1.0,0.0,0.0,1.0,0.0
47.4,Male,57.8,1.84,17.15,16.6,170.4,131.6,60.3,2.29,849.8,2.9,2.0,3.77,Muscle Gain,Strength,1.0,1.0,1.0,0.0,0.0,0.0,1.0
46.5,Female,95.2,1.72,32.17,29.4,171.9,137.7,58.1,1.7,1107.3,1.8,1.0,3.39,Athletic Performance,Strength,,,,,,,
51.0,Male,61.1,1.82,18.45,31.7,165.0,163.0,57.0,1.19,1171.0,4.0,3.0,2.5,Strength,Strength,1.0,1.0,1.0,1.0,0.0,1.0,0.0
26.8,Male,75.4,1.79,23.5,14.7,195.4,105.2,69.3,1.26,177.9,4.5,1.0,2.7,Flexibility,Yoga,1.0,0.0,0.0,0.0,1.0,1.0,1.0
27.4,Female,58.8,1.59,23.28,19.9,188.1,135.5,62.6,1.88,764.7,4.7,1.0,3.3,Muscle Gain,Strength,1.0,1.0,1.0,1.0,0.0,0.0,1.0
38.5,Male,83.7,1.8,25.92,17.0,184.3,90.2,63.3,1.17,143.0,5.8,2.0,2.2,General Fitness,Yoga,0.0,0.0,0.0,0.0,0.0,0.0,1.0
20.8,Male,70.8,1.76,22.92,11.3,210.0,142.0,54.8,1.54,1233.1,3.4,2.0,3.3,Weight Loss,Cardio,0.0,0.0,0.0,0.0,0.0,0.0,0.0
23.2,Female,67.5,1.63,25.41,22.7,200.3,140.5,79.9,1.87,1034.7,3.1,3.0,3.4,Muscle Gain,Strength,1.0,1.0,1.0,0.0,0.0,0.0,1.0
44.0,Male,47.3,1.72,15.99,26.7,198.0,164.0,70.0,1.46,1103.0,4.0,2.0,1.5,General Fitness,Strength,1.0,1.0,1.0,1.0,0.0,0.0,0.0
35.1,Male,51.1,1.65,18.68,22.0,184.0,141.3,70.2,0.85,295.4,2.2,1.0,3.66,General Fitness,Strength,1.0,1.0,1.0,0.0,1.0,0.0,0.0
39.0,Male,59.9,1.71,20.48,24.7,174.0,131.0,50.0,1.41,733.0,2.0,2.0,2.9,Strength,Strength,1.0,1.0,1.0,0.0,0.0,0.0,1.0
35.9,Female,51.4,1.51,22.57,24.8,181.3,173.4,61.9,1.65,1256.4,5.2,3.0,3.5,Weight Loss,Cardio,0.0,0.0,0.0,0.0,0.0,1.0,1.0
18.2,Female,54.9,1.5,24.28,16.2,194.7,150.8,65.2,0.58,423.6,3.3,3.0,2.7,General Fitness,HIIT,0.0,0.0,0.0,1.0,0.0,0.0,1.0
19.0,Male,89.8,1.76,28.83,14.5,202.5,131.1,73.4,1.08,679.5,3.7,2.0,3.3,Muscle Gain,Strength,1.0,1.0,1.0,1.0,1.0,1.0,1.0
31.0,Male,91.5,1.73,30.57,24.6,189.0,169.0,58.0,1.51,786.0,3.0,1.0,3.6,Muscle Gain,Strength,1.0,1.0,1.0,0.0,0.0,1.0,0.0
46.4,Female,71.3,1.69,24.9,27.9,165.1,137.5,80.5,1.49,682.0,3.5,2.0,2.93,Muscle Gain,Strength,1.0,0.0,1.0,0.0,0.0,0.0,1.0
60.3,Male,128.2,1.47,59.21,44.7,161.4,143.8,74.3,2.03,1848.5,3.0,2.0,3.62,Weight Loss,Cardio,0.0,1.0,0.0,1.0,0.0,0.0,1.0
36.9,Male,84.4,1.76,27.38,11.1,172.8,165.4,62.0,1.04,1193.0,3.5,1.0,3.4,General Fitness,Cardio,0.0,0.0,0.0,1.0,0.0,0.0,1.0
25.6,Female,55.6,1.62,21.08,15.1,190.2,152.7,60.5,0.42,273.2,3.1,2.0,3.1,Endurance,HIIT,1.0,0.0,0.0,1.0,0.0,0.0,1.0
24.3,Male,72.7,1.74,23.99,24.5,204.7,114.7,71.4,1.83,875.6,3.2,2.0,2.3,Strength,Powerlifting,1.0,1.0,0.0,1.0,0.0,1.0,1.0
49.3,Male,65.3,1.67,23.41,26.7,160.0,110.5,62.2,1.26,296.9,4.0,2.0,,Stress Relief,Yoga,0.0,0.0,0.0,0.0,0.0,1.0,1.0
23.0,Female,56.8,1.75,18.55,25.3,183.0,149.0,74.0,1.54,926.0,2.0,2.0,2.6,General Fitness,Strength,1.0,1.0,1.0,0.0,0.0,0.0,0.0
38.0,Male,56.7,1.68,20.02,8.0,190.0,154.5,45.0,0.69,566.3,4.8,3.0,2.4,Weight Loss,HIIT,0.0,0.0,0.0,1.0,1.0,0.0,1.0
27.4,Female,49.9,1.57,20.23,23.1,195.4,127.4,56.8,0.63,261.2,3.9,1.0,2.7,Athletic Performance,Functional,1.0,0.0,0.0,1.0,0.0,1.0,1.0
35.0,Female,42.9,1.51,18.81,15.3,163.0,131.0,74.0,2.0,526.0,5.0,2.0,3.3,Weight Loss,Cardio,1.0,0.0,0.0,0.0,1.0,1.0,1.0
56.0,Female,40.0,1.74,13.21,26.0,172.0,146.0,74.0,1.43,876.0,2.0,1.0,3.4,Strength,Strength,1.0,1.0,1.0,0.0,1.0,0.0,0.0
46.0,Female,40.0,1.58,16.02,31.1,177.0,132.0,58.0,1.29,1189.0,3.0,2.0,2.5,Strength,Strength,1.0,1.0,1.0,1.0,1.0,0.0,1.0
29.6,Female,75.7,1.67,27.23,19.6,181.2,119.6,50.6,1.46,741.7,4.8,2.0,2.6,Muscle Gain,Strength,1.0,1.0,1.0,1.0,1.0,0.0,1.0
35.4,Male,55.4,1.76,17.78,26.4,189.5,171.1,63.2,0.71,417.6,2.2,1.0,2.77,Weight Loss,HIIT,0.0,1.0,0.0,1.0,0.0,1.0,1.0
46.0,Female,80.2,1.98,20.46,26.8,172.0,155.0,73.0,1.29,1355.0,4.0,3.0,3.3,General Fitness,Strength,1.0,1.0,1.0,0.0,1.0,0.0,1.0
27.0,Female,50.6,2.0,12.65,31.0,174.0,129.0,68.0,1.34,1179.0,5.0,2.0,2.0,Endurance,HIIT,0.0,0.0,1.0,0.0,0.0,0.0,1.0
26.0,Male,75.0,1.91,20.56,24.8,181.0,168.0,74.0,1.1,943.0,3.0,2.0,2.0,General Fitness,HIIT,0.0,1.0,1.0,0.0,1.0,0.0,1.0
29.1,Male,81.3,1.74,26.86,13.5,198.9,142.3,73.3,1.94,1232.5,3.8,1.0,3.4,Strength,Strength,1.0,1.0,1.0,1.0,0.0,0.0,0.0
26.9,Male,67.6,1.76,21.87,,185.9,147.3,75.3,1.4,836.2,3.0,2.0,2.7,General Fitness,Functional,0.0,0.0,0.0,1.0,1.0,1.0,1.0
28.7,Male,76.5,1.59,30.11,24.8,198.4,142.9,61.5,1.24,594.9,3.7,3.0,3.16,General Fitness,Strength,1.0,1.0,1.0,1.0,0.0,0.0,0.0
56.5,Male,59.6,1.77,18.93,18.3,168.5,112.6,72.9,1.43,223.7,2.4,1.0,2.2,Flexibility,Yoga,0.0,0.0,0.0,0.0,1.0,0.0,1.0
27.8,Female,62.0,1.64,23.1,25.3,198.4,124.2,71.0,1.82,700.8,4.9,3.0,3.7,Muscle Gain,Strength,0.0,1.0,1.0,0.0,0.0,0.0,1.0
28.0,Female,81.7,1.81,24.94,23.2,177.0,130.0,50.0,1.45,507.0,3.0,1.0,1.7,Endurance,Cardio,0.0,1.0,0.0,0.0,0.0,0.0,1.0
45.8,Male,52.2,1.7,17.98,19.6,167.5,94.7,70.7,1.48,116.1,2.2,3.0,2.8,Flexibility,Yoga,1.0,0.0,0.0,0.0,0.0,0.0,1.0
46.3,Female,52.7,1.58,21.19,25.2,184.7,153.8,53.2,0.91,443.8,3.5,3.0,3.7,Athletic Performance,Functional,1.0,0.0,1.0,1.0,1.0,1.0,1.0
31.5,Male,62.2,1.76,19.97,12.5,196.2,170.5,54.0,1.49,811.7,5.4,2.0,3.2,General Fitness,Cardio,0.0,0.0,0.0,1.0,0.0,0.0,1.0
18.0,Male,69.2,1.62,26.37,25.0,164.0,167.0,62.0,1.5,1721.0,5.0,1.0,2.3,Weight Loss,HIIT,0.0,0.0,0.0,1.0,0.0,0.0,1.0
44.9,Male,70.0,1.7,24.3,16.8,168.0,121.6,75.2,0.99,564.9,3.8,3.0,1.8,Muscle Gain,Strength,1.0,1.0,1.0,0.0,1.0,1.0,1.0
27.1,Female,61.5,1.6,23.91,25.2,201.0,127.7,68.5,1.08,561.6,3.7,3.0,2.8,Strength,Strength,1.0,1.0,1.0,0.0,1.0,0.0,1.0
64.7,Female,60.2,1.6,23.46,25.0,146.1,141.1,81.3,1.0,619.8,4.0,3.0,2.4,General Fitness,Functional,1.0,0.0,1.0,1.0,1.0,1.0,1.0
55.8,Female,50.9,1.62,19.38,25.1,168.9,95.8,45.0,1.23,119.6,4.2,3.0,2.7,Stress Relief,Yoga,0.0,0.0,0.0,0.0,0.0,0.0,1.0
18.1,Male,68.9,1.94,18.23,22.4,210.0,132.0,61.0,0.75,179.0,3.7,3.0,2.99,Stress Relief,Yoga,0.0,0.0,0.0,0.0,0.0,0.0,1.0
53.0,Female,68.9,1.67,24.57,32.6,170.6,118.6,55.1,1.21,446.9,3.2,3.0,2.8,Muscle Gain,Powerlifting,0.0,1.0,1.0,0.0,0.0,0.0,0.0
21.3,Male,76.3,1.84,22.5,15.6,193.2,148.3,74.3,0.86,633.5,4.1,2.0,2.8,Muscle Gain,Functional,1.0,1.0,1.0,1.0,1.0,1.0,1.0
33.0,Male,63.0,1.51,27.63,23.8,184.0,169.0,71.0,1.3,1136.0,3.0,2.0,2.3,Endurance,Cardio,0.0,0.0,0.0,0.0,0.0,0.0,1.0
28.4,Female,73.5,1.59,29.05,24.5,192.3,113.4,70.3,1.73,859.7,4.5,2.0,3.3,Strength,Powerlifting,1.0,1.0,0.0,1.0,1.0,1.0,0.0
28.1,Female,74.8,1.68,26.39,23.0,194.6,189.0,52.0,0.96,1064.0,4.0,2.0,3.6,Weight Loss,HIIT,1.0,0.0,0.0,1.0,0.0,0.0,1.0
18.1,Female,66.6,1.63,24.93,24.4,187.6,135.2,68.9,1.04,464.0,3.9,1.0,2.8,Muscle Gain,Functional,0.0,1.0,0.0,1.0,1.0,1.0,1.0
41.0,Male,40.0,1.74,13.21,20.1,166.0,154.0,71.0,1.13,1356.0,3.0,3.0,2.8,Weight Loss,HIIT,1.0,0.0,0.0,1.0,0.0,0.0,1.0
23.0,Male,56.8,1.83,16.96,23.2,197.0,152.0,56.0,1.22,1193.0,4.0,2.0,1.6,Weight Loss,Cardio,0.0,0.0,1.0,1.0,0.0,0.0,1.0
29.7,Female,64.1,1.7,22.06,26.4,184.5,90.5,73.0,0.58,102.7,4.1,2.0,1.5,Flexibility,Yoga,0.0,0.0,0.0,0.0,0.0,1.0,1.0
29.3,Female,95.2,1.72,32.33,24.0,192.2,127.6,54.6,2.38,1621.4,3.4,2.0,3.2,Muscle Gain,Powerlifting,1.0,1.0,1.0,0.0,0.0,0.0,0.0
52.5,Female,66.8,1.72,22.46,23.0,166.7,159.6,50.0,1.77,1348.7,5.6,2.0,3.9,General Fitness,Cardio,1.0,0.0,0.0,0.0,0.0,1.0,0.0
50.2,Female,60.6,1.56,24.81,19.0,166.3,156.1,61.5,1.31,901.0,3.2,3.0,3.9,General Fitness,Functional,0.0,1.0,0.0,1.0,1.0,1.0,1.0
42.0,Female,98.1,1.73,32.78,21.7,165.0,120.0,69.0,1.52,477.0,2.0,2.0,1.9,Strength,Strength,1.0,0.0,1.0,0.0,0.0,0.0,0.0
62.3,Male,71.8,1.71,24.56,15.5,167.6,162.6,46.6,1.06,1318.5,3.8,3.0,3.4,General Fitness,HIIT,0.0,1.0,0.0,1.0,1.0,0.0,0.0
55.0,Male,70.6,1.82,21.21,18.0,160.6,155.6,74.4,0.97,522.9,4.9,1.0,3.3,Muscle Gain,Functional,0.0,0.0,1.0,1.0,0.0,1.0,1.0
29.1,Male,66.5,1.74,21.89,29.0,186.5,158.3,61.8,1.35,625.9,4.3,2.0,3.81,Weight Loss,Cardio,0.0,0.0,1.0,0.0,1.0,0.0,1.0
33.0,Male,92.8,1.59,36.71,23.8,161.0,150.0,52.0,1.19,1640.0,3.0,3.0,2.6,Endurance,Cardio,0.0,0.0,1.0,0.0,0.0,0.0,1.0
51.6,Female,50.1,1.53,21.43,21.0,160.7,95.9,59.6,1.08,134.6,4.0,2.0,2.4,Stress Relief,Yoga,0.0,0.0,0.0,0.0,1.0,0.0,1.0
35.0,Female,60.8,1.64,22.61,20.7,161.0,127.0,74.0,1.57,1132.0,3.0,3.0,3.7,Strength,Strength,1.0,0.0,1.0,0.0,0.0,1.0,1.0
29.9,Male,62.7,1.73,21.02,9.7,197.9,92.3,62.7,0.65,107.7,2.8,2.0,1.5,General Fitness,Yoga,1.0,0.0,0.0,0.0,1.0,0.0,0.0
34.1,Female,65.0,1.74,21.44,21.8,183.8,143.0,64.4,1.41,545.9,3.0,2.0,2.94,General Fitness,Strength,0.0,1.0,1.0,0.0,0.0,0.0,0.0
53.0,Female,65.3,1.55,27.18,22.8,190.0,150.0,71.0,1.37,1006.0,4.0,2.0,3.5,Strength,Strength,1.0,0.0,0.0,1.0,0.0,0.0,0.0
20.2,Female,71.3,1.6,27.93,21.5,187.5,118.2,68.4,0.77,265.0,3.2,3.0,2.4,Muscle Gain,Strength,1.0,1.0,1.0,0.0,1.0,0.0,1.0
18.2,Female,69.7,1.62,26.63,22.3,207.5,166.6,45.0,0.75,516.1,2.9,2.0,2.4,Weight Loss,HIIT,1.0,0.0,1.0,0.0,0.0,0.0,1.0
36.9,Female,60.2,1.53,25.82,16.8,181.4,160.6,46.6,0.76,552.7,2.6,2.0,3.1,Weight Loss,HIIT,0.0,0.0,0.0,1.0,1.0,1.0,1.0
28.9,Male,92.4,1.78,29.19,30.2,191.7,177.5,74.5,0.57,562.7,2.1,1.0,3.42,Endurance,HIIT,0.0,1.0,1.0,1.0,0.0,0.0,1.0
41.9,Female,68.7,1.58,27.52,19.1,168.8,163.3,55.8,0.51,337.5,3.3,2.0,2.8,Weight Loss,HIIT,1.0,0.0,0.0,0.0,1.0,0.0,1.0
33.2,Male,62.9,1.71,21.41,13.6,188.6,175.1,55.8,0.66,428.0,2.7,2.0,3.5,Weight Loss,HIIT,1.0,1.0,0.0,1.0,1.0,0.0,1.0
38.9,Male,88.5,1.79,27.58,18.2,181.7,121.9,58.5,1.13,751.4,3.2,3.0,3.2,General Fitness,Powerlifting,0.0,1.0,0.0,0.0,1.0,0.0,0.0
24.3,Male,70.4,1.66,25.62,13.2,188.5,159.6,70.1,1.19,998.6,3.2,3.0,3.2,General Fitness,Functional,1.0,0.0,0.0,1.0,1.0,0.0,1.0
53.7,Female,76.0,1.73,25.4,13.2,171.1,150.9,64.3,1.79,995.6,5.8,2.0,3.4,Weight Loss,Cardio,0.0,0.0,1.0,0.0,0.0,1.0,0.0
26.0,Female,55.7,1.99,14.07,18.9,172.0,142.0,68.0,2.0,1583.0,4.0,1.0,3.2,Muscle Gain,Strength,0.0,1.0,1.0,0.0,1.0,0.0,0.0
29.4,Male,103.5,1.73,34.54,26.5,192.5,146.7,58.3,0.96,629.7,4.4,2.0,3.98,Strength,Strength,1.0,1.0,1.0,1.0,1.0,0.0,0.0
48.0,Female,73.8,1.88,20.88,19.2,191.0,151.0,59.0,1.88,1783.0,4.0,1.0,2.0,General Fitness,Cardio,0.0,0.0,0.0,0.0,1.0,0.0,1.0
23.0,Male,84.2,1.97,21.58,22.7,199.1,159.9,69.1,1.76,951.4,3.2,1.0,3.4,Muscle Gain,Strength,,,,,,,
40.9,Male,56.9,1.67,20.51,25.9,179.4,163.0,69.5,0.75,429.7,2.8,2.0,3.44,Endurance,HIIT,0.0,0.0,0.0,0.0,0.0,1.0,1.0
38.9,Male,84.4,1.83,25.12,15.2,185.1,130.5,62.4,1.91,1439.2,4.0,2.0,3.3,Muscle Gain,Strength,1.0,1.0,1.0,1.0,0.0,1.0,1.0
27.8,Male,83.1,1.71,28.47,20.3,203.5,118.1,74.4,1.52,678.4,4.2,3.0,2.8,Strength,Strength,1.0,1.0,1.0,1.0,0.0,0.0,0.0
33.0,Female,73.6,1.79,22.97,14.1,195.0,146.0,73.0,1.13,636.0,2.0,1.0,2.7,Endurance,HIIT,0.0,0.0,0.0,0.0,1.0,0.0,1.0
39.0,Male,52.8,1.67,19.01,15.9,188.6,100.5,74.4,0.95,118.1,3.2,3.0,2.2,Flexibility,Yoga,0.0,0.0,0.0,0.0,1.0,0.0,1.0
33.0,Male,46.0,1.71,15.73,21.4,163.0,145.0,54.0,1.29,671.0,2.0,3.0,3.1,Muscle Gain,Strength,1.0,1.0,1.0,0.0,0.0,1.0,1.0
57.6,Female,83.5,1.66,30.37,23.2,170.6,120.9,63.2,1.22,837.7,4.1,1.0,2.1,Strength,Strength,1.0,1.0,1.0,1.0,0.0,1.0,1.0
18.0,Male,59.4,1.87,16.99,14.9,195.0,139.0,74.0,2.0,958.0,3.0,2.0,2.7,Muscle Gain,Strength,1.0,0.0,1.0,1.0,0.0,0.0,1.0
66.0,Female,55.2,1.61,21.2,16.3,157.2,152.2,52.7,0.61,467.1,3.5,2.0,3.0,Weight Loss,Cardio,0.0,1.0,0.0,0.0,0.0,0.0,1.0
34.9,Female,80.1,1.72,26.94,25.1,176.8,164.7,74.8,0.95,814.4,4.0,2.0,2.54,General Fitness,HIIT,1.0,1.0,0.0,1.0,0.0,0.0,1.0
30.5,Male,64.8,1.96,16.94,23.3,181.2,148.8,83.4,1.59,731.8,2.8,1.0,4.02,General Fitness,Cardio,0.0,0.0,1.0,1.0,0.0,0.0,1.0
44.0,Male,70.5,1.7,24.53,20.0,174.7,143.8,73.4,0.96,760.2,3.8,1.0,3.0,Muscle Gain,Functional,1.0,0.0,0.0,1.0,1.0,0.0,0.0
35.8,Female,67.2,1.65,24.78,16.4,196.7,150.9,62.1,1.6,764.4,5.7,1.0,2.8,Endurance,Cardio,0.0,0.0,1.0,0.0,0.0,0.0,1.0
26.7,Female,61.4,1.7,21.3,21.7,195.8,158.5,63.6,1.28,898.3,3.3,2.0,3.8,General Fitness,Functional,0.0,0.0,1.0,1.0,1.0,1.0,0.0
68.7,Male,77.9,1.73,26.17,17.2,146.8,141.8,61.3,1.14,706.2,5.5,3.0,2.4,Weight Loss,Cardio,0.0,0.0,0.0,0.0,1.0,0.0,1.0
18.0,Male,73.8,1.75,24.1,17.7,187.0,149.0,74.0,1.64,1065.0,3.0,1.0,2.4,Endurance,HIIT,1.0,0.0,0.0,0.0,0.0,0.0,1.0
35.2,Female,63.7,1.54,26.75,21.3,178.2,112.4,58.3,1.64,658.0,4.9,1.0,2.6,Strength,Strength,1.0,1.0,1.0,0.0,0.0,0.0,0.0
20.8,Male,77.4,1.68,27.31,17.2,194.8,113.9,67.7,1.98,1119.3,4.6,1.0,2.8,Strength,Strength,1.0,1.0,1.0,0.0,0.0,0.0,1.0
39.4,Female,56.5,1.63,21.32,,182.6,158.1,55.0,0.78,436.7,3.4,1.0,2.9,General Fitness,Cardio,0.0,0.0,0.0,1.0,1.0,0.0,1.0
23.5,Female,57.3,1.48,26.17,17.4,192.6,181.0,48.3,1.04,634.4,2.2,2.0,4.6,Endurance,HIIT,0.0,0.0,1.0,1.0,0.0,1.0,1.0
44.9,Male,60.0,1.75,19.67,14.4,167.6,162.6,59.4,1.29,839.8,5.2,1.0,4.0,General Fitness,Cardio,0.0,0.0,0.0,1.0,1.0,0.0,1.0
21.3,Male,86.1,1.71,29.31,19.9,200.9,132.4,61.0,1.24,780.0,3.1,1.0,2.8,Strength,Strength,1.0,1.0,1.0,0.0,1.0,0.0,0.0
26.9,Female,61.1,1.55,25.36,15.2,184.5,150.7,58.2,0.96,422.1,5.6,3.0,2.5,Endurance,Cardio,1.0,0.0,0.0,0.0,0.0,0.0,1.0
29.6,Female,68.9,1.59,27.18,15.5,189.5,172.0,54.7,1.78,1617.8,4.7,3.0,4.1,Endurance,Cardio,0.0,0.0,0.0,0.0,0.0,0.0,1.0
47.3,Male,80.1,1.75,26.18,10.1,172.8,163.0,64.8,0.76,692.4,4.8,1.0,3.1,General Fitness,Cardio,1.0,0.0,0.0,0.0,0.0,1.0,1.0
39.9,Female,71.2,1.7,24.69,27.4,187.8,121.3,61.7,1.05,354.1,3.6,2.0,2.5,Muscle Gain,Strength,1.0,1.0,1.0,0.0,1.0,1.0,1.0
29.7,Male,63.4,1.67,22.64,10.7,194.3,92.9,68.7,1.09,160.4,3.9,2.0,2.0,General Fitness,Yoga,1.0,0.0,0.0,0.0,0.0,1.0,1.0
18.4,Female,47.4,1.59,18.67,24.8,196.4,108.9,69.7,1.49,139.0,4.0,1.0,2.3,Flexibility,Yoga,0.0,0.0,0.0,0.0,1.0,1.0,1.0
29.0,Female,57.0,1.62,21.72,17.9,188.0,126.0,70.0,2.0,998.0,4.0,1.0,3.4,Muscle Gain,Strength,1.0,1.0,0.0,1.0,0.0,0.0,1.0
23.0,Female,55.2,1.82,16.64,20.0,195.3,147.9,67.4,1.5,487.1,2.2,2.0,3.48,General Fitness,Strength,1.0,1.0,1.0,0.0,1.0,1.0,1.0
32.3,Male,75.5,1.64,27.92,28.6,191.5,160.0,64.9,0.53,313.2,2.8,1.0,3.22,General Fitness,Cardio,0.0,0.0,0.0,1.0,1.0,0.0,1.0
30.3,Female,106.0,1.98,27.01,22.6,184.9,147.0,65.5,1.03,670.7,2.2,2.0,3.78,Muscle Gain,Strength,0.0,1.0,0.0,0.0,1.0,0.0,0.0
40.6,Female,45.0,1.81,13.76,17.3,176.9,168.1,66.0,0.67,317.8,2.3,1.0,2.72,General Fitness,HIIT,0.0,0.0,1.0,1.0,1.0,0.0,1.0
27.9,Female,60.1,1.55,25.1,27.1,186.2,153.4,61.3,0.67,488.3,3.7,1.0,3.3,Muscle Gain,Functional,1.0,0.0,0.0,1.0,0.0,0.0,0.0
32.7,Male,58.1,1.66,21.15,21.2,181.9,105.2,65.3,0.8,142.8,2.2,1.0,2.0,Flexibility,Yoga,0.0,0.0,0.0,1.0,1.0,1.0,1.0
20.7,Female,100.5,1.79,31.52,34.0,200.0,165.3,62.3,1.92,1458.2,1.2,1.0,3.94,Endurance,Cardio,1.0,0.0,0.0,1.0,1.0,0.0,1.0
22.2,Male,72.5,1.63,27.25,15.6,180.9,115.3,69.0,1.35,328.9,3.2,2.0,2.6,General Fitness,Yoga,1.0,0.0,0.0,0.0,1.0,1.0,1.0
26.0,Female,64.3,1.7,22.25,33.9,192.0,140.0,65.0,1.51,1236.0,3.0,2.0,3.6,Strength,Strength,1.0,0.0,0.0,0.0,1.0,0.0,1.0
67.9,Female,76.1,1.64,28.19,27.5,146.2,125.0,54.0,1.04,440.0,4.7,1.0,2.4,Strength,Strength,1.0,1.0,1.0,0.0,1.0,0.0,1.0
22.5,Female,74.2,1.67,26.73,23.0,206.5,150.6,53.4,0.32,235.3,4.6,2.0,3.5,General Fitness,HIIT,0.0,0.0,0.0,1.0,0.0,0.0,1.0
37.1,Male,73.6,1.75,24.14,12.7,191.3,171.6,47.7,0.49,370.1,2.2,2.0,3.0,General Fitness,HIIT,1.0,0.0,0.0,1.0,1.0,0.0,1.0
50.6,Female,69.3,1.69,24.29,24.2,160.3,154.6,65.4,1.1,565.6,3.3,3.0,3.5,General Fitness,Functional,0.0,0.0,0.0,1.0,1.0,1.0,0.0
27.7,Male,60.5,1.77,19.4,16.6,191.4,111.7,64.0,1.14,199.1,4.8,1.0,2.7,Stress Relief,Yoga,0.0,0.0,0.0,0.0,1.0,0.0,1.0
28.6,Female,74.7,1.64,27.6,15.0,191.2,186.2,56.5,1.03,855.2,2.1,3.0,4.3,Endurance,HIIT,0.0,0.0,1.0,1.0,0.0,0.0,1.0
36.4,Female,64.9,1.73,21.74,25.9,193.6,118.4,66.6,1.39,661.1,5.0,1.0,2.3,General Fitness,Strength,1.0,1.0,1.0,0.0,0.0,0.0,0.0
36.9,Male,50.9,1.95,13.33,23.7,191.7,145.6,67.9,1.75,630.8,1.5,1.0,3.33,General Fitness,Strength,1.0,1.0,1.0,0.0,0.0,0.0,1.0
40.4,Male,61.4,1.67,21.95,15.8,183.5,146.2,60.5,0.81,469.0,5.4,3.0,2.8,Weight Loss,Cardio,1.0,1.0,0.0,0.0,1.0,0.0,1.0
32.1,Female,56.8,1.54,23.98,22.7,179.8,139.0,64.9,1.73,935.6,4.9,1.0,3.3,Muscle Gain,Strength,1.0,1.0,1.0,0.0,0.0,1.0,0.0
32.3,Male,74.4,1.84,21.87,19.3,193.7,137.9,59.8,1.05,667.5,4.4,1.0,3.3,General Fitness,Strength,1.0,1.0,1.0,1.0,0.0,0.0,1.0
26.4,Female,53.6,1.57,21.6,21.1,205.3,117.5,58.5,0.81,178.3,2.4,1.0,2.4,Flexibility,Yoga,0.0,0.0,0.0,0.0,1.0,1.0,1.0
40.9,Male,75.5,1.77,24.18,17.2,162.4,131.3,64.8,0.95,656.4,3.4,1.0,2.6,General Fitness,Functional,1.0,0.0,1.0,1.0,1.0,1.0,1.0
37.9,Female,51.2,1.62,19.49,25.3,195.1,100.9,48.7,0.97,91.3,4.8,1.0,2.2,General Fitness,Yoga,0.0,0.0,0.0,0.0,1.0,0.0,1.0
21.0,Male,92.1,1.77,29.4,25.3,175.0,167.0,74.0,1.66,737.0,4.0,2.0,3.3,Endurance,Cardio,0.0,0.0,0.0,0.0,1.0,1.0,1.0
38.0,Female,62.3,1.52,27.14,20.0,164.6,108.2,55.9,1.01,111.8,5.5,3.0,2.4,Flexibility,Yoga,0.0,0.0,0.0,0.0,0.0,1.0,1.0
45.5,Male,88.6,1.78,27.83,13.7,178.8,127.7,66.4,0.76,642.3,3.5,2.0,2.3,Muscle Gain,Functional,1.0,0.0,0.0,1.0,1.0,0.0,1.0
29.1,Female,67.1,1.62,25.47,28.9,194.3,117.8,60.6,2.4,1118.7,3.6,3.0,3.5,Strength,Powerlifting,1.0,1.0,0.0,0.0,0.0,1.0,0.0
25.9,Male,82.5,1.72,27.9,18.5,195.5,119.4,77.8,1.26,672.0,3.0,1.0,2.6,Muscle Gain,Strength,1.0,1.0,1.0,0.0,0.0,0.0,0.0
24.0,Female,86.5,1.65,31.77,27.3,196.0,169.0,59.0,1.08,771.0,3.0,1.0,2.1,Weight Loss,Cardio,0.0,0.0,1.0,0.0,0.0,0.0,1.0
21.9,Male,76.4,1.8,23.53,19.0,198.3,153.3,47.1,1.18,1116.2,3.9,2.0,3.2,Weight Loss,HIIT,1.0,0.0,1.0,1.0,1.0,0.0,1.0
24.0,Female,74.2,1.58,29.72,23.6,177.0,140.0,71.0,1.28,780.0,4.0,2.0,1.9,Strength,Strength,1.0,1.0,1.0,0.0,0.0,1.0,1.0
51.0,Female,84.6,1.77,27.0,23.4,197.0,141.0,55.0,1.44,543.0,5.0,3.0,2.9,Weight Loss,HIIT,1.0,0.0,0.0,0.0,0.0,0.0,1.0
46.1,Female,54.8,1.62,21.03,20.1,155.0,150.0,45.0,0.71,636.5,2.0,2.0,2.4,Endurance,HIIT,0.0,1.0,1.0,0.0,1.0,0.0,0.0
52.0,Female,73.5,1.78,23.2,21.1,181.0,162.0,67.0,2.0,1325.0,3.0,3.0,2.3,Strength,Strength,1.0,1.0,0.0,0.0,1.0,0.0,1.0
38.7,Female,72.0,1.62,27.56,22.5,176.9,134.2,58.0,1.49,618.3,4.6,3.0,2.9,Strength,Powerlifting,1.0,1.0,0.0,0.0,0.0,0.0,0.0
39.0,Female,71.3,1.77,22.76,21.9,171.0,124.0,74.0,0.69,871.0,5.0,1.0,2.1,Weight Loss,Cardio,0.0,0.0,0.0,0.0,0.0,0.0,1.0
27.8,Male,103.4,1.79,32.45,23.8,191.7,153.3,67.4,1.46,1007.3,2.4,2.0,3.59,Athletic Performance,Strength,,,,,,,
37.1,Male,60.0,1.62,22.86,13.9,189.5,180.7,65.4,0.73,451.6,3.9,2.0,3.4,Endurance,HIIT,0.0,0.0,0.0,1.0,1.0,0.0,1.0
19.5,Female,68.0,1.64,25.2,21.8,201.3,112.6,59.3,1.96,959.9,3.4,2.0,2.6,Muscle Gain,Strength,1.0,1.0,1.0,0.0,0.0,0.0,0.0
37.5,Male,55.2,1.66,20.14,14.5,185.7,109.4,81.1,0.84,124.8,5.0,2.0,2.5,General Fitness,Yoga,0.0,0.0,0.0,0.0,1.0,0.0,1.0
38.4,Female,73.4,1.62,27.85,21.6,181.5,128.2,64.6,0.63,399.6,4.2,3.0,3.1,General Fitness,Functional,1.0,1.0,0.0,1.0,1.0,1.0,1.0
31.4,Male,66.9,1.83,20.01,9.3,178.9,161.5,62.5,1.19,1141.2,5.4,3.0,3.7,General Fitness,Cardio,0.0,0.0,0.0,1.0,0.0,0.0,1.0
36.6,Female,46.9,1.63,17.65,17.2,182.7,100.9,67.7,1.19,97.4,3.2,3.0,2.0,General Fitness,Yoga,0.0,0.0,0.0,0.0,0.0,1.0,1.0
38.3,Male,81.8,1.91,22.41,15.1,173.5,168.5,62.9,1.06,909.1,4.8,1.0,3.1,Endurance,Cardio,0.0,0.0,0.0,1.0,0.0,0.0,1.0
52.2,Female,45.0,1.79,14.07,21.4,174.5,141.6,64.3,0.76,193.2,3.3,2.0,2.74,Muscle Gain,Strength,1.0,1.0,1.0,1.0,0.0,1.0,1.0
32.1,Male,66.5,1.74,22.02,12.3,190.2,165.6,61.5,0.9,633.1,4.4,1.0,3.6,Weight Loss,Cardio,1.0,0.0,0.0,1.0,0.0,0.0,1.0
35.1,Male,80.4,1.76,25.86,20.6,195.0,135.5,76.6,0.86,646.0,4.6,2.0,3.2,Muscle Gain,Strength,1.0,0.0,0.0,0.0,1.0,0.0,0.0
26.0,Female,58.6,1.78,18.5,21.1,198.0,143.0,74.0,1.59,1008.0,3.0,1.0,2.2,Endurance,Cardio,0.0,0.0,0.0,0.0,1.0,1.0,1.0
33.0,Female,54.5,1.67,19.54,29.4,196.0,148.0,73.0,1.21,819.0,3.0,1.0,3.1,Muscle Gain,Strength,1.0,1.0,0.0,0.0,1.0,0.0,1.0
31.0,Male,63.8,1.74,21.07,28.1,199.0,140.0,55.0,1.5,741.0,3.0,2.0,1.6,Weight Loss,HIIT,1.0,0.0,0.0,1.0,0.0,1.0,1.0
30.2,Male,75.4,1.69,26.49,15.8,193.1,146.9,64.3,1.23,592.1,4.2,3.0,3.22,Muscle Gain,Functional,,,,,,,
66.0,Female,57.5,1.62,22.02,15.8,152.3,143.4,58.8,1.05,418.5,3.1,2.0,1.8,Endurance,Cardio,0.0,0.0,0.0,0.0,0.0,1.0,1.0
29.0,Female,60.6,1.83,18.1,25.0,172.0,161.0,60.0,1.32,760.0,5.0,2.0,3.3,Strength,Strength,1.0,1.0,1.0,1.0,1.0,0.0,0.0
28.7,Male,75.1,1.7,25.85,16.2,181.5,160.3,59.1,1.4,1284.5,6.0,2.0,3.1,Endurance,Cardio,1.0,0.0,0.0,0.0,0.0,0.0,1.0
21.9,Female,52.4,1.62,20.02,18.8,187.5,179.1,62.6,0.97,695.7,4.1,3.0,3.6,Weight Loss,Cardio,0.0,0.0,0.0,0.0,0.0,0.0,1.0
21.1,Male,73.5,1.83,21.92,12.7,202.8,142.8,50.2,1.53,1054.0,3.8,3.0,2.9,Weight Loss,Cardio,0.0,1.0,0.0,0.0,1.0,0.0,1.0
31.3,Male,86.8,1.81,26.61,25.8,193.9,118.2,60.5,1.13,371.9,3.1,3.0,2.9,General Fitness,Powerlifting,1.0,1.0,0.0,1.0,0.0,0.0,0.0
34.0,Male,40.0,1.68,14.17,28.2,183.0,167.0,64.0,1.45,1642.0,3.0,2.0,2.3,General Fitness,Strength,1.0,1.0,1.0,0.0,1.0,0.0,0.0
18.2,Male,86.6,1.83,25.84,13.9,204.7,119.6,66.3,1.18,247.7,4.7,1.0,2.4,General Fitness,Yoga,0.0,0.0,0.0,0.0,0.0,1.0,1.0
44.3,Female,80.9,1.59,31.98,32.5,174.5,132.0,64.2,1.33,585.4,3.6,3.0,3.1,Muscle Gain,Powerlifting,1.0,1.0,1.0,0.0,0.0,0.0,0.0
28.6,Female,43.5,1.46,20.54,26.0,185.7,139.7,81.7,1.44,407.3,3.2,3.0,2.4,Athletic Performance,Functional,0.0,1.0,0.0,1.0,1.0,0.0,1.0
35.0,Female,68.0,1.62,25.8,22.1,184.5,144.3,71.8,1.19,808.3,3.3,2.0,3.7,General Fitness,Functional,0.0,0.0,0.0,1.0,0.0,1.0,1.0
45.0,Male,54.4,1.55,22.64,24.3,182.0,139.0,74.0,2.0,1179.0,5.0,3.0,3.1,General Fitness,HIIT,0.0,0.0,0.0,0.0,0.0,1.0,0.0
29.4,Male,69.3,1.74,22.76,15.3,198.0,166.9,51.3,0.66,569.1,3.4,2.0,3.4,General Fitness,Cardio,0.0,0.0,1.0,0.0,0.0,0.0,1.0
20.0,Male,40.0,1.81,12.21,23.0,176.0,138.0,66.0,1.44,1210.0,4.0,2.0,3.6,Weight Loss,Cardio,0.0,0.0,0.0,0.0,0.0,0.0,1.0
26.3,Male,55.7,1.69,19.42,13.8,189.8,142.9,56.1,1.75,738.9,5.7,3.0,3.6,Weight Loss,Cardio,0.0,0.0,0.0,1.0,0.0,0.0,1.0
54.9,Female,74.4,1.65,27.47,19.4,162.0,157.0,46.4,0.72,673.4,3.5,3.0,3.2,Weight Loss,HIIT,0.0,0.0,0.0,0.0,0.0,0.0,1.0
25.4,Male,83.9,1.76,26.96,18.0,191.3,135.2,82.5,1.65,745.9,3.6,3.0,2.2,Muscle Gain,Strength,1.0,1.0,1.0,0.0,0.0,1.0,0.0
44.3,Female,66.5,1.75,21.68,19.6,168.1,163.1,45.0,0.89,655.0,4.2,2.0,3.2,Weight Loss,Cardio,0.0,0.0,0.0,1.0,0.0,0.0,1.0
27.7,Female,56.8,1.5,25.09,18.8,189.7,102.6,67.7,0.57,88.5,3.8,3.0,2.1,Flexibility,Yoga,0.0,0.0,0.0,0.0,1.0,1.0,1.0
62.1,Male,77.6,1.8,23.94,20.5,140.0,134.6,74.4,1.0,781.5,3.4,1.0,3.6,General Fitness,Functional,0.0,0.0,0.0,1.0,1.0,1.0,1.0
37.8,Female,56.0,1.56,23.12,14.7,184.9,161.5,69.0,0.8,628.4,3.3,2.0,2.9,Weight Loss,HIIT,1.0,0.0,0.0,1.0,0.0,0.0,1.0
36.1,Male,59.7,1.73,19.87,20.2,178.0,156.3,62.5,1.6,688.7,1.9,2.0,3.52,Weight Loss,Cardio,0.0,0.0,0.0,0.0,0.0,1.0,1.0
23.0,Male,61.6,1.74,20.32,,195.6,177.5,70.9,0.57,694.1,3.3,2.0,3.3,Endurance,HIIT,0.0,1.0,0.0,1.0,1.0,0.0,1.0
26.3,Male,65.8,1.76,21.14,17.6,187.5,118.2,54.1,0.62,157.1,2.6,2.0,2.5,General Fitness,Yoga,0.0,0.0,1.0,0.0,1.0,1.0,1.0
27.8,Male,70.1,1.78,22.22,10.8,190.9,159.8,60.7,0.67,530.7,5.7,3.0,3.0,Weight Loss,Cardio,0.0,0.0,0.0,1.0,1.0,0.0,1.0
19.6,Male,101.0,1.96,26.34,9.5,206.4,170.4,68.9,1.01,1080.3,4.1,1.0,3.5,Endurance,Cardio,0.0,1.0,0.0,0.0,0.0,0.0,1.0
29.6,Male,58.4,1.75,19.08,15.2,193.8,172.3,45.0,1.03,1082.4,4.3,3.0,3.7,General Fitness,HIIT,0.0,0.0,0.0,1.0,0.0,1.0,1.0
36.8,Female,62.2,1.65,22.94,15.9,183.4,161.3,71.7,0.46,263.0,3.8,2.0,2.3,Endurance,HIIT,1.0,1.0,0.0,0.0,0.0,1.0,1.0
28.5,Male,67.0,1.72,22.63,27.3,190.7,143.2,67.2,1.36,555.3,1.4,1.0,3.86,Strength,Strength,1.0,1.0,0.0,0.0,0.0,0.0,1.0
28.3,Female,67.0,1.62,25.4,16.2,198.4,186.0,59.1,0.77,1085.5,2.2,3.0,3.5,Weight Loss,HIIT,0.0,1.0,0.0,1.0,1.0,1.0,1.0
40.5,Male,68.6,1.73,22.87,8.9,180.2,172.7,59.1,0.63,590.5,3.7,2.0,3.7,Weight Loss,Cardio,1.0,0.0,0.0,0.0,0.0,0.0,1.0
20.7,Female,57.9,1.61,22.37,22.2,196.9,115.8,70.6,1.67,418.5,3.1,2.0,3.2,Strength,Strength,1.0,1.0,1.0,1.0,1.0,0.0,0.0
45.0,Female,61.4,1.76,19.82,21.4,194.0,120.0,68.0,1.22,909.0,2.0,1.0,2.8,Muscle Gain,Strength,1.0,1.0,0.0,1.0,0.0,0.0,0.0
25.8,Female,81.0,1.7,27.92,23.5,189.6,132.3,71.3,1.44,1170.5,4.3,1.0,2.4,General Fitness,Functional,0.0,0.0,1.0,1.0,0.0,0.0,1.0
26.6,Male,84.7,1.77,27.17,17.1,190.4,116.6,70.7,1.88,1263.7,4.0,3.0,2.9,Strength,Strength,1.0,1.0,0.0,0.0,0.0,0.0,0.0
25.2,Male,66.6,1.74,21.98,20.1,190.1,142.8,51.9,0.74,570.8,4.4,3.0,3.2,General Fitness,Functional,0.0,1.0,0.0,0.0,1.0,1.0,0.0
32.7,Male,101.7,1.64,37.92,38.2,181.9,173.0,62.4,0.59,642.8,3.6,2.0,3.1,General Fitness,HIIT,0.0,0.0,1.0,0.0,0.0,0.0,1.0
50.0,Male,82.8,1.9,22.94,16.8,161.0,130.0,74.0,1.51,1151.0,4.0,3.0,3.3,Strength,Strength,1.0,1.0,1.0,0.0,0.0,1.0,0.0
25.1,Male,75.9,1.69,26.54,16.7,201.4,118.9,65.8,1.42,791.8,5.0,3.0,2.6,General Fitness,Strength,0.0,0.0,1.0,0.0,1.0,0.0,1.0
19.0,Male,79.4,1.77,25.34,24.1,165.0,150.0,73.0,1.23,1148.0,3.0,2.0,3.3,Weight Loss,Cardio,0.0,0.0,1.0,0.0,0.0,0.0,1.0
32.0,Male,72.2,1.78,22.68,17.9,195.9,121.3,59.8,1.98,1185.2,3.7,3.0,2.6,General Fitness,Strength,1.0,1.0,1.0,1.0,0.0,0.0,1.0
34.7,Male,82.6,1.79,25.71,16.6,188.1,158.3,45.0,0.75,831.9,5.0,1.0,4.0,Endurance,Cardio,0.0,0.0,0.0,0.0,0.0,0.0,1.0
29.9,Male,65.6,1.77,20.9,9.0,190.2,156.8,61.9,0.61,545.0,3.7,3.0,3.0,General Fitness,HIIT,1.0,0.0,0.0,1.0,1.0,1.0,1.0
32.0,Female,45.9,1.83,13.71,22.4,192.0,120.0,55.0,1.49,808.0,3.0,1.0,1.5,Strength,Strength,1.0,1.0,1.0,1.0,1.0,1.0,1.0
35.0,Male,124.8,1.75,40.75,10.0,176.0,161.0,59.0,1.2,1240.0,3.0,2.0,3.3,Muscle Gain,Strength,1.0,1.0,0.0,0.0,0.0,1.0,0.0
21.0,Female,51.6,1.5,22.93,25.2,175.0,149.0,66.0,2.0,863.0,3.0,1.0,2.0,Strength,Strength,1.0,1.0,1.0,0.0,1.0,0.0,0.0
34.9,Female,76.6,1.8,23.67,27.6,182.5,113.3,66.3,0.64,175.8,2.3,2.0,3.17,Flexibility,Yoga,0.0,0.0,0.0,0.0,1.0,1.0,1.0
46.0,Female,119.6,1.71,40.9,23.9,176.0,129.0,53.0,1.26,1144.0,4.0,2.0,1.7,Weight Loss,HIIT,0.0,1.0,0.0,0.0,0.0,1.0,1.0
35.4,Female,64.2,1.61,24.71,24.3,176.4,127.8,63.6,0.82,262.9,3.4,2.0,2.3,Muscle Gain,Strength,1.0,1.0,1.0,1.0,1.0,0.0,0.0
29.3,Female,68.1,1.68,24.1,27.3,210.0,123.4,63.8,1.86,654.9,4.9,3.0,3.7,Muscle Gain,Strength,1.0,1.0,1.0,1.0,1.0,0.0,0.0
29.9,Male,68.2,1.75,22.15,14.8,202.0,140.8,60.8,1.0,579.0,4.3,1.0,2.5,Muscle Gain,Strength,1.0,1.0,0.0,0.0,0.0,0.0,0.0
39.6,Female,51.4,1.5,22.92,20.5,172.0,167.0,54.5,0.57,299.3,3.6,2.0,2.2,Weight Loss,Cardio,1.0,0.0,0.0,0.0,0.0,0.0,1.0
60.9,Female,84.3,1.79,26.38,20.1,150.3,145.3,75.0,0.82,742.9,4.7,1.0,3.4,Athletic Performance,Functional,0.0,1.0,1.0,1.0,1.0,1.0,1.0
28.3,Male,78.4,1.75,25.57,14.1,186.1,176.1,62.4,0.51,681.1,3.2,3.0,3.2,Endurance,HIIT,1.0,0.0,0.0,1.0,1.0,0.0,1.0
39.3,Female,61.2,1.63,23.03,24.5,184.2,113.6,72.7,0.89,192.8,4.7,3.0,3.2,General Fitness,Yoga,0.0,0.0,0.0,0.0,1.0,0.0,1.0
51.8,Female,66.6,1.53,28.28,22.0,163.5,138.7,74.6,1.12,562.6,3.6,3.0,3.7,Muscle Gain,Strength,1.0,1.0,1.0,1.0,1.0,1.0,0.0
40.0,Female,95.5,1.84,28.21,,196.0,144.0,68.0,1.94,1568.0,3.0,1.0,3.7,Strength,Strength,1.0,1.0,1.0,0.0,0.0,0.0,1.0
18.7,Male,91.0,1.82,27.45,20.7,207.6,120.5,73.0,0.92,468.4,3.4,2.0,2.3,Strength,Strength,0.0,1.0,0.0,0.0,0.0,1.0,1.0
21.0,Male,86.3,1.86,24.95,27.1,167.0,143.0,73.0,1.26,1783.0,3.0,2.0,3.1,Weight Loss,Cardio,1.0,0.0,0.0,1.0,0.0,0.0,1.0
63.1,Male,69.3,1.74,22.83,13.2,158.0,142.8,63.3,1.01,699.5,4.0,3.0,2.6,Athletic Performance,Functional,0.0,0.0,0.0,1.0,1.0,1.0,1.0
23.6,Male,51.7,1.87,14.76,20.6,190.6,141.5,65.7,1.4,463.6,3.5,2.0,3.24,General Fitness,Strength,1.0,1.0,1.0,1.0,0.0,0.0,0.0
38.7,Male,82.4,1.77,26.24,12.5,181.9,176.9,55.0,0.79,1054.9,2.4,2.0,3.2,Weight Loss,HIIT,0.0,1.0,0.0,1.0,0.0,0.0,0.0
47.9,Female,70.0,1.74,23.01,22.1,164.2,94.9,71.8,1.14,168.1,2.5,2.0,2.1,General Fitness,Yoga,1.0,0.0,0.0,0.0,0.0,1.0,1.0
29.9,Female,58.1,1.73,19.34,19.0,182.7,172.2,68.1,0.63,401.9,2.8,2.0,3.15,General Fitness,HIIT,1.0,0.0,1.0,1.0,0.0,0.0,0.0
18.0,Male,50.6,2.0,12.65,19.8,179.0,133.0,65.0,1.85,1265.0,3.0,2.0,2.7,Strength,Strength,1.0,1.0,1.0,1.0,1.0,0.0,1.0
19.4,Male,79.0,1.8,24.27,15.7,202.1,114.6,70.9,1.38,445.0,5.6,2.0,3.7,Stress Relief,Yoga,0.0,0.0,0.0,0.0,0.0,0.0,1.0
26.3,Female,69.6,1.62,26.47,26.3,201.0,126.8,49.7,1.76,852.8,4.9,3.0,2.4,Strength,Strength,1.0,0.0,1.0,0.0,0.0,0.0,0.0
19.9,Female,49.4,1.58,19.7,24.2,198.0,112.9,63.2,1.09,176.4,3.9,1.0,2.7,General Fitness,Yoga,0.0,0.0,1.0,0.0,1.0,1.0,1.0
52.7,Male,54.2,1.65,19.99,25.2,169.5,119.0,70.7,0.74,148.8,1.5,1.0,3.03,Flexibility,Yoga,0.0,0.0,0.0,0.0,0.0,1.0,1.0
21.8,Female,63.0,1.55,26.18,23.2,194.6,184.5,51.6,0.89,949.3,4.7,3.0,3.9,Endurance,HIIT,0.0,0.0,0.0,1.0,1.0,0.0,1.0
53.4,Female,72.3,1.61,27.95,18.6,168.9,153.1,58.1,1.03,845.3,4.1,2.0,2.9,Weight Loss,Cardio,0.0,0.0,0.0,0.0,0.0,0.0,1.0
40.4,Female,54.9,1.45,26.09,17.5,170.8,153.4,64.3,1.25,514.8,5.1,2.0,3.5,Weight Loss,Cardio,1.0,0.0,0.0,1.0,1.0,0.0,1.0
33.6,Male,72.1,1.79,22.61,14.7,174.6,141.5,77.6,0.69,634.5,5.3,1.0,2.7,Weight Loss,Cardio,0.0,0.0,1.0,1.0,0.0,0.0,1.0
62.6,Male,78.3,1.75,25.57,12.6,158.6,146.7,65.2,1.01,681.5,3.2,2.0,2.5,General Fitness,Functional,1.0,0.0,0.0,0.0,0.0,1.0,0.0
26.8,Male,64.3,1.74,21.3,19.2,195.9,127.2,60.9,0.64,292.4,4.2,3.0,2.7,Athletic Performance,Functional,1.0,0.0,0.0,1.0,0.0,1.0,0.0
31.7,Female,75.5,1.82,22.86,19.5,196.9,158.5,57.4,0.27,139.2,4.4,3.0,2.37,Endurance,Cardio,0.0,0.0,0.0,1.0,0.0,0.0,0.0
20.8,Male,87.9,1.83,26.18,16.0,191.0,112.0,72.1,1.97,863.9,5.0,3.0,1.8,Muscle Gain,Strength,1.0,1.0,1.0,1.0,0.0,0.0,0.0
33.4,Female,49.8,1.56,20.4,19.0,184.0,142.7,54.6,0.83,316.5,4.1,2.0,3.1,Weight Loss,Cardio,0.0,0.0,0.0,0.0,0.0,0.0,1.0
47.0,Male,48.4,1.65,17.78,11.3,196.0,148.0,60.0,1.29,1357.0,3.0,2.0,1.5,General Fitness,Cardio,1.0,0.0,0.0,0.0,0.0,0.0,0.0
33.0,Male,79.8,1.53,34.09,14.7,172.0,148.0,72.0,1.98,1132.0,3.0,2.0,1.7,Muscle Gain,Strength,0.0,1.0,1.0,0.0,0.0,0.0,1.0
38.0,Male,40.0,1.5,17.78,24.9,172.0,169.0,59.0,1.52,1107.0,3.0,1.0,2.8,General Fitness,HIIT,1.0,1.0,0.0,0.0,0.0,0.0,1.0
34.9,Male,53.2,1.69,18.7,21.3,184.8,143.8,62.8,1.51,506.9,3.6,3.0,3.77,General Fitness,Strength,1.0,1.0,1.0,1.0,0.0,0.0,1.0
21.8,Male,76.8,1.75,25.18,13.4,208.3,138.8,71.4,0.88,454.3,4.5,3.0,2.1,Strength,Strength,1.0,1.0,1.0,1.0,0.0,1.0,1.0
27.0,Female,58.7,1.98,14.97,23.0,199.0,145.0,52.0,2.0,1119.0,2.0,3.0,2.7,Endurance,Cardio,1.0,0.0,0.0,0.0,0.0,0.0,1.0
46.9,Male,63.1,1.74,20.83,16.7,174.3,137.1,74.7,0.83,387.6,3.8,3.0,1.7,Strength,Strength,1.0,1.0,1.0,0.0,0.0,0.0,1.0
23.0,Male,52.3,1.74,17.27,10.0,184.0,122.0,65.0,1.38,915.0,4.0,1.0,3.5,Strength,Strength,1.0,1.0,1.0,1.0,0.0,1.0,0.0
25.6,Female,69.4,1.69,24.17,23.6,191.0,121.0,62.4,1.57,788.6,4.8,1.0,2.8,General Fitness,Strength,0.0,1.0,1.0,0.0,0.0,0.0,0.0
32.1,Female,67.1,1.63,25.42,20.1,200.5,158.2,75.9,0.87,585.1,4.2,3.0,3.7,General Fitness,Functional,1.0,0.0,0.0,0.0,1.0,0.0,1.0
28.0,Female,70.0,1.74,23.12,28.4,198.0,169.0,69.0,2.0,1468.0,4.0,2.0,2.8,Weight Loss,Cardio,0.0,0.0,0.0,0.0,0.0,0.0,1.0
25.0,Female,100.7,1.67,36.06,31.8,192.7,120.5,62.8,0.69,245.7,3.6,2.0,2.61,Stress Relief,Yoga,0.0,0.0,0.0,0.0,1.0,0.0,1.0
26.1,Male,83.4,1.6,32.49,27.2,193.2,167.6,72.1,1.29,753.8,4.4,2.0,3.09,Endurance,Cardio,0.0,1.0,0.0,1.0,0.0,1.0,1.0
30.0,Male,87.9,1.62,33.49,20.9,178.0,138.0,65.0,1.68,1205.0,4.0,2.0,2.6,Strength,Strength,1.0,1.0,1.0,0.0,0.0,0.0,0.0
37.6,Female,57.3,1.47,26.46,16.4,184.0,171.9,56.9,1.08,624.1,4.4,1.0,3.9,Endurance,Cardio,0.0,0.0,0.0,0.0,0.0,0.0,1.0
32.1,Male,79.6,1.85,23.27,16.4,195.8,137.6,71.8,1.71,1192.8,4.8,1.0,3.4,Muscle Gain,Strength,1.0,1.0,0.0,0.0,1.0,0.0,1.0
51.1,Male,53.1,1.61,20.43,14.9,163.6,113.6,61.5,1.32,181.3,5.8,2.0,2.3,General Fitness,Yoga,0.0,0.0,0.0,0.0,1.0,1.0,0.0
43.7,Female,51.0,1.7,17.63,20.2,169.6,139.6,68.6,1.69,613.9,3.4,3.0,4.0,Weight Loss,Cardio,0.0,1.0,0.0,1.0,1.0,0.0,1.0
24.6,Male,73.3,1.68,25.96,20.2,201.1,143.0,60.6,1.95,1020.4,3.3,3.0,3.4,Muscle Gain,Strength,1.0,1.0,1.0,0.0,1.0,0.0,1.0
29.8,Male,73.4,1.77,23.55,10.0,202.5,157.2,61.7,0.9,946.3,4.4,2.0,3.1,Weight Loss,Cardio,0.0,0.0,1.0,0.0,0.0,0.0,1.0
26.0,Male,83.6,1.79,26.09,25.4,171.0,128.0,72.0,0.7,1247.0,3.0,1.0,3.2,Muscle Gain,Strength,1.0,1.0,1.0,1.0,0.0,1.0,1.0
20.0,Male,45.0,1.68,15.94,10.0,171.0,154.0,74.0,1.5,1692.0,4.0,1.0,2.4,Muscle Gain,Strength,1.0,1.0,1.0,0.0,0.0,0.0,1.0
32.0,Female,52.3,1.59,20.69,20.3,161.0,121.0,74.0,2.0,723.0,3.0,1.0,3.3,Muscle Gain,Strength,1.0,0.0,1.0,0.0,0.0,0.0,1.0
37.3,Female,99.8,1.9,27.65,26.8,183.1,162.9,62.0,0.64,574.3,2.6,2.0,3.16,Weight Loss,HIIT,0.0,1.0,0.0,1.0,1.0,0.0,1.0
26.0,Male,65.0,1.69,22.76,16.6,171.0,162.0,62.0,1.54,1066.0,2.0,2.0,3.5,Muscle Gain,Strength,0.0,1.0,1.0,1.0,0.0,0.0,0.0
40.8,Male,78.4,1.7,27.04,13.2,190.2,180.7,66.8,1.03,1246.1,3.5,3.0,4.1,Weight Loss,HIIT,1.0,1.0,0.0,0.0,0.0,0.0,1.0
28.5,Male,68.9,1.74,22.68,12.5,204.5,91.0,59.2,1.44,192.4,4.3,3.0,2.8,General Fitness,Yoga,0.0,0.0,0.0,0.0,1.0,1.0,1.0
29.9,Male,90.3,1.84,26.64,12.9,188.2,177.3,62.4,0.97,1041.6,4.9,2.0,3.4,Endurance,HIIT,0.0,0.0,0.0,1.0,0.0,1.0,1.0
41.0,Male,90.3,1.76,29.15,22.6,180.0,125.0,70.0,1.96,1596.0,4.0,1.0,2.3,Endurance,Cardio,0.0,0.0,1.0,0.0,0.0,0.0,1.0
27.9,Male,98.1,1.96,25.5,21.8,202.0,130.2,62.7,1.22,1110.6,4.1,3.0,2.8,Muscle Gain,Strength,1.0,0.0,1.0,1.0,0.0,1.0,0.0
25.0,Male,66.4,1.7,22.85,12.6,192.4,158.7,65.2,0.64,491.4,4.5,2.0,3.3,Muscle Gain,Functional,0.0,0.0,0.0,1.0,1.0,0.0,0.0
56.5,Female,47.6,1.49,21.32,17.0,170.7,165.7,55.2,0.98,727.6,4.5,2.0,3.4,Weight Loss,Cardio,0.0,0.0,0.0,1.0,0.0,0.0,1.0
55.9,Male,94.8,1.84,28.06,30.7,167.5,140.8,72.2,1.07,760.6,1.7,1.0,2.79,Weight Loss,Cardio,0.0,0.0,0.0,1.0,0.0,0.0,1.0
20.1,Male,79.4,1.73,26.41,16.6,194.5,141.2,77.7,0.97,792.7,3.1,1.0,2.8,Muscle Gain,Strength,1.0,1.0,1.0,1.0,1.0,1.0,0.0
38.4,Male,82.2,1.76,26.44,14.5,181.6,152.4,65.6,0.76,1024.9,3.8,2.0,2.4,Weight Loss,HIIT,1.0,1.0,0.0,0.0,0.0,0.0,0.0
29.8,Male,62.8,1.56,25.97,13.4,193.6,119.5,56.0,1.11,385.5,4.3,3.0,2.0,Muscle Gain,Strength,1.0,1.0,1.0,0.0,1.0,0.0,1.0
49.0,Male,45.0,1.84,13.29,26.5,190.0,159.0,53.0,1.3,864.0,4.0,2.0,1.5,Endurance,HIIT,0.0,0.0,1.0,0.0,0.0,0.0,0.0
47.4,Female,49.1,1.6,19.27,21.1,178.2,153.9,56.3,1.05,830.7,2.6,3.0,2.9,Endurance,HIIT,0.0,0.0,0.0,1.0,1.0,0.0,1.0
22.1,Female,63.1,1.59,24.94,19.3,193.9,131.7,61.9,1.56,800.5,3.1,1.0,3.2,Strength,Strength,1.0,0.0,1.0,1.0,0.0,0.0,1.0
45.0,Male,76.4,1.75,24.81,31.1,168.9,136.3,70.2,0.77,387.0,1.5,1.0,2.95,Strength,Strength,1.0,1.0,1.0,0.0,0.0,0.0,1.0
39.3,Male,67.1,1.73,22.45,11.8,188.2,152.7,53.5,1.2,921.4,5.0,2.0,3.8,Weight Loss,HIIT,1.0,1.0,0.0,0.0,1.0,1.0,1.0
47.2,Male,72.2,1.72,24.42,19.2,175.9,132.8,67.9,1.45,621.4,4.5,2.0,2.6,Strength,Strength,1.0,1.0,1.0,0.0,0.0,1.0,0.0
51.0,Female,91.7,1.72,31.0,10.0,168.0,137.0,58.0,0.86,1529.0,3.0,1.0,1.7,Weight Loss,Cardio,1.0,0.0,0.0,0.0,0.0,0.0,1.0
29.3,Female,57.7,1.69,20.28,26.8,171.1,159.4,59.0,0.97,733.0,4.8,2.0,3.1,Muscle Gain,Functional,1.0,0.0,1.0,1.0,1.0,0.0,1.0
35.0,Female,64.3,1.79,20.07,16.3,188.0,148.0,62.0,1.63,1192.0,5.0,2.0,2.2,Endurance,HIIT,0.0,0.0,0.0,0.0,1.0,1.0,1.0
26.8,Female,70.6,1.59,27.75,24.3,204.0,128.0,48.9,1.09,431.2,3.0,2.0,3.1,Strength,Powerlifting,0.0,1.0,0.0,1.0,1.0,1.0,0.0
42.5,Male,78.3,1.7,27.03,18.2,172.4,112.2,61.4,1.81,1068.5,4.6,3.0,2.7,Muscle Gain,Strength,1.0,0.0,1.0,1.0,1.0,1.0,1.0
28.9,Male,68.0,1.76,22.08,19.5,197.2,154.9,56.5,0.88,485.5,4.5,2.0,3.2,Athletic Performance,Functional,1.0,0.0,1.0,0.0,1.0,1.0,0.0
44.3,Female,76.1,1.68,27.03,14.0,179.1,169.0,56.0,0.69,759.1,3.7,1.0,2.4,Weight Loss,Cardio,0.0,0.0,0.0,1.0,0.0,1.0,1.0
34.0,Female,68.4,1.61,26.26,20.0,176.3,131.0,71.6,0.98,501.0,4.2,3.0,3.1,Strength,Strength,1.0,1.0,1.0,0.0,0.0,0.0,1.0
24.0,Female,51.7,1.59,20.42,22.4,203.9,148.8,71.0,0.69,405.0,4.2,2.0,2.6,Muscle Gain,Functional,1.0,1.0,0.0,0.0,0.0,0.0,0.0
22.3,Female,66.3,1.65,24.45,20.4,196.2,174.1,45.0,0.97,656.2,4.8,1.0,3.5,Endurance,Cardio,0.0,0.0,1.0,0.0,1.0,0.0,1.0
30.7,Male,65.0,1.64,24.17,21.3,195.4,123.7,58.3,1.77,832.0,3.2,3.0,1.8,Muscle Gain,Powerlifting,1.0,1.0,0.0,0.0,0.0,0.0,0.0
31.3,Male,57.8,1.49,26.13,27.7,187.7,145.3,64.3,1.8,652.9,4.9,3.0,3.63,Muscle Gain,Strength,1.0,1.0,0.0,0.0,1.0,0.0,0.0
53.0,Female,55.0,1.6,21.48,28.2,181.0,133.0,74.0,1.25,645.0,4.0,1.0,2.4,Muscle Gain,Strength,1.0,1.0,1.0,1.0,0.0,1.0,1.0
27.0,Female,59.6,1.73,19.91,16.3,182.0,139.0,71.0,1.42,1321.0,4.0,3.0,3.3,Strength,Strength,1.0,1.0,1.0,1.0,0.0,0.0,0.0
43.3,Female,63.0,1.68,22.24,17.9,180.6,151.8,62.5,0.52,451.3,4.5,3.0,3.4,Weight Loss,HIIT,0.0,0.0,0.0,0.0,0.0,0.0,1.0
26.9,Male,76.5,1.83,22.8,18.0,175.2,108.6,56.1,0.95,187.6,3.4,2.0,2.3,Flexibility,Yoga,0.0,0.0,0.0,0.0,0.0,1.0,1.0
29.5,Male,74.7,1.84,22.18,20.5,201.4,90.2,56.6,1.36,283.6,4.1,1.0,2.2,Flexibility,Yoga,0.0,0.0,0.0,0.0,1.0,0.0,1.0
48.2,Female,59.6,1.51,25.98,22.4,172.5,163.7,46.5,0.73,728.4,2.6,2.0,3.5,Weight Loss,HIIT,0.0,0.0,0.0,1.0,0.0,0.0,1.0
52.1,Female,96.4,1.47,44.83,34.9,162.5,126.7,64.0,1.24,743.3,4.1,2.0,3.39,Muscle Gain,Strength,1.0,1.0,1.0,0.0,0.0,1.0,1.0
24.0,Male,103.6,1.88,29.31,20.9,175.0,154.0,60.0,1.55,436.0,3.0,1.0,3.2,General Fitness,Strength,1.0,1.0,1.0,1.0,0.0,0.0,1.0
33.9,Female,57.2,1.58,22.81,16.6,190.7,185.7,55.4,0.81,481.2,3.5,3.0,3.2,Endurance,HIIT,1.0,0.0,0.0,1.0,0.0,1.0,1.0
27.0,Male,83.1,1.57,33.9,27.9,189.9,128.9,69.0,1.1,321.9,3.4,2.0,2.77,General Fitness,Yoga,0.0,0.0,0.0,0.0,1.0,1.0,1.0
20.1,Male,79.2,1.71,27.03,12.0,194.7,183.2,51.6,0.63,575.9,3.5,2.0,3.8,Weight Loss,HIIT,1.0,1.0,1.0,1.0,0.0,0.0,0.0
40.0,Male,87.8,1.64,32.64,22.5,161.0,145.0,59.0,1.63,849.0,4.0,2.0,2.6,Weight Loss,Cardio,0.0,1.0,0.0,1.0,0.0,0.0,1.0
50.0,Male,69.6,1.71,23.8,27.2,167.0,169.0,57.0,0.98,470.0,2.0,2.0,2.7,General Fitness,Strength,1.0,1.0,1.0,0.0,1.0,0.0,1.0
37.0,Female,72.1,1.83,21.53,34.4,164.0,152.0,58.0,1.58,1091.0,4.0,2.0,,Weight Loss,Cardio,0.0,0.0,0.0,0.0,0.0,0.0,1.0
31.0,Female,40.0,2.0,10.0,12.0,192.0,134.0,55.0,1.44,1116.0,2.0,2.0,2.6,Muscle Gain,Strength,1.0,1.0,0.0,0.0,0.0,0.0,1.0
21.9,Female,72.8,1.69,25.38,19.8,189.8,128.2,62.9,1.61,670.2,3.6,2.0,3.5,Muscle Gain,Strength,1.0,1.0,0.0,0.0,0.0,0.0,1.0
27.7,Male,88.6,1.79,27.79,17.6,185.8,133.2,56.8,0.94,810.5,3.3,3.0,2.8,Athletic Performance,Functional,1.0,0.0,1.0,0.0,1.0,1.0,1.0
36.5,Female,59.0,1.68,20.89,27.5,187.3,126.2,59.7,0.67,352.2,3.3,1.0,1.9,Athletic Performance,Functional,1.0,0.0,1.0,1.0,0.0,0.0,0.0
29.8,Female,71.4,1.65,26.23,32.8,193.3,131.1,65.7,1.29,415.2,3.4,3.0,3.4,Strength,Powerlifting,1.0,1.0,0.0,0.0,0.0,0.0,1.0
18.0,Female,45.1,1.86,13.04,25.5,182.0,169.0,64.0,0.92,1482.0,2.0,3.0,3.7,Strength,Strength,1.0,0.0,1.0,0.0,1.0,0.0,1.0
35.7,Male,64.0,1.75,20.87,15.6,187.1,166.5,64.6,0.94,1113.2,3.8,3.0,3.1,General Fitness,HIIT,1.0,1.0,0.0,0.0,0.0,1.0,1.0
22.5,Male,72.4,1.77,23.22,20.9,181.4,143.3,68.5,1.28,1106.6,4.8,1.0,2.6,General Fitness,Functional,0.0,0.0,0.0,1.0,0.0,1.0,1.0
35.2,Male,77.9,1.82,23.64,18.9,188.6,102.3,60.4,1.99,759.0,4.4,3.0,2.5,General Fitness,Powerlifting,1.0,0.0,1.0,0.0,0.0,0.0,1.0
39.9,Male,76.2,1.76,24.6,13.0,180.0,138.6,67.2,1.38,578.1,4.4,2.0,3.5,Muscle Gain,Strength,1.0,1.0,1.0,1.0,0.0,1.0,0.0
51.1,Male,80.4,1.78,25.45,17.0,183.8,175.5,63.7,0.73,888.9,2.3,2.0,2.6,Weight Loss,HIIT,1.0,0.0,0.0,1.0,0.0,1.0,1.0
27.4,Male,65.2,1.77,20.81,14.9,184.3,154.6,57.6,0.97,603.2,3.5,3.0,3.3,General Fitness,Functional,1.0,1.0,1.0,1.0,1.0,0.0,0.0
30.7,Male,65.6,1.77,20.88,17.4,195.0,172.3,56.7,1.37,1195.4,3.3,3.0,3.5,Endurance,Cardio,0.0,0.0,0.0,0.0,1.0,1.0,1.0
48.2,Male,86.7,1.75,28.31,18.9,165.9,115.9,76.3,2.28,1059.5,5.0,3.0,3.2,Muscle Gain,Powerlifting,0.0,1.0,0.0,0.0,0.0,0.0,1.0
20.6,Male,73.0,1.78,23.06,17.8,210.0,106.6,63.7,1.4,662.1,4.9,3.0,2.4,Muscle Gain,Powerlifting,1.0,1.0,0.0,0.0,1.0,1.0,0.0
37.3,Male,68.5,1.83,20.54,19.2,171.9,166.9,61.9,0.92,1000.9,3.3,3.0,3.7,Weight Loss,HIIT,0.0,1.0,0.0,1.0,0.0,0.0,1.0
24.4,Male,61.0,1.77,19.52,13.3,188.0,93.1,55.7,1.42,138.7,4.7,1.0,2.0,General Fitness,Yoga,0.0,0.0,0.0,0.0,1.0,1.0,1.0
50.5,Female,98.4,1.59,38.79,36.9,170.1,134.1,64.6,0.96,612.4,3.4,2.0,3.14,Muscle Gain,Strength,1.0,1.0,1.0,1.0,1.0,0.0,1.0
33.3,Male,66.8,1.68,23.73,9.8,177.0,172.0,61.1,0.86,836.1,3.8,3.0,3.7,Endurance,Cardio,1.0,0.0,0.0,1.0,1.0,0.0,0.0
57.0,Male,45.0,1.72,15.16,,169.2,119.2,72.9,1.12,169.1,2.1,1.0,2.8,Flexibility,Yoga,0.0,0.0,0.0,0.0,1.0,1.0,1.0
48.6,Female,67.8,1.63,25.54,23.3,177.8,158.8,49.9,0.92,1037.8,4.7,2.0,3.4,Weight Loss,HIIT,1.0,0.0,0.0,1.0,0.0,0.0,1.0
30.7,Female,52.8,1.62,20.2,19.1,185.8,148.7,45.0,1.34,709.2,3.9,2.0,3.3,Weight Loss,Cardio,0.0,0.0,0.0,1.0,0.0,0.0,1.0
52.1,Female,73.2,1.73,24.45,26.2,171.0,141.4,62.9,0.97,514.3,2.5,2.0,3.05,Weight Loss,Cardio,0.0,0.0,0.0,0.0,0.0,0.0,1.0
37.7,Male,68.6,1.65,25.13,13.9,180.8,151.6,51.0,0.73,668.7,4.4,3.0,3.3,Weight Loss,HIIT,1.0,1.0,0.0,0.0,0.0,1.0,1.0
39.7,Male,78.9,1.91,21.62,23.3,190.9,150.7,60.3,1.88,978.2,3.8,2.0,3.51,General Fitness,Functional,,,,,,,
30.0,Male,56.8,1.71,19.49,14.7,195.5,163.8,53.1,1.14,501.6,5.1,2.0,3.8,Weight Loss,Cardio,1.0,0.0,0.0,1.0,0.0,0.0,1.0
49.0,Male,74.5,1.87,21.29,27.2,167.0,132.4,69.9,1.14,512.5,1.8,1.0,3.65,General Fitness,Strength,1.0,1.0,1.0,0.0,1.0,1.0,1.0
26.5,Female,63.4,1.58,25.5,21.2,198.6,135.0,64.0,1.33,641.3,4.6,1.0,1.7,General Fitness,Functional,0.0,0.0,1.0,1.0,1.0,1.0,1.0
39.1,Male,60.0,1.72,20.18,19.0,183.1,144.2,45.0,1.01,493.7,3.9,3.0,2.7,General Fitness,Cardio,1.0,0.0,0.0,0.0,0.0,0.0,1.0
28.8,Male,66.5,1.77,21.33,10.3,194.6,163.3,45.0,0.86,554.3,2.5,2.0,3.6,General Fitness,HIIT,1.0,0.0,1.0,1.0,1.0,0.0,1.0
29.5,Female,68.3,1.59,27.06,19.1,190.5,182.3,48.9,0.79,849.9,3.7,2.0,3.2,Weight Loss,HIIT,1.0,0.0,1.0,1.0,1.0,0.0,1.0
50.0,Male,87.6,1.67,31.41,23.0,172.0,156.0,74.0,0.97,1005.0,4.0,2.0,2.0,Strength,Strength,1.0,0.0,0.0,0.0,0.0,1.0,0.0
48.0,Male,63.8,1.79,19.91,29.7,185.0,135.0,71.0,1.69,1242.0,4.0,1.0,1.5,Endurance,HIIT,1.0,0.0,0.0,1.0,1.0,0.0,1.0
39.0,Male,40.7,1.84,12.02,25.3,197.0,145.0,55.0,1.48,1128.0,4.0,1.0,1.5,Strength,Strength,1.0,1.0,1.0,1.0,0.0,1.0,1.0
50.8,Male,70.5,1.67,25.4,19.6,172.7,148.7,70.5,1.3,821.9,4.1,2.0,3.0,General Fitness,Functional,1.0,0.0,0.0,1.0,1.0,0.0,1.0
60.8,Female,70.0,1.66,25.32,19.9,159.8,108.5,71.1,1.35,166.3,5.9,3.0,2.6,General Fitness,Yoga,0.0,0.0,0.0,0.0,1.0,1.0,1.0
36.0,Female,68.9,1.63,25.81,23.1,183.6,114.6,66.9,0.51,117.0,3.0,2.0,1.8,General Fitness,Yoga,1.0,0.0,0.0,0.0,0.0,0.0,1.0
16.0,Female,52.5,1.85,15.41,18.3,207.8,150.0,60.3,1.28,405.9,3.9,3.0,3.23,Muscle Gain,Strength,1.0,1.0,1.0,1.0,0.0,0.0,1.0
38.0,Male,58.4,1.65,21.45,24.0,169.0,141.0,53.0,2.0,1109.0,2.0,1.0,2.3,Strength,Strength,1.0,1.0,1.0,1.0,0.0,0.0,1.0
34.2,Female,53.2,1.64,19.85,18.4,187.0,102.4,62.0,0.9,78.5,4.1,1.0,2.2,Flexibility,Yoga,0.0,0.0,0.0,0.0,0.0,1.0,1.0
16.0,Male,98.3,1.98,25.21,26.1,192.7,158.5,57.8,1.53,1107.7,4.2,3.0,3.35,Endurance,Cardio,0.0,0.0,0.0,0.0,0.0,0.0,1.0
19.5,Female,58.1,1.52,25.23,24.4,210.0,124.1,64.6,1.81,570.5,3.3,3.0,2.8,Muscle Gain,Strength,1.0,1.0,0.0,1.0,0.0,1.0,0.0
33.3,Female,67.2,1.73,22.47,24.0,177.6,114.9,68.4,2.41,1088.9,3.5,2.0,3.5,Muscle Gain,Powerlifting,0.0,1.0,1.0,0.0,0.0,0.0,0.0
16.0,Male,69.7,1.78,22.03,23.8,210.0,132.0,71.5,0.89,236.5,2.5,1.0,3.63,General Fitness,Yoga,0.0,0.0,0.0,0.0,0.0,1.0,1.0
27.7,Female,71.6,1.68,25.52,26.8,188.8,153.1,60.7,1.3,754.5,3.4,3.0,3.4,General Fitness,Functional,1.0,1.0,1.0,1.0,0.0,1.0,1.0
25.9,Female,76.2,1.83,22.78,28.2,201.7,121.5,48.4,0.65,177.5,1.4,2.0,3.04,Stress Relief,Yoga,0.0,0.0,0.0,0.0,1.0,0.0,1.0
52.1,Female,63.7,1.55,26.44,21.9,179.1,147.3,73.0,1.07,658.7,3.4,2.0,3.4,Muscle Gain,Functional,1.0,0.0,0.0,1.0,1.0,1.0,1.0
30.0,Female,54.9,1.93,14.74,26.7,187.0,165.0,70.0,0.94,836.0,4.0,2.0,3.7,Weight Loss,Cardio,0.0,0.0,0.0,0.0,0.0,0.0,1.0
23.6,Male,63.8,1.55,26.44,17.7,205.4,155.1,67.9,0.91,617.2,2.3,2.0,3.3,Endurance,HIIT,1.0,0.0,0.0,1.0,0.0,0.0,0.0
19.3,Male,69.4,1.76,22.31,16.4,197.8,117.8,60.4,0.78,254.6,3.9,3.0,2.6,Muscle Gain,Strength,1.0,1.0,0.0,0.0,0.0,0.0,0.0
33.8,Male,82.0,1.86,23.71,17.5,184.7,165.1,55.3,0.82,756.8,5.9,3.0,3.1,Weight Loss,Cardio,0.0,0.0,0.0,1.0,0.0,0.0,1.0
29.1,Male,81.1,1.75,26.51,16.0,180.5,115.7,75.0,1.15,495.9,3.7,2.0,3.0,Muscle Gain,Powerlifting,1.0,0.0,1.0,0.0,0.0,0.0,0.0
24.7,Female,68.7,1.74,22.68,22.2,170.6,143.9,64.6,0.71,396.0,4.0,3.0,3.0,Muscle Gain,Functional,0.0,0.0,1.0,0.0,1.0,1.0,0.0
42.2,Female,73.9,1.73,24.76,16.7,167.0,162.0,57.7,0.86,923.0,4.2,3.0,3.5,Weight Loss,Cardio,1.0,0.0,1.0,1.0,0.0,1.0,1.0
24.3,Female,51.1,1.58,20.56,24.7,177.0,124.5,55.3,1.63,549.7,4.8,2.0,3.7,Muscle Gain,Strength,1.0,1.0,1.0,1.0,1.0,1.0,1.0
29.6,Female,64.0,1.64,23.77,21.3,187.5,156.6,65.8,0.55,428.0,2.9,3.0,3.5,Endurance,HIIT,1.0,0.0,0.0,0.0,1.0,0.0,1.0
34.8,Female,47.4,1.76,15.33,21.6,183.2,173.1,64.4,0.43,217.7,3.9,3.0,2.88,Endurance,HIIT,1.0,1.0,0.0,0.0,0.0,1.0,1.0
46.8,Female,85.0,1.72,28.7,33.7,169.0,110.3,57.9,2.15,1104.9,3.9,2.0,3.1,Muscle Gain,Powerlifting,1.0,1.0,0.0,0.0,0.0,0.0,0.0
24.5,Female,68.7,1.66,24.87,17.9,210.0,153.6,51.8,0.45,446.1,2.9,3.0,3.1,Endurance,HIIT,0.0,0.0,1.0,1.0,0.0,1.0,1.0
48.7,Male,74.4,1.87,21.3,14.3,175.2,161.3,47.0,0.51,426.2,5.2,2.0,2.7,Endurance,Cardio,1.0,0.0,0.0,0.0,0.0,0.0,0.0
47.3,Female,68.0,1.62,25.95,21.8,187.8,159.1,64.7,0.99,878.6,3.2,1.0,2.4,General Fitness,Functional,1.0,0.0,0.0,1.0,1.0,1.0,1.0
38.8,Male,71.1,1.84,20.89,16.2,169.6,110.5,57.1,0.99,150.9,2.3,1.0,2.1,General Fitness,Yoga,0.0,0.0,0.0,0.0,1.0,1.0,1.0
35.6,Male,67.8,1.85,19.79,20.6,175.6,150.6,64.8,1.01,681.5,4.9,1.0,2.7,Athletic Performance,Functional,0.0,1.0,0.0,1.0,1.0,1.0,1.0
29.9,Female,59.1,1.57,23.98,22.6,178.6,173.6,48.3,1.16,1286.0,2.3,2.0,2.9,General Fitness,HIIT,1.0,0.0,0.0,1.0,0.0,0.0,1.0
45.7,Male,64.3,1.77,20.43,25.2,178.3,171.7,65.2,0.58,399.6,4.5,2.0,3.01,Endurance,HIIT,0.0,0.0,0.0,0.0,1.0,0.0,1.0
55.0,Female,68.4,1.85,19.99,29.2,175.0,150.0,58.0,1.16,1020.0,4.0,2.0,2.5,Endurance,Cardio,0.0,0.0,0.0,0.0,0.0,0.0,1.0
38.8,Male,65.0,1.71,22.17,18.0,189.8,122.5,61.8,0.99,349.9,3.6,3.0,1.7,Muscle Gain,Strength,1.0,1.0,1.0,0.0,0.0,0.0,0.0
35.0,Female,91.0,1.55,37.88,27.0,174.0,136.0,74.0,0.99,1216.0,3.0,3.0,3.5,Weight Loss,Cardio,0.0,0.0,0.0,0.0,0.0,0.0,1.0
18.0,Male,57.5,1.74,18.99,33.9,193.0,154.0,70.0,1.16,1358.0,4.0,3.0,3.7,General Fitness,HIIT,1.0,0.0,0.0,1.0,1.0,0.0,0.0
51.2,Male,64.8,1.71,22.17,12.1,190.4,154.8,85.0,0.63,460.0,3.4,2.0,3.2,General Fitness,Functional,1.0,1.0,1.0,1.0,1.0,0.0,1.0
47.1,Male,89.0,1.84,26.29,18.2,176.1,150.4,60.0,0.9,919.7,3.7,3.0,3.3,General Fitness,Cardio,0.0,0.0,0.0,0.0,0.0,0.0,1.0
16.0,Female,72.7,1.7,25.04,22.0,210.0,175.6,60.3,1.94,1106.5,4.1,3.0,3.43,Endurance,Cardio,0.0,0.0,0.0,0.0,0.0,0.0,1.0
42.9,Male,66.5,1.66,24.05,24.9,177.0,109.1,61.9,2.35,586.3,3.6,3.0,2.1,General Fitness,Powerlifting,0.0,1.0,0.0,0.0,1.0,0.0,1.0
30.3,Female,48.6,1.52,20.94,21.0,187.3,127.3,63.7,1.3,392.2,3.7,1.0,2.0,Muscle Gain,Strength,1.0,1.0,1.0,0.0,0.0,0.0,1.0
23.4,Female,60.7,1.76,19.49,15.3,197.8,187.2,60.2,1.0,884.1,2.8,2.0,3.5,Endurance,HIIT,1.0,1.0,0.0,1.0,1.0,1.0,1.0
38.5,Male,100.7,1.79,31.48,26.6,187.2,127.3,75.8,0.7,262.4,1.6,1.0,2.55,General Fitness,Yoga,0.0,0.0,0.0,0.0,1.0,0.0,1.0
54.0,Female,58.1,1.57,23.57,19.7,182.0,169.0,74.0,1.59,649.0,3.0,2.0,3.4,Weight Loss,Cardio,0.0,0.0,0.0,0.0,1.0,0.0,0.0
42.8,Female,53.6,1.69,18.66,24.6,185.1,152.5,60.4,1.01,348.4,3.6,1.0,3.5,Athletic Performance,Strength,,,,,,,
19.3,Female,67.9,1.69,23.79,25.2,198.7,115.9,73.5,1.74,920.7,3.7,2.0,2.5,Muscle Gain,Strength,1.0,1.0,0.0,0.0,1.0,0.0,1.0
49.0,Female,58.7,1.79,18.32,24.4,181.0,120.0,67.0,0.9,900.0,4.0,2.0,3.7,Weight Loss,Cardio,0.0,0.0,0.0,0.0,0.0,0.0,1.0
27.0,Female,78.6,1.65,28.87,26.8,198.0,127.0,66.0,1.61,938.0,3.0,1.0,3.1,Strength,Strength,1.0,0.0,1.0,1.0,1.0,0.0,1.0
40.5,Female,45.0,1.71,15.37,24.8,175.5,158.0,64.1,0.55,265.9,2.8,1.0,2.4,Weight Loss,HIIT,1.0,1.0,0.0,1.0,0.0,0.0,0.0
24.8,Male,70.1,1.72,23.81,17.6,190.9,118.0,72.1,1.98,1022.4,4.1,1.0,2.0,Muscle Gain,Strength,1.0,1.0,0.0,0.0,1.0,0.0,1.0
36.4,Male,88.9,1.82,26.8,14.4,184.8,144.1,74.1,1.31,928.7,3.4,2.0,3.0,Athletic Performance,Functional,0.0,1.0,1.0,1.0,1.0,1.0,0.0
32.0,Male,57.0,1.76,18.4,,170.0,160.0,71.0,1.82,904.0,4.0,3.0,3.3,Muscle Gain,Strength,1.0,1.0,1.0,1.0,0.0,0.0,1.0
38.6,Female,76.7,1.68,27.27,26.6,193.3,144.0,64.7,1.49,1377.0,4.8,1.0,3.2,General Fitness,Functional,1.0,0.0,0.0,1.0,0.0,1.0,1.0
29.7,Male,85.4,1.75,27.88,14.0,196.1,126.9,63.1,1.24,657.7,3.9,2.0,3.6,Athletic Performance,Functional,0.0,0.0,1.0,1.0,1.0,0.0,0.0
35.7,Female,75.6,1.67,27.16,20.6,186.0,181.0,58.3,0.31,332.9,2.6,3.0,4.0,Weight Loss,HIIT,0.0,1.0,1.0,1.0,0.0,0.0,1.0
28.4,Male,73.7,1.91,20.31,12.2,186.5,97.0,66.2,0.73,151.5,4.0,1.0,1.5,General Fitness,Yoga,0.0,0.0,0.0,0.0,1.0,1.0,1.0
59.3,Female,45.0,1.76,14.54,16.2,164.1,154.4,70.2,0.95,455.6,2.4,1.0,3.05,Endurance,HIIT,1.0,0.0,0.0,1.0,0.0,1.0,1.0
43.3,Female,114.8,1.71,39.39,27.9,182.5,136.5,60.8,1.81,1265.9,1.8,2.0,3.92,General Fitness,Strength,1.0,1.0,0.0,1.0,0.0,0.0,1.0
52.6,Male,66.3,1.81,20.19,16.7,173.4,147.4,61.9,0.96,663.8,4.7,2.0,2.9,Muscle Gain,Functional,1.0,0.0,0.0,1.0,1.0,0.0,1.0
36.3,Female,88.8,1.84,26.24,26.2,190.8,138.8,55.0,0.9,508.0,2.1,1.0,3.54,Strength,Strength,1.0,1.0,0.0,1.0,0.0,0.0,1.0
29.5,Male,63.4,1.75,20.77,15.2,201.9,177.1,47.3,0.71,892.1,3.7,2.0,3.2,Endurance,HIIT,1.0,1.0,0.0,1.0,0.0,0.0,1.0
54.1,Female,60.9,1.6,23.75,19.3,155.5,140.7,63.9,1.01,516.2,4.4,3.0,2.4,Strength,Strength,1.0,0.0,1.0,0.0,1.0,0.0,0.0
30.0,Female,65.3,1.76,21.08,32.1,192.0,161.0,57.0,1.16,1092.0,4.0,3.0,1.9,Weight Loss,Cardio,0.0,0.0,0.0,1.0,0.0,1.0,1.0
36.5,Male,74.5,1.7,25.68,13.8,196.7,150.3,57.2,1.56,899.4,3.4,3.0,3.3,General Fitness,Cardio,0.0,0.0,0.0,0.0,0.0,1.0,1.0
54.0,Male,63.9,1.64,23.79,14.7,169.6,154.1,62.3,0.8,476.8,3.9,1.0,2.8,Weight Loss,Cardio,1.0,1.0,0.0,1.0,0.0,0.0,1.0
24.0,Female,50.5,2.0,12.62,26.6,177.0,129.0,70.0,1.33,1213.0,2.0,2.0,2.8,Muscle Gain,Strength,1.0,0.0,0.0,1.0,0.0,0.0,1.0
18.0,Male,112.4,1.71,38.44,33.5,177.0,165.0,55.0,1.56,1044.0,2.0,2.0,1.7,Endurance,HIIT,0.0,0.0,0.0,1.0,1.0,0.0,1.0
27.4,Female,64.6,1.64,23.96,14.8,192.5,149.8,60.4,1.23,992.7,5.5,1.0,3.0,Weight Loss,Cardio,0.0,0.0,0.0,1.0,0.0,0.0,1.0
21.3,Female,71.5,1.71,24.43,32.1,198.6,121.7,64.1,2.48,1375.2,3.7,3.0,2.6,Muscle Gain,Powerlifting,0.0,1.0,0.0,0.0,1.0,0.0,0.0
24.1,Male,45.0,1.73,15.11,19.5,195.4,163.1,57.2,1.22,388.1,4.4,3.0,2.87,General Fitness,Cardio,0.0,0.0,0.0,0.0,0.0,1.0,1.0
41.2,Female,75.7,1.78,23.8,26.7,183.1,141.5,62.9,1.44,579.1,2.4,1.0,3.21,Strength,Strength,1.0,1.0,1.0,0.0,0.0,0.0,1.0
19.4,Male,107.3,1.91,29.44,17.4,210.0,135.4,64.3,1.02,912.5,3.5,1.0,2.5,Muscle Gain,Strength,1.0,0.0,0.0,0.0,0.0,1.0,1.0
28.5,Female,60.2,1.58,24.14,24.2,182.9,146.6,77.1,0.7,291.5,1.2,1.0,3.26,Muscle Gain,Strength,0.0,1.0,1.0,0.0,1.0,0.0,1.0
35.0,Female,127.6,1.65,46.87,20.4,174.0,156.0,56.0,1.9,1084.0,5.0,1.0,3.4,Endurance,HIIT,1.0,1.0,0.0,1.0,1.0,0.0,1.0
52.2,Female,62.1,1.73,20.85,18.6,156.7,140.0,66.5,0.68,433.8,3.1,1.0,2.6,General Fitness,Functional,0.0,0.0,0.0,1.0,1.0,1.0,0.0
18.0,Female,71.9,1.54,30.32,16.8,177.0,120.0,73.0,1.17,817.0,3.0,1.0,2.6,Strength,Strength,1.0,1.0,1.0,1.0,0.0,0.0,1.0
43.9,Male,79.7,1.78,25.09,15.0,167.2,162.2,54.0,1.42,884.2,5.6,3.0,3.8,Weight Loss,Cardio,0.0,0.0,1.0,0.0,0.0,0.0,1.0
40.0,Male,59.3,2.0,14.82,24.6,166.0,141.0,74.0,1.44,801.0,5.0,2.0,3.4,General Fitness,Cardio,0.0,0.0,0.0,0.0,0.0,0.0,1.0
29.3,Female,69.4,1.55,28.89,27.5,197.1,120.3,67.3,1.6,902.6,4.9,3.0,2.5,Muscle Gain,Strength,1.0,1.0,1.0,0.0,0.0,1.0,1.0
30.8,Female,55.2,1.75,18.11,17.1,176.8,101.4,67.0,1.18,205.6,5.5,1.0,2.3,Flexibility,Yoga,0.0,0.0,0.0,0.0,1.0,1.0,1.0
30.8,Male,45.0,1.64,16.82,21.6,191.3,119.3,63.2,0.81,131.7,2.2,1.0,2.93,Stress Relief,Yoga,0.0,0.0,0.0,0.0,0.0,1.0,1.0
25.6,Male,67.7,1.78,21.48,11.1,193.0,161.5,61.6,0.45,271.3,4.1,2.0,3.1,Endurance,HIIT,0.0,0.0,0.0,0.0,1.0,0.0,1.0
31.3,Female,88.0,1.84,25.88,32.1,187.2,163.7,76.3,1.51,1041.7,2.3,1.0,2.95,General Fitness,Cardio,0.0,0.0,0.0,0.0,1.0,1.0,1.0
26.1,Male,69.9,1.7,24.24,20.6,188.1,126.8,61.6,1.45,983.9,4.8,2.0,3.3,General Fitness,Functional,0.0,0.0,1.0,1.0,1.0,0.0,0.0
34.5,Male,67.9,1.8,20.88,10.8,196.9,171.3,63.8,0.64,792.9,4.0,2.0,3.5,General Fitness,HIIT,1.0,0.0,0.0,1.0,1.0,1.0,0.0
24.5,Male,63.4,1.69,22.17,14.1,195.4,151.1,63.3,1.41,867.1,4.4,3.0,3.2,Muscle Gain,Functional,1.0,1.0,1.0,1.0,1.0,0.0,1.0
22.0,Female,56.6,1.58,22.63,23.2,196.5,124.6,70.4,1.08,300.7,3.6,1.0,2.8,Muscle Gain,Strength,1.0,1.0,1.0,0.0,0.0,0.0,1.0
26.0,Male,82.2,1.69,28.78,10.0,189.0,139.0,70.0,1.45,1184.0,5.0,2.0,2.5,General Fitness,Strength,1.0,1.0,1.0,0.0,0.0,0.0,0.0
28.1,Female,57.2,1.55,23.84,20.3,183.4,126.0,75.5,0.94,272.0,4.9,2.0,2.3,Muscle Gain,Strength,1.0,1.0,1.0,1.0,1.0,0.0,0.0
49.8,Male,58.6,1.65,21.58,31.1,173.5,132.7,58.6,1.82,728.3,2.7,2.0,4.37,General Fitness,Strength,,,,,,,
56.6,Male,80.5,1.76,26.11,11.4,167.6,116.3,72.3,1.25,299.0,5.5,1.0,3.3,Flexibility,Yoga,0.0,0.0,0.0,0.0,0.0,0.0,1.0
39.3,Female,53.0,1.63,20.04,24.6,174.6,151.7,51.8,1.01,638.7,4.3,3.0,2.9,Endurance,HIIT,0.0,1.0,0.0,1.0,0.0,0.0,0.0
25.3,Female,63.9,1.57,26.04,16.7,186.4,90.4,61.8,0.98,119.5,3.4,2.0,2.0,Stress Relief,Yoga,0.0,0.0,0.0,0.0,1.0,1.0,1.0
31.0,Female,66.1,1.6,25.86,20.3,181.1,162.4,68.0,0.78,596.7,4.1,2.0,2.8,Weight Loss,HIIT,1.0,0.0,1.0,1.0,0.0,0.0,1.0
51.0,Male,58.8,1.63,22.13,24.7,188.0,155.0,59.0,1.1,897.0,2.0,1.0,3.3,Weight Loss,Cardio,0.0,0.0,0.0,1.0,0.0,0.0,1.0
33.0,Female,60.7,1.57,24.63,26.0,179.0,135.0,69.0,1.24,964.0,3.0,1.0,2.9,Weight Loss,HIIT,1.0,0.0,1.0,0.0,0.0,1.0,1.0
24.5,Male,90.3,1.85,26.27,12.9,192.0,120.2,62.4,1.92,1321.5,3.4,1.0,3.2,Muscle Gain,Strength,1.0,1.0,1.0,0.0,0.0,0.0,0.0
29.0,Male,60.9,1.86,17.6,31.5,191.0,152.0,60.0,1.79,1108.0,4.0,3.0,1.5,Strength,Strength,1.0,1.0,1.0,1.0,0.0,0.0,0.0
47.3,Male,81.0,1.78,25.56,15.4,164.8,142.4,68.6,1.15,646.7,3.8,3.0,2.7,Athletic Performance,Functional,1.0,0.0,0.0,0.0,0.0,0.0,1.0
53.0,Female,54.0,1.62,20.64,20.9,176.4,152.6,51.8,0.59,376.2,5.2,3.0,2.8,Weight Loss,Cardio,1.0,0.0,0.0,0.0,0.0,0.0,1.0
57.0,Female,58.3,1.73,19.48,27.7,164.0,132.0,50.0,1.48,492.0,3.0,1.0,3.6,Weight Loss,HIIT,1.0,1.0,0.0,1.0,1.0,1.0,1.0
46.0,Male,54.0,1.82,16.3,33.7,177.0,163.0,63.0,1.4,979.0,2.0,2.0,3.7,Strength,Strength,1.0,0.0,1.0,0.0,0.0,0.0,1.0
62.5,Female,74.0,1.68,26.09,21.0,160.2,142.4,74.7,1.36,977.4,3.4,2.0,3.3,General Fitness,Functional,0.0,0.0,0.0,1.0,1.0,1.0,1.0
50.5,Female,78.7,1.62,30.14,19.0,164.2,134.8,71.8,0.88,484.0,3.7,1.0,3.0,General Fitness,Strength,1.0,1.0,1.0,0.0,1.0,0.0,1.0
52.0,Male,53.1,1.55,22.1,14.6,184.0,167.0,50.0,1.95,1205.0,5.0,1.0,3.5,Muscle Gain,Strength,1.0,1.0,1.0,0.0,1.0,0.0,0.0
32.9,Female,83.5,1.73,27.97,24.6,189.3,170.7,50.5,0.9,932.2,3.4,2.0,3.1,Endurance,Cardio,0.0,0.0,0.0,0.0,0.0,0.0,1.0
22.1,Male,87.1,1.72,29.48,15.4,199.4,119.6,69.9,1.19,477.4,4.5,1.0,2.6,Strength,Strength,1.0,0.0,0.0,0.0,0.0,1.0,1.0
28.8,Female,76.9,1.61,29.73,25.8,189.5,110.3,57.4,1.22,560.7,4.9,3.0,2.9,Muscle Gain,Strength,1.0,0.0,1.0,1.0,0.0,0.0,1.0
24.0,Male,63.0,1.65,23.24,18.6,190.2,155.6,70.4,0.99,554.7,3.3,3.0,3.1,Muscle Gain,Functional,1.0,0.0,0.0,1.0,1.0,1.0,1.0
29.1,Male,109.6,1.86,31.53,22.4,193.0,131.4,64.7,1.21,902.3,3.8,3.0,2.9,Muscle Gain,Powerlifting,0.0,1.0,0.0,1.0,0.0,1.0,0.0
36.2,Female,56.1,1.6,21.91,18.7,185.8,142.8,75.6,1.41,905.9,3.2,1.0,3.4,General Fitness,Functional,1.0,0.0,1.0,1.0,1.0,1.0,0.0
26.0,Female,55.4,2.0,13.85,26.8,181.0,124.0,62.0,1.22,1292.0,3.0,2.0,2.4,Weight Loss,HIIT,1.0,1.0,0.0,0.0,1.0,0.0,1.0
31.4,Male,60.6,1.75,19.83,19.6,193.2,102.1,57.4,1.26,272.5,2.4,2.0,2.7,Flexibility,Yoga,0.0,0.0,0.0,1.0,1.0,1.0,1.0
19.5,Male,78.2,1.83,23.29,14.4,199.1,166.5,63.8,0.47,614.9,4.5,2.0,2.7,Weight Loss,HIIT,1.0,0.0,0.0,1.0,1.0,0.0,1.0
40.4,Male,82.0,1.68,28.89,30.8,186.0,174.9,67.5,0.68,546.9,2.0,1.0,3.11,Weight Loss,HIIT,0.0,0.0,0.0,0.0,1.0,0.0,1.0
25.2,Male,75.5,1.66,27.54,32.6,196.0,141.6,63.9,1.61,753.7,4.6,3.0,3.48,Strength,Strength,1.0,1.0,0.0,0.0,0.0,0.0,0.0
27.3,Male,73.9,1.9,20.37,13.7,181.0,175.2,63.0,0.85,990.5,3.6,3.0,3.2,Weight Loss,HIIT,1.0,0.0,0.0,1.0,1.0,0.0,0.0
59.0,Female,44.5,1.84,13.14,26.5,183.0,154.0,71.0,1.28,787.0,2.0,2.0,1.7,General Fitness,Cardio,0.0,0.0,0.0,0.0,0.0,0.0,1.0
51.9,Male,69.7,1.64,26.03,12.1,163.5,126.5,71.4,1.46,657.6,3.4,3.0,3.0,Athletic Performance,Functional,1.0,0.0,1.0,1.0,0.0,1.0,1.0
30.0,Male,88.3,1.72,29.85,12.3,195.0,158.0,70.0,1.37,1327.0,3.0,2.0,3.6,Muscle Gain,Strength,1.0,1.0,1.0,0.0,1.0,1.0,1.0
27.0,Male,56.4,1.76,18.21,22.9,198.0,129.0,71.0,1.79,488.0,4.0,1.0,3.3,Endurance,HIIT,0.0,0.0,0.0,1.0,1.0,0.0,1.0
42.2,Male,79.5,1.82,23.88,14.6,159.1,115.2,71.9,0.64,208.6,4.6,2.0,3.0,General Fitness,Yoga,0.0,0.0,0.0,0.0,0.0,0.0,1.0
55.3,Male,78.0,1.84,22.91,19.5,166.5,97.6,65.7,1.04,142.8,4.7,2.0,2.0,Stress Relief,Yoga,0.0,1.0,0.0,0.0,0.0,0.0,1.0
22.2,Male,80.8,1.86,23.32,15.7,189.9,110.0,70.4,1.42,434.9,3.4,3.0,2.5,General Fitness,Yoga,0.0,0.0,0.0,0.0,0.0,1.0,1.0
62.6,Female,59.3,1.6,23.06,22.9,154.7,142.8,58.2,1.89,885.4,3.9,3.0,2.8,Strength,Strength,1.0,1.0,1.0,0.0,0.0,0.0,1.0
27.4,Male,87.1,1.78,27.57,15.5,202.7,160.8,60.1,1.19,947.4,4.3,3.0,3.7,Weight Loss,HIIT,1.0,0.0,0.0,1.0,1.0,1.0,1.0
56.6,Male,63.3,1.76,20.39,10.2,166.8,155.5,49.7,1.05,792.8,3.8,3.0,3.6,Endurance,HIIT,1.0,1.0,0.0,0.0,0.0,0.0,1.0
25.2,Male,76.5,1.84,22.66,12.8,209.3,188.3,51.8,0.49,592.0,2.1,2.0,3.3,Endurance,HIIT,0.0,1.0,1.0,1.0,1.0,1.0,1.0
33.5,Female,53.7,1.58,21.45,20.9,202.9,161.4,58.8,1.74,725.9,4.1,3.0,4.1,Weight Loss,Cardio,0.0,0.0,1.0,0.0,0.0,0.0,1.0
37.0,Male,108.7,1.55,45.24,26.9,163.0,122.0,68.0,1.19,1104.0,4.0,2.0,1.6,Strength,Strength,1.0,1.0,1.0,1.0,0.0,0.0,0.0
28.4,Female,62.0,1.71,21.19,13.6,192.4,147.3,57.5,1.54,629.7,4.3,3.0,3.58,Muscle Gain,Strength,1.0,1.0,1.0,0.0,0.0,0.0,1.0
38.4,Male,87.2,1.96,22.77,28.2,183.5,154.2,65.1,0.68,395.1,1.9,1.0,3.73,Muscle Gain,Functional,,,,,,,
29.7,Female,81.6,1.55,33.96,31.6,192.7,147.5,59.4,1.69,906.8,2.1,2.0,3.57,Strength,Strength,1.0,1.0,1.0,0.0,1.0,0.0,1.0
26.6,Male,93.7,1.75,30.69,22.7,202.6,122.2,59.6,2.0,855.3,4.7,2.0,3.0,Muscle Gain,Powerlifting,0.0,1.0,0.0,0.0,0.0,0.0,0.0
29.0,Female,48.9,1.7,16.92,33.9,194.0,145.0,55.0,1.12,487.0,5.0,2.0,2.2,General Fitness,Cardio,0.0,0.0,0.0,0.0,0.0,1.0,1.0
62.1,Female,47.8,1.56,19.63,26.4,161.9,123.3,62.1,0.79,276.1,3.7,3.0,1.5,Muscle Gain,Strength,1.0,0.0,0.0,1.0,0.0,0.0,1.0
28.9,Male,54.2,1.7,18.72,18.2,198.3,161.9,64.9,1.76,731.4,2.4,1.0,3.24,General Fitness,Cardio,0.0,0.0,0.0,1.0,0.0,0.0,1.0
26.8,Male,73.3,1.65,26.76,19.6,179.8,91.3,72.4,1.13,239.5,2.6,1.0,2.5,Stress Relief,Yoga,0.0,0.0,0.0,0.0,1.0,0.0,1.0
36.8,Female,75.1,1.75,24.52,22.9,192.2,122.9,76.4,1.64,1040.7,3.2,2.0,2.1,Strength,Strength,1.0,1.0,0.0,0.0,0.0,0.0,0.0
45.8,Male,63.3,1.75,20.75,17.2,172.3,117.9,66.2,1.86,857.0,3.4,2.0,3.0,Strength,Strength,1.0,1.0,1.0,1.0,0.0,1.0,1.0
22.2,Male,70.1,1.7,24.3,11.4,198.6,157.9,64.4,0.49,462.0,3.9,2.0,3.2,Endurance,HIIT,0.0,0.0,0.0,1.0,1.0,0.0,0.0
29.0,Male,53.8,1.66,19.52,34.5,163.0,133.0,64.0,2.0,1187.0,4.0,1.0,1.5,General Fitness,Strength,1.0,1.0,1.0,0.0,0.0,0.0,1.0
27.4,Female,56.6,1.66,20.47,22.9,194.3,176.7,53.1,0.72,525.1,2.3,3.0,3.2,Endurance,HIIT,1.0,1.0,0.0,1.0,0.0,0.0,1.0
27.6,Female,67.7,1.66,24.44,21.1,180.1,142.7,66.4,1.18,684.3,4.5,1.0,3.0,Muscle Gain,Functional,1.0,1.0,0.0,1.0,1.0,0.0,1.0
24.0,Female,80.0,1.59,31.64,15.3,198.0,125.0,70.0,1.68,1263.0,3.0,2.0,3.6,Muscle Gain,Strength,1.0,0.0,1.0,0.0,0.0,0.0,1.0
67.9,Female,57.2,1.7,19.72,24.4,152.1,141.4,45.0,1.01,652.5,5.1,3.0,3.3,Endurance,Cardio,1.0,0.0,0.0,0.0,0.0,0.0,1.0
20.2,Male,106.8,1.95,28.03,14.1,188.7,133.7,69.4,1.95,1490.5,4.2,2.0,3.3,General Fitness,Strength,1.0,0.0,1.0,0.0,0.0,0.0,1.0
18.3,Male,74.7,1.82,22.56,8.2,210.0,147.0,58.6,0.86,506.9,4.5,3.0,2.7,Weight Loss,Cardio,0.0,0.0,1.0,0.0,0.0,0.0,1.0
33.1,Male,98.2,1.82,29.7,31.1,180.8,158.4,72.5,1.26,898.8,2.4,1.0,3.53,General Fitness,Cardio,1.0,0.0,0.0,0.0,0.0,0.0,1.0
58.0,Female,40.0,1.7,13.84,21.2,193.0,120.0,52.0,0.99,1178.0,5.0,1.0,2.5,Muscle Gain,Strength,1.0,1.0,0.0,0.0,0.0,0.0,0.0
48.2,Female,77.5,1.59,30.49,30.4,180.2,154.2,66.9,1.72,964.0,2.5,1.0,2.78,Endurance,Cardio,1.0,0.0,1.0,1.0,0.0,0.0,1.0
44.6,Female,57.5,1.64,21.35,21.0,168.5,121.4,68.4,1.54,625.0,4.4,3.0,2.6,Muscle Gain,Powerlifting,0.0,1.0,0.0,0.0,1.0,0.0,1.0
22.0,Male,58.6,2.0,14.65,30.0,165.0,169.0,57.0,2.0,1402.0,4.0,2.0,3.5,Muscle Gain,Strength,1.0,0.0,1.0,0.0,0.0,0.0,1.0
44.4,Male,110.8,1.78,35.1,26.1,166.6,134.8,54.4,1.1,838.5,5.1,2.0,3.06,General Fitness,Strength,,,,,,,
27.8,Female,73.3,1.73,24.4,20.0,189.0,139.1,57.2,0.76,484.5,4.5,3.0,2.4,Muscle Gain,Functional,1.0,0.0,1.0,1.0,1.0,0.0,0.0
54.0,Male,56.4,1.55,23.48,,186.0,135.0,74.0,1.73,820.9,3.0,1.0,2.6,Muscle Gain,Strength,1.0,1.0,1.0,1.0,0.0,1.0,0.0
23.0,Male,47.4,1.96,12.34,18.7,161.0,142.0,65.0,1.18,441.0,3.0,1.0,1.6,Weight Loss,Cardio,0.0,0.0,0.0,1.0,0.0,0.0,1.0
39.5,Male,64.8,1.83,19.26,14.0,175.0,159.5,58.1,1.18,898.0,3.2,2.0,3.3,Muscle Gain,Functional,1.0,0.0,1.0,1.0,1.0,0.0,1.0
27.1,Female,56.0,1.53,23.88,21.0,201.7,165.2,51.3,1.36,601.1,4.9,1.0,3.1,General Fitness,Cardio,0.0,0.0,1.0,0.0,1.0,0.0,1.0
44.5,Female,48.4,1.6,18.91,24.2,179.9,140.2,56.4,0.93,297.2,4.2,2.0,2.45,Muscle Gain,Strength,1.0,1.0,1.0,1.0,0.0,0.0,1.0
59.0,Male,44.8,1.67,16.06,,189.0,130.0,63.0,1.29,1021.0,3.0,3.0,3.6,Strength,Strength,1.0,1.0,1.0,1.0,0.0,1.0,0.0
26.6,Male,59.0,1.71,20.17,18.5,184.5,137.8,67.4,1.3,463.3,4.9,1.0,2.8,Muscle Gain,Strength,1.0,1.0,1.0,1.0,0.0,0.0,1.0
46.0,Male,54.8,1.69,19.19,16.5,194.0,148.0,74.0,0.52,846.0,3.0,3.0,3.5,Muscle Gain,Strength,1.0,1.0,1.0,1.0,0.0,0.0,1.0
26.3,Male,58.7,1.64,21.91,13.0,200.5,153.2,61.5,0.44,282.8,4.5,3.0,2.9,General Fitness,HIIT,0.0,0.0,0.0,1.0,1.0,0.0,1.0
33.5,Female,51.2,1.54,21.61,19.7,194.6,127.0,66.4,0.82,299.4,3.5,2.0,2.9,Muscle Gain,Strength,1.0,0.0,1.0,0.0,1.0,1.0,0.0
37.5,Female,49.9,1.48,22.85,17.2,179.1,174.1,49.7,0.69,652.5,3.5,2.0,2.6,General Fitness,HIIT,0.0,0.0,0.0,1.0,0.0,0.0,1.0
26.0,Female,85.8,1.87,24.54,24.3,188.0,162.0,58.0,1.33,938.0,4.0,2.0,2.8,Endurance,HIIT,0.0,0.0,0.0,1.0,0.0,0.0,1.0
51.2,Female,57.4,1.6,22.48,23.2,177.2,160.1,60.7,0.54,457.1,4.4,2.0,3.1,Endurance,Cardio,1.0,0.0,0.0,0.0,1.0,0.0,1.0
26.7,Male,52.5,1.62,19.96,16.3,193.3,116.6,60.9,0.8,142.8,4.8,1.0,2.8,Flexibility,Yoga,0.0,0.0,0.0,0.0,1.0,0.0,1.0
31.0,Female,71.4,1.68,25.3,23.8,180.0,143.0,68.0,1.37,606.0,2.0,2.0,3.2,Muscle Gain,Strength,1.0,1.0,1.0,0.0,1.0,1.0,1.0
18.0,Female,78.5,1.81,23.96,29.9,190.0,127.0,74.0,1.38,466.0,4.0,3.0,1.7,Strength,Strength,1.0,0.0,0.0,1.0,1.0,0.0,1.0
37.9,Female,68.4,1.66,24.79,22.9,185.7,134.1,79.8,1.1,585.2,4.4,2.0,3.1,Muscle Gain,Strength,1.0,1.0,0.0,0.0,1.0,0.0,1.0
24.3,Male,85.6,1.72,28.79,13.8,199.1,111.5,55.8,1.29,660.6,4.0,3.0,3.0,General Fitness,Strength,1.0,1.0,1.0,0.0,1.0,0.0,1.0
42.0,Female,57.1,1.84,16.87,21.3,199.0,163.0,74.0,1.2,303.0,3.0,1.0,2.7,Strength,Strength,1.0,1.0,0.0,1.0,0.0,1.0,1.0
32.9,Male,92.7,1.78,29.27,28.4,197.6,128.0,71.5,0.9,307.7,3.3,2.0,2.29,Stress Relief,Yoga,0.0,0.0,0.0,0.0,0.0,1.0,1.0
28.0,Male,52.4,1.67,18.74,19.8,207.5,98.5,63.0,1.47,257.8,5.9,3.0,3.1,Stress Relief,Yoga,0.0,0.0,0.0,0.0,1.0,0.0,1.0
66.4,Female,60.1,1.71,20.58,24.8,157.9,101.1,71.0,1.11,235.0,2.5,3.0,2.2,General Fitness,Yoga,0.0,0.0,0.0,0.0,1.0,0.0,1.0
24.6,Male,92.2,1.83,27.65,19.4,191.5,135.6,58.6,1.28,752.5,4.1,1.0,2.9,General Fitness,Functional,1.0,0.0,1.0,0.0,0.0,1.0,1.0
27.1,Male,80.2,1.74,26.54,17.4,193.3,173.2,56.3,0.89,1118.3,5.7,3.0,3.4,General Fitness,Cardio,0.0,0.0,0.0,0.0,1.0,0.0,1.0
26.0,Male,61.5,1.51,26.97,31.4,185.0,155.0,74.0,1.35,1079.0,4.0,2.0,3.4,Weight Loss,Cardio,1.0,0.0,1.0,1.0,0.0,0.0,0.0
39.0,Male,74.9,1.7,25.78,15.4,194.3,154.2,57.2,0.88,1086.5,3.5,3.0,1.9,Weight Loss,HIIT,0.0,0.0,1.0,0.0,1.0,1.0,1.0
40.5,Female,63.9,1.59,25.34,19.3,196.5,131.1,62.8,1.31,437.2,3.5,1.0,3.1,Strength,Strength,1.0,0.0,1.0,1.0,1.0,1.0,0.0
40.5,Female,73.4,1.62,27.95,19.0,181.3,176.3,58.3,0.69,882.1,5.4,3.0,3.6,General Fitness,Cardio,1.0,0.0,1.0,0.0,0.0,0.0,1.0
24.0,Male,68.3,1.74,22.56,27.5,184.0,161.0,51.0,1.9,566.0,4.0,2.0,3.5,Weight Loss,Cardio,1.0,0.0,0.0,1.0,0.0,0.0,1.0
55.0,Male,80.7,1.72,27.31,12.2,154.4,149.4,57.7,0.82,655.2,3.1,3.0,3.7,Weight Loss,HIIT,0.0,1.0,0.0,1.0,1.0,0.0,1.0
26.9,Female,48.9,1.53,20.91,16.6,199.6,161.5,51.7,1.55,1181.4,4.1,1.0,3.7,Weight Loss,Cardio,0.0,0.0,0.0,1.0,0.0,0.0,1.0
46.0,Female,50.0,1.5,22.22,23.8,182.0,149.0,64.0,1.44,929.0,2.0,3.0,3.3,Weight Loss,Cardio,0.0,0.0,1.0,0.0,1.0,0.0,1.0
59.9,Female,57.9,1.68,20.56,23.8,167.9,143.1,67.2,1.55,792.9,4.3,2.0,3.7,Muscle Gain,Strength,1.0,1.0,0.0,0.0,0.0,0.0,1.0
25.4,Male,78.0,1.78,24.71,10.4,206.9,151.0,70.2,1.59,924.7,3.4,2.0,3.2,Weight Loss,Cardio,0.0,0.0,1.0,0.0,0.0,0.0,1.0
25.0,Male,63.9,1.67,22.91,24.8,178.0,144.0,61.0,1.56,868.0,3.0,2.0,2.4,Muscle Gain,Strength,0.0,1.0,0.0,0.0,1.0,1.0,0.0
29.3,Female,51.6,1.63,19.43,16.0,187.3,182.3,50.7,0.68,713.0,3.3,3.0,3.4,Endurance,HIIT,1.0,1.0,1.0,1.0,1.0,0.0,0.0
30.0,Male,46.3,1.59,18.31,23.8,166.0,133.0,54.0,1.33,1001.0,2.0,2.0,2.2,Strength,Strength,0.0,1.0,0.0,0.0,0.0,0.0,0.0
41.0,Male,53.0,1.62,20.2,21.0,161.0,142.0,61.0,1.42,761.0,3.0,1.0,3.3,Strength,Strength,1.0,1.0,0.0,0.0,0.0,0.0,1.0
53.7,Male,62.0,1.79,19.31,12.8,160.6,100.4,55.5,1.2,169.1,4.2,2.0,1.6,Stress Relief,Yoga,0.0,0.0,0.0,0.0,1.0,0.0,1.0
50.0,Male,59.1,1.74,19.52,30.1,181.0,156.0,51.0,1.01,985.0,2.0,3.0,3.5,Strength,Strength,1.0,1.0,1.0,1.0,0.0,1.0,0.0
28.6,Male,77.1,1.79,24.0,17.8,189.5,143.1,63.9,0.61,455.5,4.9,1.0,2.7,Athletic Performance,Functional,1.0,0.0,1.0,1.0,1.0,1.0,1.0
43.0,Male,74.2,1.76,23.95,21.2,188.0,141.0,68.0,0.98,1426.0,2.0,3.0,3.1,General Fitness,Cardio,0.0,0.0,1.0,1.0,0.0,0.0,1.0
40.5,Female,70.6,1.79,22.1,28.4,193.1,144.7,68.7,1.09,515.2,1.3,1.0,3.45,Muscle Gain,Strength,1.0,1.0,0.0,1.0,0.0,1.0,0.0
23.1,Male,73.6,1.8,22.82,11.2,198.1,171.3,61.8,0.35,441.6,2.4,3.0,2.7,Weight Loss,HIIT,1.0,0.0,0.0,1.0,0.0,0.0,1.0
34.0,Female,73.9,1.75,24.13,35.0,192.0,165.0,74.0,1.64,816.0,3.0,2.0,1.5,Endurance,Cardio,0.0,1.0,0.0,0.0,1.0,0.0,1.0
36.2,Male,72.6,1.69,25.41,19.0,187.5,176.7,49.5,0.89,655.9,3.4,3.0,3.5,Endurance,HIIT,1.0,1.0,0.0,1.0,0.0,0.0,1.0
34.8,Male,65.8,1.73,21.88,24.0,190.9,142.9,65.6,1.15,463.8,3.7,2.0,3.43,Muscle Gain,Strength,1.0,1.0,1.0,0.0,0.0,1.0,1.0
30.0,Female,57.6,1.66,20.9,30.9,169.0,160.0,67.0,1.86,1332.0,4.0,2.0,2.7,General Fitness,Strength,1.0,1.0,0.0,0.0,0.0,0.0,1.0
33.7,Male,84.8,1.82,25.51,16.4,192.3,164.8,66.7,0.79,984.6,3.9,3.0,3.4,Endurance,Cardio,0.0,0.0,0.0,0.0,0.0,1.0,1.0
56.0,Male,40.0,1.63,15.06,23.4,181.0,133.0,50.0,0.89,1674.0,3.0,2.0,1.5,General Fitness,Strength,1.0,1.0,1.0,0.0,1.0,0.0,1.0
35.5,Male,106.2,1.92,28.71,25.4,183.8,111.8,61.3,2.48,1586.7,4.4,3.0,3.2,General Fitness,Powerlifting,1.0,1.0,0.0,0.0,1.0,0.0,0.0
39.2,Male,61.2,1.77,19.56,23.4,176.3,138.6,54.6,0.92,405.8,4.6,3.0,2.63,General Fitness,Functional,,,,,,,
58.1,Male,72.5,1.68,25.67,15.4,157.6,126.3,63.5,1.43,831.3,3.5,2.0,2.9,Strength,Strength,1.0,1.0,0.0,0.0,0.0,0.0,1.0
33.0,Female,129.9,1.56,53.38,34.0,189.0,138.0,73.0,2.0,993.0,3.0,2.0,2.3,Strength,Strength,1.0,1.0,1.0,0.0,1.0,1.0,0.0
29.4,Male,58.6,1.66,21.2,14.7,196.7,117.3,78.2,1.28,280.4,4.0,3.0,2.3,Flexibility,Yoga,1.0,0.0,0.0,0.0,0.0,0.0,1.0
36.5,Female,66.7,1.69,23.42,19.9,199.8,105.5,70.5,1.15,202.9,3.8,3.0,1.6,General Fitness,Yoga,0.0,1.0,0.0,0.0,1.0,1.0,1.0
38.6,Female,74.0,1.64,27.36,32.6,189.1,118.8,59.1,1.43,535.6,4.4,2.0,3.1,Strength,Powerlifting,1.0,1.0,1.0,0.0,0.0,0.0,0.0
35.6,Male,94.4,1.86,27.39,12.8,173.2,144.2,55.3,0.93,592.8,4.5,3.0,3.1,Muscle Gain,Functional,1.0,0.0,1.0,1.0,1.0,1.0,1.0
23.5,Male,64.2,1.64,23.77,17.0,177.2,142.2,56.6,1.01,632.9,5.6,1.0,3.2,Weight Loss,Cardio,0.0,0.0,0.0,0.0,1.0,0.0,1.0
33.2,Female,55.3,1.63,20.9,19.2,192.0,136.4,62.1,0.81,274.0,3.1,3.0,1.7,Muscle Gain,Strength,1.0,1.0,1.0,0.0,1.0,1.0,1.0
51.0,Female,47.3,1.74,15.62,28.8,194.0,148.0,55.0,2.0,1259.0,3.0,1.0,3.1,Muscle Gain,Strength,1.0,1.0,1.0,0.0,0.0,0.0,1.0
22.3,Male,77.9,1.82,23.51,13.4,201.1,140.0,58.9,0.71,455.4,3.7,3.0,3.3,General Fitness,Functional,0.0,1.0,0.0,1.0,1.0,1.0,1.0
44.0,Female,88.2,1.88,24.95,28.5,192.0,169.0,51.0,2.0,1783.0,4.0,2.0,1.9,Endurance,HIIT,0.0,1.0,0.0,1.0,0.0,1.0,1.0
35.9,Male,64.3,1.65,23.57,13.7,173.6,119.4,65.1,1.26,568.7,4.8,2.0,2.0,Strength,Strength,1.0,1.0,1.0,0.0,0.0,0.0,1.0
25.3,Male,96.0,1.84,28.45,,197.2,142.7,69.0,1.1,922.6,3.1,1.0,3.7,Muscle Gain,Strength,1.0,1.0,1.0,1.0,1.0,1.0,0.0
41.2,Female,76.4,1.71,26.21,28.8,178.5,162.6,75.4,0.94,774.0,2.5,1.0,2.91,Endurance,HIIT,0.0,0.0,1.0,0.0,1.0,0.0,1.0
19.8,Female,41.1,1.45,19.52,18.8,204.2,141.8,63.8,0.99,283.3,3.1,1.0,3.1,Athletic Performance,Functional,0.0,1.0,0.0,0.0,0.0,1.0,1.0
22.4,Female,60.7,1.63,22.9,26.6,194.6,132.3,82.6,1.73,848.2,4.8,2.0,3.1,General Fitness,Strength,1.0,1.0,0.0,0.0,0.0,1.0,0.0
38.0,Male,65.3,1.7,22.6,26.3,181.0,144.0,56.0,1.47,574.0,4.0,1.0,2.6,Weight Loss,HIIT,1.0,0.0,0.0,0.0,0.0,0.0,1.0
35.8,Female,55.1,1.52,24.0,20.4,196.0,189.5,53.0,1.05,1227.9,4.8,3.0,3.9,Weight Loss,HIIT,0.0,1.0,1.0,0.0,1.0,0.0,1.0
50.0,Male,40.0,1.92,10.85,16.0,168.0,144.0,55.0,1.48,692.0,5.0,1.0,2.5,General Fitness,Cardio,0.0,0.0,0.0,0.0,0.0,0.0,1.0
55.9,Male,71.5,1.81,21.92,12.6,151.0,130.9,66.0,0.77,461.7,4.3,1.0,2.8,General Fitness,Strength,1.0,1.0,0.0,1.0,0.0,1.0,1.0
65.0,Male,45.0,1.67,16.14,18.9,153.7,126.1,78.2,1.45,373.5,2.4,2.0,4.18,General Fitness,Strength,1.0,1.0,1.0,0.0,0.0,0.0,1.0
26.7,Male,54.4,1.64,20.27,20.1,210.0,112.1,51.5,0.76,196.3,3.8,2.0,1.7,Strength,Strength,1.0,1.0,1.0,0.0,0.0,1.0,0.0
45.5,Female,79.1,1.69,27.74,30.3,169.7,108.4,57.9,1.51,629.6,4.4,2.0,1.5,Muscle Gain,Powerlifting,0.0,1.0,0.0,1.0,0.0,0.0,0.0
36.9,Female,52.8,1.59,20.8,19.7,182.1,92.6,58.3,1.41,207.2,3.4,3.0,2.3,Flexibility,Yoga,0.0,0.0,0.0,0.0,0.0,0.0,1.0
22.0,Male,69.7,1.89,19.49,10.8,209.9,149.6,66.5,0.66,553.1,3.2,1.0,2.7,Weight Loss,Cardio,0.0,0.0,0.0,1.0,0.0,0.0,1.0
26.4,Male,79.9,1.91,21.82,8.1,191.0,171.5,51.1,0.78,1001.8,3.9,2.0,3.3,Weight Loss,HIIT,1.0,0.0,1.0,0.0,1.0,1.0,1.0
24.9,Female,60.9,1.65,22.49,16.4,210.0,150.5,47.5,1.49,680.1,5.2,2.0,3.5,Endurance,Cardio,0.0,1.0,1.0,0.0,0.0,1.0,1.0
43.0,Male,100.5,1.9,27.7,14.2,177.7,117.9,57.6,1.39,978.0,3.8,2.0,2.8,Strength,Strength,0.0,1.0,1.0,1.0,0.0,0.0,1.0
25.0,Female,83.1,1.72,28.09,23.8,182.0,167.0,67.0,0.89,771.0,4.0,1.0,2.3,Muscle Gain,Strength,1.0,1.0,0.0,0.0,1.0,0.0,1.0
24.5,Male,60.7,1.59,24.11,21.3,205.9,111.1,67.8,1.67,547.2,3.0,2.0,2.7,Muscle Gain,Strength,1.0,0.0,1.0,1.0,1.0,0.0,0.0
47.4,Male,64.0,1.64,23.74,10.9,179.3,169.8,65.8,0.5,551.8,2.2,3.0,2.8,Weight Loss,HIIT,0.0,1.0,0.0,1.0,0.0,0.0,1.0
26.1,Male,69.0,1.71,23.51,29.0,182.4,145.1,69.5,1.57,682.6,1.7,2.0,3.23,General Fitness,Strength,,,,,,,
32.0,Male,49.1,1.5,21.79,24.0,192.9,148.6,63.4,0.86,265.6,1.7,2.0,3.35,Muscle Gain,Strength,1.0,0.0,1.0,1.0,0.0,1.0,1.0
24.2,Male,67.2,1.65,24.58,24.4,198.2,117.2,60.0,1.04,461.4,4.0,2.0,2.7,Muscle Gain,Powerlifting,0.0,1.0,1.0,0.0,0.0,0.0,0.0
52.6,Male,60.0,1.59,23.65,20.9,161.7,110.5,61.2,0.92,337.2,4.2,1.0,2.2,Strength,Strength,1.0,1.0,1.0,0.0,0.0,1.0,1.0
25.3,Male,61.4,1.84,18.19,10.5,183.8,116.0,71.0,1.27,200.5,3.3,2.0,2.6,General Fitness,Yoga,0.0,0.0,0.0,1.0,1.0,1.0,1.0
26.0,Female,64.1,1.68,22.71,,190.0,168.0,55.0,1.35,1175.0,2.0,2.0,3.4,Strength,Strength,1.0,1.0,1.0,1.0,0.0,0.0,0.0
16.9,Male,72.5,1.69,25.5,29.5,210.0,175.2,63.7,1.27,608.0,2.7,1.0,2.71,Weight Loss,Cardio,0.0,0.0,0.0,0.0,0.0,1.0,1.0
58.0,Male,43.6,1.67,15.63,26.7,176.0,142.0,74.0,1.13,1089.0,4.0,2.0,3.4,General Fitness,HIIT,0.0,0.0,1.0,0.0,0.0,0.0,1.0
41.0,Female,66.2,1.83,19.77,20.2,196.0,126.0,74.0,1.6,993.0,5.0,1.0,2.5,Strength,Strength,1.0,1.0,1.0,1.0,1.0,1.0,1.0
33.2,Female,79.0,1.61,30.32,32.3,194.3,102.8,71.8,1.84,792.9,4.1,2.0,1.6,Muscle Gain,Powerlifting,1.0,1.0,0.0,0.0,0.0,0.0,0.0
32.0,Female,46.5,1.83,13.89,10.0,176.0,128.0,74.0,1.01,1061.0,4.0,3.0,2.5,General Fitness,Cardio,0.0,0.0,0.0,0.0,0.0,0.0,1.0
38.4,Male,74.5,1.83,22.14,17.8,172.8,149.0,62.9,0.72,567.0,3.8,1.0,3.1,General Fitness,Functional,1.0,0.0,1.0,1.0,1.0,1.0,1.0
56.9,Male,89.7,1.95,23.54,18.3,160.3,111.0,61.0,1.41,622.3,4.4,2.0,3.2,General Fitness,Strength,1.0,0.0,1.0,1.0,0.0,1.0,1.0
31.4,Female,54.5,1.67,19.65,24.2,182.9,110.2,64.1,1.13,133.7,2.5,3.0,2.5,Flexibility,Yoga,1.0,0.0,0.0,0.0,0.0,1.0,1.0
41.6,Female,71.2,1.62,26.95,18.3,198.4,187.6,51.8,1.12,1199.6,2.2,3.0,3.4,Weight Loss,HIIT,0.0,1.0,0.0,1.0,1.0,0.0,0.0
28.2,Male,60.1,1.65,22.02,14.7,189.7,112.2,66.1,1.62,676.7,4.2,3.0,2.7,Muscle Gain,Strength,1.0,1.0,1.0,0.0,1.0,0.0,1.0
32.0,Female,40.0,1.88,11.32,27.4,174.0,148.0,50.0,1.94,1436.0,2.0,3.0,2.8,General Fitness,Strength,1.0,1.0,0.0,1.0,0.0,0.0,1.0
16.0,Female,117.4,1.72,39.51,39.6,192.5,154.9,72.0,1.15,864.6,1.9,1.0,3.81,Strength,Strength,0.0,1.0,1.0,0.0,1.0,0.0,1.0
51.9,Female,53.0,1.58,21.18,23.0,160.9,155.9,62.4,0.5,282.2,5.2,2.0,2.7,General Fitness,Cardio,0.0,0.0,0.0,1.0,0.0,0.0,1.0
25.5,Female,63.2,1.57,25.69,19.2,202.6,149.0,60.7,1.43,1243.8,3.1,2.0,3.1,Endurance,Cardio,0.0,0.0,0.0,0.0,0.0,0.0,1.0
51.0,Male,74.0,1.76,23.89,20.2,160.7,104.1,62.1,2.1,502.6,4.6,3.0,2.6,Strength,Powerlifting,1.0,1.0,0.0,0.0,0.0,0.0,0.0
33.4,Male,78.2,1.83,23.29,12.4,185.3,154.0,54.1,1.0,1103.0,5.9,2.0,2.8,Weight Loss,Cardio,0.0,0.0,0.0,0.0,0.0,0.0,1.0
25.2,Male,47.8,1.64,17.86,13.7,202.3,91.4,72.6,0.55,79.4,3.7,1.0,2.1,Flexibility,Yoga,0.0,0.0,0.0,1.0,1.0,1.0,1.0
18.0,Male,50.0,1.69,17.51,21.6,196.0,143.0,53.0,1.37,1115.0,4.0,2.0,2.7,Muscle Gain,Strength,1.0,1.0,1.0,0.0,1.0,1.0,1.0
48.5,Female,55.8,1.55,23.07,25.1,166.2,126.9,63.8,1.06,300.2,4.9,1.0,3.3,Muscle Gain,Strength,0.0,1.0,0.0,0.0,0.0,1.0,1.0
57.0,Female,43.5,2.0,10.88,18.7,172.0,159.0,59.0,1.73,530.0,2.0,3.0,2.1,Muscle Gain,Strength,1.0,1.0,1.0,0.0,1.0,0.0,0.0
55.0,Female,65.3,1.68,23.14,33.1,164.0,156.0,67.0,1.59,851.0,3.0,2.0,2.8,General Fitness,Cardio,1.0,0.0,0.0,0.0,1.0,0.0,1.0
39.6,Female,71.2,1.62,27.18,25.8,177.9,135.5,58.0,1.16,794.6,4.1,1.0,3.1,General Fitness,Strength,1.0,1.0,1.0,1.0,0.0,0.0,0.0
16.0,Male,87.4,1.67,31.32,22.9,209.0,191.6,65.5,0.82,757.8,2.9,2.0,3.27,Weight Loss,HIIT,0.0,1.0,0.0,0.0,0.0,1.0,0.0
16.0,Male,46.8,1.59,18.43,23.3,206.0,158.9,57.6,0.65,198.8,3.6,2.0,2.84,General Fitness,Strength,1.0,1.0,1.0,0.0,0.0,0.0,0.0
45.3,Female,66.9,1.56,27.36,21.7,174.1,169.1,64.6,1.17,768.8,4.7,3.0,4.3,Weight Loss,HIIT,0.0,0.0,0.0,1.0,1.0,1.0,1.0
21.4,Male,83.7,1.76,26.94,14.0,202.6,131.0,64.8,1.73,1345.7,3.2,3.0,3.0,Muscle Gain,Strength,1.0,0.0,1.0,1.0,0.0,1.0,1.0
29.3,Female,68.6,1.65,25.3,25.5,194.0,101.2,64.7,0.87,182.5,2.5,1.0,2.5,Stress Relief,Yoga,0.0,0.0,1.0,0.0,1.0,0.0,1.0
16.0,Female,60.9,1.74,20.08,20.2,196.2,140.4,56.9,1.34,530.4,5.5,2.0,3.42,Muscle Gain,Strength,1.0,1.0,0.0,0.0,1.0,0.0,0.0
50.9,Male,90.9,1.76,29.2,18.9,161.2,113.8,73.1,1.02,582.7,4.9,3.0,2.6,General Fitness,Strength,1.0,1.0,1.0,1.0,0.0,1.0,1.0
18.1,Female,50.2,1.59,19.77,20.3,198.3,147.9,66.2,0.81,377.4,3.1,2.0,2.6,General Fitness,Functional,1.0,0.0,1.0,1.0,1.0,1.0,1.0
36.1,Male,94.2,1.93,25.25,14.5,188.5,122.7,60.3,2.39,1327.8,4.2,3.0,3.1,Strength,Powerlifting,1.0,1.0,1.0,0.0,0.0,0.0,1.0
23.9,Female,63.7,1.89,17.89,18.2,197.7,126.0,69.3,0.79,188.5,3.7,2.0,2.79,Stress Relief,Yoga,1.0,0.0,1.0,0.0,1.0,1.0,1.0
30.0,Female,40.0,1.62,15.24,25.2,166.0,164.0,73.0,1.23,1046.0,5.0,3.0,3.7,Muscle Gain,Strength,1.0,1.0,0.0,1.0,0.0,0.0,0.0
49.0,Female,105.0,1.63,39.52,24.0,170.0,139.0,70.0,1.53,1065.0,4.0,2.0,1.5,Endurance,Cardio,0.0,0.0,0.0,1.0,1.0,0.0,1.0
16.0,Female,51.9,1.76,16.74,25.3,210.0,175.3,72.9,1.43,561.1,2.4,1.0,2.4,Endurance,Cardio,0.0,0.0,0.0,0.0,0.0,1.0,1.0
40.7,Male,53.3,1.47,24.62,26.1,177.8,140.5,68.3,1.08,366.4,2.1,1.0,2.8,Athletic Performance,Functional,,,,,,,
53.0,Male,71.4,1.82,21.65,13.7,159.8,153.3,58.4,1.25,864.5,3.4,3.0,3.1,Muscle Gain,Functional,1.0,1.0,1.0,1.0,1.0,1.0,1.0
56.0,Female,88.8,1.7,30.73,24.1,173.0,129.0,52.0,1.79,933.0,4.0,2.0,1.5,Muscle Gain,Strength,1.0,1.0,0.0,0.0,0.0,0.0,1.0
19.1,Female,67.3,1.59,26.65,22.4,210.0,178.6,49.6,0.84,1102.5,2.6,3.0,4.2,Endurance,HIIT,0.0,0.0,0.0,1.0,0.0,1.0,1.0
30.4,Female,80.4,1.72,27.19,21.5,189.4,156.0,59.6,1.6,1350.5,5.5,2.0,4.7,Endurance,Cardio,0.0,0.0,0.0,0.0,0.0,0.0,1.0
38.0,Male,80.0,1.79,25.02,12.7,183.8,149.9,74.7,1.12,623.9,3.4,2.0,2.9,General Fitness,Functional,0.0,1.0,0.0,0.0,0.0,0.0,0.0
51.5,Female,62.2,1.69,21.9,24.7,170.3,126.4,69.5,0.99,598.7,3.7,2.0,2.7,Muscle Gain,Functional,1.0,0.0,1.0,1.0,0.0,1.0,0.0
39.6,Female,64.3,1.72,21.65,21.8,172.3,167.3,67.1,0.37,244.5,2.1,3.0,3.0,Weight Loss,HIIT,1.0,0.0,0.0,1.0,0.0,0.0,1.0
38.3,Male,80.7,1.82,24.37,8.2,172.4,167.4,54.8,0.39,309.9,5.0,3.0,2.5,Endurance,HIIT,1.0,1.0,0.0,1.0,1.0,0.0,0.0
19.0,Female,129.9,1.71,44.42,29.6,161.0,169.0,56.0,2.0,443.0,4.0,2.0,2.4,Muscle Gain,Strength,1.0,1.0,1.0,0.0,0.0,1.0,1.0
31.0,Female,64.8,1.57,26.44,,186.5,175.3,45.0,0.56,544.0,2.6,2.0,3.5,Weight Loss,HIIT,1.0,1.0,0.0,1.0,1.0,0.0,0.0
20.3,Male,67.9,1.65,24.97,25.9,206.5,105.7,59.6,2.39,549.4,4.8,2.0,2.3,General Fitness,Powerlifting,1.0,1.0,1.0,1.0,1.0,0.0,1.0
54.9,Female,62.8,1.58,25.19,24.5,156.6,146.0,75.5,1.18,548.3,3.8,3.0,3.6,Muscle Gain,Functional,1.0,0.0,0.0,1.0,1.0,1.0,1.0
40.4,Female,56.7,1.59,22.3,18.2,180.6,169.2,64.5,0.96,462.8,4.6,1.0,3.5,Weight Loss,Cardio,1.0,0.0,0.0,0.0,0.0,0.0,1.0
53.0,Male,67.8,1.69,23.8,8.8,176.2,156.2,55.6,1.17,690.8,5.6,2.0,3.9,Weight Loss,Cardio,0.0,0.0,0.0,0.0,0.0,0.0,1.0
20.0,Female,86.0,1.69,30.11,23.3,183.0,136.0,58.0,1.16,861.0,5.0,2.0,3.6,Strength,Strength,1.0,0.0,1.0,0.0,0.0,0.0,1.0
33.0,Female,51.2,1.48,23.32,18.6,178.8,151.9,57.2,0.99,490.7,4.9,3.0,3.1,Endurance,Cardio,1.0,1.0,0.0,0.0,0.0,0.0,1.0
33.4,Female,78.4,1.75,25.7,26.5,185.7,144.7,59.8,1.32,701.1,4.2,2.0,2.63,Strength,Strength,1.0,1.0,1.0,0.0,1.0,0.0,1.0
18.1,Female,51.3,1.56,20.99,21.3,208.8,119.1,69.5,1.54,587.0,3.2,1.0,3.6,General Fitness,Strength,1.0,1.0,0.0,1.0,0.0,0.0,1.0
19.4,Female,72.2,1.69,25.35,21.4,197.7,143.6,59.3,1.0,739.2,4.8,2.0,2.6,Muscle Gain,Strength,1.0,0.0,1.0,1.0,0.0,0.0,1.0
31.7,Male,95.5,1.85,27.94,14.7,196.7,185.2,52.6,0.92,1062.6,4.7,2.0,4.0,Endurance,HIIT,0.0,0.0,0.0,0.0,0.0,0.0,1.0
28.6,Male,64.7,1.73,21.65,14.7,198.2,153.7,49.6,1.39,1308.4,4.4,2.0,2.7,General Fitness,Cardio,1.0,0.0,1.0,1.0,0.0,0.0,1.0
35.7,Female,59.2,1.69,20.82,18.5,199.3,154.1,66.7,0.72,495.8,2.9,2.0,3.6,General Fitness,HIIT,1.0,0.0,1.0,1.0,1.0,0.0,1.0
36.8,Male,94.8,1.78,29.91,20.3,185.4,137.4,67.6,1.74,1227.7,4.8,1.0,2.9,Strength,Strength,1.0,0.0,1.0,1.0,0.0,1.0,1.0
43.1,Male,102.7,1.81,31.44,26.2,167.8,145.1,60.3,0.85,659.8,4.4,3.0,3.29,Endurance,Cardio,0.0,0.0,0.0,0.0,0.0,0.0,1.0
20.1,Female,58.9,1.61,22.72,17.4,203.5,157.0,51.3,1.04,740.5,3.9,3.0,2.6,Weight Loss,HIIT,1.0,0.0,0.0,1.0,0.0,0.0,1.0
19.9,Male,86.3,1.86,24.9,10.3,197.3,141.9,70.0,1.09,1130.3,4.9,1.0,3.4,Endurance,Cardio,0.0,0.0,0.0,1.0,0.0,0.0,1.0
23.4,Female,60.1,1.66,21.85,27.0,192.4,144.4,51.5,0.61,394.8,3.5,2.0,2.9,Muscle Gain,Functional,1.0,1.0,0.0,1.0,0.0,1.0,1.0
28.5,Female,71.7,1.57,28.9,21.0,199.2,143.4,69.2,1.96,958.4,3.7,1.0,3.6,Muscle Gain,Strength,1.0,1.0,0.0,0.0,1.0,0.0,1.0
46.0,Female,69.9,1.68,24.77,35.0,173.0,168.0,64.0,1.43,911.0,3.0,2.0,3.4,Strength,Strength,1.0,1.0,1.0,0.0,0.0,0.0,0.0
23.3,Female,58.9,1.58,23.61,27.5,194.9,118.1,60.8,0.92,246.5,4.1,3.0,2.4,Strength,Strength,1.0,1.0,1.0,1.0,0.0,0.0,1.0
21.1,Female,64.7,1.64,24.03,26.8,196.0,125.1,71.8,1.67,849.9,3.9,2.0,3.6,Muscle Gain,Strength,1.0,1.0,1.0,0.0,0.0,1.0,1.0
37.5,Female,58.2,1.62,22.2,20.9,173.6,150.3,46.9,1.35,979.4,3.1,2.0,3.1,Weight Loss,Cardio,0.0,0.0,0.0,0.0,0.0,0.0,1.0
26.5,Male,81.2,1.83,24.27,21.5,204.4,113.1,58.8,1.98,1114.5,4.2,3.0,2.3,Strength,Strength,1.0,1.0,1.0,0.0,0.0,0.0,0.0
29.0,Female,40.0,1.64,14.87,27.4,178.0,130.0,69.0,1.15,1093.0,3.0,2.0,3.4,Weight Loss,HIIT,0.0,0.0,0.0,0.0,1.0,0.0,1.0
30.1,Male,98.0,1.97,25.36,17.5,184.0,144.8,66.5,1.5,975.9,4.7,2.0,2.7,Muscle Gain,Strength,1.0,1.0,0.0,1.0,0.0,0.0,0.0
22.0,Female,71.5,1.81,21.82,22.0,195.0,164.0,51.0,1.52,935.0,3.0,2.0,2.6,Muscle Gain,Strength,0.0,1.0,0.0,1.0,1.0,0.0,1.0
33.6,Male,63.9,1.65,23.45,31.5,189.6,154.9,72.5,1.39,593.7,1.9,1.0,2.41,Athletic Performance,Strength,,,,,,,
28.4,Female,81.0,1.75,26.32,19.7,187.5,149.3,65.5,1.7,951.3,4.6,2.0,3.32,General Fitness,Strength,,,,,,,
29.3,Male,64.9,1.71,22.25,20.5,201.1,113.4,74.3,1.98,644.8,4.5,3.0,2.9,Strength,Strength,1.0,1.0,1.0,0.0,0.0,0.0,1.0
50.1,Male,94.3,1.9,26.18,13.8,176.4,171.4,60.2,1.39,1496.5,5.4,2.0,4.1,Endurance,Cardio,0.0,0.0,1.0,1.0,0.0,0.0,1.0
25.3,Female,56.2,1.63,21.2,22.6,200.5,130.1,66.1,1.0,389.0,4.0,1.0,2.3,General Fitness,Functional,0.0,1.0,1.0,1.0,0.0,1.0,1.0
49.0,Female,105.3,1.83,31.44,31.4,165.0,150.0,70.0,1.53,699.0,3.0,1.0,3.7,Muscle Gain,Strength,1.0,1.0,1.0,0.0,1.0,1.0,0.0
26.3,Female,57.8,1.59,22.84,16.2,195.1,189.7,52.7,0.63,774.6,4.2,3.0,3.5,General Fitness,HIIT,1.0,0.0,0.0,1.0,1.0,1.0,1.0
47.3,Female,60.6,1.6,23.64,21.5,166.5,130.0,55.5,1.79,577.3,3.9,2.0,3.3,Muscle Gain,Strength,1.0,1.0,0.0,0.0,0.0,0.0,1.0
26.3,Male,74.6,1.79,23.35,14.1,191.9,125.5,62.0,1.05,655.8,4.5,3.0,2.5,Strength,Strength,1.0,1.0,1.0,0.0,1.0,1.0,1.0
46.0,Male,54.2,1.91,14.86,14.0,171.0,169.0,67.0,0.9,771.0,3.0,3.0,2.6,Endurance,HIIT,0.0,0.0,0.0,1.0,1.0,1.0,1.0
18.0,Male,97.5,2.0,24.38,24.8,169.0,159.0,68.0,1.17,782.0,2.0,1.0,1.8,Muscle Gain,Strength,1.0,1.0,1.0,0.0,1.0,0.0,0.0
29.0,Male,71.9,1.78,22.78,14.7,191.4,163.2,52.9,0.54,578.4,3.1,3.0,2.7,General Fitness,Cardio,0.0,0.0,0.0,0.0,0.0,0.0,1.0
33.8,Male,73.2,1.71,24.92,21.5,183.0,126.0,65.5,0.9,516.5,4.1,2.0,2.1,Muscle Gain,Strength,1.0,1.0,1.0,0.0,1.0,0.0,1.0
38.7,Male,67.7,1.79,21.08,17.4,182.6,111.2,48.3,0.84,258.8,4.4,3.0,2.0,Muscle Gain,Strength,0.0,1.0,1.0,0.0,0.0,0.0,0.0
33.1,Female,80.7,1.81,24.72,16.3,180.0,141.5,45.0,1.72,1045.4,3.7,1.0,3.4,Endurance,Cardio,0.0,0.0,0.0,0.0,0.0,1.0,1.0
24.0,Female,102.6,1.67,36.79,28.3,190.0,132.0,73.0,1.41,800.0,3.0,2.0,1.5,General Fitness,Strength,1.0,1.0,1.0,1.0,1.0,0.0,1.0
38.8,Female,56.9,1.57,23.05,16.5,184.2,156.3,50.7,1.01,859.7,4.0,2.0,3.2,Weight Loss,HIIT,0.0,0.0,0.0,1.0,1.0,0.0,0.0
53.2,Male,77.6,1.63,29.06,28.4,159.1,124.3,66.4,1.27,679.0,2.6,1.0,2.81,General Fitness,Functional,,,,,,,
24.7,Male,76.0,1.89,21.33,18.9,191.2,114.7,74.1,0.81,134.0,4.5,2.0,2.8,Stress Relief,Yoga,0.0,0.0,1.0,0.0,0.0,1.0,1.0
38.7,Female,61.2,1.55,25.44,26.8,178.9,113.7,66.3,1.1,159.4,3.9,2.0,2.6,General Fitness,Yoga,0.0,0.0,0.0,0.0,0.0,0.0,1.0
28.0,Male,69.0,1.68,24.41,13.9,197.3,178.5,49.0,1.13,1303.6,4.6,2.0,3.8,General Fitness,Cardio,0.0,0.0,0.0,0.0,0.0,0.0,1.0
55.2,Male,64.3,1.76,20.75,16.3,174.7,143.1,65.2,1.26,682.8,3.5,2.0,2.4,General Fitness,Functional,1.0,0.0,1.0,0.0,1.0,1.0,1.0
25.0,Female,63.1,1.64,23.44,21.3,195.5,187.5,58.0,0.42,479.4,4.9,3.0,3.6,Weight Loss,HIIT,0.0,0.0,0.0,1.0,0.0,0.0,1.0
27.0,Male,73.5,1.71,25.13,21.8,193.5,133.2,68.2,1.46,1101.2,4.3,1.0,2.6,Muscle Gain,Functional,0.0,0.0,0.0,0.0,1.0,1.0,1.0
25.7,Male,99.6,1.76,32.3,25.3,191.4,102.6,84.7,1.96,1158.2,4.1,2.0,2.5,Strength,Powerlifting,1.0,1.0,0.0,0.0,0.0,0.0,0.0
32.0,Female,40.0,1.89,11.2,23.9,177.0,134.0,71.0,1.37,1270.0,3.0,2.0,1.9,Endurance,HIIT,1.0,0.0,0.0,1.0,1.0,0.0,1.0
18.0,Male,52.0,1.66,18.87,26.7,199.0,137.0,74.0,2.0,1314.0,3.0,1.0,3.3,General Fitness,Cardio,0.0,0.0,0.0,0.0,0.0,1.0,1.0
50.1,Female,60.1,1.54,25.39,21.3,178.1,141.9,69.0,0.77,301.4,3.9,1.0,2.7,Muscle Gain,Strength,1.0,1.0,1.0,0.0,0.0,1.0,0.0
59.0,Female,54.3,1.52,23.58,18.5,160.5,141.7,58.2,0.7,325.7,5.0,3.0,2.8,Weight Loss,Cardio,1.0,0.0,0.0,1.0,0.0,0.0,1.0
47.6,Male,87.1,1.8,26.76,16.1,169.5,164.5,46.9,1.6,2000.0,5.5,3.0,3.7,Endurance,Cardio,0.0,1.0,0.0,0.0,1.0,0.0,1.0
44.0,Male,52.5,1.65,19.28,29.4,174.0,169.0,51.0,1.95,1783.0,2.0,1.0,2.0,Weight Loss,Cardio,0.0,0.0,0.0,1.0,1.0,0.0,1.0
32.7,Female,45.0,1.65,16.55,16.6,181.1,141.6,58.1,1.51,413.3,5.2,3.0,3.18,Muscle Gain,Strength,1.0,1.0,1.0,0.0,0.0,1.0,1.0
27.7,Female,50.2,1.57,20.3,14.8,182.5,143.8,45.0,1.08,389.3,4.4,2.0,2.8,Endurance,Cardio,0.0,0.0,1.0,1.0,0.0,0.0,1.0
25.0,Female,73.3,1.5,32.58,30.6,185.0,169.0,67.0,1.38,433.0,4.0,1.0,1.5,Muscle Gain,Strength,1.0,1.0,1.0,0.0,0.0,0.0,0.0
46.0,Male,85.9,1.7,29.72,13.8,180.0,148.0,66.0,1.77,1088.0,2.0,2.0,3.4,General Fitness,HIIT,1.0,0.0,0.0,1.0,0.0,1.0,1.0
36.1,Female,72.7,1.79,22.78,29.2,180.2,116.6,61.1,2.01,1066.1,3.9,3.0,3.0,Muscle Gain,Powerlifting,0.0,1.0,0.0,0.0,0.0,0.0,0.0
26.6,Male,79.8,1.83,23.9,18.7,187.6,120.4,75.0,0.93,346.2,4.1,1.0,2.8,Strength,Strength,1.0,1.0,1.0,0.0,1.0,0.0,1.0
28.2,Female,71.7,1.63,26.93,15.1,195.6,143.5,64.3,1.4,1362.5,3.6,2.0,2.9,Endurance,Cardio,0.0,0.0,0.0,1.0,0.0,0.0,1.0
21.4,Female,93.1,1.73,31.15,28.7,200.8,126.1,71.0,1.02,432.3,3.0,2.0,2.5,Strength,Powerlifting,1.0,0.0,0.0,0.0,1.0,0.0,0.0
22.0,Female,69.7,1.68,24.74,26.9,199.7,97.2,64.4,1.32,156.6,3.7,1.0,2.3,Flexibility,Yoga,0.0,1.0,0.0,0.0,0.0,1.0,0.0
28.0,Female,101.9,1.5,45.29,23.8,196.0,164.0,56.0,1.87,1211.0,2.0,2.0,3.2,Muscle Gain,Strength,1.0,1.0,1.0,0.0,0.0,0.0,0.0
45.5,Male,56.0,1.67,20.2,15.5,172.2,167.2,47.2,1.14,781.2,2.2,3.0,3.8,Endurance,HIIT,1.0,0.0,0.0,1.0,1.0,1.0,1.0
22.6,Male,68.1,1.74,22.42,13.9,198.0,170.9,58.1,0.63,715.9,2.8,3.0,3.0,Endurance,HIIT,1.0,0.0,1.0,0.0,1.0,1.0,1.0
22.1,Female,71.8,1.72,24.18,28.2,210.0,117.1,70.3,1.81,654.1,4.7,2.0,2.4,Muscle Gain,Powerlifting,1.0,1.0,0.0,0.0,0.0,0.0,0.0
20.0,Male,43.5,1.52,18.83,24.3,189.0,146.0,63.0,2.0,1213.0,4.0,2.0,2.5,Strength,Strength,1.0,1.0,1.0,0.0,0.0,0.0,0.0
26.9,Female,75.5,1.66,27.49,27.4,200.7,117.5,55.6,1.25,477.2,4.5,3.0,2.2,Strength,Strength,1.0,1.0,1.0,0.0,0.0,1.0,1.0
28.9,Female,65.3,1.77,20.9,19.4,198.4,150.3,65.5,0.98,779.1,4.5,3.0,2.9,Muscle Gain,Functional,0.0,0.0,1.0,0.0,1.0,1.0,1.0
22.0,Female,53.5,1.76,17.27,13.1,194.0,137.0,66.0,2.0,1395.0,5.0,2.0,2.3,Strength,Strength,1.0,1.0,1.0,0.0,0.0,1.0,1.0
39.8,Female,77.9,1.73,25.87,25.9,161.2,119.2,64.3,1.7,753.6,3.7,2.0,3.0,Muscle Gain,Powerlifting,0.0,1.0,0.0,0.0,0.0,0.0,0.0
23.0,Female,59.0,1.62,22.48,17.6,193.0,162.0,56.0,1.37,670.0,5.0,1.0,1.6,Weight Loss,Cardio,1.0,0.0,0.0,0.0,0.0,0.0,1.0
38.0,Male,71.7,1.71,24.52,26.5,187.0,130.5,74.0,1.39,542.0,3.0,1.0,3.1,General Fitness,Strength,1.0,1.0,0.0,1.0,1.0,0.0,1.0
33.0,Male,40.0,1.75,13.06,18.7,185.0,125.0,54.0,2.0,870.0,3.0,1.0,1.8,Muscle Gain,Strength,0.0,1.0,1.0,0.0,0.0,0.0,1.0
41.0,Male,40.0,1.77,12.77,11.6,176.0,148.0,65.0,1.03,1238.0,5.0,1.0,1.9,Muscle Gain,Strength,1.0,1.0,1.0,1.0,0.0,1.0,1.0
33.0,Male,65.3,1.8,20.15,23.9,160.0,155.0,74.0,1.26,906.0,4.0,1.0,3.2,Muscle Gain,Strength,1.0,1.0,1.0,0.0,1.0,0.0,1.0
19.8,Male,79.8,1.76,25.64,11.3,200.4,152.3,51.2,0.84,1032.6,4.7,3.0,3.1,Endurance,HIIT,0.0,0.0,0.0,1.0,0.0,0.0,1.0
40.9,Male,84.7,1.73,28.28,18.5,186.2,135.4,82.3,1.39,1095.3,3.8,2.0,3.0,Muscle Gain,Strength,1.0,1.0,1.0,1.0,0.0,0.0,1.0
28.9,Male,81.7,1.88,23.09,15.6,191.1,130.4,46.2,1.36,656.1,3.1,2.0,4.12,Strength,Strength,1.0,1.0,1.0,0.0,0.0,0.0,1.0
52.0,Male,67.4,1.72,22.78,17.0,160.0,134.0,51.0,1.49,1307.0,2.0,2.0,2.6,Strength,Strength,1.0,0.0,1.0,0.0,0.0,0.0,0.0
51.6,Female,61.3,1.62,23.49,22.3,153.6,123.7,62.1,1.48,504.1,3.0,1.0,2.8,General Fitness,Strength,1.0,1.0,0.0,0.0,0.0,0.0,1.0
38.4,Female,80.7,1.75,26.28,24.7,185.1,141.4,64.3,0.88,641.2,3.5,1.0,2.9,Weight Loss,Cardio,0.0,0.0,0.0,1.0,0.0,1.0,1.0
55.0,Female,93.1,1.82,28.11,17.3,172.0,148.0,60.0,1.22,1039.0,4.0,1.0,2.6,Weight Loss,HIIT,1.0,1.0,0.0,1.0,1.0,0.0,0.0
33.0,Male,89.6,1.62,34.14,23.9,175.0,137.0,56.0,1.09,906.0,3.0,1.0,1.6,Endurance,Cardio,0.0,0.0,1.0,0.0,0.0,0.0,1.0
20.7,Female,45.8,1.59,18.17,25.8,195.4,103.5,51.1,1.48,186.5,5.3,2.0,2.8,Flexibility,Yoga,0.0,0.0,0.0,0.0,0.0,1.0,1.0
54.9,Female,47.8,1.56,19.75,25.8,161.9,97.0,51.6,1.36,144.9,5.8,1.0,2.3,General Fitness,Yoga,0.0,0.0,0.0,0.0,0.0,0.0,1.0
18.0,Female,42.6,1.56,17.5,27.1,180.0,169.0,62.0,1.27,1497.0,4.0,1.0,3.6,Muscle Gain,Strength,1.0,1.0,1.0,0.0,0.0,1.0,1.0
18.0,Male,74.1,1.76,23.92,13.7,170.0,135.0,62.0,1.24,1214.0,3.0,2.0,,Weight Loss,Cardio,0.0,0.0,0.0,1.0,0.0,0.0,1.0
32.0,Male,54.5,1.75,17.85,10.8,186.4,114.5,58.3,1.44,280.6,2.4,2.0,3.6,General Fitness,Yoga,0.0,0.0,0.0,0.0,1.0,0.0,1.0
69.9,Female,66.4,1.6,25.93,29.7,163.4,120.7,62.1,1.28,613.9,4.6,3.0,2.3,Strength,Powerlifting,1.0,1.0,0.0,0.0,0.0,0.0,0.0
39.8,Female,73.4,1.71,25.1,27.1,163.6,138.4,65.0,1.13,580.3,4.3,3.0,3.5,General Fitness,Functional,0.0,0.0,1.0,1.0,1.0,1.0,0.0
33.3,Female,62.3,1.63,23.3,20.7,165.5,151.0,59.0,1.34,964.8,5.3,1.0,2.4,Endurance,Cardio,0.0,0.0,0.0,0.0,0.0,0.0,1.0
37.0,Female,40.0,1.92,10.85,22.7,163.0,129.0,68.0,1.22,1025.0,2.0,1.0,3.3,Endurance,Cardio,0.0,1.0,0.0,0.0,0.0,0.0,0.0
48.6,Male,79.8,1.72,26.98,21.1,180.4,114.2,66.1,1.46,913.6,4.1,2.0,2.6,Muscle Gain,Strength,1.0,1.0,1.0,1.0,0.0,0.0,1.0
31.2,Male,72.4,1.81,22.16,17.6,192.8,101.3,70.3,2.44,664.1,3.1,2.0,3.3,Strength,Powerlifting,0.0,1.0,0.0,1.0,0.0,0.0,1.0
38.5,Male,84.7,1.52,36.53,26.1,180.7,148.2,65.4,1.38,655.1,4.5,3.0,3.21,General Fitness,Strength,1.0,1.0,1.0,0.0,0.0,1.0,1.0
31.1,Male,68.7,1.7,23.91,17.1,200.3,180.9,49.4,0.31,429.0,4.8,2.0,3.1,General Fitness,HIIT,1.0,1.0,0.0,1.0,1.0,0.0,1.0
39.7,Male,78.0,1.73,25.97,15.8,173.3,160.1,54.0,1.53,1316.8,6.0,1.0,3.0,Endurance,Cardio,0.0,0.0,0.0,1.0,0.0,0.0,1.0
29.6,Female,72.8,1.66,26.28,16.3,203.9,161.5,51.6,0.77,792.3,3.7,3.0,3.1,Weight Loss,HIIT,1.0,1.0,0.0,0.0,1.0,0.0,1.0
29.4,Female,65.3,1.64,24.17,21.3,185.3,141.9,59.9,1.27,702.9,5.0,2.0,2.3,Muscle Gain,Functional,1.0,0.0,1.0,1.0,1.0,1.0,1.0
59.4,Male,69.5,1.73,23.1,14.6,156.1,91.7,72.3,1.15,158.5,2.7,2.0,2.1,Stress Relief,Yoga,0.0,0.0,0.0,0.0,0.0,1.0,1.0
36.8,Male,72.3,1.7,25.04,13.1,193.0,143.4,55.9,1.42,772.7,5.9,2.0,2.5,Weight Loss,Cardio,0.0,0.0,0.0,0.0,0.0,0.0,1.0
32.8,Male,79.1,1.78,24.97,24.3,181.3,108.3,57.1,1.26,601.3,3.7,3.0,2.2,Muscle Gain,Powerlifting,1.0,1.0,1.0,1.0,0.0,0.0,1.0
41.2,Male,72.0,1.61,27.89,19.8,177.7,139.5,66.9,0.75,395.9,3.5,1.0,2.2,Muscle Gain,Functional,1.0,0.0,0.0,1.0,0.0,0.0,1.0
45.8,Female,60.0,1.6,23.34,27.9,157.4,129.2,62.9,1.51,609.9,3.5,2.0,3.03,Muscle Gain,Functional,,,,,,,
25.0,Male,62.4,1.59,24.68,11.0,166.0,151.0,66.0,1.27,903.0,4.0,1.0,3.0,Strength,Strength,1.0,1.0,1.0,0.0,0.0,0.0,1.0
45.0,Female,70.2,1.82,21.19,10.0,167.0,139.0,67.0,1.32,953.0,4.0,2.0,1.5,General Fitness,Strength,1.0,1.0,1.0,1.0,1.0,0.0,1.0
22.1,Male,86.4,1.83,25.93,19.2,205.8,127.3,69.7,1.21,514.8,3.9,3.0,3.4,Muscle Gain,Powerlifting,1.0,0.0,1.0,0.0,0.0,0.0,1.0
38.9,Female,100.5,1.89,28.25,25.4,171.8,143.6,59.3,1.45,1046.3,3.7,2.0,3.64,Weight Loss,Cardio,0.0,1.0,0.0,0.0,1.0,0.0,1.0
28.2,Male,94.1,1.66,34.26,32.8,199.5,154.6,82.6,1.06,636.2,2.5,2.0,3.34,Strength,Strength,1.0,1.0,1.0,0.0,0.0,0.0,0.0
23.5,Male,68.5,1.7,23.74,14.2,189.9,137.5,54.3,1.54,1031.7,4.1,3.0,3.8,Strength,Strength,1.0,1.0,1.0,0.0,1.0,1.0,0.0
18.6,Female,77.3,1.68,27.51,19.5,190.6,170.5,59.2,1.75,1239.0,5.8,1.0,4.1,Weight Loss,Cardio,0.0,0.0,0.0,1.0,0.0,0.0,1.0
20.0,Male,63.7,1.71,21.84,11.5,201.6,165.1,75.8,1.67,876.7,4.2,1.0,4.2,Weight Loss,Cardio,0.0,1.0,0.0,0.0,0.0,0.0,1.0
26.8,Female,71.9,1.73,24.16,22.6,189.1,144.2,57.2,1.53,767.6,5.2,2.0,3.0,Endurance,Cardio,0.0,0.0,0.0,0.0,0.0,0.0,1.0
68.2,Female,68.1,1.67,24.31,13.8,144.5,139.5,51.2,1.42,1094.0,3.9,3.0,3.2,Endurance,Cardio,1.0,1.0,0.0,0.0,0.0,0.0,1.0
22.3,Female,70.6,1.71,24.04,23.8,195.6,155.6,67.3,0.76,653.9,5.1,2.0,3.1,General Fitness,Cardio,0.0,0.0,0.0,0.0,1.0,0.0,1.0
20.4,Male,77.9,1.8,23.94,12.3,210.0,180.0,63.2,1.17,1336.1,4.5,3.0,3.5,Weight Loss,Cardio,0.0,0.0,1.0,0.0,0.0,1.0,1.0
24.3,Male,71.3,1.77,22.64,10.9,200.8,151.9,62.1,1.77,900.1,3.0,2.0,3.8,Weight Loss,Cardio,1.0,0.0,0.0,0.0,0.0,0.0,1.0
27.2,Female,57.5,1.56,23.74,23.3,188.3,122.2,73.5,0.97,285.2,3.7,1.0,3.2,Strength,Strength,1.0,1.0,0.0,0.0,1.0,1.0,1.0
44.4,Male,79.3,1.8,24.48,22.2,159.9,131.7,56.8,1.11,397.9,4.5,2.0,2.3,Strength,Powerlifting,1.0,1.0,1.0,0.0,1.0,0.0,1.0
43.0,Female,73.6,1.79,22.97,17.4,170.0,169.0,72.0,1.16,1408.0,4.0,1.0,1.5,Muscle Gain,Strength,1.0,1.0,1.0,1.0,1.0,0.0,0.0
41.0,Female,40.0,1.78,12.62,29.8,182.0,155.0,68.0,1.51,1376.0,2.0,3.0,2.1,Endurance,HIIT,1.0,0.0,0.0,1.0,0.0,0.0,1.0
25.4,Female,72.8,1.69,25.46,17.2,189.4,94.9,58.1,1.45,299.9,5.0,1.0,2.2,Flexibility,Yoga,0.0,0.0,0.0,0.0,1.0,1.0,1.0
35.0,Male,80.1,1.74,26.43,14.1,185.6,126.9,65.2,1.8,1092.0,5.0,2.0,3.4,Muscle Gain,Strength,1.0,1.0,1.0,0.0,0.0,0.0,0.0
27.0,Female,71.8,1.61,27.82,17.8,196.4,162.9,57.7,1.4,1180.2,6.0,1.0,3.3,Endurance,Cardio,0.0,0.0,0.0,1.0,0.0,0.0,1.0
56.0,Female,40.0,1.85,11.69,30.6,194.0,158.0,67.0,1.43,1633.0,4.0,1.0,1.9,Strength,Strength,1.0,1.0,1.0,0.0,0.0,0.0,0.0
34.0,Female,89.7,1.78,28.31,24.2,184.0,142.0,53.0,0.53,1662.0,3.0,1.0,1.5,Weight Loss,HIIT,1.0,0.0,1.0,1.0,1.0,0.0,1.0
45.1,Male,64.0,1.75,20.87,15.3,184.1,165.4,59.8,1.16,647.9,4.6,3.0,2.9,Endurance,Cardio,0.0,0.0,1.0,0.0,1.0,0.0,1.0
29.2,Male,90.2,1.51,39.37,31.6,194.0,130.6,73.1,0.86,297.4,3.5,2.0,3.14,Stress Relief,Yoga,0.0,0.0,0.0,1.0,1.0,1.0,1.0
30.0,Female,77.5,1.71,26.51,21.4,193.1,164.3,51.0,0.93,890.3,4.1,2.0,3.6,General Fitness,HIIT,1.0,0.0,0.0,1.0,1.0,1.0,1.0
48.0,Male,71.5,1.71,24.45,22.0,183.0,151.0,62.0,1.05,820.9,4.0,3.0,2.7,General Fitness,Strength,1.0,1.0,1.0,1.0,0.0,0.0,0.0
66.2,Female,48.9,1.49,21.87,24.7,157.6,140.4,57.7,1.08,385.1,3.7,2.0,2.6,General Fitness,Strength,1.0,1.0,1.0,1.0,0.0,0.0,1.0
33.0,Male,58.1,1.65,21.34,22.4,168.0,130.0,60.0,1.18,850.0,3.0,2.0,3.1,Strength,Strength,1.0,1.0,1.0,0.0,0.0,0.0,1.0
33.0,Female,56.6,2.0,14.15,24.1,173.0,131.0,71.0,1.65,680.0,3.0,2.0,1.9,Strength,Strength,1.0,1.0,1.0,1.0,0.0,0.0,0.0
48.9,Male,54.4,1.67,19.47,20.7,165.7,112.5,58.5,1.75,593.6,4.7,1.0,2.9,Strength,Strength,1.0,1.0,1.0,0.0,0.0,0.0,1.0
46.0,Female,40.8,1.71,13.95,14.2,191.0,162.0,52.0,0.93,903.0,2.0,2.0,1.9,Muscle Gain,Strength,1.0,1.0,0.0,0.0,0.0,0.0,0.0
18.0,Male,91.1,1.76,29.41,28.8,197.0,162.0,59.0,1.52,1362.0,3.0,1.0,3.4,Weight Loss,Cardio,0.0,0.0,0.0,0.0,0.0,0.0,1.0
53.6,Male,55.3,1.7,19.18,15.3,173.0,117.4,69.8,1.09,255.4,4.4,2.0,2.7,General Fitness,Yoga,0.0,0.0,0.0,0.0,0.0,1.0,1.0
53.8,Female,62.1,1.77,19.78,24.5,165.3,156.2,57.1,1.19,700.7,3.3,3.0,4.1,General Fitness,Functional,1.0,0.0,1.0,0.0,1.0,0.0,1.0
28.7,Male,82.3,1.73,27.41,9.5,189.4,144.0,52.0,1.29,1228.4,3.8,1.0,3.1,Weight Loss,Cardio,0.0,0.0,0.0,1.0,1.0,0.0,1.0
22.1,Female,72.6,1.68,25.86,22.5,205.6,151.1,63.5,0.83,530.9,3.4,2.0,3.6,Endurance,HIIT,0.0,0.0,0.0,0.0,0.0,0.0,0.0
20.0,Male,83.7,1.7,29.0,31.2,205.4,188.4,70.1,0.71,664.0,2.3,2.0,3.65,Weight Loss,HIIT,1.0,1.0,0.0,0.0,1.0,1.0,1.0
36.0,Male,80.8,1.91,22.15,23.6,184.0,121.5,59.0,0.99,780.0,4.0,2.0,3.3,Weight Loss,HIIT,1.0,0.0,0.0,1.0,1.0,0.0,1.0
23.0,Male,40.0,1.87,11.44,23.7,161.0,117.5,74.0,1.5,1200.0,4.0,3.0,3.3,Muscle Gain,Strength,1.0,1.0,1.0,1.0,0.0,0.0,0.0
27.6,Female,61.7,1.71,21.16,27.3,192.0,127.1,46.9,1.47,585.3,4.2,2.0,2.0,Muscle Gain,Functional,0.0,0.0,1.0,1.0,1.0,1.0,0.0
21.2,Male,51.8,1.8,16.06,22.9,199.5,140.5,50.9,1.08,335.7,4.1,3.0,3.52,Strength,Strength,1.0,1.0,1.0,0.0,1.0,1.0,1.0
40.5,Male,66.7,1.65,24.5,11.9,163.8,158.8,60.1,1.35,1164.3,4.7,2.0,3.5,General Fitness,Cardio,1.0,0.0,0.0,0.0,0.0,0.0,1.0
19.9,Female,56.0,1.71,19.17,19.3,196.3,146.4,53.5,1.73,1112.0,4.3,2.0,3.5,Weight Loss,Cardio,1.0,0.0,0.0,0.0,0.0,0.0,1.0
25.6,Male,87.4,1.82,26.42,25.1,200.1,133.7,60.6,2.44,1706.0,4.0,2.0,3.9,Muscle Gain,Powerlifting,1.0,1.0,0.0,0.0,0.0,0.0,0.0
29.2,Female,67.7,1.64,25.06,22.4,187.8,172.8,61.6,1.09,945.0,3.3,2.0,3.7,Endurance,HIIT,1.0,0.0,1.0,1.0,1.0,0.0,1.0
25.0,Male,56.9,1.61,21.95,20.1,183.0,130.0,65.0,1.33,804.0,4.0,2.0,1.5,Endurance,HIIT,1.0,1.0,0.0,1.0,1.0,0.0,1.0
18.9,Female,60.5,1.68,21.36,,195.0,188.6,45.0,0.74,765.6,4.8,3.0,3.8,General Fitness,HIIT,0.0,0.0,0.0,1.0,1.0,0.0,1.0
33.7,Male,65.6,1.76,21.09,21.2,180.2,145.4,69.4,1.31,986.3,3.3,3.0,3.3,Athletic Performance,Functional,0.0,1.0,1.0,1.0,0.0,0.0,0.0
27.8,Female,66.6,1.56,27.33,35.0,183.2,111.8,69.4,1.16,289.8,3.2,3.0,2.5,Muscle Gain,Powerlifting,1.0,1.0,0.0,1.0,0.0,0.0,1.0
28.5,Female,61.0,1.77,19.41,23.1,177.9,110.2,62.0,0.96,213.7,2.2,2.0,2.61,Stress Relief,Yoga,0.0,0.0,0.0,0.0,1.0,0.0,1.0
40.0,Male,54.0,1.52,23.41,24.4,175.5,151.7,70.7,1.66,666.4,1.9,1.0,3.29,Weight Loss,Cardio,1.0,0.0,1.0,0.0,0.0,1.0,1.0
62.4,Female,58.0,1.53,24.81,26.6,159.1,139.5,62.0,0.81,470.2,3.4,1.0,3.0,Strength,Strength,0.0,0.0,1.0,0.0,0.0,1.0,1.0
51.0,Male,80.8,2.0,20.2,33.9,167.0,129.0,55.0,1.52,1454.0,3.0,1.0,1.6,General Fitness,Cardio,0.0,0.0,0.0,0.0,0.0,0.0,1.0
54.0,Female,52.6,1.81,16.06,26.7,167.0,167.0,53.0,1.46,988.0,2.0,1.0,2.4,Muscle Gain,Strength,1.0,1.0,1.0,0.0,0.0,0.0,1.0
20.9,Male,61.9,1.61,23.91,10.6,198.4,174.8,50.5,1.08,568.1,3.4,2.0,3.7,Endurance,Cardio,0.0,0.0,0.0,0.0,0.0,0.0,1.0
64.7,Male,53.5,1.66,19.33,11.9,152.3,147.3,53.1,0.59,387.3,4.4,3.0,2.8,Weight Loss,Cardio,0.0,0.0,0.0,0.0,0.0,0.0,1.0
18.0,Male,44.8,1.67,16.06,21.6,193.0,137.0,61.0,1.3,719.0,4.0,1.0,2.3,Strength,Strength,1.0,1.0,0.0,1.0,0.0,0.0,1.0
25.6,Male,76.7,1.88,21.64,12.9,184.8,146.8,62.5,0.68,675.9,3.8,1.0,2.6,Endurance,Cardio,0.0,1.0,0.0,0.0,0.0,0.0,1.0
23.1,Female,61.4,1.66,22.28,17.2,201.1,172.8,71.2,0.69,570.3,5.1,2.0,2.8,Endurance,Cardio,0.0,0.0,0.0,1.0,0.0,0.0,1.0
45.8,Male,80.1,1.72,27.14,14.6,153.5,148.5,67.0,0.71,515.1,3.1,3.0,3.7,Muscle Gain,Functional,0.0,0.0,1.0,1.0,1.0,1.0,1.0
18.6,Male,80.2,1.92,21.84,11.4,210.0,171.6,53.3,1.39,1401.2,3.2,3.0,3.4,Endurance,Cardio,0.0,0.0,1.0,0.0,0.0,0.0,1.0
21.2,Female,54.4,1.56,22.5,34.7,204.0,118.1,66.4,2.05,538.5,4.9,2.0,2.7,General Fitness,Powerlifting,1.0,1.0,0.0,0.0,0.0,0.0,0.0
48.7,Male,60.3,1.7,20.97,23.3,172.7,146.6,79.1,1.83,714.4,3.7,2.0,3.58,General Fitness,Strength,1.0,1.0,0.0,1.0,0.0,1.0,1.0
41.2,Female,80.1,1.7,27.61,15.4,172.4,159.6,63.4,1.39,1189.4,3.8,3.0,3.0,General Fitness,Cardio,1.0,0.0,0.0,0.0,0.0,0.0,0.0
50.5,Male,70.2,1.92,19.1,26.9,168.8,163.8,67.6,0.96,770.1,2.0,1.0,3.08,Endurance,HIIT,1.0,0.0,0.0,1.0,1.0,0.0,1.0
27.0,Female,70.0,1.6,27.39,21.6,181.9,140.2,70.0,0.93,835.5,3.1,2.0,2.7,Endurance,Cardio,1.0,1.0,1.0,0.0,0.0,0.0,1.0
48.0,Female,91.3,1.58,36.57,28.9,175.0,152.0,72.0,1.25,1576.0,2.0,2.0,3.4,Strength,Strength,1.0,1.0,1.0,0.0,1.0,0.0,0.0
23.6,Female,95.0,1.76,30.78,30.6,195.7,163.1,68.4,1.11,817.5,4.6,2.0,3.41,Endurance,Cardio,0.0,1.0,0.0,0.0,0.0,0.0,1.0
21.2,Female,76.3,1.65,27.89,23.5,203.0,169.5,60.3,0.81,1136.8,3.1,3.0,4.2,Endurance,HIIT,1.0,1.0,0.0,1.0,0.0,0.0,1.0
46.0,Female,40.0,1.75,13.06,22.3,170.0,142.0,63.0,0.96,919.0,4.0,2.0,2.4,Weight Loss,Cardio,0.0,0.0,0.0,0.0,1.0,0.0,1.0
26.0,Female,92.4,1.59,36.55,24.9,165.0,169.0,55.0,1.49,1783.0,4.0,2.0,1.5,Weight Loss,HIIT,1.0,0.0,0.0,0.0,1.0,0.0,0.0
21.0,Female,57.4,1.74,18.96,27.7,179.0,161.0,73.0,2.0,457.0,3.0,1.0,2.5,General Fitness,HIIT,1.0,0.0,0.0,0.0,1.0,1.0,1.0
28.0,Male,82.9,1.72,27.92,33.6,191.1,150.3,74.0,1.65,912.6,1.4,1.0,3.51,Muscle Gain,Strength,0.0,1.0,1.0,0.0,0.0,0.0,1.0
20.3,Female,66.3,1.71,22.77,27.1,209.4,139.3,58.6,1.17,687.7,4.9,1.0,3.5,Strength,Strength,1.0,1.0,1.0,0.0,0.0,0.0,0.0
18.0,Male,44.8,1.81,13.67,23.5,164.0,110.5,57.0,1.2,742.0,4.0,3.0,3.3,Weight Loss,HIIT,0.0,0.0,1.0,1.0,1.0,0.0,1.0
34.0,Female,81.1,1.58,32.44,29.2,189.6,132.2,71.7,0.97,291.9,2.0,2.0,3.03,Flexibility,Yoga,1.0,0.0,0.0,0.0,1.0,0.0,1.0
22.5,Male,77.8,1.88,22.09,20.3,203.6,144.7,75.2,0.75,337.1,3.0,2.0,3.5,Muscle Gain,Strength,1.0,1.0,1.0,0.0,1.0,1.0,0.0
27.3,Male,58.4,1.63,21.87,19.8,192.8,157.6,59.4,1.46,1049.2,3.9,1.0,3.7,General Fitness,Functional,0.0,0.0,1.0,1.0,1.0,1.0,0.0
40.5,Male,45.0,1.9,12.43,18.0,185.3,136.1,61.9,0.96,268.7,3.2,2.0,2.95,Muscle Gain,Strength,1.0,1.0,0.0,0.0,1.0,0.0,1.0
29.2,Male,68.7,1.62,26.25,21.6,194.3,134.9,60.3,2.09,1033.5,4.3,3.0,2.9,Muscle Gain,Powerlifting,0.0,1.0,1.0,0.0,0.0,0.0,0.0
30.0,Female,96.3,2.0,24.08,20.4,173.0,136.0,74.0,2.0,1095.0,5.0,2.0,1.5,General Fitness,HIIT,1.0,1.0,0.0,0.0,0.0,0.0,1.0
40.1,Female,58.3,1.5,25.83,24.6,179.2,141.5,73.4,1.44,989.6,4.3,3.0,3.4,Weight Loss,Cardio,1.0,0.0,0.0,0.0,0.0,1.0,1.0
20.6,Female,61.2,1.7,21.07,17.7,203.0,177.2,63.7,1.21,1320.8,4.7,3.0,4.4,General Fitness,Cardio,0.0,0.0,0.0,0.0,0.0,0.0,1.0
25.9,Male,67.2,1.65,24.69,20.9,193.7,115.1,60.4,0.93,453.2,4.8,2.0,2.0,Strength,Strength,1.0,1.0,1.0,0.0,0.0,0.0,1.0
29.7,Female,51.3,1.76,16.49,19.8,191.1,155.1,62.8,1.0,340.7,4.4,3.0,3.38,Muscle Gain,Strength,,,,,,,
47.8,Male,45.0,1.74,14.84,11.2,167.9,135.7,71.4,1.7,458.6,2.7,2.0,3.53,General Fitness,Strength,1.0,1.0,1.0,1.0,1.0,0.0,0.0
47.0,Female,82.2,1.72,27.79,25.0,174.0,126.0,70.0,1.15,1211.0,2.0,3.0,3.7,Muscle Gain,Strength,1.0,1.0,1.0,1.0,0.0,0.0,0.0
50.7,Male,85.8,1.78,27.05,12.5,157.8,147.6,63.0,0.94,922.8,4.5,3.0,3.7,Weight Loss,Cardio,1.0,0.0,0.0,1.0,0.0,0.0,1.0
41.6,Male,62.9,1.76,20.42,8.2,190.1,144.7,53.3,1.57,1346.5,5.6,3.0,3.1,Weight Loss,Cardio,0.0,0.0,0.0,0.0,0.0,0.0,1.0
29.9,Female,77.9,1.64,28.81,25.1,192.4,113.0,77.0,1.77,981.9,4.9,1.0,2.8,Strength,Strength,1.0,1.0,1.0,1.0,0.0,0.0,1.0
42.0,Female,88.6,2.0,22.15,18.6,171.0,166.0,72.0,1.11,1335.0,5.0,2.0,2.2,General Fitness,Strength,1.0,1.0,1.0,0.0,0.0,0.0,1.0
32.8,Female,60.1,1.5,26.79,20.9,170.2,153.9,75.0,0.99,783.5,4.7,1.0,2.7,Athletic Performance,Functional,0.0,0.0,0.0,0.0,1.0,0.0,1.0
34.0,Female,88.8,1.56,36.49,32.6,198.0,160.0,53.0,1.18,1086.0,4.0,2.0,3.4,Endurance,Cardio,0.0,0.0,0.0,0.0,1.0,1.0,1.0
28.1,Male,71.3,1.68,25.2,16.5,181.5,104.6,64.5,0.91,231.5,2.2,2.0,1.9,Flexibility,Yoga,0.0,0.0,0.0,0.0,1.0,0.0,1.0
40.1,Female,62.5,1.78,19.79,20.8,178.1,117.9,72.1,1.51,576.1,4.8,2.0,3.0,Strength,Strength,1.0,0.0,1.0,1.0,0.0,0.0,1.0
25.5,Male,93.7,1.87,26.66,13.3,196.7,131.8,56.2,1.81,1169.0,3.7,1.0,3.4,General Fitness,Strength,1.0,1.0,1.0,0.0,0.0,1.0,1.0
23.2,Male,57.7,1.64,21.37,15.5,195.8,130.1,65.3,1.33,738.5,4.1,1.0,3.0,Athletic Performance,Functional,1.0,0.0,1.0,1.0,0.0,1.0,1.0
23.0,Male,83.0,1.74,27.41,21.0,160.0,120.0,72.0,1.35,1628.0,5.0,2.0,3.3,Muscle Gain,Strength,1.0,0.0,1.0,1.0,0.0,0.0,1.0
39.1,Male,91.8,1.72,31.04,23.6,186.2,129.2,60.1,1.74,740.7,3.5,3.0,,Muscle Gain,Powerlifting,1.0,1.0,1.0,1.0,1.0,0.0,0.0
18.5,Male,67.5,1.71,23.11,14.8,206.3,121.3,69.3,1.24,603.8,3.1,2.0,2.7,Muscle Gain,Strength,1.0,0.0,1.0,0.0,0.0,1.0,0.0
24.9,Female,47.1,1.54,19.85,22.5,199.7,113.8,67.0,1.33,253.0,2.4,3.0,2.7,Flexibility,Yoga,0.0,0.0,0.0,0.0,0.0,1.0,1.0
35.4,Female,66.8,1.63,25.19,21.7,192.6,128.8,55.2,1.01,551.8,3.3,2.0,2.3,Athletic Performance,Functional,0.0,0.0,0.0,0.0,0.0,0.0,1.0
37.9,Female,62.7,1.54,26.33,24.0,184.9,134.7,61.9,1.18,563.4,4.1,1.0,3.0,Muscle Gain,Functional,0.0,1.0,1.0,1.0,0.0,0.0,1.0
55.0,Female,78.4,1.59,31.01,13.6,171.0,132.0,74.0,2.0,1182.0,3.0,1.0,3.7,Endurance,HIIT,0.0,0.0,0.0,1.0,0.0,0.0,1.0
61.9,Male,90.0,1.82,27.2,11.8,156.1,151.1,49.8,0.6,627.6,5.0,2.0,2.6,Weight Loss,Cardio,0.0,0.0,0.0,0.0,1.0,0.0,1.0
28.1,Female,68.9,1.63,26.04,22.7,198.0,133.2,51.5,1.14,714.3,3.5,3.0,3.0,General Fitness,Functional,1.0,0.0,0.0,1.0,1.0,1.0,1.0
33.5,Female,71.5,1.72,24.23,21.9,193.6,178.5,57.0,1.13,1196.0,3.7,3.0,3.6,General Fitness,HIIT,1.0,0.0,1.0,1.0,1.0,0.0,1.0
25.1,Male,69.0,1.68,24.44,21.3,191.1,159.5,60.5,1.15,673.3,4.4,2.0,3.5,Muscle Gain,Functional,0.0,1.0,0.0,1.0,1.0,0.0,1.0
35.1,Female,61.8,1.65,22.73,20.6,199.6,179.7,68.3,1.37,1378.1,5.4,1.0,3.5,Weight Loss,Cardio,0.0,0.0,0.0,0.0,0.0,0.0,1.0
18.7,Male,76.1,1.69,26.62,21.1,210.0,137.4,68.2,1.34,973.9,3.5,1.0,2.7,Athletic Performance,Functional,0.0,0.0,0.0,1.0,1.0,0.0,1.0
32.0,Female,52.2,1.73,17.44,27.4,196.0,134.0,74.0,2.0,684.0,3.0,1.0,2.0,Strength,Strength,0.0,1.0,1.0,0.0,1.0,1.0,0.0
47.0,Male,48.1,1.71,16.45,28.1,185.0,129.0,74.0,0.87,1177.0,3.0,3.0,2.6,Strength,Strength,1.0,1.0,1.0,0.0,0.0,0.0,0.0
19.9,Female,45.1,1.5,19.97,17.4,190.6,99.8,72.3,1.18,146.0,2.0,2.0,2.4,Stress Relief,Yoga,0.0,1.0,0.0,0.0,0.0,1.0,1.0
51.0,Male,98.9,1.85,28.9,25.0,181.0,138.0,70.0,1.49,859.0,2.0,2.0,1.5,Endurance,Cardio,0.0,0.0,0.0,0.0,0.0,0.0,1.0
40.1,Male,48.2,1.49,21.87,21.4,185.7,161.8,64.7,0.98,389.1,2.7,2.0,2.36,Endurance,Cardio,0.0,0.0,0.0,1.0,0.0,0.0,1.0
33.0,Female,69.2,1.7,24.01,25.9,186.1,150.5,45.0,1.5,1290.3,3.8,3.0,2.7,Muscle Gain,Functional,0.0,0.0,0.0,1.0,1.0,0.0,1.0
42.8,Female,65.0,1.54,27.47,19.0,166.7,122.4,68.1,0.93,380.6,4.4,1.0,2.4,Muscle Gain,Strength,1.0,1.0,0.0,1.0,1.0,0.0,1.0
27.6,Female,56.9,1.69,19.87,20.3,192.3,110.5,64.7,1.83,668.2,4.4,2.0,2.8,Muscle Gain,Strength,0.0,0.0,1.0,0.0,0.0,0.0,1.0
24.5,Female,53.8,1.6,21.02,24.1,195.3,175.3,45.2,0.32,305.9,2.7,2.0,3.3,Endurance,HIIT,1.0,1.0,0.0,1.0,1.0,0.0,1.0
37.0,Male,66.2,1.61,25.57,15.1,181.4,176.4,46.7,0.78,599.1,4.4,3.0,2.6,Endurance,HIIT,1.0,0.0,0.0,1.0,0.0,1.0,1.0
33.7,Male,76.8,1.75,25.15,13.3,187.1,130.0,64.4,0.81,447.6,3.5,2.0,2.8,General Fitness,Functional,0.0,0.0,0.0,1.0,0.0,1.0,1.0
57.0,Female,63.6,1.87,18.19,23.7,170.0,158.0,65.0,1.56,840.0,4.0,1.0,3.6,Muscle Gain,Strength,1.0,1.0,1.0,1.0,0.0,0.0,1.0
27.6,Male,78.6,1.71,26.88,9.6,188.7,172.1,49.2,0.42,487.5,4.4,3.0,4.1,General Fitness,HIIT,0.0,0.0,1.0,1.0,0.0,0.0,1.0
31.0,Female,86.4,1.59,34.18,27.6,187.0,169.0,50.0,2.0,1336.0,4.0,1.0,1.6,Muscle Gain,Strength,0.0,0.0,0.0,0.0,0.0,1.0,1.0
22.6,Female,68.5,1.63,25.79,21.3,200.5,124.3,62.2,1.75,636.5,3.7,1.0,2.2,Muscle Gain,Strength,1.0,1.0,1.0,1.0,0.0,0.0,1.0
34.5,Male,72.5,1.75,23.73,16.2,189.1,129.1,66.7,1.7,1128.7,3.1,2.0,3.9,Muscle Gain,Strength,1.0,1.0,1.0,1.0,1.0,0.0,0.0
36.6,Male,76.4,1.66,27.71,21.4,194.3,151.3,63.4,1.75,893.8,2.9,2.0,3.46,Athletic Performance,Functional,,,,,,,
60.7,Female,65.1,1.61,25.23,19.4,155.5,150.5,71.6,1.11,803.9,3.2,2.0,3.2,Muscle Gain,Functional,0.0,0.0,1.0,0.0,1.0,1.0,1.0
30.0,Male,56.6,2.0,14.15,28.9,184.0,125.0,52.0,1.29,918.0,2.0,1.0,3.3,Endurance,Cardio,0.0,1.0,0.0,0.0,0.0,0.0,1.0
23.5,Female,56.0,1.7,19.34,16.2,200.8,165.0,52.2,0.37,369.2,3.2,2.0,3.1,Weight Loss,HIIT,0.0,0.0,0.0,0.0,1.0,1.0,1.0
46.0,Female,49.2,1.5,21.87,25.9,184.0,120.0,73.0,2.0,832.0,3.0,1.0,3.3,General Fitness,Strength,1.0,1.0,1.0,0.0,1.0,0.0,0.0
33.4,Male,87.8,1.77,28.09,15.7,183.0,143.0,62.4,1.85,1444.7,3.8,3.0,3.5,General Fitness,Strength,1.0,1.0,1.0,0.0,0.0,0.0,1.0
27.6,Female,73.0,1.64,27.2,22.0,195.5,141.8,65.3,1.14,750.7,4.9,2.0,2.8,Athletic Performance,Functional,1.0,0.0,0.0,1.0,1.0,1.0,1.0
45.4,Male,74.5,1.77,23.84,16.6,181.5,154.0,59.6,0.64,398.9,5.1,1.0,3.3,Weight Loss,Cardio,0.0,0.0,0.0,1.0,0.0,0.0,0.0
19.6,Female,64.1,1.6,25.05,20.5,188.5,99.4,70.3,1.13,160.1,2.4,3.0,1.9,Stress Relief,Yoga,0.0,0.0,0.0,0.0,0.0,1.0,0.0
41.0,Male,83.7,1.92,22.71,21.4,161.0,163.0,59.0,1.37,1308.0,2.0,2.0,1.5,Endurance,Cardio,0.0,0.0,0.0,1.0,0.0,0.0,0.0
37.3,Female,66.2,1.67,23.71,15.7,195.3,171.6,57.4,1.08,1317.6,3.0,2.0,3.8,Endurance,HIIT,0.0,1.0,0.0,1.0,1.0,1.0,1.0
31.8,Female,64.3,1.58,25.83,22.8,183.1,136.3,70.8,1.24,487.1,3.6,3.0,2.8,Muscle Gain,Strength,1.0,1.0,1.0,0.0,0.0,0.0,1.0
50.7,Female,80.5,1.64,29.97,27.6,152.3,106.4,61.0,1.2,616.0,3.1,2.0,1.8,Strength,Powerlifting,0.0,1.0,0.0,1.0,0.0,0.0,1.0
26.1,Male,71.9,1.74,23.8,19.3,193.0,130.9,59.1,1.27,970.3,3.2,3.0,2.9,Muscle Gain,Functional,0.0,1.0,0.0,0.0,1.0,1.0,1.0
53.5,Male,73.8,1.76,23.84,13.4,159.5,154.5,56.4,1.15,1065.2,3.6,3.0,3.5,Endurance,HIIT,0.0,0.0,0.0,1.0,0.0,0.0,1.0
26.6,Male,69.7,1.74,23.08,15.6,197.8,112.6,70.7,1.35,226.3,2.5,3.0,2.9,Flexibility,Yoga,0.0,0.0,0.0,0.0,1.0,1.0,1.0
25.7,Male,78.2,1.85,22.8,,195.6,179.5,55.1,0.92,715.6,2.7,2.0,2.18,Weight Loss,HIIT,0.0,1.0,0.0,1.0,1.0,1.0,1.0
27.0,Male,65.3,1.81,19.93,28.5,176.0,169.0,64.0,1.37,1783.0,3.0,3.0,1.5,Strength,Strength,0.0,1.0,1.0,1.0,0.0,1.0,0.0
18.0,Female,68.1,1.66,24.71,27.2,160.0,120.0,65.0,1.43,1343.0,4.0,1.0,3.3,Endurance,Cardio,0.0,0.0,0.0,0.0,0.0,0.0,1.0
36.6,Female,70.3,1.64,26.18,23.7,180.7,121.7,67.0,1.25,502.8,4.5,3.0,3.1,Muscle Gain,Powerlifting,1.0,0.0,1.0,0.0,0.0,1.0,0.0
21.0,Male,45.2,1.73,15.1,24.2,198.0,156.0,59.0,1.07,1562.0,4.0,2.0,2.8,Weight Loss,Cardio,0.0,0.0,1.0,1.0,0.0,0.0,1.0
28.6,Male,74.4,1.77,23.74,20.5,179.4,159.1,67.5,1.31,1207.0,3.9,1.0,3.4,Muscle Gain,Functional,1.0,1.0,0.0,1.0,1.0,0.0,1.0
37.8,Female,59.4,1.64,22.0,25.5,180.3,133.9,68.6,0.69,432.8,4.6,1.0,2.8,General Fitness,Functional,1.0,0.0,0.0,1.0,1.0,1.0,0.0
37.1,Male,61.3,1.71,21.05,19.1,173.6,151.4,61.3,1.33,504.1,2.6,2.0,3.61,Athletic Performance,Strength,,,,,,,
28.7,Male,54.3,1.66,19.69,18.3,191.9,113.5,75.0,1.75,629.2,3.5,3.0,3.2,Muscle Gain,Strength,1.0,1.0,1.0,1.0,0.0,0.0,0.0
35.1,Female,51.3,1.83,15.27,23.7,185.6,146.4,76.0,1.34,462.0,2.6,1.0,3.18,Muscle Gain,Strength,1.0,0.0,1.0,1.0,1.0,1.0,0.0
42.7,Female,82.3,2.01,20.27,21.1,179.3,147.0,60.9,0.9,449.1,3.6,3.0,3.35,Muscle Gain,Strength,1.0,1.0,1.0,1.0,1.0,1.0,0.0
51.3,Male,82.2,1.73,27.52,13.1,178.1,173.1,60.2,0.42,566.4,3.5,3.0,3.6,Weight Loss,HIIT,0.0,0.0,0.0,1.0,1.0,0.0,1.0
28.5,Female,58.5,1.51,25.61,15.2,182.4,146.5,51.8,1.52,897.1,5.3,1.0,2.9,Weight Loss,Cardio,1.0,0.0,0.0,0.0,0.0,0.0,1.0
22.1,Female,70.1,1.79,21.8,26.7,202.6,166.7,51.2,1.89,903.1,1.9,1.0,3.33,General Fitness,Cardio,0.0,0.0,0.0,0.0,0.0,1.0,1.0
52.5,Female,71.1,1.62,27.14,27.9,172.3,102.3,54.1,2.01,573.6,3.9,3.0,2.6,Muscle Gain,Powerlifting,0.0,1.0,1.0,0.0,0.0,1.0,0.0
26.6,Female,63.0,1.59,24.9,18.1,188.8,109.6,60.4,1.0,178.7,2.9,1.0,2.2,General Fitness,Yoga,0.0,0.0,0.0,0.0,1.0,1.0,1.0
36.0,Female,74.1,1.7,25.58,17.1,191.1,172.5,48.8,0.55,556.6,4.1,3.0,3.4,Weight Loss,Cardio,0.0,0.0,0.0,0.0,0.0,0.0,1.0
53.0,Female,56.7,1.59,22.54,22.8,172.4,141.4,67.8,0.72,332.9,4.5,3.0,3.3,Muscle Gain,Functional,0.0,1.0,1.0,1.0,1.0,1.0,0.0
26.3,Female,67.4,1.78,21.19,22.5,196.3,124.8,73.1,1.3,532.4,4.8,3.0,3.0,Strength,Strength,0.0,1.0,1.0,0.0,0.0,1.0,1.0
25.1,Male,62.7,1.61,24.24,18.1,194.1,112.5,54.8,1.91,564.7,4.1,3.0,3.0,Strength,Powerlifting,1.0,1.0,1.0,0.0,0.0,0.0,1.0
29.9,Male,89.6,1.84,26.53,15.6,188.6,173.0,51.3,1.18,1574.4,3.3,2.0,3.6,Weight Loss,Cardio,0.0,1.0,0.0,0.0,1.0,1.0,1.0
59.0,Male,40.0,1.56,16.44,23.7,163.0,167.0,74.0,1.59,722.0,4.0,3.0,3.2,Endurance,Cardio,0.0,0.0,0.0,0.0,0.0,0.0,1.0
18.4,Female,50.6,1.62,19.31,23.1,208.1,143.3,56.7,0.81,387.0,4.3,1.0,3.1,General Fitness,Functional,1.0,0.0,0.0,1.0,1.0,1.0,1.0
24.4,Female,72.1,1.62,27.57,20.1,190.2,165.5,49.8,0.49,455.2,5.0,2.0,3.7,Weight Loss,HIIT,1.0,1.0,0.0,0.0,1.0,0.0,1.0
48.3,Female,45.0,1.54,19.05,13.2,175.3,168.2,70.4,0.68,318.7,5.5,2.0,2.91,General Fitness,HIIT,1.0,0.0,0.0,1.0,0.0,0.0,1.0
19.7,Male,92.8,1.82,27.97,18.1,202.7,155.9,69.3,0.82,555.1,3.8,2.0,2.8,General Fitness,Functional,0.0,0.0,1.0,1.0,1.0,0.0,1.0
26.7,Male,57.8,1.73,19.34,8.2,194.2,152.1,70.0,0.51,338.6,3.9,1.0,2.6,General Fitness,Cardio,0.0,0.0,0.0,0.0,0.0,1.0,1.0
19.7,Female,58.1,1.72,19.54,18.5,210.0,186.5,61.4,0.4,456.6,2.1,2.0,3.5,General Fitness,HIIT,0.0,0.0,0.0,1.0,0.0,0.0,1.0
38.0,Male,99.6,1.6,38.91,30.6,173.0,132.0,56.0,1.01,1128.0,2.0,2.0,3.4,Muscle Gain,Strength,1.0,1.0,1.0,1.0,0.0,0.0,0.0
25.6,Male,76.5,1.67,27.53,23.9,198.4,165.5,81.0,1.63,833.7,2.2,2.0,3.38,General Fitness,Strength,,,,,,,
23.5,Female,68.4,1.61,26.27,15.9,183.8,156.5,62.7,0.84,532.8,5.9,3.0,2.9,Endurance,Cardio,1.0,0.0,0.0,1.0,0.0,0.0,1.0
30.1,Female,59.4,1.67,21.3,18.5,191.2,144.7,53.0,1.07,619.1,4.2,1.0,3.0,Endurance,Cardio,1.0,0.0,0.0,0.0,0.0,1.0,1.0
36.8,Female,52.5,1.63,19.89,18.4,181.0,154.1,60.7,0.75,291.5,3.0,3.0,3.0,Weight Loss,Cardio,1.0,0.0,0.0,0.0,0.0,0.0,1.0
27.1,Male,79.3,1.84,23.32,21.1,189.2,181.7,72.9,0.51,451.5,3.3,2.0,2.94,General Fitness,HIIT,1.0,0.0,0.0,0.0,1.0,0.0,1.0
25.4,Male,72.0,1.69,25.11,13.0,188.8,141.1,77.0,1.46,988.1,5.0,3.0,3.3,Muscle Gain,Strength,1.0,1.0,0.0,0.0,1.0,0.0,1.0
40.0,Male,71.3,1.64,26.64,27.1,183.0,157.2,68.0,1.85,931.9,3.6,2.0,3.97,Weight Loss,Cardio,1.0,0.0,0.0,0.0,0.0,0.0,1.0
36.0,Female,67.5,1.71,23.08,20.6,173.0,116.5,60.0,1.1,511.0,4.0,1.0,1.5,Endurance,HIIT,1.0,0.0,0.0,1.0,1.0,0.0,1.0
18.0,Female,49.3,1.71,16.86,29.4,162.0,160.0,52.0,1.23,375.0,5.0,2.0,3.4,Strength,Strength,0.0,1.0,0.0,1.0,0.0,0.0,1.0
24.6,Male,70.4,1.69,24.69,8.0,188.2,174.5,64.1,0.85,926.9,4.1,2.0,4.0,Weight Loss,Cardio,0.0,0.0,0.0,0.0,0.0,0.0,1.0
43.0,Male,75.3,1.67,27.09,21.3,182.7,151.9,62.7,1.88,986.6,5.0,3.0,3.83,Endurance,Cardio,1.0,0.0,0.0,1.0,0.0,0.0,1.0
33.5,Male,70.0,1.69,24.63,20.6,182.2,144.2,64.3,1.13,562.2,5.1,3.0,3.75,General Fitness,Functional,,,,,,,
30.1,Female,67.8,1.75,22.22,24.7,174.8,144.9,61.4,1.23,847.6,3.8,2.0,3.2,Muscle Gain,Functional,1.0,0.0,0.0,1.0,0.0,1.0,0.0
54.0,Female,54.5,1.67,19.47,17.6,171.8,154.2,57.1,0.8,448.9,4.2,2.0,2.83,Endurance,HIIT,1.0,0.0,0.0,1.0,1.0,0.0,1.0
56.3,Female,61.9,1.54,26.02,25.1,160.6,155.6,52.4,0.66,507.7,4.8,3.0,3.5,General Fitness,Cardio,0.0,0.0,0.0,0.0,0.0,0.0,1.0
34.3,Male,67.7,1.71,23.22,17.2,187.7,152.0,68.0,1.55,785.0,5.6,3.0,3.8,General Fitness,Cardio,1.0,1.0,0.0,0.0,1.0,0.0,1.0
36.5,Male,78.2,1.8,24.27,20.9,174.2,147.7,59.1,1.48,985.4,4.5,2.0,3.0,Athletic Performance,Functional,0.0,1.0,0.0,0.0,0.0,1.0,1.0
27.6,Male,95.0,1.79,29.56,19.5,187.8,116.8,66.7,1.5,881.8,3.9,3.0,2.9,Muscle Gain,Powerlifting,1.0,1.0,0.0,0.0,0.0,1.0,0.0
39.9,Female,79.7,1.74,26.47,27.7,175.5,141.8,80.0,1.53,773.7,2.1,1.0,3.66,Muscle Gain,Strength,1.0,1.0,1.0,0.0,0.0,0.0,0.0
50.0,Female,56.4,1.67,20.22,17.5,193.0,128.0,59.0,1.9,1190.0,2.0,2.0,3.7,Endurance,HIIT,1.0,0.0,0.0,1.0,0.0,0.0,1.0
27.5,Female,57.1,1.63,21.51,22.4,207.9,170.7,45.0,1.69,1456.9,4.6,2.0,4.7,Endurance,Cardio,0.0,0.0,0.0,0.0,0.0,0.0,1.0
29.3,Female,70.2,1.62,26.58,28.0,181.5,122.8,76.3,1.97,1078.8,3.5,3.0,2.9,Muscle Gain,Strength,0.0,0.0,1.0,1.0,0.0,0.0,0.0
29.5,Female,77.1,1.66,28.09,30.5,193.4,127.9,69.0,1.31,565.4,4.7,3.0,3.0,General Fitness,Powerlifting,1.0,1.0,1.0,0.0,1.0,0.0,1.0
20.0,Male,57.1,1.66,20.72,24.6,168.0,146.0,74.0,1.17,1040.0,2.0,2.0,3.5,General Fitness,Cardio,1.0,0.0,0.0,0.0,1.0,0.0,1.0
31.0,Male,62.1,1.71,21.24,27.4,172.0,169.0,55.0,1.52,854.0,3.0,3.0,3.7,Weight Loss,HIIT,1.0,0.0,1.0,1.0,1.0,0.0,0.0
47.0,Male,87.5,1.84,25.86,23.4,189.7,106.5,59.0,1.41,623.7,3.2,3.0,1.5,General Fitness,Powerlifting,0.0,1.0,0.0,0.0,0.0,0.0,1.0
33.2,Female,62.5,1.55,25.96,26.4,186.8,106.1,69.6,1.62,462.1,4.3,2.0,3.3,Muscle Gain,Powerlifting,1.0,1.0,0.0,0.0,1.0,0.0,0.0
28.1,Male,82.7,1.79,25.71,20.6,186.1,150.4,69.6,1.21,759.6,3.1,1.0,3.7,General Fitness,Functional,0.0,0.0,1.0,1.0,0.0,0.0,1.0
33.7,Male,77.0,1.81,23.57,20.2,188.0,138.2,56.6,1.8,1382.6,4.3,3.0,3.9,Strength,Strength,0.0,1.0,0.0,1.0,0.0,1.0,1.0
24.1,Female,62.6,1.65,23.04,18.5,208.9,184.6,45.6,1.08,1014.2,4.5,2.0,4.6,Endurance,HIIT,1.0,0.0,0.0,1.0,1.0,0.0,0.0
35.6,Female,50.8,1.61,19.62,17.8,182.0,91.3,63.7,0.68,97.2,4.1,2.0,1.5,Flexibility,Yoga,0.0,0.0,0.0,0.0,0.0,1.0,1.0
23.5,Male,71.4,1.88,20.19,11.9,197.6,99.9,68.2,1.01,139.0,3.6,1.0,1.6,General Fitness,Yoga,0.0,0.0,0.0,0.0,1.0,0.0,1.0
37.9,Female,70.4,1.63,26.47,22.1,181.1,167.3,56.9,1.51,1517.6,3.8,1.0,4.1,Weight Loss,Cardio,0.0,0.0,1.0,0.0,0.0,0.0,0.0
39.0,Male,70.7,1.58,28.32,21.9,189.0,163.0,66.0,1.69,1146.0,3.0,1.0,3.2,Strength,Strength,1.0,1.0,1.0,0.0,0.0,0.0,1.0
37.0,Male,84.7,1.85,24.81,20.0,189.4,160.7,62.3,1.31,810.1,3.2,2.0,3.67,General Fitness,Strength,,,,,,,
61.3,Male,79.0,1.79,24.6,18.5,163.3,126.8,61.8,2.05,1157.1,3.3,2.0,3.1,Muscle Gain,Powerlifting,1.0,1.0,0.0,0.0,1.0,0.0,0.0
25.5,Female,71.9,1.6,27.97,32.7,199.1,133.9,68.6,1.63,678.6,4.2,2.0,3.2,Strength,Powerlifting,1.0,0.0,0.0,0.0,1.0,0.0,1.0
24.0,Male,70.3,1.87,20.1,23.9,191.0,127.0,62.0,1.75,1285.0,2.0,3.0,1.5,Muscle Gain,Strength,1.0,1.0,1.0,1.0,0.0,0.0,0.0
26.2,Female,47.7,1.56,19.59,22.1,182.1,96.0,52.7,0.89,124.1,5.0,3.0,1.5,Flexibility,Yoga,0.0,0.0,0.0,0.0,1.0,0.0,1.0
44.0,Female,79.5,1.73,26.56,17.8,184.0,155.0,56.0,1.57,1058.0,4.0,2.0,2.6,Muscle Gain,Strength,1.0,0.0,1.0,0.0,1.0,1.0,0.0
24.5,Female,46.0,1.55,19.24,23.5,182.8,138.4,54.1,1.21,479.6,3.8,1.0,3.1,General Fitness,Functional,1.0,0.0,1.0,1.0,1.0,1.0,1.0
36.2,Male,107.7,1.91,29.37,18.2,188.4,122.4,74.7,1.39,797.2,4.7,3.0,2.3,Strength,Powerlifting,1.0,1.0,0.0,0.0,0.0,0.0,0.0
40.0,Male,40.0,1.73,13.36,19.4,194.0,149.0,72.0,1.06,811.0,2.0,3.0,2.7,Weight Loss,HIIT,1.0,0.0,0.0,1.0,1.0,0.0,1.0
28.6,Female,51.7,1.58,20.65,21.5,182.2,159.8,59.0,0.37,197.3,4.5,3.0,3.2,Weight Loss,HIIT,0.0,1.0,1.0,1.0,1.0,0.0,1.0
28.4,Male,77.5,1.83,23.15,12.2,195.9,158.5,62.9,1.17,1034.5,4.3,3.0,3.3,Endurance,HIIT,0.0,1.0,0.0,0.0,1.0,1.0,1.0
22.0,Female,69.3,1.56,28.48,30.7,164.0,136.0,50.0,1.33,1084.0,3.0,2.0,3.4,General Fitness,Strength,1.0,1.0,1.0,0.0,0.0,0.0,1.0
34.4,Female,64.1,1.62,24.44,25.5,199.0,129.7,61.0,2.08,751.4,4.4,3.0,3.3,Strength,Powerlifting,0.0,1.0,1.0,1.0,1.0,0.0,1.0
23.4,Female,74.6,1.62,28.31,31.6,196.6,124.6,79.7,1.75,925.3,3.4,2.0,3.2,General Fitness,Powerlifting,1.0,1.0,0.0,0.0,0.0,0.0,1.0
29.6,Male,52.9,1.72,17.89,21.3,193.7,168.2,53.9,1.19,419.7,3.3,2.0,3.24,Weight Loss,Cardio,1.0,0.0,0.0,0.0,0.0,1.0,1.0
36.1,Female,61.6,1.72,20.84,24.7,178.6,140.6,77.5,0.85,616.3,4.1,2.0,2.4,General Fitness,Functional,1.0,0.0,0.0,1.0,1.0,1.0,1.0
37.0,Female,61.3,1.96,15.96,31.1,193.0,169.0,65.0,2.0,947.0,5.0,1.0,3.5,Muscle Gain,Strength,1.0,1.0,1.0,1.0,1.0,0.0,1.0
37.0,Male,59.0,1.66,21.42,13.6,186.4,171.5,55.4,1.49,812.8,6.0,2.0,4.1,Endurance,Cardio,0.0,0.0,1.0,0.0,0.0,1.0,1.0
27.9,Female,61.7,1.64,22.81,23.9,193.2,128.9,69.9,0.81,400.9,4.6,1.0,2.7,Strength,Strength,1.0,1.0,1.0,0.0,0.0,0.0,1.0
28.3,Female,57.0,1.52,24.72,21.3,191.4,177.2,55.0,1.46,1467.1,3.1,1.0,,General Fitness,Cardio,0.0,0.0,0.0,0.0,0.0,0.0,1.0
65.6,Male,75.7,1.69,26.53,18.6,153.7,148.7,57.4,1.14,928.8,4.2,2.0,2.6,Weight Loss,HIIT,0.0,0.0,0.0,1.0,0.0,0.0,1.0
48.5,Male,66.9,1.79,20.95,18.7,181.6,101.0,57.9,0.71,141.2,5.6,3.0,2.0,Flexibility,Yoga,0.0,0.0,1.0,0.0,1.0,0.0,1.0
27.6,Female,59.2,1.48,27.01,26.7,180.4,152.2,74.1,0.67,518.1,3.3,3.0,2.9,Muscle Gain,Functional,0.0,0.0,0.0,1.0,0.0,0.0,1.0
22.2,Male,66.6,1.58,26.56,,190.6,103.0,72.1,1.07,232.4,5.0,3.0,2.0,Flexibility,Yoga,0.0,0.0,0.0,1.0,1.0,1.0,1.0
22.8,Male,78.7,1.71,26.93,12.6,201.2,152.4,50.7,1.14,1161.7,2.1,2.0,2.5,Endurance,HIIT,0.0,1.0,0.0,1.0,1.0,1.0,1.0
34.0,Male,47.8,1.69,16.74,,182.0,153.0,68.0,1.63,1249.0,4.0,3.0,1.5,Muscle Gain,Strength,1.0,1.0,1.0,0.0,1.0,1.0,0.0
60.7,Female,75.6,1.55,31.35,27.5,163.8,100.4,62.6,2.1,738.1,4.0,2.0,2.0,Muscle Gain,Powerlifting,0.0,1.0,0.0,0.0,0.0,0.0,1.0
23.7,Female,61.0,1.6,23.84,22.7,209.5,182.9,55.7,0.88,864.1,2.6,2.0,3.8,Endurance,HIIT,0.0,1.0,0.0,1.0,0.0,0.0,1.0
36.3,Female,64.1,1.63,24.18,21.1,186.3,181.3,49.5,0.65,832.8,3.7,3.0,2.8,Endurance,HIIT,1.0,0.0,0.0,1.0,1.0,0.0,0.0
50.4,Female,54.6,1.58,21.99,23.7,165.2,119.3,68.6,1.05,207.9,5.1,2.0,3.3,General Fitness,Yoga,0.0,0.0,0.0,0.0,1.0,0.0,1.0
36.0,Female,72.2,1.7,24.98,19.5,195.6,178.9,68.7,0.7,894.4,4.5,3.0,3.5,Weight Loss,HIIT,0.0,1.0,0.0,0.0,0.0,0.0,0.0
25.7,Male,75.0,1.79,23.32,20.1,196.3,158.3,67.0,0.58,279.0,5.0,3.0,3.32,General Fitness,Strength,,,,,,,
22.0,Female,56.1,1.91,15.38,24.9,167.0,122.0,70.0,1.4,1183.0,2.0,1.0,2.7,Weight Loss,Cardio,0.0,0.0,0.0,0.0,0.0,1.0,1.0
47.0,Female,90.8,1.67,32.56,32.0,186.0,120.0,74.0,1.43,506.0,3.0,3.0,2.7,Muscle Gain,Strength,1.0,0.0,1.0,0.0,0.0,1.0,1.0
34.0,Female,86.7,1.86,25.06,12.8,174.0,152.0,74.0,1.12,712.0,5.0,2.0,2.4,Strength,Strength,1.0,0.0,1.0,0.0,1.0,1.0,1.0
37.0,Female,78.5,1.5,34.89,17.9,189.0,169.0,60.0,1.67,954.0,3.0,3.0,2.4,Weight Loss,HIIT,1.0,1.0,0.0,0.0,1.0,0.0,1.0
47.9,Female,62.9,1.65,23.21,23.2,174.6,143.4,63.8,1.18,757.5,4.6,2.0,2.4,Strength,Strength,0.0,1.0,1.0,0.0,1.0,1.0,0.0
38.7,Male,72.9,1.74,24.05,13.0,174.7,156.6,50.7,0.96,818.7,4.6,1.0,3.3,Endurance,Cardio,0.0,0.0,0.0,0.0,1.0,1.0,1.0
37.1,Female,65.1,1.99,16.38,21.1,177.9,136.9,57.0,1.0,387.7,2.5,2.0,3.26,Muscle Gain,Strength,1.0,1.0,1.0,1.0,0.0,0.0,1.0
24.3,Male,71.4,1.73,23.87,13.6,190.3,114.4,64.1,1.46,315.4,4.5,3.0,2.8,Stress Relief,Yoga,0.0,1.0,0.0,0.0,1.0,1.0,1.0
18.0,Female,83.6,1.86,24.16,22.7,170.0,162.0,74.0,0.83,732.0,2.0,3.0,2.8,Weight Loss,HIIT,0.0,1.0,1.0,1.0,0.0,0.0,1.0
19.0,Female,71.7,1.91,19.65,32.5,197.0,148.0,74.0,1.15,464.0,4.0,2.0,2.7,Weight Loss,Cardio,0.0,0.0,1.0,0.0,0.0,0.0,1.0
37.1,Female,57.5,1.55,24.04,22.8,176.7,119.5,63.4,1.69,669.7,4.9,2.0,2.9,General Fitness,Strength,1.0,1.0,1.0,0.0,0.0,1.0,1.0
36.7,Male,80.3,1.91,22.12,12.0,186.0,159.9,50.9,1.49,1551.3,3.9,1.0,4.0,Endurance,Cardio,1.0,0.0,0.0,0.0,0.0,0.0,1.0
25.2,Female,80.9,1.69,28.41,20.4,197.0,106.7,65.2,1.65,463.3,3.2,3.0,2.4,Muscle Gain,Powerlifting,0.0,1.0,0.0,1.0,1.0,0.0,1.0
42.9,Female,78.8,1.73,26.42,25.3,184.9,115.0,57.4,1.73,735.7,4.6,3.0,3.0,Muscle Gain,Powerlifting,1.0,1.0,0.0,0.0,0.0,0.0,0.0
18.0,Female,82.9,1.54,34.96,27.8,174.0,169.0,64.0,0.77,802.0,3.0,1.0,2.2,General Fitness,HIIT,0.0,0.0,1.0,0.0,0.0,0.0,1.0
26.3,Female,77.2,1.7,26.69,23.5,194.0,138.4,67.8,1.31,642.7,3.8,1.0,2.6,Athletic Performance,Functional,1.0,0.0,1.0,1.0,0.0,1.0,1.0
32.2,Male,57.4,1.7,19.76,20.8,190.8,145.3,66.7,1.18,452.2,2.8,2.0,2.76,Muscle Gain,Strength,1.0,1.0,1.0,0.0,0.0,0.0,0.0
27.9,Male,66.4,1.71,22.66,24.6,196.0,151.1,70.7,0.95,389.2,2.8,1.0,2.98,Muscle Gain,Strength,1.0,1.0,0.0,1.0,0.0,0.0,0.0
49.0,Male,128.5,1.96,33.45,26.1,196.0,138.0,68.0,0.5,1165.0,2.0,1.0,3.4,Endurance,Cardio,0.0,0.0,0.0,0.0,0.0,0.0,1.0
45.9,Female,66.7,1.63,25.26,21.9,176.9,118.8,57.6,1.95,1055.1,4.7,2.0,2.0,Strength,Strength,1.0,1.0,1.0,1.0,0.0,0.0,1.0
36.0,Female,66.7,1.58,26.62,18.6,204.1,132.5,70.7,1.05,623.9,4.7,3.0,2.1,General Fitness,Functional,1.0,0.0,0.0,0.0,1.0,1.0,1.0
20.9,Female,74.3,1.77,23.76,26.1,189.3,133.1,72.6,1.13,683.8,3.8,1.0,3.2,General Fitness,Strength,1.0,1.0,1.0,0.0,1.0,0.0,0.0
31.8,Male,73.9,1.69,25.96,16.0,186.2,103.4,64.3,1.47,186.5,3.6,2.0,2.3,General Fitness,Yoga,0.0,0.0,0.0,0.0,0.0,0.0,1.0
31.5,Female,62.1,1.64,23.0,25.3,186.7,131.7,77.7,1.37,551.3,3.3,1.0,3.1,Muscle Gain,Strength,1.0,1.0,0.0,1.0,1.0,0.0,1.0
38.0,Female,78.6,1.98,20.05,27.2,194.0,136.0,69.0,1.3,1590.0,4.0,2.0,2.3,General Fitness,Strength,1.0,0.0,1.0,0.0,0.0,0.0,1.0
38.0,Male,50.0,1.75,16.33,23.4,186.0,135.0,59.0,2.0,695.0,4.0,1.0,1.6,Muscle Gain,Strength,1.0,0.0,1.0,0.0,0.0,0.0,1.0
37.6,Male,63.3,1.78,19.96,13.4,188.7,160.8,53.6,0.46,360.7,3.1,3.0,2.4,Endurance,HIIT,0.0,1.0,0.0,0.0,1.0,0.0,1.0
35.4,Female,60.1,1.64,22.33,23.4,183.3,136.1,52.6,0.83,336.3,4.7,1.0,2.7,Athletic Performance,Functional,1.0,0.0,0.0,1.0,1.0,0.0,1.0
18.0,Female,50.6,1.74,16.71,29.3,162.0,153.0,74.0,1.25,634.0,4.0,2.0,1.5,Strength,Strength,1.0,1.0,0.0,1.0,0.0,0.0,1.0
38.8,Male,63.9,1.79,19.89,15.3,185.3,155.8,65.3,0.91,532.8,4.9,2.0,3.3,General Fitness,Functional,1.0,1.0,0.0,1.0,1.0,0.0,1.0
42.0,Female,99.9,1.6,39.02,32.6,189.0,169.0,58.0,1.85,1099.0,2.0,1.0,2.2,Weight Loss,HIIT,0.0,0.0,0.0,1.0,0.0,1.0,0.0
25.3,Female,55.9,1.63,21.09,26.3,184.0,130.4,55.0,0.73,271.7,4.5,1.0,3.3,Athletic Performance,Functional,0.0,1.0,0.0,1.0,0.0,0.0,1.0
23.0,Female,40.0,1.8,12.35,16.8,160.0,136.0,62.0,1.85,1113.0,3.0,2.0,1.7,Muscle Gain,Strength,1.0,0.0,1.0,0.0,0.0,1.0,0.0
49.0,Female,56.0,1.6,21.87,27.9,183.0,169.0,66.0,0.98,1263.0,5.0,1.0,1.7,Strength,Strength,1.0,1.0,1.0,1.0,0.0,0.0,0.0
31.0,Male,80.2,1.74,26.49,21.2,187.0,141.0,72.0,1.23,1326.0,2.0,2.0,2.8,Strength,Strength,1.0,1.0,1.0,0.0,0.0,1.0,1.0
38.3,Male,78.1,1.82,23.48,13.4,170.6,131.2,64.6,0.71,439.2,3.6,1.0,2.4,Athletic Performance,Functional,1.0,0.0,0.0,0.0,0.0,1.0,0.0
32.6,Female,68.3,1.64,25.32,18.4,173.2,112.5,56.6,1.45,293.9,3.6,3.0,2.9,Flexibility,Yoga,0.0,0.0,0.0,0.0,1.0,1.0,1.0
16.8,Male,60.3,1.73,20.13,25.4,208.8,171.5,78.5,1.75,693.3,1.7,1.0,3.67,General Fitness,Strength,,,,,,,
26.8,Male,72.8,1.67,26.16,10.8,179.5,150.9,55.6,0.71,716.1,3.0,2.0,3.3,Weight Loss,Cardio,0.0,0.0,0.0,1.0,0.0,0.0,1.0
29.4,Male,72.4,1.85,21.05,21.9,178.8,136.6,61.9,1.81,817.1,4.9,2.0,2.7,General Fitness,Strength,1.0,1.0,1.0,0.0,0.0,1.0,0.0
27.3,Female,74.0,1.7,25.6,23.7,192.1,141.2,54.0,0.87,781.7,3.1,1.0,3.2,Weight Loss,Cardio,0.0,0.0,0.0,1.0,0.0,0.0,1.0
19.0,Male,73.8,1.76,23.72,19.8,194.3,128.6,52.8,1.57,1033.4,4.6,3.0,3.2,Strength,Strength,0.0,1.0,0.0,0.0,0.0,1.0,1.0
31.0,Male,62.2,1.7,21.52,35.0,168.0,155.0,55.0,0.62,1596.0,2.0,1.0,3.2,Muscle Gain,Strength,1.0,1.0,1.0,0.0,1.0,1.0,1.0
37.7,Male,91.1,1.82,27.41,9.3,185.5,163.0,55.2,1.66,1487.3,3.2,2.0,4.2,Weight Loss,Cardio,1.0,0.0,0.0,0.0,0.0,0.0,1.0
40.0,Female,77.3,1.78,24.41,24.3,183.0,164.8,69.6,0.53,447.9,2.5,1.0,3.34,Endurance,HIIT,1.0,0.0,1.0,1.0,1.0,0.0,1.0
54.0,Female,45.8,1.62,17.45,15.2,163.0,135.0,66.0,1.26,1703.0,4.0,2.0,1.6,Strength,Strength,1.0,0.0,0.0,0.0,0.0,0.0,0.0
26.4,Male,82.7,1.74,27.46,21.9,187.7,145.6,72.1,1.04,999.6,3.3,2.0,2.6,Athletic Performance,Functional,1.0,0.0,1.0,1.0,1.0,0.0,1.0
35.2,Female,85.6,1.64,31.68,23.4,188.8,100.7,64.6,2.19,812.8,3.5,3.0,2.6,General Fitness,Powerlifting,1.0,1.0,1.0,1.0,0.0,0.0,1.0
19.8,Female,78.8,1.6,30.83,,201.3,103.7,67.9,1.85,536.1,3.9,3.0,2.6,Strength,Powerlifting,0.0,1.0,0.0,0.0,1.0,0.0,0.0
29.1,Female,70.6,1.63,26.41,18.0,179.5,92.7,69.2,1.46,192.8,5.4,1.0,2.7,Flexibility,Yoga,0.0,0.0,0.0,0.0,1.0,1.0,1.0
27.1,Male,60.3,1.68,21.31,16.0,206.7,119.5,74.6,0.56,148.5,3.7,1.0,1.8,General Fitness,Yoga,0.0,0.0,0.0,0.0,1.0,1.0,1.0
25.8,Male,54.8,1.67,19.66,11.1,186.4,150.5,52.2,1.73,992.1,4.7,1.0,3.6,Weight Loss,Cardio,1.0,0.0,0.0,0.0,0.0,0.0,1.0
53.0,Male,55.3,1.98,14.11,14.7,177.0,169.0,51.0,0.83,1273.0,2.0,2.0,2.1,General Fitness,Strength,0.0,1.0,1.0,0.0,0.0,0.0,0.0
45.6,Male,86.5,1.76,27.78,18.4,169.2,132.5,71.1,0.7,462.3,5.0,1.0,3.1,Athletic Performance,Functional,1.0,1.0,1.0,1.0,1.0,1.0,1.0
64.3,Male,88.1,1.78,27.66,12.7,153.4,141.6,63.0,1.87,1243.9,4.6,3.0,3.2,Strength,Strength,1.0,1.0,1.0,1.0,0.0,0.0,1.0
18.0,Female,43.0,1.95,11.31,18.5,163.0,164.0,68.0,2.0,1349.0,2.0,2.0,3.2,Strength,Strength,1.0,1.0,0.0,0.0,1.0,0.0,0.0
29.8,Female,66.9,1.6,25.97,22.4,196.3,113.4,69.8,1.47,743.4,3.5,3.0,2.6,Muscle Gain,Strength,1.0,1.0,0.0,1.0,1.0,1.0,1.0
23.3,Male,91.4,1.84,27.15,24.4,193.1,119.4,77.8,2.3,1081.3,4.1,3.0,2.7,Muscle Gain,Powerlifting,1.0,1.0,1.0,0.0,1.0,0.0,0.0
20.8,Male,56.3,1.62,21.51,10.1,189.2,154.7,55.5,1.42,1004.4,5.7,3.0,3.6,Weight Loss,Cardio,1.0,1.0,0.0,1.0,0.0,0.0,1.0
50.0,Male,87.9,1.68,31.14,15.5,192.0,151.0,71.0,2.0,494.0,3.0,3.0,3.1,Strength,Strength,1.0,1.0,0.0,0.0,0.0,0.0,0.0
53.3,Female,54.5,1.63,20.4,23.7,171.4,141.0,63.1,1.41,682.3,4.9,1.0,3.7,Muscle Gain,Functional,0.0,0.0,0.0,1.0,0.0,1.0,1.0
23.2,Male,62.1,1.62,23.6,14.0,197.6,144.5,54.9,1.21,665.6,4.9,3.0,2.6,Strength,Strength,0.0,1.0,1.0,0.0,0.0,0.0,1.0
44.5,Female,64.7,1.75,21.05,23.5,170.2,112.6,71.1,1.01,402.5,4.2,2.0,1.8,Muscle Gain,Strength,1.0,1.0,1.0,1.0,0.0,0.0,1.0
28.2,Female,53.6,1.7,18.46,18.7,200.1,102.2,71.7,0.51,80.2,4.8,2.0,1.6,Flexibility,Yoga,0.0,0.0,0.0,0.0,0.0,0.0,1.0
35.8,Male,94.4,1.81,28.85,19.5,188.4,115.7,63.5,0.94,537.5,5.0,2.0,2.2,General Fitness,Strength,1.0,1.0,1.0,1.0,1.0,0.0,0.0
20.7,Female,63.3,1.62,24.01,34.0,195.6,166.1,69.4,1.59,726.6,2.5,2.0,3.52,Weight Loss,Cardio,0.0,0.0,0.0,1.0,0.0,0.0,1.0
26.6,Male,84.2,1.78,26.48,16.3,190.6,179.6,55.0,0.37,385.0,4.0,3.0,3.1,General Fitness,HIIT,0.0,0.0,1.0,1.0,0.0,0.0,1.0
34.0,Male,77.7,1.81,23.72,33.0,187.0,149.0,54.0,1.08,842.0,2.0,3.0,3.0,General Fitness,Strength,0.0,1.0,1.0,0.0,0.0,1.0,1.0
32.4,Female,66.7,1.62,25.48,17.3,202.2,162.2,60.2,1.14,764.5,3.7,3.0,3.0,Weight Loss,HIIT,0.0,1.0,0.0,1.0,0.0,0.0,1.0
61.7,Female,62.6,1.57,25.47,21.1,161.5,117.3,66.3,0.52,81.2,2.8,1.0,2.2,General Fitness,Yoga,0.0,0.0,0.0,0.0,1.0,0.0,1.0
18.2,Male,59.0,1.79,18.51,13.0,204.3,148.6,58.5,1.54,596.3,4.7,3.0,3.76,Strength,Strength,0.0,1.0,1.0,0.0,0.0,0.0,1.0
18.0,Male,63.9,1.67,22.9,19.0,193.6,146.7,59.0,0.97,548.5,4.4,2.0,3.0,General Fitness,Functional,1.0,0.0,0.0,1.0,0.0,0.0,1.0
68.6,Male,63.7,1.62,24.34,27.4,140.0,128.4,66.8,2.06,996.1,3.6,3.0,3.7,Muscle Gain,Powerlifting,1.0,1.0,0.0,0.0,0.0,0.0,0.0
32.3,Female,56.7,1.67,20.41,18.9,199.2,125.2,66.4,1.85,844.3,4.5,3.0,2.5,Strength,Strength,1.0,1.0,1.0,0.0,0.0,0.0,0.0
34.0,Female,77.9,1.87,22.28,24.0,183.0,169.0,59.0,1.28,691.0,2.0,1.0,3.4,Strength,Strength,0.0,0.0,1.0,1.0,0.0,0.0,0.0
23.8,Male,70.2,1.79,21.97,13.4,174.4,121.1,67.7,2.0,969.0,3.2,1.0,2.8,General Fitness,Strength,0.0,1.0,1.0,0.0,0.0,1.0,0.0
26.0,Male,69.9,1.74,23.22,9.3,204.2,188.4,66.7,0.3,318.1,3.3,3.0,3.7,Weight Loss,HIIT,1.0,0.0,0.0,1.0,0.0,0.0,1.0
33.0,Female,63.0,1.71,21.55,25.6,189.0,126.0,57.0,1.24,1175.0,3.0,1.0,3.2,General Fitness,Strength,1.0,1.0,1.0,0.0,0.0,0.0,1.0
39.9,Male,104.0,2.03,25.24,12.9,168.4,143.3,51.9,1.9,1872.4,3.5,2.0,3.8,Strength,Strength,1.0,1.0,1.0,1.0,1.0,0.0,1.0
27.0,Female,41.4,1.69,14.5,23.2,191.0,169.0,56.0,1.99,647.0,5.0,2.0,2.8,Muscle Gain,Strength,1.0,1.0,1.0,0.0,0.0,0.0,1.0
44.0,Male,66.8,1.72,22.58,31.5,191.0,136.0,68.0,1.34,1239.0,4.0,2.0,2.8,General Fitness,Cardio,0.0,1.0,0.0,0.0,0.0,0.0,1.0
40.7,Female,77.0,1.8,23.71,27.8,171.0,150.6,77.9,1.71,953.5,3.6,2.0,2.9,Weight Loss,Cardio,1.0,0.0,0.0,1.0,0.0,1.0,1.0
16.0,Male,61.1,1.75,19.9,21.6,197.0,155.8,61.7,0.92,359.8,3.3,2.0,3.26,General Fitness,Strength,,,,,,,
35.1,Male,76.3,1.66,27.54,20.3,182.6,130.0,73.0,1.47,1196.4,3.0,1.0,2.5,Muscle Gain,Functional,1.0,0.0,1.0,1.0,1.0,1.0,0.0
58.2,Female,53.9,1.67,19.41,17.7,159.2,154.2,53.5,0.45,300.6,2.5,3.0,1.8,Weight Loss,HIIT,0.0,0.0,1.0,1.0,1.0,0.0,0.0
25.9,Male,54.9,1.66,19.9,17.4,183.5,160.6,48.4,1.01,759.6,4.6,1.0,3.8,Weight Loss,Cardio,0.0,0.0,0.0,0.0,0.0,0.0,1.0
20.3,Male,89.7,1.97,23.22,9.4,199.3,176.4,68.2,0.84,794.4,4.0,3.0,3.3,Endurance,Cardio,0.0,0.0,1.0,1.0,0.0,0.0,1.0
33.3,Female,78.2,1.58,31.31,,191.5,101.5,50.8,2.23,619.7,4.9,3.0,2.6,Strength,Powerlifting,0.0,1.0,0.0,0.0,1.0,0.0,0.0
18.8,Female,75.2,1.66,27.43,22.4,200.7,152.3,69.2,1.0,1098.2,2.6,3.0,3.1,Endurance,HIIT,0.0,0.0,0.0,1.0,1.0,1.0,1.0
24.2,Male,62.9,1.69,21.91,21.1,203.1,194.7,57.8,0.69,463.6,1.9,1.0,3.52,General Fitness,HIIT,0.0,0.0,0.0,0.0,1.0,1.0,1.0
39.5,Female,67.2,1.64,24.91,26.7,168.7,128.0,74.0,1.48,780.2,4.9,3.0,,General Fitness,Strength,1.0,1.0,1.0,0.0,0.0,0.0,1.0
21.0,Female,48.7,1.73,16.27,10.1,198.0,162.0,56.0,1.06,1503.0,2.0,2.0,3.4,Weight Loss,HIIT,1.0,1.0,1.0,0.0,1.0,1.0,0.0
36.0,Female,64.4,1.97,16.59,27.9,166.0,153.0,59.0,1.45,1132.0,3.0,1.0,2.9,Endurance,HIIT,1.0,1.0,0.0,1.0,1.0,0.0,1.0
18.6,Male,102.0,1.92,27.76,21.2,210.0,110.2,64.5,1.97,804.9,4.3,2.0,3.4,Muscle Gain,Powerlifting,1.0,1.0,1.0,0.0,1.0,0.0,0.0
27.8,Female,77.6,1.6,30.22,18.7,191.6,116.7,72.4,1.54,611.5,3.3,3.0,3.7,Strength,Strength,1.0,1.0,1.0,0.0,0.0,1.0,0.0
26.0,Male,100.2,1.91,27.42,17.5,181.1,131.5,74.9,1.34,1338.9,3.9,3.0,3.1,General Fitness,Functional,1.0,1.0,0.0,1.0,0.0,1.0,1.0
29.8,Female,58.1,1.57,23.64,20.6,185.6,146.1,50.6,1.27,713.4,4.7,3.0,3.4,Endurance,Cardio,0.0,0.0,0.0,0.0,0.0,1.0,1.0
45.1,Female,79.1,1.82,23.82,20.2,178.2,166.0,69.7,0.48,392.6,3.7,2.0,2.84,Weight Loss,HIIT,0.0,0.0,0.0,1.0,0.0,0.0,1.0
26.5,Female,67.2,1.77,21.51,16.0,188.0,102.0,63.6,0.74,163.6,4.3,1.0,2.2,General Fitness,Yoga,0.0,0.0,0.0,0.0,0.0,0.0,1.0
22.0,Female,52.9,1.63,19.94,19.7,190.4,185.4,53.3,0.81,738.5,3.7,3.0,3.6,Weight Loss,HIIT,1.0,0.0,1.0,1.0,1.0,1.0,1.0
57.4,Female,57.6,1.59,22.75,15.3,165.1,160.1,62.1,0.52,440.0,3.2,3.0,3.0,Weight Loss,Cardio,0.0,0.0,0.0,1.0,0.0,1.0,1.0
26.2,Male,73.1,2.01,18.05,23.2,196.5,188.6,67.9,0.97,752.6,1.6,1.0,3.37,Endurance,HIIT,1.0,1.0,0.0,1.0,0.0,0.0,0.0
25.0,Male,70.8,1.77,22.68,11.6,185.8,180.8,59.7,0.34,295.7,3.1,3.0,3.8,General Fitness,HIIT,1.0,1.0,0.0,1.0,1.0,0.0,1.0
26.8,Male,105.4,1.81,32.29,29.7,205.2,166.0,61.8,1.56,1059.6,3.8,3.0,3.16,Muscle Gain,Strength,,,,,,,
27.8,Male,66.6,1.76,21.51,8.6,187.4,167.7,64.1,1.62,1584.9,4.5,1.0,3.4,Endurance,Cardio,1.0,0.0,0.0,0.0,0.0,0.0,1.0
55.8,Male,59.4,1.73,19.94,11.6,153.7,94.6,73.3,0.72,133.6,4.7,3.0,1.5,General Fitness,Yoga,0.0,0.0,0.0,0.0,1.0,0.0,1.0
37.2,Female,73.9,1.61,28.61,30.1,178.3,142.6,61.2,1.52,855.1,2.1,2.0,3.51,Weight Loss,Cardio,0.0,1.0,0.0,0.0,0.0,0.0,1.0
35.0,Male,75.7,1.74,25.0,24.0,189.0,136.0,74.0,1.7,854.0,2.0,2.0,1.5,Weight Loss,HIIT,1.0,0.0,0.0,0.0,1.0,1.0,1.0
42.0,Male,65.3,1.87,18.67,10.0,176.0,127.0,74.0,1.82,693.0,4.0,1.0,2.1,General Fitness,Strength,1.0,1.0,1.0,0.0,0.0,0.0,1.0
44.2,Male,66.7,1.8,20.62,16.3,170.0,96.4,67.2,0.88,95.6,5.9,3.0,1.8,General Fitness,Yoga,0.0,0.0,0.0,0.0,0.0,1.0,1.0
38.2,Male,79.3,1.82,24.03,14.6,180.2,172.2,53.8,0.63,826.1,3.2,1.0,2.8,Endurance,Cardio,0.0,0.0,0.0,0.0,1.0,0.0,1.0
37.2,Female,86.0,1.95,22.71,32.4,179.3,123.8,77.0,0.77,265.6,1.9,1.0,3.84,Stress Relief,Yoga,0.0,0.0,0.0,0.0,0.0,1.0,1.0
25.0,Male,58.6,1.68,20.67,13.2,197.8,110.8,69.9,0.69,132.4,4.2,1.0,1.9,General Fitness,Yoga,0.0,0.0,0.0,0.0,1.0,1.0,1.0
30.5,Male,87.1,1.82,26.29,9.0,186.3,157.1,58.9,0.99,1464.4,3.1,3.0,3.5,Endurance,HIIT,1.0,0.0,1.0,1.0,1.0,1.0,1.0
22.0,Male,69.7,1.71,23.7,17.6,195.8,188.9,54.4,1.11,1129.9,3.5,3.0,3.2,Endurance,HIIT,0.0,1.0,0.0,1.0,1.0,0.0,1.0
36.0,Male,56.5,1.61,21.8,32.6,189.0,123.0,58.0,2.0,1093.0,3.0,3.0,3.5,General Fitness,Strength,1.0,1.0,1.0,0.0,0.0,0.0,0.0
46.7,Female,82.5,1.64,30.57,26.7,167.7,118.9,70.8,1.32,542.5,3.3,2.0,3.3,Muscle Gain,Strength,1.0,1.0,1.0,1.0,0.0,0.0,0.0
24.1,Male,82.3,1.82,24.74,16.0,184.9,90.0,74.7,0.93,141.0,2.1,1.0,2.2,Stress Relief,Yoga,0.0,0.0,0.0,0.0,1.0,0.0,1.0
41.1,Male,61.6,1.69,21.55,15.4,198.5,158.0,54.3,1.22,557.9,5.8,1.0,3.1,Weight Loss,Cardio,0.0,0.0,0.0,0.0,0.0,0.0,1.0
41.0,Female,52.4,1.63,19.79,22.6,177.9,134.1,61.9,1.16,375.2,4.3,3.0,3.28,Muscle Gain,Strength,1.0,1.0,1.0,0.0,0.0,1.0,1.0
33.4,Female,57.6,1.62,21.96,26.6,188.5,129.4,53.0,0.84,354.7,3.0,1.0,2.7,Athletic Performance,Functional,1.0,0.0,0.0,1.0,0.0,1.0,0.0
25.3,Male,75.0,1.64,27.99,13.5,195.7,118.2,67.5,1.67,649.8,3.5,1.0,3.3,Muscle Gain,Strength,1.0,1.0,1.0,1.0,0.0,0.0,1.0
28.0,Female,61.2,1.57,24.72,22.1,199.7,140.9,53.6,1.58,541.3,4.1,1.0,2.9,Strength,Strength,1.0,1.0,1.0,0.0,0.0,1.0,1.0
42.9,Female,56.8,1.76,18.43,24.6,178.6,124.6,78.6,1.03,222.3,1.7,1.0,2.63,Stress Relief,Yoga,0.0,0.0,0.0,0.0,1.0,1.0,1.0
35.3,Male,79.1,1.7,27.33,15.3,177.9,141.2,57.4,0.98,623.1,3.2,3.0,3.2,General Fitness,Cardio,0.0,0.0,0.0,0.0,0.0,0.0,1.0
32.9,Female,45.0,1.62,17.2,23.5,182.2,147.0,68.5,1.6,432.9,2.1,1.0,,Muscle Gain,Strength,1.0,1.0,1.0,1.0,1.0,1.0,0.0
21.4,Female,66.4,1.64,24.65,23.4,185.6,158.2,45.0,0.94,797.3,4.9,2.0,3.7,Endurance,HIIT,0.0,1.0,0.0,0.0,1.0,0.0,0.0
29.6,Female,95.9,1.57,38.91,36.8,197.3,153.2,73.1,1.61,980.8,2.8,1.0,3.45,Muscle Gain,Strength,1.0,0.0,1.0,0.0,0.0,1.0,0.0
37.6,Male,91.9,1.81,27.95,14.9,191.6,142.0,60.7,1.74,1679.8,5.8,3.0,3.5,Weight Loss,Cardio,1.0,0.0,0.0,1.0,0.0,0.0,1.0
29.1,Female,52.3,1.62,20.03,14.4,195.9,179.3,59.4,0.64,606.0,3.1,3.0,2.5,General Fitness,Cardio,0.0,0.0,0.0,0.0,0.0,0.0,1.0
44.5,Female,47.5,1.47,21.98,13.9,175.8,164.5,45.0,1.68,879.5,5.9,2.0,3.7,Weight Loss,Cardio,0.0,0.0,0.0,0.0,1.0,0.0,1.0
34.7,Male,51.0,1.62,19.41,15.3,187.4,151.7,70.8,1.49,534.1,5.0,1.0,3.0,Athletic Performance,Functional,0.0,1.0,1.0,0.0,0.0,1.0,1.0
25.4,Male,65.6,1.73,21.99,13.4,193.9,171.6,58.9,1.17,675.9,3.3,1.0,3.6,Endurance,Cardio,0.0,0.0,0.0,0.0,0.0,1.0,1.0
45.0,Male,111.9,1.73,37.39,18.3,177.0,129.0,54.0,0.92,1267.0,4.0,1.0,2.6,Muscle Gain,Strength,1.0,1.0,1.0,1.0,1.0,0.0,0.0
25.4,Male,80.6,1.85,23.62,14.0,197.7,188.3,51.4,0.72,1092.1,2.1,3.0,4.1,General Fitness,HIIT,1.0,0.0,1.0,1.0,1.0,0.0,1.0
57.0,Female,40.0,1.58,16.02,24.7,165.0,140.0,55.0,1.33,1783.0,4.0,1.0,2.6,Strength,Strength,0.0,1.0,1.0,1.0,0.0,0.0,1.0
30.9,Female,76.1,1.56,31.19,23.1,196.5,156.8,71.2,1.02,528.2,2.1,1.0,3.74,Athletic Performance,Functional,,,,,,,
18.0,Male,64.2,1.61,24.77,25.9,167.0,147.0,65.0,1.17,1783.0,3.0,2.0,2.1,Endurance,Cardio,0.0,0.0,0.0,1.0,0.0,0.0,1.0
50.0,Female,69.3,1.73,23.15,25.6,162.0,126.0,62.0,1.33,1138.0,3.0,1.0,1.5,Muscle Gain,Strength,1.0,1.0,0.0,0.0,0.0,0.0,0.0
53.0,Male,87.7,1.84,25.9,24.7,164.0,152.0,53.0,1.37,1066.0,5.0,2.0,2.6,Weight Loss,Cardio,1.0,0.0,0.0,0.0,1.0,1.0,1.0
68.9,Male,60.7,1.69,21.17,15.7,141.9,136.9,58.3,1.07,511.9,5.6,3.0,2.7,General Fitness,Cardio,0.0,1.0,0.0,0.0,1.0,0.0,1.0
31.0,Female,61.1,1.69,21.39,23.8,190.0,123.0,64.0,0.62,1227.0,2.0,3.0,3.6,Endurance,HIIT,0.0,0.0,1.0,1.0,1.0,1.0,0.0
40.7,Female,63.2,1.51,27.7,32.7,180.4,141.2,69.2,1.41,525.4,2.2,1.0,3.38,Strength,Strength,1.0,1.0,1.0,0.0,0.0,1.0,1.0
19.0,Female,65.1,1.61,25.05,15.4,210.0,165.5,45.4,0.48,410.0,2.7,2.0,3.2,Endurance,HIIT,0.0,0.0,0.0,1.0,1.0,0.0,1.0
23.8,Male,82.7,1.75,27.02,26.5,197.0,127.8,68.5,2.07,1355.5,3.7,3.0,3.7,Strength,Powerlifting,1.0,1.0,0.0,0.0,0.0,0.0,1.0
30.0,Female,47.8,1.5,21.11,17.2,184.9,179.9,48.3,0.42,245.7,3.9,3.0,2.4,Endurance,HIIT,1.0,0.0,0.0,1.0,1.0,1.0,1.0
51.0,Male,43.9,1.78,13.86,27.0,194.0,136.0,51.0,0.98,1293.0,2.0,1.0,1.5,Strength,Strength,1.0,1.0,1.0,0.0,1.0,0.0,1.0
36.5,Female,73.2,1.71,25.05,19.5,184.7,164.2,57.1,0.97,773.2,3.6,3.0,3.4,General Fitness,Cardio,0.0,0.0,1.0,1.0,0.0,0.0,1.0
41.7,Male,74.5,1.68,26.46,13.4,183.0,128.0,71.8,0.98,623.5,3.5,2.0,3.2,Strength,Strength,1.0,0.0,1.0,1.0,1.0,1.0,1.0
18.0,Female,72.5,1.79,22.63,27.3,173.0,140.0,67.0,1.34,1629.0,5.0,1.0,2.7,General Fitness,Strength,1.0,1.0,1.0,0.0,1.0,0.0,0.0
54.7,Male,69.3,1.88,19.59,15.9,177.5,172.5,50.4,0.98,698.6,3.2,3.0,2.6,Endurance,Cardio,1.0,0.0,0.0,0.0,0.0,0.0,1.0
22.3,Male,100.0,1.92,27.18,19.1,210.0,139.4,57.5,1.24,870.5,4.6,1.0,3.2,Muscle Gain,Strength,1.0,1.0,1.0,1.0,0.0,1.0,1.0
26.7,Male,77.9,1.7,26.96,17.5,205.5,133.5,65.0,0.95,644.3,4.0,2.0,2.1,Strength,Strength,1.0,1.0,0.0,0.0,1.0,0.0,0.0
18.7,Female,61.9,1.7,21.32,18.6,200.0,175.1,67.5,0.74,525.4,3.2,1.0,3.7,Weight Loss,Cardio,0.0,0.0,0.0,0.0,0.0,0.0,1.0
36.6,Female,84.3,1.7,29.0,33.1,191.3,116.1,57.7,1.63,629.0,3.6,2.0,2.9,Muscle Gain,Powerlifting,1.0,1.0,1.0,0.0,0.0,0.0,1.0
21.0,Male,81.8,1.83,24.43,29.2,182.0,163.0,53.0,2.0,1159.0,4.0,1.0,2.7,Weight Loss,Cardio,0.0,0.0,0.0,0.0,0.0,0.0,1.0
26.8,Female,62.4,1.59,24.8,18.5,194.7,161.8,51.0,1.02,1105.9,3.0,2.0,3.5,Weight Loss,HIIT,1.0,1.0,0.0,1.0,1.0,0.0,0.0
51.4,Male,60.9,1.65,22.31,25.6,170.2,167.1,68.9,0.65,415.2,2.8,1.0,2.63,Endurance,HIIT,1.0,0.0,0.0,0.0,1.0,1.0,1.0
25.3,Female,55.3,1.53,23.5,29.6,196.0,120.5,54.6,1.81,589.0,4.4,2.0,3.5,Strength,Powerlifting,1.0,1.0,0.0,0.0,1.0,1.0,0.0
33.0,Male,92.4,1.52,39.99,25.9,197.0,135.0,59.0,1.12,1515.0,3.0,2.0,3.2,Endurance,Cardio,0.0,0.0,0.0,1.0,1.0,0.0,1.0
33.0,Female,68.2,1.63,25.8,16.6,173.3,168.3,57.9,0.63,702.4,5.0,2.0,3.5,Weight Loss,HIIT,1.0,0.0,0.0,1.0,1.0,0.0,1.0
51.7,Female,51.0,1.62,19.55,22.1,163.8,116.5,62.4,0.96,123.4,3.0,3.0,2.2,Flexibility,Yoga,0.0,0.0,0.0,0.0,1.0,0.0,1.0
39.3,Female,73.1,1.65,26.92,19.1,192.6,160.1,47.6,1.16,925.7,3.9,3.0,2.9,Weight Loss,HIIT,0.0,0.0,0.0,1.0,1.0,0.0,1.0
44.0,Female,73.4,1.59,29.03,23.0,199.0,152.0,72.0,0.94,721.0,4.0,1.0,2.2,General Fitness,Cardio,1.0,0.0,0.0,0.0,0.0,0.0,1.0
30.1,Female,106.0,1.77,33.9,23.6,189.4,136.8,61.2,1.22,811.2,3.4,2.0,2.81,Strength,Strength,1.0,1.0,1.0,1.0,0.0,1.0,0.0
33.2,Female,63.1,1.72,21.29,21.9,194.0,149.9,67.2,1.12,464.5,5.4,3.0,2.97,General Fitness,Functional,,,,,,,
22.4,Male,73.3,1.65,27.08,21.4,199.9,122.2,61.2,1.16,497.7,4.3,3.0,2.3,Muscle Gain,Powerlifting,0.0,1.0,0.0,1.0,0.0,0.0,0.0
39.0,Female,76.7,1.86,22.17,23.1,193.0,122.0,65.0,1.29,1770.0,3.0,1.0,3.2,General Fitness,Strength,1.0,0.0,1.0,0.0,1.0,1.0,0.0
18.0,Female,67.5,1.71,23.08,10.6,185.0,166.0,58.0,1.81,1162.0,3.0,2.0,3.5,General Fitness,Cardio,0.0,0.0,0.0,0.0,0.0,0.0,1.0
57.3,Female,50.4,1.71,17.23,22.1,157.1,145.8,78.2,0.94,496.5,2.1,1.0,2.67,Endurance,HIIT,1.0,0.0,0.0,1.0,0.0,0.0,1.0
20.0,Male,59.0,1.58,23.59,15.3,201.1,126.9,65.0,1.14,560.6,3.6,1.0,3.0,Strength,Strength,0.0,1.0,1.0,0.0,0.0,1.0,1.0
22.0,Female,86.2,1.93,23.14,18.6,167.0,145.0,62.0,1.74,640.0,3.0,1.0,3.3,Muscle Gain,Strength,1.0,1.0,0.0,0.0,0.0,0.0,0.0
54.3,Male,75.0,1.69,26.12,12.7,176.2,114.3,61.5,1.08,461.8,4.8,3.0,2.0,Muscle Gain,Strength,1.0,0.0,0.0,0.0,0.0,0.0,0.0
23.0,Female,95.6,1.5,42.49,25.2,196.0,152.0,56.0,0.5,639.0,2.0,1.0,3.2,Strength,Strength,1.0,1.0,1.0,1.0,0.0,0.0,0.0
27.7,Male,70.2,1.69,24.53,11.3,199.6,166.6,46.5,1.02,849.5,3.3,3.0,3.5,Weight Loss,Cardio,1.0,0.0,0.0,0.0,0.0,0.0,1.0
36.0,Female,61.2,1.93,16.43,18.8,166.0,145.0,55.0,0.77,1015.0,4.0,2.0,1.5,Weight Loss,HIIT,1.0,1.0,0.0,1.0,1.0,0.0,1.0
21.9,Male,69.3,1.81,21.1,16.0,173.0,119.8,68.9,0.65,135.7,3.3,2.0,2.2,Stress Relief,Yoga,0.0,0.0,0.0,0.0,0.0,1.0,1.0
40.2,Female,73.7,1.66,26.89,18.9,171.0,146.5,66.1,0.7,398.6,3.3,3.0,3.4,General Fitness,Functional,0.0,0.0,0.0,1.0,1.0,1.0,1.0
48.0,Female,88.8,1.91,24.34,32.5,183.0,156.0,67.0,0.87,853.0,3.0,2.0,3.3,Weight Loss,Cardio,0.0,0.0,0.0,0.0,0.0,0.0,0.0
26.2,Male,57.0,1.74,18.86,18.1,202.7,102.9,69.2,0.73,116.0,5.5,2.0,1.9,Flexibility,Yoga,1.0,0.0,0.0,0.0,1.0,1.0,1.0
54.3,Female,59.5,1.55,24.67,18.2,163.7,158.7,46.1,0.8,627.2,3.5,1.0,3.1,Endurance,Cardio,0.0,0.0,0.0,0.0,0.0,0.0,1.0
49.0,Female,65.3,1.72,22.07,21.6,171.0,122.0,73.0,1.02,614.0,4.0,1.0,1.8,General Fitness,HIIT,1.0,1.0,0.0,1.0,0.0,0.0,1.0
34.4,Female,59.0,1.66,21.34,23.7,174.3,148.8,45.9,0.53,310.2,4.8,3.0,3.0,Weight Loss,Cardio,0.0,0.0,1.0,0.0,0.0,0.0,1.0
54.6,Female,71.6,1.65,26.3,22.8,165.5,126.0,68.9,1.04,542.3,4.7,3.0,2.8,Strength,Strength,1.0,1.0,1.0,0.0,1.0,0.0,1.0
16.0,Male,45.0,1.65,16.63,19.4,209.0,162.1,69.5,1.42,385.5,4.7,3.0,2.98,General Fitness,Strength,1.0,1.0,0.0,0.0,0.0,0.0,0.0
41.0,Female,112.2,1.81,34.25,30.3,188.0,159.0,53.0,1.16,995.0,3.0,2.0,3.3,General Fitness,Strength,1.0,1.0,1.0,0.0,1.0,0.0,0.0
20.9,Male,79.7,1.73,26.76,16.0,193.6,131.7,63.2,1.56,1117.1,4.5,3.0,2.3,Muscle Gain,Strength,1.0,0.0,1.0,0.0,1.0,0.0,1.0
36.0,Female,56.0,1.62,21.43,14.6,195.6,160.0,59.8,1.48,835.6,3.8,2.0,3.3,Weight Loss,Cardio,0.0,0.0,0.0,0.0,0.0,1.0,1.0
36.9,Male,61.8,1.71,21.21,15.0,163.6,158.6,57.6,0.52,374.2,5.1,3.0,3.8,General Fitness,Cardio,0.0,0.0,0.0,0.0,0.0,1.0,1.0
20.4,Female,60.2,1.53,25.81,30.7,190.2,109.3,60.9,1.0,371.9,4.2,2.0,1.9,Muscle Gain,Powerlifting,1.0,1.0,0.0,0.0,1.0,0.0,0.0
21.3,Female,73.7,1.67,26.33,21.5,195.2,92.0,74.6,0.53,72.0,2.5,1.0,1.7,Flexibility,Yoga,0.0,0.0,0.0,0.0,0.0,1.0,1.0
22.0,Male,78.4,1.66,28.45,10.0,182.0,168.0,70.0,1.67,495.0,3.0,2.0,2.5,Muscle Gain,Strength,1.0,1.0,1.0,0.0,0.0,0.0,1.0
25.2,Female,72.9,1.56,30.05,25.0,197.7,120.0,66.2,1.63,889.4,4.7,2.0,3.3,Muscle Gain,Powerlifting,0.0,1.0,1.0,0.0,0.0,0.0,0.0
24.9,Male,72.2,1.68,25.66,19.3,175.9,157.4,63.2,1.22,1189.9,4.1,2.0,3.1,General Fitness,Functional,1.0,0.0,0.0,1.0,0.0,1.0,0.0
38.4,Female,90.5,1.68,32.17,32.5,180.2,111.8,62.6,1.64,604.5,4.1,2.0,2.6,General Fitness,Powerlifting,0.0,1.0,0.0,0.0,1.0,0.0,0.0
34.5,Female,68.3,1.94,18.05,22.9,190.8,126.8,64.7,0.78,182.0,3.7,1.0,3.68,General Fitness,Yoga,1.0,0.0,0.0,0.0,0.0,0.0,1.0
23.2,Male,78.0,1.82,23.42,12.2,196.0,161.0,58.2,1.04,1126.5,4.0,3.0,3.6,General Fitness,Cardio,0.0,1.0,0.0,1.0,1.0,0.0,1.0
50.0,Female,57.9,1.53,24.82,31.2,172.8,124.4,73.9,2.19,971.3,4.0,2.0,3.3,Muscle Gain,Powerlifting,0.0,1.0,1.0,0.0,1.0,0.0,0.0
39.2,Female,67.0,1.58,26.74,19.7,185.3,137.1,68.6,0.9,434.6,4.0,3.0,2.5,Muscle Gain,Functional,0.0,1.0,1.0,1.0,1.0,0.0,1.0
27.2,Male,63.0,1.75,20.48,9.2,190.0,98.6,71.1,1.14,128.2,4.3,2.0,2.4,General Fitness,Yoga,0.0,0.0,0.0,0.0,1.0,1.0,1.0
58.2,Male,69.2,1.64,25.58,19.4,174.3,155.1,53.2,0.95,606.2,3.0,1.0,3.2,Athletic Performance,Functional,0.0,1.0,0.0,0.0,1.0,1.0,1.0
56.0,Male,72.0,1.77,22.98,30.0,191.0,168.0,62.0,1.55,1144.0,2.0,2.0,2.7,Endurance,Cardio,1.0,0.0,0.0,0.0,0.0,1.0,1.0
26.5,Male,78.1,1.89,21.82,27.9,185.5,121.2,75.7,1.99,892.0,3.5,2.0,2.8,Muscle Gain,Powerlifting,1.0,1.0,1.0,1.0,0.0,0.0,1.0
26.5,Female,65.0,1.65,23.82,18.4,195.7,105.4,76.0,0.76,85.2,5.7,1.0,1.5,Flexibility,Yoga,0.0,0.0,0.0,0.0,0.0,1.0,1.0
37.0,Male,95.1,1.85,27.83,19.2,192.5,152.6,68.5,0.76,631.0,3.4,1.0,3.0,General Fitness,Functional,0.0,0.0,1.0,1.0,0.0,1.0,1.0
28.9,Male,83.7,1.64,31.02,24.0,191.4,126.8,76.2,2.08,1162.1,4.5,2.0,3.1,Strength,Powerlifting,1.0,1.0,1.0,1.0,0.0,0.0,0.0
47.0,Male,59.6,1.88,16.86,30.6,192.0,125.0,50.0,1.32,1108.0,3.0,2.0,2.3,Strength,Strength,1.0,1.0,1.0,0.0,0.0,0.0,1.0
39.0,Male,78.5,1.59,31.05,26.0,197.0,153.0,71.0,1.88,1009.0,5.0,1.0,3.7,Muscle Gain,Strength,1.0,1.0,1.0,1.0,0.0,1.0,0.0
32.6,Female,55.9,1.63,20.95,23.8,195.8,174.4,65.3,1.59,1262.1,5.4,3.0,4.6,Endurance,Cardio,0.0,1.0,0.0,0.0,1.0,0.0,1.0
27.8,Male,67.0,1.79,21.02,8.0,177.7,172.7,64.9,1.01,868.2,4.1,3.0,3.5,Weight Loss,HIIT,0.0,0.0,0.0,1.0,1.0,0.0,1.0
48.0,Female,81.9,1.8,25.28,24.0,180.0,165.0,67.0,1.25,1410.0,4.0,2.0,3.5,Endurance,Cardio,0.0,1.0,0.0,0.0,0.0,0.0,0.0
44.0,Male,53.1,1.64,19.74,27.0,160.0,160.0,74.0,1.65,749.0,3.0,2.0,3.2,Weight Loss,Cardio,0.0,0.0,0.0,0.0,1.0,0.0,1.0
36.3,Male,50.3,1.61,19.34,10.7,179.6,156.9,62.8,0.33,139.9,3.3,2.0,3.4,Weight Loss,HIIT,1.0,0.0,0.0,1.0,1.0,1.0,1.0
27.8,Female,70.7,1.7,24.52,21.6,190.0,104.6,62.4,2.28,697.3,4.9,3.0,2.3,Muscle Gain,Powerlifting,1.0,1.0,0.0,1.0,0.0,0.0,1.0
37.7,Female,56.3,1.55,23.51,16.3,184.3,167.2,55.7,0.51,416.2,4.9,3.0,3.0,Weight Loss,Cardio,1.0,0.0,0.0,0.0,0.0,0.0,1.0
26.8,Male,92.5,1.77,29.38,14.5,195.3,144.2,67.6,1.03,626.1,3.1,1.0,3.6,Muscle Gain,Strength,1.0,1.0,1.0,0.0,0.0,1.0,0.0
34.0,Female,80.6,1.76,26.02,27.5,177.0,163.0,65.0,2.0,1783.0,4.0,1.0,3.4,General Fitness,Cardio,0.0,0.0,0.0,1.0,0.0,0.0,1.0
21.0,Female,87.8,1.88,24.84,19.9,195.0,133.0,74.0,1.95,621.0,3.0,3.0,3.4,General Fitness,HIIT,1.0,0.0,1.0,1.0,0.0,1.0,1.0
28.2,Male,70.7,1.88,19.98,21.3,190.1,147.0,64.2,0.68,299.6,1.6,1.0,3.18,Muscle Gain,Strength,1.0,1.0,1.0,1.0,0.0,1.0,0.0
19.7,Female,47.7,1.54,19.99,23.6,207.1,116.7,61.9,1.21,116.3,3.1,3.0,2.1,Stress Relief,Yoga,0.0,0.0,0.0,0.0,0.0,0.0,1.0
60.9,Female,89.0,1.71,30.42,31.1,154.6,127.6,67.4,2.28,1145.6,4.2,2.0,3.4,Muscle Gain,Powerlifting,0.0,1.0,0.0,0.0,0.0,0.0,0.0
28.4,Male,64.3,1.72,21.65,12.2,188.9,147.4,57.5,1.47,1124.9,3.3,2.0,3.0,Endurance,Cardio,1.0,0.0,0.0,0.0,0.0,0.0,1.0
26.9,Male,81.5,1.84,24.13,18.0,196.1,128.5,55.2,1.07,759.7,4.1,3.0,3.3,General Fitness,Functional,1.0,0.0,0.0,1.0,1.0,1.0,1.0
41.5,Female,61.4,1.57,24.85,26.8,165.2,98.2,67.2,1.27,226.7,5.1,3.0,1.9,General Fitness,Yoga,0.0,0.0,0.0,0.0,1.0,0.0,1.0
37.2,Male,77.6,2.05,18.47,21.3,181.1,142.3,66.9,1.1,555.6,2.4,1.0,2.82,Muscle Gain,Strength,1.0,1.0,1.0,1.0,0.0,0.0,1.0
28.7,Female,71.5,1.54,30.0,22.1,186.0,137.4,77.8,1.19,675.9,3.3,3.0,2.9,Muscle Gain,Strength,1.0,1.0,0.0,0.0,0.0,0.0,0.0
19.6,Female,69.3,1.6,26.99,21.1,197.1,123.5,73.4,1.54,751.2,3.6,2.0,2.3,Muscle Gain,Strength,1.0,1.0,1.0,0.0,0.0,1.0,1.0
36.4,Male,90.9,1.79,28.5,18.6,171.2,117.9,45.0,1.29,665.8,3.9,3.0,2.7,Muscle Gain,Strength,1.0,0.0,0.0,0.0,0.0,1.0,0.0
28.5,Male,80.2,1.75,26.15,14.5,201.2,122.3,59.2,0.96,568.7,3.7,2.0,2.0,General Fitness,Strength,1.0,1.0,0.0,1.0,0.0,0.0,1.0
49.8,Male,68.5,1.61,26.46,17.2,179.1,132.7,65.8,1.44,990.6,4.1,2.0,2.8,General Fitness,Functional,1.0,0.0,0.0,0.0,1.0,1.0,1.0
37.8,Female,73.9,1.67,26.52,22.3,187.9,175.1,55.6,0.53,404.2,4.2,3.0,2.9,General Fitness,Cardio,0.0,1.0,0.0,0.0,1.0,0.0,1.0
33.5,Male,70.9,1.83,21.18,18.5,181.2,168.8,55.5,0.84,663.5,4.5,3.0,2.6,Endurance,HIIT,0.0,1.0,0.0,0.0,1.0,0.0,0.0
29.0,Female,101.5,1.9,28.12,26.3,175.0,165.0,74.0,1.46,1128.0,2.0,1.0,2.7,Muscle Gain,Strength,1.0,0.0,1.0,0.0,0.0,0.0,0.0
24.9,Female,70.0,1.7,24.33,27.6,197.1,133.6,55.8,1.02,559.7,3.1,3.0,,Strength,Powerlifting,1.0,1.0,0.0,0.0,0.0,0.0,1.0
46.0,Male,54.6,1.65,20.03,17.0,167.7,133.4,68.6,1.12,589.4,4.0,3.0,2.7,General Fitness,Functional,0.0,0.0,0.0,1.0,1.0,1.0,1.0
26.0,Female,71.2,2.0,17.8,29.8,169.0,159.0,52.0,1.42,749.0,4.0,2.0,3.5,Muscle Gain,Strength,1.0,1.0,1.0,0.0,0.0,0.0,0.0
43.2,Female,45.4,1.53,19.32,20.0,176.0,171.0,72.4,1.72,1086.8,4.0,3.0,4.6,Endurance,Cardio,0.0,0.0,1.0,0.0,0.0,0.0,1.0
47.8,Female,66.0,1.51,29.0,31.1,181.8,115.9,62.6,1.63,773.8,4.4,2.0,2.7,Muscle Gain,Powerlifting,1.0,1.0,1.0,0.0,0.0,0.0,0.0
45.2,Male,62.4,1.68,22.05,10.5,170.6,104.3,69.7,0.57,63.5,4.0,3.0,2.4,Stress Relief,Yoga,1.0,0.0,0.0,0.0,1.0,0.0,1.0
64.6,Female,50.8,1.51,22.39,23.2,153.3,110.7,65.1,1.33,433.7,4.9,1.0,2.3,Muscle Gain,Strength,1.0,1.0,1.0,0.0,0.0,0.0,0.0
19.8,Female,56.4,1.56,23.14,24.7,210.0,145.9,45.0,0.8,341.4,4.8,2.0,3.4,Athletic Performance,Functional,0.0,0.0,1.0,1.0,1.0,0.0,1.0
52.2,Female,67.1,1.67,24.07,29.0,154.3,108.9,71.0,2.16,777.1,3.6,2.0,3.0,Muscle Gain,Powerlifting,1.0,1.0,0.0,0.0,0.0,0.0,0.0
36.4,Female,52.0,1.63,19.66,22.0,174.0,132.4,61.4,0.72,341.1,3.6,1.0,2.8,Athletic Performance,Functional,1.0,0.0,0.0,1.0,1.0,1.0,1.0
28.9,Female,63.7,1.6,24.83,25.3,189.8,107.9,62.6,0.8,152.2,2.0,1.0,2.6,Stress Relief,Yoga,0.0,0.0,0.0,0.0,1.0,0.0,1.0
25.7,Female,78.8,1.62,29.85,23.2,207.7,120.5,58.1,2.0,1257.3,4.5,2.0,2.8,Strength,Strength,1.0,0.0,1.0,0.0,1.0,0.0,0.0
38.5,Female,51.9,1.59,20.62,14.1,178.6,173.6,53.2,0.69,469.4,2.5,3.0,3.6,Endurance,HIIT,1.0,1.0,0.0,0.0,1.0,0.0,1.0
27.0,Male,55.0,1.68,19.49,24.6,169.0,136.0,64.0,1.07,1389.0,4.0,2.0,2.1,Endurance,Cardio,0.0,0.0,1.0,0.0,0.0,1.0,1.0
30.0,Male,46.8,1.67,16.78,15.2,164.0,153.0,74.0,1.53,684.0,4.0,2.0,2.3,Weight Loss,Cardio,0.0,0.0,0.0,0.0,1.0,0.0,1.0
47.5,Male,80.6,1.76,25.97,14.6,185.3,103.0,73.8,1.43,365.4,5.7,1.0,1.9,Flexibility,Yoga,0.0,0.0,1.0,0.0,1.0,1.0,1.0
39.7,Male,81.2,1.73,27.29,17.6,181.2,111.2,57.4,1.89,1119.6,4.9,2.0,3.2,Strength,Strength,0.0,1.0,0.0,0.0,0.0,0.0,1.0
27.4,Female,70.4,1.64,26.11,19.3,187.8,143.7,63.5,1.73,977.2,3.8,2.0,2.9,Muscle Gain,Strength,1.0,1.0,1.0,0.0,1.0,0.0,0.0
25.9,Male,76.3,1.69,26.72,12.1,197.1,158.7,63.4,0.87,864.6,3.9,1.0,3.3,Endurance,Cardio,0.0,0.0,0.0,0.0,1.0,0.0,1.0
32.8,Male,63.0,1.69,22.05,17.6,198.4,143.9,67.3,0.85,391.7,3.9,3.0,2.8,Athletic Performance,Functional,1.0,0.0,1.0,1.0,1.0,0.0,1.0
22.1,Female,116.1,1.84,34.48,31.5,202.7,143.2,66.2,1.6,1060.0,3.0,1.0,4.56,Muscle Gain,Strength,1.0,1.0,1.0,0.0,0.0,0.0,1.0
21.7,Female,70.1,1.55,29.06,29.0,192.0,122.4,73.0,1.53,700.2,3.4,2.0,2.4,General Fitness,Powerlifting,0.0,1.0,1.0,0.0,0.0,0.0,0.0
35.6,Female,45.0,1.79,14.06,22.7,179.8,149.7,70.4,1.44,434.0,2.1,2.0,3.63,General Fitness,Cardio,0.0,0.0,0.0,0.0,0.0,0.0,1.0
51.4,Female,107.2,1.8,33.04,32.4,166.7,139.2,69.4,0.7,557.5,2.4,1.0,2.97,Weight Loss,Cardio,0.0,0.0,0.0,0.0,0.0,0.0,1.0
33.5,Male,63.3,1.73,21.25,15.7,199.4,187.8,55.7,0.57,528.3,4.5,2.0,3.0,Weight Loss,HIIT,0.0,0.0,0.0,1.0,1.0,1.0,1.0
37.4,Male,77.6,1.81,23.66,19.0,185.0,133.7,66.5,1.02,822.5,4.7,1.0,2.9,Muscle Gain,Functional,1.0,0.0,1.0,1.0,0.0,1.0,1.0
29.2,Female,66.0,1.46,30.92,32.8,197.8,100.1,61.8,2.12,788.4,5.0,3.0,2.5,Muscle Gain,Powerlifting,1.0,1.0,0.0,0.0,1.0,0.0,1.0
34.1,Female,68.4,1.69,23.97,26.1,195.3,153.2,71.1,0.72,315.7,4.1,1.0,3.09,Muscle Gain,Strength,1.0,1.0,1.0,0.0,1.0,0.0,1.0
27.0,Female,89.7,1.67,32.16,27.7,172.0,130.0,64.0,1.46,729.0,4.0,2.0,3.4,Muscle Gain,Strength,0.0,1.0,1.0,0.0,0.0,0.0,1.0
25.9,Male,116.7,1.91,32.13,22.5,183.4,101.1,60.6,1.14,786.0,5.0,2.0,2.6,Muscle Gain,Powerlifting,0.0,1.0,0.0,1.0,1.0,0.0,0.0
28.0,Male,78.2,1.77,25.09,11.3,195.1,181.8,64.2,0.64,938.2,4.8,3.0,3.8,Endurance,HIIT,1.0,0.0,1.0,1.0,1.0,0.0,1.0
41.4,Female,62.9,1.61,24.39,20.5,181.6,163.2,58.6,0.72,540.8,3.0,2.0,3.0,General Fitness,HIIT,0.0,0.0,0.0,1.0,0.0,0.0,0.0
47.9,Female,75.1,1.67,26.85,18.1,172.6,127.3,55.2,1.07,509.1,4.0,2.0,2.5,General Fitness,Functional,0.0,0.0,1.0,1.0,0.0,1.0,1.0
45.0,Female,80.5,1.89,22.54,24.6,183.0,134.0,74.0,1.02,1311.0,4.0,1.0,1.9,Weight Loss,HIIT,0.0,0.0,0.0,0.0,1.0,0.0,1.0
37.8,Female,61.4,1.62,23.31,23.5,177.1,171.3,45.0,1.16,814.0,3.1,3.0,3.8,General Fitness,Cardio,0.0,0.0,0.0,0.0,0.0,0.0,1.0
21.3,Female,50.6,1.74,16.67,22.1,202.9,164.7,67.8,1.49,566.1,3.5,2.0,2.49,General Fitness,Cardio,0.0,0.0,0.0,0.0,0.0,0.0,1.0
36.5,Female,76.7,1.63,29.02,29.8,174.5,148.4,60.1,2.04,1238.6,3.3,2.0,3.46,Endurance,Cardio,0.0,0.0,0.0,0.0,0.0,0.0,1.0
24.0,Male,81.2,1.56,33.37,25.5,182.0,166.0,66.0,1.62,1148.0,4.0,3.0,2.7,General Fitness,Strength,1.0,1.0,1.0,0.0,0.0,0.0,1.0
48.6,Female,53.7,1.76,17.31,19.5,169.0,109.2,56.7,1.04,191.9,3.0,2.0,3.56,Flexibility,Yoga,0.0,0.0,0.0,1.0,1.0,1.0,1.0
37.0,Female,55.4,1.68,19.63,27.4,197.0,124.5,52.0,1.04,338.0,3.0,3.0,3.2,Weight Loss,Cardio,1.0,0.0,0.0,0.0,0.0,0.0,1.0
38.0,Female,77.1,1.73,25.76,26.4,177.0,169.0,72.0,1.73,1538.0,3.0,1.0,3.6,Weight Loss,Cardio,1.0,0.0,0.0,0.0,0.0,0.0,1.0
33.0,Male,68.7,1.81,20.97,10.0,192.0,169.0,62.0,1.08,1783.0,3.0,1.0,3.4,General Fitness,Strength,1.0,1.0,1.0,1.0,0.0,0.0,1.0
51.0,Female,58.8,1.78,18.56,31.5,172.0,120.0,54.0,2.0,1113.0,4.0,1.0,2.3,Endurance,HIIT,1.0,0.0,0.0,1.0,1.0,0.0,1.0
28.3,Male,63.8,1.75,20.86,8.9,203.8,160.5,65.8,1.6,1103.3,3.0,3.0,3.4,Weight Loss,Cardio,0.0,0.0,0.0,0.0,0.0,0.0,1.0
33.7,Male,54.8,1.64,20.37,24.3,188.2,144.2,65.4,0.67,270.0,3.1,1.0,2.69,Strength,Strength,0.0,1.0,0.0,0.0,0.0,0.0,1.0
23.7,Female,60.4,1.62,23.07,23.3,196.6,150.4,54.5,0.41,317.7,4.2,2.0,2.9,Weight Loss,HIIT,0.0,1.0,0.0,1.0,1.0,1.0,1.0
19.8,Female,59.8,1.62,22.83,14.3,201.6,159.6,45.7,0.75,407.1,2.5,2.0,2.9,General Fitness,HIIT,1.0,0.0,0.0,0.0,1.0,0.0,1.0
25.8,Male,87.9,1.89,24.47,11.9,185.5,177.0,54.1,0.58,442.0,4.5,2.0,4.0,Weight Loss,Cardio,0.0,0.0,0.0,1.0,1.0,0.0,1.0
25.2,Female,55.4,1.61,21.3,16.0,197.1,161.2,47.9,0.67,417.6,4.4,2.0,3.1,General Fitness,HIIT,1.0,0.0,0.0,0.0,0.0,0.0,1.0
49.5,Male,75.3,1.72,25.49,12.5,165.6,160.6,56.8,0.61,364.1,3.2,1.0,3.4,Weight Loss,Cardio,1.0,0.0,0.0,0.0,1.0,0.0,0.0
29.4,Female,64.1,1.71,21.93,22.8,188.3,118.4,74.1,1.09,244.3,3.0,2.0,2.1,Stress Relief,Yoga,0.0,0.0,0.0,0.0,1.0,1.0,1.0
16.0,Female,54.5,1.9,15.11,18.6,210.0,153.1,64.7,0.97,329.2,3.0,3.0,3.45,Muscle Gain,Strength,1.0,1.0,1.0,1.0,0.0,1.0,1.0
33.6,Male,62.4,1.62,23.7,23.0,183.6,127.9,80.1,0.73,159.0,1.7,1.0,3.54,Stress Relief,Yoga,0.0,0.0,0.0,0.0,0.0,0.0,1.0
39.7,Female,62.2,1.52,27.02,18.2,185.4,133.5,61.1,1.58,714.2,4.8,3.0,2.8,Muscle Gain,Strength,1.0,1.0,1.0,0.0,0.0,0.0,1.0
38.1,Female,77.3,1.72,26.12,29.5,175.7,115.5,69.1,1.17,445.1,4.3,3.0,2.5,Muscle Gain,Powerlifting,1.0,1.0,1.0,0.0,0.0,0.0,0.0
44.8,Female,53.5,1.58,21.45,25.5,175.6,143.6,64.5,0.93,545.9,3.3,3.0,3.4,Athletic Performance,Functional,1.0,0.0,1.0,1.0,0.0,1.0,0.0
30.1,Female,54.9,1.65,20.23,25.2,188.1,131.4,60.6,0.79,363.0,3.5,3.0,3.3,Strength,Strength,1.0,1.0,1.0,0.0,0.0,0.0,1.0
29.6,Male,71.1,1.72,24.15,20.2,192.9,112.6,75.3,1.1,571.3,4.7,1.0,2.7,Muscle Gain,Strength,1.0,1.0,0.0,0.0,0.0,0.0,1.0
50.0,Male,41.9,2.0,10.48,24.6,199.0,161.0,74.0,1.24,953.0,3.0,2.0,3.2,Endurance,Cardio,0.0,1.0,0.0,0.0,0.0,0.0,1.0
39.8,Male,62.4,1.71,21.46,15.8,188.1,147.8,53.5,1.49,1119.9,4.3,1.0,3.2,General Fitness,Functional,0.0,0.0,0.0,1.0,0.0,1.0,0.0
46.9,Female,47.7,1.55,19.82,14.7,181.8,170.6,64.7,0.42,285.7,3.6,3.0,2.3,General Fitness,HIIT,0.0,1.0,0.0,0.0,0.0,0.0,1.0
27.4,Female,70.6,1.7,24.34,26.7,190.9,111.8,54.3,0.83,385.5,4.5,3.0,1.8,Strength,Strength,1.0,1.0,1.0,0.0,1.0,1.0,0.0
24.7,Female,73.9,1.71,25.12,19.4,193.5,145.6,61.1,0.8,451.4,4.8,3.0,3.0,Athletic Performance,Functional,1.0,0.0,1.0,1.0,0.0,1.0,1.0
33.6,Female,71.0,1.85,20.83,22.9,183.9,146.4,69.7,1.34,571.6,2.7,1.0,3.14,Muscle Gain,Strength,1.0,1.0,1.0,1.0,0.0,1.0,0.0
66.1,Female,73.6,1.62,27.97,23.9,150.7,145.7,62.9,1.42,706.9,6.0,2.0,3.4,General Fitness,Cardio,1.0,0.0,1.0,0.0,0.0,0.0,0.0
50.2,Female,62.8,1.53,26.93,23.7,174.3,169.3,60.5,0.46,425.7,4.5,3.0,2.6,Endurance,HIIT,0.0,0.0,0.0,1.0,0.0,0.0,1.0
48.0,Male,89.5,1.61,34.53,10.0,170.0,153.0,57.0,1.38,1355.0,3.0,1.0,3.3,Muscle Gain,Strength,1.0,1.0,1.0,1.0,0.0,0.0,1.0
42.0,Male,72.0,1.9,19.94,15.6,184.0,147.0,67.0,1.48,1047.0,3.0,1.0,3.4,Muscle Gain,Strength,1.0,1.0,0.0,1.0,0.0,0.0,0.0
18.9,Female,83.4,1.81,25.36,19.9,199.1,119.3,64.9,1.45,729.4,4.4,3.0,2.3,Strength,Strength,0.0,1.0,1.0,0.0,0.0,0.0,1.0
32.0,Male,68.7,1.77,21.93,28.5,186.0,124.5,63.0,1.85,1118.0,3.0,2.0,3.5,General Fitness,Strength,0.0,1.0,1.0,0.0,1.0,0.0,0.0
53.3,Male,71.8,1.74,23.77,25.6,166.8,129.3,64.4,1.5,644.6,1.8,2.0,3.98,Strength,Strength,1.0,0.0,1.0,1.0,1.0,0.0,1.0
36.0,Female,71.9,1.66,26.09,23.3,177.0,125.0,73.0,0.96,556.0,2.0,2.0,3.2,Strength,Strength,1.0,1.0,1.0,0.0,0.0,1.0,0.0
53.6,Female,50.5,1.57,20.45,26.5,159.9,146.4,70.3,1.21,407.3,3.3,2.0,3.5,Muscle Gain,Functional,1.0,1.0,1.0,1.0,1.0,0.0,1.0
55.0,Male,54.2,1.62,20.65,28.3,197.0,127.0,56.0,1.18,335.0,2.0,1.0,2.4,Muscle Gain,Strength,1.0,1.0,0.0,0.0,0.0,0.0,1.0
39.7,Female,45.0,1.6,17.65,19.1,165.6,108.6,65.8,1.15,192.4,3.4,2.0,2.95,General Fitness,Yoga,0.0,0.0,0.0,0.0,0.0,0.0,1.0
27.0,Male,41.0,1.82,12.38,29.1,171.0,138.0,53.0,1.47,1273.0,4.0,1.0,2.4,Endurance,Cardio,1.0,0.0,0.0,0.0,0.0,0.0,1.0
31.5,Female,74.6,1.69,26.18,20.7,175.9,170.9,45.9,0.57,479.0,3.3,2.0,3.7,Weight Loss,HIIT,1.0,0.0,0.0,1.0,1.0,0.0,1.0
39.3,Female,73.8,1.53,31.55,29.7,186.7,119.4,61.1,1.64,802.7,4.5,2.0,2.6,Muscle Gain,Powerlifting,0.0,1.0,0.0,0.0,0.0,0.0,0.0
43.0,Female,46.3,1.61,17.86,21.4,190.0,136.0,69.0,2.0,1185.0,4.0,1.0,3.5,Muscle Gain,Strength,1.0,0.0,1.0,1.0,0.0,0.0,0.0
22.0,Male,60.6,1.77,19.45,15.1,194.2,160.0,53.3,0.33,275.1,3.6,2.0,2.6,General Fitness,HIIT,1.0,1.0,0.0,1.0,0.0,0.0,1.0
29.0,Female,50.2,1.89,14.05,27.6,197.0,125.0,51.0,1.46,1286.0,2.0,3.0,3.3,Strength,Strength,1.0,1.0,1.0,1.0,0.0,0.0,0.0
21.1,Male,85.1,1.56,34.8,37.0,203.1,162.2,63.9,1.62,965.6,3.0,1.0,3.34,Weight Loss,Cardio,0.0,0.0,0.0,0.0,0.0,0.0,1.0
16.0,Female,45.0,1.71,15.45,11.9,200.4,146.5,65.6,1.26,356.5,5.5,3.0,3.51,General Fitness,Strength,1.0,0.0,1.0,1.0,0.0,0.0,1.0
35.4,Female,61.7,1.71,21.06,19.0,188.3,146.4,52.8,1.23,622.4,5.1,2.0,3.4,Weight Loss,Cardio,0.0,0.0,0.0,0.0,1.0,0.0,1.0
50.4,Female,49.9,1.57,20.32,27.3,169.2,134.1,59.1,1.37,544.4,4.8,2.0,2.5,Strength,Strength,1.0,1.0,1.0,1.0,0.0,0.0,1.0
21.0,Male,61.2,1.69,21.52,13.9,210.0,159.5,49.2,1.19,909.9,3.6,3.0,3.7,Endurance,Cardio,0.0,0.0,0.0,0.0,0.0,0.0,1.0
39.3,Male,75.8,1.73,25.44,11.5,186.5,115.8,53.6,0.65,171.2,5.4,1.0,2.1,Flexibility,Yoga,0.0,0.0,0.0,0.0,0.0,0.0,1.0
37.8,Female,54.1,1.57,21.85,24.6,192.4,129.5,72.6,1.22,672.6,3.9,2.0,3.1,Athletic Performance,Functional,1.0,1.0,1.0,1.0,0.0,1.0,1.0
39.1,Female,77.3,1.75,25.27,26.0,185.6,124.6,71.5,1.62,1045.9,4.6,3.0,2.9,Strength,Strength,1.0,1.0,1.0,0.0,0.0,0.0,0.0
26.0,Male,91.3,1.63,34.36,22.6,186.0,156.0,67.0,0.92,1091.0,3.0,1.0,2.4,Muscle Gain,Strength,1.0,1.0,1.0,0.0,0.0,1.0,0.0
41.0,Male,73.2,1.75,23.9,30.4,190.0,137.0,58.0,1.24,1048.0,2.0,3.0,3.4,Muscle Gain,Strength,1.0,1.0,1.0,0.0,1.0,1.0,0.0
18.0,Female,53.9,1.73,18.01,10.0,177.0,157.0,73.0,1.24,1483.0,3.0,1.0,3.5,Weight Loss,Cardio,0.0,0.0,0.0,0.0,0.0,0.0,1.0
20.8,Female,67.7,1.61,26.23,21.2,195.7,124.9,63.5,1.4,628.4,5.0,2.0,3.2,Muscle Gain,Strength,1.0,1.0,1.0,0.0,1.0,1.0,1.0
31.8,Female,45.0,1.8,13.85,16.6,179.5,153.8,68.4,0.4,135.8,4.8,2.0,3.22,Endurance,Cardio,0.0,0.0,0.0,0.0,0.0,0.0,1.0
41.0,Male,70.7,1.81,21.58,30.3,191.0,134.0,62.0,1.53,1381.0,2.0,2.0,3.3,Endurance,Cardio,0.0,0.0,0.0,0.0,1.0,0.0,1.0
21.0,Male,74.7,1.59,29.55,15.2,161.0,169.0,74.0,1.08,1379.0,3.0,2.0,2.5,Muscle Gain,Strength,1.0,1.0,1.0,0.0,1.0,1.0,1.0
27.0,Male,67.8,1.61,26.3,17.1,185.5,136.7,73.3,1.17,802.6,4.4,3.0,2.8,Athletic Performance,Functional,0.0,1.0,1.0,1.0,1.0,0.0,1.0
29.8,Male,77.5,1.72,26.28,21.0,177.0,139.9,45.2,0.95,680.0,3.2,1.0,2.4,Muscle Gain,Strength,1.0,1.0,0.0,0.0,0.0,1.0,1.0
29.9,Male,74.6,1.65,27.57,21.8,180.3,106.5,68.0,1.19,333.8,4.8,3.0,2.6,Muscle Gain,Powerlifting,0.0,1.0,1.0,0.0,0.0,0.0,1.0
18.0,Male,79.2,1.77,25.28,12.9,198.0,137.0,66.0,1.2,1429.0,3.0,2.0,3.7,Strength,Strength,1.0,1.0,1.0,1.0,0.0,0.0,1.0
44.0,Female,63.6,1.78,20.07,,167.0,129.0,74.0,1.34,1165.0,4.0,1.0,3.4,Strength,Strength,1.0,1.0,1.0,1.0,0.0,0.0,0.0
44.0,Female,71.6,1.73,23.92,23.6,167.0,138.0,71.0,1.45,1000.0,2.0,3.0,2.6,Muscle Gain,Strength,1.0,1.0,0.0,0.0,0.0,0.0,0.0
23.0,Female,40.0,1.89,11.2,24.7,162.0,126.0,60.0,0.74,1237.0,3.0,1.0,2.9,Endurance,Cardio,1.0,0.0,0.0,0.0,0.0,0.0,1.0
36.0,Male,87.6,1.81,26.74,22.1,179.0,140.0,56.0,0.9,645.0,2.0,1.0,3.6,Weight Loss,HIIT,1.0,1.0,0.0,0.0,1.0,1.0,1.0
25.5,Male,83.7,1.88,23.62,19.8,184.6,102.0,69.6,1.41,264.9,3.5,2.0,1.8,General Fitness,Yoga,0.0,0.0,0.0,0.0,1.0,0.0,1.0
46.2,Female,71.7,1.95,18.92,21.8,158.0,106.7,66.8,0.83,220.2,4.3,2.0,3.67,Stress Relief,Yoga,0.0,0.0,0.0,0.0,1.0,1.0,1.0
34.0,Male,63.8,1.8,19.69,13.8,192.0,129.0,54.0,1.92,1229.0,4.0,2.0,3.1,General Fitness,Cardio,0.0,0.0,0.0,0.0,0.0,1.0,1.0
27.4,Male,59.8,1.78,18.93,17.8,192.4,125.1,69.0,0.76,170.7,2.4,1.0,3.03,Flexibility,Yoga,0.0,0.0,0.0,0.0,1.0,1.0,1.0
31.9,Female,57.0,1.83,17.03,26.1,186.1,154.1,70.4,1.38,483.1,3.1,1.0,3.09,Muscle Gain,Functional,,,,,,,
52.4,Male,63.6,1.8,19.59,9.0,160.5,155.5,51.2,0.51,503.5,2.7,2.0,2.8,Weight Loss,HIIT,0.0,1.0,0.0,1.0,1.0,0.0,1.0
39.1,Male,82.8,1.76,26.7,17.1,169.1,152.8,52.4,0.96,770.0,5.2,1.0,2.9,Weight Loss,Cardio,0.0,0.0,0.0,0.0,0.0,0.0,1.0
20.1,Male,65.4,1.75,21.43,20.0,188.2,139.7,62.4,1.07,570.1,4.4,3.0,2.4,Muscle Gain,Strength,1.0,1.0,1.0,1.0,0.0,0.0,1.0
22.5,Female,93.2,1.82,28.25,25.7,202.3,127.4,62.2,1.96,1431.1,4.1,2.0,3.0,General Fitness,Powerlifting,1.0,1.0,0.0,0.0,0.0,0.0,1.0
54.0,Male,88.5,2.0,22.12,27.7,173.0,134.0,58.0,1.11,1388.0,3.0,2.0,3.7,Endurance,HIIT,0.0,0.0,0.0,0.0,1.0,0.0,1.0
47.0,Male,50.6,1.65,18.59,25.5,192.0,169.0,63.0,1.36,594.0,5.0,2.0,2.2,Strength,Strength,1.0,1.0,1.0,1.0,0.0,0.0,0.0
56.4,Female,56.7,1.56,23.44,25.9,169.4,127.9,63.6,0.6,326.2,3.5,3.0,2.0,General Fitness,Functional,0.0,1.0,0.0,0.0,0.0,0.0,1.0
16.0,Male,100.8,1.89,28.21,28.8,206.3,175.5,73.6,1.57,1138.9,3.9,2.0,3.96,General Fitness,Cardio,0.0,0.0,0.0,0.0,0.0,0.0,1.0
19.9,Male,68.0,1.66,24.67,11.9,190.1,156.6,68.1,1.02,552.7,3.6,2.0,3.2,Weight Loss,Cardio,1.0,0.0,1.0,0.0,0.0,0.0,1.0
18.4,Male,89.6,1.87,25.7,12.7,198.5,141.6,61.7,0.84,636.1,4.8,1.0,2.5,Strength,Strength,1.0,1.0,1.0,1.0,0.0,0.0,1.0
61.9,Female,50.0,1.54,21.07,14.3,160.5,155.5,53.9,1.11,530.5,5.3,2.0,3.2,Endurance,Cardio,0.0,0.0,0.0,1.0,0.0,0.0,1.0
31.0,Female,45.2,1.45,21.48,27.2,188.3,155.2,66.4,0.33,109.6,3.2,2.0,2.68,Weight Loss,Cardio,0.0,0.0,0.0,1.0,1.0,0.0,1.0
34.0,Male,60.5,1.8,18.67,27.1,171.0,120.0,68.0,1.57,1452.0,3.0,1.0,3.2,General Fitness,Cardio,0.0,1.0,0.0,1.0,0.0,0.0,1.0
32.2,Female,81.9,1.47,38.03,27.6,194.9,151.7,65.8,1.44,780.8,2.8,1.0,3.53,Muscle Gain,Functional,,,,,,,
27.4,Female,66.0,1.71,22.52,29.0,187.1,111.4,75.3,2.08,513.5,4.6,3.0,2.8,Muscle Gain,Powerlifting,1.0,1.0,1.0,0.0,0.0,0.0,0.0
25.9,Male,68.2,1.77,21.75,16.8,181.9,155.0,66.2,0.81,486.4,3.5,1.0,3.3,General Fitness,Functional,1.0,0.0,0.0,1.0,1.0,1.0,1.0
19.9,Female,64.5,1.59,25.47,19.0,209.4,157.6,54.2,1.21,727.7,3.8,2.0,3.9,Athletic Performance,Functional,0.0,0.0,1.0,1.0,1.0,0.0,0.0
21.9,Male,62.4,1.71,21.26,16.6,202.8,134.2,61.6,0.62,328.3,3.3,3.0,2.2,Muscle Gain,Functional,1.0,0.0,1.0,1.0,0.0,1.0,1.0
21.1,Female,55.0,1.47,25.3,20.5,198.0,163.0,55.5,0.88,533.6,3.2,1.0,3.2,Weight Loss,Cardio,0.0,0.0,0.0,0.0,0.0,0.0,1.0
38.7,Female,50.9,1.6,19.97,25.0,172.5,167.5,55.8,0.35,296.1,2.5,2.0,3.1,Weight Loss,HIIT,1.0,1.0,0.0,1.0,0.0,0.0,0.0
51.5,Male,56.1,1.7,19.47,11.1,172.1,162.7,53.8,0.35,315.9,2.5,3.0,3.5,Endurance,HIIT,1.0,0.0,0.0,0.0,1.0,0.0,0.0
25.9,Male,74.2,1.78,23.48,20.3,193.7,132.0,62.4,0.95,385.7,3.3,1.0,2.7,Strength,Strength,1.0,1.0,1.0,1.0,0.0,0.0,0.0
37.3,Female,67.1,1.56,27.57,14.3,173.0,168.0,56.1,0.86,849.3,2.5,2.0,3.3,Weight Loss,HIIT,1.0,0.0,0.0,1.0,0.0,0.0,1.0
37.4,Female,79.5,1.82,24.13,24.3,179.3,149.8,69.7,1.73,984.9,3.1,1.0,3.72,General Fitness,Cardio,0.0,0.0,0.0,1.0,1.0,0.0,1.0
44.1,Female,60.0,1.79,18.66,17.4,177.8,160.9,64.2,0.79,471.0,5.3,3.0,3.19,Endurance,HIIT,0.0,0.0,0.0,1.0,1.0,0.0,1.0
35.0,Female,66.7,1.72,22.55,18.7,171.0,153.0,65.0,1.15,776.0,4.0,1.0,2.5,Weight Loss,HIIT,1.0,0.0,0.0,1.0,0.0,0.0,1.0
38.5,Male,84.0,1.59,33.03,30.7,193.1,155.2,70.2,1.62,888.8,2.2,2.0,4.15,Muscle Gain,Functional,,,,,,,
30.1,Female,84.1,1.75,27.45,26.3,190.1,144.7,54.1,1.49,835.3,3.1,2.0,2.83,General Fitness,Strength,0.0,1.0,1.0,0.0,0.0,0.0,1.0
19.7,Female,55.6,1.53,23.8,16.1,200.5,150.4,53.1,0.82,622.7,4.1,2.0,3.1,Weight Loss,HIIT,0.0,1.0,0.0,1.0,1.0,0.0,1.0
29.6,Male,86.7,1.79,27.17,10.4,186.7,166.5,54.6,1.28,1495.2,4.5,1.0,3.8,Endurance,Cardio,0.0,0.0,0.0,0.0,0.0,1.0,1.0
48.0,Female,68.0,1.69,23.81,14.2,185.0,144.0,68.0,1.23,695.0,2.0,1.0,2.6,Strength,Strength,1.0,0.0,1.0,1.0,1.0,0.0,1.0
28.0,Male,70.6,1.66,25.55,30.3,198.7,184.2,64.8,0.89,651.2,2.3,1.0,3.07,General Fitness,HIIT,0.0,0.0,0.0,1.0,0.0,1.0,1.0
29.2,Male,80.5,1.81,24.54,12.0,185.1,111.1,58.3,1.3,418.2,3.3,2.0,2.0,Flexibility,Yoga,0.0,0.0,0.0,0.0,0.0,1.0,0.0
53.5,Male,49.0,1.55,20.4,15.7,162.9,144.8,65.9,1.32,416.7,3.5,2.0,3.4,Strength,Strength,1.0,0.0,1.0,1.0,0.0,0.0,1.0
24.0,Male,71.3,1.73,23.93,18.6,203.2,112.1,66.9,1.7,868.0,3.2,1.0,2.6,Strength,Strength,0.0,1.0,1.0,1.0,0.0,0.0,1.0
23.1,Male,53.8,1.68,19.06,17.2,178.6,159.0,72.1,1.43,817.6,3.1,3.0,3.8,Athletic Performance,Functional,1.0,0.0,1.0,1.0,1.0,1.0,1.0
27.4,Male,85.0,1.76,27.46,9.8,173.8,162.0,52.5,1.57,1208.9,4.9,2.0,3.7,Weight Loss,Cardio,1.0,0.0,0.0,1.0,0.0,1.0,1.0
18.0,Female,40.0,1.56,16.44,27.6,196.0,149.0,56.0,0.79,1027.0,2.0,1.0,1.9,Muscle Gain,Strength,1.0,1.0,1.0,0.0,1.0,0.0,0.0
33.5,Female,76.6,1.71,26.22,24.1,195.9,159.1,64.1,0.98,843.0,3.9,3.0,2.9,General Fitness,Functional,1.0,1.0,0.0,1.0,0.0,0.0,0.0
28.9,Female,52.5,1.56,21.47,18.2,193.6,157.4,65.8,1.06,454.0,3.3,1.0,3.7,General Fitness,Functional,1.0,0.0,0.0,1.0,1.0,1.0,1.0
40.0,Male,88.5,1.92,24.14,16.4,182.4,131.9,62.2,1.79,1071.0,4.9,3.0,2.9,Muscle Gain,Strength,1.0,1.0,1.0,1.0,0.0,1.0,0.0
32.8,Male,65.5,1.84,19.41,13.5,193.8,156.3,63.4,1.15,567.7,3.1,3.0,3.0,General Fitness,Functional,0.0,1.0,0.0,0.0,0.0,0.0,0.0
39.2,Male,78.8,1.87,22.43,13.2,173.9,168.9,65.3,0.97,1258.3,4.0,2.0,4.1,General Fitness,HIIT,1.0,0.0,0.0,0.0,0.0,1.0,1.0
18.0,Female,52.1,1.73,17.41,23.9,183.0,135.0,74.0,1.4,1141.0,3.0,1.0,3.1,Weight Loss,Cardio,1.0,0.0,0.0,0.0,0.0,0.0,1.0
35.1,Male,71.2,1.69,24.93,13.9,189.7,91.3,64.2,1.47,259.4,6.0,1.0,2.3,General Fitness,Yoga,0.0,0.0,1.0,0.0,1.0,0.0,1.0
16.0,Female,104.2,1.64,38.53,26.0,206.1,166.9,67.4,1.92,1397.4,3.9,3.0,3.56,General Fitness,Cardio,0.0,0.0,0.0,0.0,0.0,0.0,1.0
38.8,Female,70.0,1.7,24.11,24.0,189.8,99.2,63.8,1.49,317.2,5.7,1.0,2.3,Flexibility,Yoga,0.0,0.0,0.0,0.0,0.0,0.0,1.0
33.3,Male,72.3,1.66,26.34,27.8,192.3,157.4,65.5,1.27,637.7,3.5,2.0,3.3,Muscle Gain,Strength,,,,,,,
29.0,Female,66.4,1.56,27.42,25.4,193.1,150.3,75.7,0.87,494.8,3.4,3.0,3.4,General Fitness,Functional,0.0,1.0,1.0,1.0,0.0,0.0,1.0
48.5,Female,59.9,1.76,19.36,17.1,164.2,137.2,60.5,1.16,451.3,3.7,2.0,3.7,Muscle Gain,Strength,,,,,,,
21.0,Male,100.4,1.62,38.26,29.3,188.0,128.0,73.0,1.4,614.0,2.0,1.0,,Muscle Gain,Strength,1.0,1.0,0.0,0.0,0.0,0.0,1.0
25.2,Female,81.6,1.83,24.23,20.2,197.4,179.8,60.9,0.63,521.1,4.3,3.0,2.56,Weight Loss,HIIT,1.0,0.0,0.0,1.0,0.0,0.0,1.0
49.3,Male,57.6,1.7,19.88,21.1,172.6,147.9,60.6,2.04,922.2,3.1,3.0,3.81,Endurance,Cardio,0.0,1.0,0.0,0.0,0.0,1.0,1.0
18.3,Female,73.9,1.61,28.45,18.6,205.9,127.2,66.5,1.79,745.0,4.7,1.0,2.8,Muscle Gain,Strength,1.0,1.0,1.0,0.0,0.0,1.0,0.0
22.0,Male,47.1,1.87,13.47,31.7,165.0,132.0,68.0,0.72,674.0,2.0,2.0,3.2,Strength,Strength,1.0,1.0,1.0,0.0,0.0,0.0,1.0
25.5,Male,82.8,1.73,27.52,13.2,194.8,177.7,45.0,1.03,1273.3,4.4,3.0,3.5,Weight Loss,HIIT,0.0,0.0,0.0,0.0,1.0,1.0,1.0
33.5,Female,68.3,1.66,24.63,17.2,180.6,157.5,56.9,0.86,623.3,5.1,2.0,,Weight Loss,Cardio,0.0,0.0,0.0,0.0,0.0,0.0,1.0
34.1,Male,49.6,1.66,18.04,14.9,184.7,144.9,71.5,1.97,597.3,3.9,3.0,4.45,Strength,Strength,1.0,0.0,1.0,0.0,0.0,0.0,1.0
32.9,Female,66.7,1.66,24.35,16.6,207.5,157.2,58.1,0.83,615.6,4.9,2.0,3.4,General Fitness,HIIT,0.0,0.0,0.0,0.0,1.0,0.0,1.0
28.2,Male,89.2,1.86,25.79,21.4,196.6,138.8,77.5,0.95,787.2,3.7,1.0,3.4,Strength,Strength,1.0,1.0,1.0,0.0,1.0,1.0,1.0
16.0,Male,54.5,1.66,19.84,18.3,205.8,149.8,60.7,1.53,562.0,2.8,2.0,3.27,Muscle Gain,Strength,1.0,1.0,1.0,1.0,0.0,0.0,1.0
38.4,Male,62.9,1.56,25.93,24.7,171.9,110.4,79.0,1.75,710.3,3.5,3.0,2.6,General Fitness,Powerlifting,1.0,1.0,0.0,1.0,1.0,0.0,1.0
26.4,Female,71.8,1.69,25.22,20.4,193.2,93.6,68.5,1.05,236.4,2.1,1.0,1.5,Stress Relief,Yoga,0.0,0.0,0.0,0.0,1.0,1.0,1.0
18.0,Male,50.0,1.83,14.93,19.0,163.0,140.0,64.0,1.41,969.0,3.0,2.0,1.9,Muscle Gain,Strength,1.0,1.0,1.0,0.0,1.0,0.0,0.0
24.3,Female,61.2,1.81,18.6,27.6,196.9,166.8,67.4,1.71,692.9,3.2,1.0,3.32,Weight Loss,Cardio,0.0,0.0,0.0,0.0,0.0,1.0,1.0
23.7,Male,64.7,1.71,22.01,14.9,203.0,143.2,49.1,1.3,691.0,5.9,2.0,3.2,Weight Loss,Cardio,0.0,0.0,0.0,1.0,0.0,0.0,1.0
27.2,Male,79.8,1.69,27.83,10.9,189.2,164.0,49.6,1.73,2000.0,3.2,1.0,3.6,Weight Loss,Cardio,1.0,0.0,1.0,0.0,0.0,1.0,1.0
29.0,Female,84.4,1.67,30.26,10.0,184.0,160.0,74.0,1.28,1475.0,5.0,2.0,2.1,Strength,Strength,1.0,1.0,1.0,0.0,0.0,1.0,1.0
18.0,Female,65.7,1.72,22.21,27.0,180.0,169.0,56.0,2.0,1005.0,3.0,2.0,3.0,Weight Loss,HIIT,1.0,0.0,0.0,1.0,0.0,0.0,1.0
49.3,Male,77.4,1.78,24.51,19.2,168.0,126.7,59.6,1.13,681.6,4.8,1.0,1.7,Muscle Gain,Strength,1.0,1.0,1.0,0.0,0.0,0.0,1.0
29.0,Female,69.2,1.52,29.81,32.3,172.9,102.4,72.1,1.71,418.0,4.3,3.0,2.8,Strength,Powerlifting,1.0,1.0,0.0,1.0,0.0,0.0,1.0
21.7,Female,79.1,1.85,23.2,22.6,194.1,187.3,69.8,0.57,480.9,2.3,1.0,2.57,Endurance,HIIT,0.0,1.0,0.0,1.0,0.0,1.0,1.0
40.9,Female,72.4,1.67,25.98,32.9,173.8,137.8,70.6,1.01,442.7,2.5,2.0,3.61,Muscle Gain,Strength,1.0,1.0,0.0,0.0,1.0,0.0,1.0
28.7,Male,83.3,1.88,23.57,11.3,169.8,147.8,46.1,1.61,1386.0,4.1,1.0,3.2,General Fitness,Cardio,0.0,0.0,0.0,1.0,0.0,0.0,1.0
43.3,Female,58.6,1.6,22.99,24.7,185.0,100.5,61.5,1.36,185.5,2.8,1.0,1.5,Stress Relief,Yoga,0.0,0.0,0.0,0.0,1.0,1.0,1.0
25.1,Female,78.9,1.69,27.52,27.8,189.1,112.7,54.3,1.47,554.2,3.9,3.0,2.0,Strength,Strength,1.0,1.0,1.0,1.0,0.0,0.0,1.0
36.3,Female,60.7,1.6,23.84,23.1,176.1,157.4,56.5,0.52,444.2,2.3,2.0,3.1,Weight Loss,HIIT,1.0,0.0,1.0,1.0,1.0,1.0,1.0
39.2,Male,83.9,1.87,23.94,12.5,179.2,138.4,75.3,0.94,772.8,4.7,3.0,2.7,Strength,Strength,0.0,1.0,1.0,0.0,0.0,0.0,0.0
35.9,Female,73.2,1.63,27.38,15.5,179.6,149.1,56.5,1.37,1269.2,5.9,2.0,3.0,Weight Loss,Cardio,0.0,0.0,0.0,0.0,1.0,0.0,1.0
29.4,Male,76.8,1.75,25.0,12.6,192.9,90.8,64.3,0.69,127.8,3.7,3.0,2.2,Flexibility,Yoga,0.0,0.0,0.0,0.0,1.0,1.0,1.0
29.8,Male,68.0,1.67,24.39,14.4,196.2,143.5,65.5,1.27,653.9,4.8,2.0,3.5,General Fitness,Functional,1.0,0.0,1.0,1.0,1.0,1.0,0.0
26.6,Male,89.1,1.87,25.5,19.7,183.3,129.3,75.1,0.63,581.0,4.0,2.0,2.7,General Fitness,Functional,1.0,0.0,1.0,1.0,1.0,1.0,1.0
43.2,Male,85.8,1.87,24.47,18.6,181.3,151.4,69.0,1.07,1020.6,3.9,1.0,3.2,Endurance,Cardio,0.0,0.0,0.0,0.0,0.0,0.0,1.0
36.0,Female,100.2,1.93,26.9,24.6,199.0,166.0,60.0,0.98,1076.0,4.0,2.0,2.7,Weight Loss,HIIT,0.0,0.0,0.0,0.0,1.0,0.0,1.0
40.4,Male,67.2,1.84,19.94,18.1,177.6,113.9,69.7,1.29,175.6,2.3,1.0,2.2,General Fitness,Yoga,0.0,0.0,0.0,0.0,1.0,1.0,1.0
53.6,Female,73.9,1.63,27.66,26.6,168.6,139.5,69.7,1.47,911.1,4.3,1.0,2.0,General Fitness,Functional,1.0,0.0,0.0,1.0,0.0,0.0,1.0
26.7,Female,64.8,1.6,25.41,25.8,193.2,125.1,58.2,1.06,532.0,4.4,2.0,2.8,Strength,Strength,1.0,1.0,1.0,0.0,1.0,0.0,0.0
67.1,Male,76.9,1.84,22.82,15.0,155.2,118.9,62.5,1.0,267.5,2.7,3.0,2.5,Stress Relief,Yoga,1.0,0.0,0.0,0.0,0.0,0.0,1.0
47.0,Female,70.7,1.66,25.66,16.7,195.0,169.0,60.0,1.25,1033.0,4.0,2.0,3.5,Strength,Strength,1.0,1.0,1.0,1.0,1.0,1.0,1.0
23.9,Female,66.0,1.66,24.1,19.6,191.8,125.3,59.1,1.55,837.8,4.2,2.0,2.9,Muscle Gain,Strength,1.0,1.0,1.0,0.0,0.0,1.0,1.0
18.7,Male,52.6,1.81,16.06,14.5,203.4,154.5,64.4,1.34,443.5,5.0,3.0,2.95,General Fitness,Strength,1.0,1.0,1.0,0.0,0.0,0.0,0.0
25.2,Female,62.2,1.64,23.25,18.8,200.9,147.9,58.0,1.49,872.9,3.9,1.0,2.7,Muscle Gain,Functional,1.0,0.0,0.0,0.0,1.0,0.0,0.0
69.3,Male,55.1,1.65,20.26,19.4,161.3,155.9,62.6,0.65,435.6,4.4,2.0,2.9,Muscle Gain,Functional,1.0,0.0,1.0,1.0,1.0,0.0,1.0
32.0,Female,55.9,1.59,21.99,19.2,178.9,173.9,66.0,1.05,1085.3,2.4,2.0,3.6,Endurance,HIIT,1.0,1.0,1.0,0.0,1.0,1.0,1.0
38.9,Male,64.9,1.78,20.39,14.4,192.7,146.5,58.0,1.76,1035.4,3.8,3.0,3.6,Weight Loss,Cardio,1.0,0.0,1.0,0.0,1.0,0.0,1.0
32.1,Female,53.0,1.56,21.68,18.6,189.3,98.1,62.5,0.98,107.4,2.2,1.0,2.4,General Fitness,Yoga,0.0,0.0,0.0,1.0,1.0,0.0,1.0
31.0,Female,46.9,1.75,15.31,15.3,192.0,146.0,63.0,2.0,748.0,4.0,2.0,1.7,Weight Loss,Cardio,1.0,0.0,0.0,0.0,0.0,0.0,1.0
48.0,Male,59.6,1.78,18.81,23.2,181.0,152.0,53.0,1.65,1741.0,4.0,1.0,3.3,Muscle Gain,Strength,1.0,1.0,1.0,0.0,1.0,0.0,1.0
37.1,Female,52.2,1.62,20.0,20.6,168.5,155.0,61.7,1.65,867.5,3.7,1.0,3.7,Endurance,Cardio,0.0,0.0,0.0,0.0,0.0,1.0,1.0
19.0,Male,55.6,1.7,19.32,10.4,191.0,177.3,63.9,1.52,1133.9,5.7,2.0,4.1,Weight Loss,Cardio,0.0,0.0,0.0,0.0,0.0,0.0,1.0
26.6,Female,51.7,1.61,19.94,22.9,202.1,114.2,69.7,0.69,104.4,3.1,1.0,2.3,Flexibility,Yoga,0.0,1.0,0.0,0.0,1.0,1.0,1.0
24.2,Female,73.9,1.64,27.49,14.7,200.9,140.2,62.1,1.47,1373.9,4.5,1.0,3.4,General Fitness,Cardio,0.0,0.0,0.0,0.0,0.0,0.0,1.0
56.0,Female,63.7,1.74,21.04,28.6,161.0,158.0,65.0,1.94,1297.0,3.0,3.0,3.2,Strength,Strength,1.0,1.0,1.0,0.0,0.0,0.0,1.0
55.0,Male,86.2,2.0,21.55,27.2,189.0,159.0,66.0,1.78,462.0,3.0,1.0,2.8,General Fitness,Strength,1.0,1.0,1.0,0.0,0.0,1.0,1.0
29.0,Female,93.5,1.85,27.32,23.2,166.0,167.0,74.0,1.01,670.0,3.0,1.0,2.6,General Fitness,Cardio,0.0,0.0,1.0,0.0,0.0,0.0,1.0
32.0,Male,87.2,1.5,38.76,23.2,193.0,152.0,58.0,1.28,1538.0,3.0,3.0,2.1,Weight Loss,Cardio,0.0,0.0,0.0,0.0,0.0,0.0,1.0
18.0,Male,80.5,1.73,26.9,25.2,196.0,159.0,55.0,2.0,816.0,2.0,1.0,2.3,Muscle Gain,Strength,1.0,0.0,0.0,0.0,0.0,0.0,0.0
20.7,Female,51.2,1.6,19.91,24.1,185.1,150.5,59.8,0.74,446.7,3.7,3.0,3.1,Athletic Performance,Functional,1.0,0.0,0.0,1.0,1.0,1.0,0.0
56.7,Male,66.9,1.74,22.03,23.8,168.5,132.2,61.1,1.19,495.8,4.9,2.0,3.09,Muscle Gain,Strength,1.0,1.0,1.0,1.0,0.0,0.0,0.0
34.3,Female,76.5,1.7,26.54,23.6,182.9,157.0,49.0,0.71,806.3,4.6,3.0,3.2,Weight Loss,HIIT,0.0,0.0,0.0,1.0,1.0,0.0,1.0
35.1,Female,65.5,1.98,16.73,21.0,186.7,141.4,55.8,1.21,484.0,3.0,2.0,3.17,General Fitness,Strength,1.0,1.0,0.0,1.0,0.0,1.0,1.0
18.0,Female,81.9,1.79,25.56,28.5,178.0,160.0,60.0,1.24,1172.0,3.0,3.0,1.7,Strength,Strength,1.0,1.0,1.0,0.0,0.0,0.0,1.0
38.0,Female,69.4,2.0,17.35,19.5,195.0,130.0,65.0,1.34,1197.0,3.0,3.0,2.6,Muscle Gain,Strength,1.0,1.0,1.0,1.0,0.0,0.0,0.0
43.0,Male,65.2,1.5,28.98,26.7,182.0,157.0,68.0,2.0,1417.0,4.0,2.0,3.1,Strength,Strength,1.0,0.0,1.0,1.0,0.0,1.0,1.0
29.0,Female,57.8,1.64,21.51,17.9,202.3,152.7,51.9,1.02,649.0,5.4,1.0,3.1,Endurance,Cardio,0.0,0.0,0.0,1.0,1.0,1.0,1.0
42.1,Male,82.4,1.72,27.99,11.0,196.3,142.7,59.6,1.61,1439.9,3.6,3.0,2.9,Weight Loss,Cardio,1.0,0.0,0.0,0.0,0.0,0.0,1.0
21.0,Female,52.7,1.53,22.51,31.5,182.0,134.0,50.0,1.19,1090.0,3.0,3.0,3.4,Muscle Gain,Strength,0.0,1.0,0.0,0.0,0.0,0.0,1.0
28.2,Female,41.4,1.45,19.69,24.5,192.9,141.1,65.2,0.64,208.2,3.7,3.0,2.7,Athletic Performance,Functional,0.0,0.0,0.0,0.0,1.0,1.0,1.0
21.0,Female,69.2,1.87,19.79,24.1,168.0,127.0,68.0,1.47,1275.0,5.0,3.0,2.9,Muscle Gain,Strength,1.0,1.0,1.0,0.0,0.0,0.0,0.0
54.8,Male,80.9,1.71,27.64,15.8,171.2,159.1,47.0,1.76,1741.9,6.0,2.0,3.5,Endurance,Cardio,1.0,0.0,1.0,0.0,0.0,1.0,1.0
35.6,Male,72.7,1.8,22.33,18.6,198.8,154.5,51.0,0.63,437.6,4.1,2.0,3.2,Weight Loss,HIIT,1.0,0.0,0.0,1.0,0.0,1.0,1.0
24.8,Male,106.0,1.66,38.54,30.9,194.0,157.8,70.3,1.05,732.1,2.6,1.0,3.44,General Fitness,Functional,,,,,,,
38.4,Male,65.9,1.72,22.2,18.2,177.5,138.7,67.9,1.66,1059.8,4.2,1.0,2.9,Muscle Gain,Strength,1.0,1.0,1.0,1.0,0.0,1.0,1.0
47.5,Male,73.0,1.62,27.82,,168.5,114.0,71.8,1.5,806.0,4.1,1.0,2.8,Muscle Gain,Strength,1.0,1.0,1.0,0.0,0.0,0.0,0.0
45.0,Male,129.9,1.75,42.42,23.5,197.0,154.0,73.0,1.97,757.0,5.0,1.0,2.4,Endurance,Cardio,0.0,0.0,0.0,0.0,1.0,0.0,1.0
50.2,Female,58.2,2.03,14.14,24.4,180.9,166.1,57.5,0.87,543.5,2.4,1.0,2.93,General Fitness,HIIT,0.0,0.0,1.0,1.0,1.0,0.0,1.0
62.8,Male,56.4,1.69,19.83,15.8,167.2,152.7,50.6,0.55,293.0,6.0,2.0,2.9,Weight Loss,Cardio,0.0,0.0,1.0,1.0,1.0,0.0,1.0
32.0,Male,57.4,1.66,20.83,24.6,189.0,136.0,62.0,1.55,1068.0,2.0,2.0,3.4,General Fitness,HIIT,1.0,0.0,0.0,1.0,0.0,0.0,1.0
22.9,Male,73.4,1.7,25.55,21.9,197.4,152.2,72.0,1.1,799.9,4.4,3.0,3.5,Athletic Performance,Functional,1.0,0.0,1.0,0.0,1.0,1.0,1.0
18.0,Female,48.6,1.72,16.43,23.5,180.0,136.0,72.0,1.38,1185.0,3.0,2.0,1.8,Strength,Strength,1.0,0.0,1.0,1.0,0.0,0.0,1.0
40.0,Female,55.0,1.78,17.45,23.7,187.3,153.1,72.1,2.04,783.4,2.2,2.0,3.92,General Fitness,Strength,,,,,,,
24.9,Male,64.4,1.69,22.55,12.6,192.0,121.7,71.3,0.99,310.0,4.5,2.0,3.0,Muscle Gain,Strength,1.0,1.0,1.0,0.0,1.0,0.0,1.0
23.5,Female,58.1,1.77,18.56,16.4,204.4,160.3,71.0,1.43,529.2,2.3,2.0,3.04,Strength,Strength,1.0,1.0,1.0,1.0,0.0,1.0,1.0
29.8,Male,68.9,1.65,25.43,14.3,191.9,159.9,67.6,1.1,665.9,4.9,3.0,3.9,General Fitness,Functional,1.0,1.0,1.0,1.0,1.0,1.0,1.0
37.4,Female,59.4,1.65,21.74,19.0,190.3,155.5,59.4,1.77,1572.3,3.2,2.0,2.9,Weight Loss,Cardio,0.0,0.0,1.0,0.0,0.0,1.0,1.0
28.0,Female,91.6,1.68,32.45,19.1,191.0,128.0,59.0,0.68,1783.0,2.0,2.0,2.6,Muscle Gain,Strength,0.0,1.0,1.0,1.0,0.0,0.0,1.0
22.0,Female,99.1,1.72,33.5,31.4,182.0,169.0,62.0,1.14,1105.0,4.0,1.0,3.6,Muscle Gain,Strength,1.0,1.0,1.0,0.0,0.0,0.0,0.0
48.0,Female,45.9,1.94,12.2,29.1,169.0,141.0,74.0,1.13,1507.0,5.0,2.0,3.2,Weight Loss,Cardio,0.0,0.0,0.0,0.0,0.0,0.0,1.0
20.5,Female,64.7,1.63,24.33,25.3,206.0,160.0,65.9,0.75,347.3,2.1,1.0,2.97,Muscle Gain,Functional,,,,,,,
26.2,Male,52.1,1.63,19.68,8.0,196.7,168.6,47.7,0.49,314.6,2.1,2.0,3.2,Endurance,HIIT,1.0,0.0,0.0,1.0,0.0,0.0,1.0
29.1,Female,56.7,1.61,21.75,22.2,182.5,166.7,59.2,1.36,995.5,3.7,1.0,3.7,Weight Loss,Cardio,0.0,0.0,1.0,1.0,0.0,0.0,1.0
40.8,Male,79.2,1.78,24.92,,185.5,160.2,58.0,1.31,1016.0,3.4,3.0,3.8,Weight Loss,Cardio,0.0,0.0,0.0,0.0,0.0,0.0,1.0
28.6,Female,66.0,1.62,25.22,28.0,198.8,131.3,74.1,1.31,628.7,4.7,2.0,2.9,General Fitness,Powerlifting,1.0,1.0,0.0,1.0,0.0,0.0,0.0
18.6,Female,56.7,1.66,20.56,20.2,205.4,160.1,55.1,0.6,552.2,2.4,2.0,3.1,Endurance,HIIT,0.0,0.0,0.0,1.0,1.0,1.0,1.0
28.1,Male,89.9,1.86,26.0,16.4,195.0,108.3,74.0,0.89,135.7,3.3,3.0,2.1,General Fitness,Yoga,0.0,0.0,0.0,0.0,0.0,1.0,1.0
64.9,Female,52.4,1.58,20.98,18.5,150.1,106.7,77.2,0.77,151.0,3.0,3.0,2.1,Flexibility,Yoga,1.0,0.0,0.0,0.0,1.0,1.0,1.0
67.2,Female,73.1,1.61,28.22,19.6,155.6,124.5,65.6,1.86,675.5,3.3,2.0,2.2,Strength,Strength,1.0,1.0,1.0,1.0,1.0,0.0,1.0
25.2,Female,55.9,1.59,22.07,25.9,199.0,119.6,59.0,1.46,313.3,4.7,2.0,2.4,Flexibility,Yoga,0.0,0.0,0.0,0.0,1.0,0.0,1.0
30.3,Male,60.4,1.66,21.82,12.4,190.7,147.7,58.9,0.94,500.4,3.3,2.0,3.5,Muscle Gain,Functional,0.0,0.0,1.0,1.0,1.0,0.0,1.0
18.6,Female,67.2,1.66,24.36,18.1,204.7,178.4,59.0,1.06,953.4,5.3,1.0,3.7,Endurance,Cardio,0.0,0.0,0.0,0.0,0.0,0.0,1.0
38.1,Female,58.1,1.56,23.84,18.5,171.9,126.7,61.7,1.31,535.0,4.4,1.0,3.0,Muscle Gain,Functional,0.0,1.0,1.0,1.0,1.0,0.0,1.0
43.0,Male,70.4,1.62,26.83,29.1,178.0,140.0,66.0,1.37,763.0,3.0,1.0,3.4,General Fitness,HIIT,0.0,0.0,1.0,0.0,1.0,0.0,0.0
41.9,Female,80.0,1.74,26.35,28.0,183.2,171.4,71.5,0.85,694.0,3.5,2.0,2.79,General Fitness,HIIT,0.0,1.0,0.0,1.0,0.0,0.0,0.0
32.9,Male,85.7,1.83,25.57,25.0,182.6,167.3,68.7,0.61,567.6,1.5,1.0,3.17,General Fitness,HIIT,0.0,0.0,1.0,1.0,0.0,0.0,1.0
18.0,Male,101.2,1.59,40.03,28.6,198.0,122.0,58.0,1.08,820.9,4.0,2.0,3.1,Muscle Gain,Strength,1.0,1.0,1.0,0.0,1.0,1.0,1.0
48.0,Female,40.0,1.77,12.77,27.2,180.0,127.0,54.0,1.48,1460.0,5.0,3.0,2.4,Weight Loss,HIIT,0.0,0.0,0.0,0.0,1.0,0.0,1.0
18.0,Male,78.1,1.75,25.5,31.6,184.0,158.0,50.0,1.37,871.0,2.0,3.0,2.5,Weight Loss,Cardio,0.0,1.0,0.0,0.0,1.0,0.0,1.0
56.4,Female,61.4,1.52,26.54,30.2,160.6,102.3,71.6,2.25,809.0,4.1,2.0,3.9,General Fitness,Powerlifting,1.0,1.0,1.0,0.0,1.0,0.0,0.0
30.6,Male,71.2,1.51,31.17,32.9,188.2,180.6,67.7,0.75,553.3,3.2,2.0,2.35,Endurance,HIIT,0.0,0.0,0.0,0.0,1.0,0.0,1.0
66.2,Female,78.2,1.67,27.92,29.9,156.8,102.1,65.4,1.15,329.5,4.9,2.0,2.2,Muscle Gain,Powerlifting,1.0,1.0,0.0,0.0,0.0,1.0,1.0
43.0,Female,57.1,1.96,14.86,29.9,196.0,149.0,51.0,1.88,858.0,5.0,2.0,3.2,General Fitness,Cardio,0.0,0.0,0.0,0.0,0.0,0.0,1.0
41.5,Male,61.2,1.71,20.99,10.9,163.4,104.9,64.1,1.27,133.8,4.2,1.0,2.0,Stress Relief,Yoga,1.0,0.0,0.0,0.0,1.0,1.0,1.0
21.0,Male,62.3,1.91,17.08,22.7,198.0,141.0,51.0,1.47,1394.0,3.0,2.0,1.8,Strength,Strength,0.0,1.0,0.0,0.0,1.0,0.0,0.0
18.0,Male,71.1,1.84,21.0,15.2,189.0,127.0,74.0,0.85,1303.0,2.0,3.0,2.8,Muscle Gain,Strength,0.0,1.0,1.0,0.0,0.0,0.0,1.0
22.5,Female,55.9,1.6,21.77,19.3,188.5,113.2,68.7,1.74,559.0,3.0,3.0,2.1,Strength,Strength,1.0,1.0,1.0,0.0,0.0,1.0,1.0
56.0,Male,54.5,1.76,17.59,32.1,196.0,148.0,74.0,1.4,659.0,4.0,2.0,2.8,Weight Loss,HIIT,0.0,0.0,0.0,0.0,0.0,0.0,1.0
42.2,Male,63.8,1.74,21.0,21.9,180.3,133.3,62.8,1.5,620.5,5.0,3.0,3.65,Muscle Gain,Functional,,,,,,,
32.3,Male,56.0,1.68,19.92,22.3,187.6,157.2,70.2,0.84,361.3,2.2,2.0,3.16,Weight Loss,Cardio,1.0,0.0,0.0,0.0,0.0,1.0,1.0
29.3,Male,50.4,1.88,14.3,16.1,188.7,159.3,61.4,1.19,429.7,4.8,2.0,2.78,General Fitness,Cardio,0.0,0.0,0.0,0.0,0.0,0.0,1.0
24.0,Male,46.0,1.71,15.73,26.1,175.0,126.0,59.0,1.18,1725.0,2.0,1.0,1.5,Muscle Gain,Strength,0.0,1.0,1.0,0.0,1.0,0.0,1.0
36.6,Male,84.2,1.84,24.86,10.3,191.1,178.9,49.1,0.68,648.6,4.7,3.0,3.0,Weight Loss,Cardio,0.0,0.0,0.0,1.0,0.0,0.0,1.0
38.7,Female,61.3,1.68,21.83,17.5,185.9,163.2,63.2,0.78,499.4,4.1,3.0,3.6,Weight Loss,HIIT,0.0,0.0,0.0,1.0,1.0,0.0,1.0
39.9,Female,81.2,1.75,26.49,25.3,186.7,118.6,63.1,1.84,848.7,3.5,3.0,2.8,General Fitness,Strength,0.0,1.0,1.0,1.0,0.0,0.0,1.0
32.7,Male,65.5,1.79,20.33,8.3,192.4,169.3,63.2,1.35,1246.3,4.6,2.0,4.0,Weight Loss,Cardio,0.0,1.0,0.0,0.0,0.0,0.0,1.0
32.2,Male,81.0,1.76,26.24,16.0,176.3,155.4,71.8,0.73,613.5,3.9,2.0,3.0,Athletic Performance,Functional,1.0,1.0,1.0,1.0,0.0,1.0,0.0
52.0,Female,64.5,1.62,24.6,27.0,169.3,112.8,64.6,1.77,474.0,3.5,3.0,3.3,Muscle Gain,Strength,1.0,1.0,1.0,1.0,1.0,0.0,1.0
40.1,Female,62.8,1.61,24.12,22.4,176.0,151.2,68.6,0.77,602.1,3.2,3.0,2.8,General Fitness,Functional,1.0,0.0,0.0,1.0,1.0,1.0,0.0
20.7,Male,73.2,1.83,21.91,19.6,196.7,129.9,66.8,0.82,495.1,3.5,3.0,2.0,General Fitness,Functional,1.0,0.0,1.0,1.0,1.0,1.0,1.0
44.0,Male,56.1,1.68,19.88,15.4,191.0,152.0,69.0,1.8,1223.0,4.0,2.0,2.6,Muscle Gain,Strength,1.0,1.0,1.0,1.0,1.0,1.0,1.0
64.5,Female,53.0,1.61,20.58,20.3,158.6,147.8,70.5,1.25,700.9,3.8,1.0,3.2,General Fitness,Functional,0.0,0.0,0.0,1.0,0.0,1.0,1.0
18.0,Male,49.9,1.77,15.93,25.9,191.0,123.0,74.0,1.4,626.0,2.0,2.0,3.4,Muscle Gain,Strength,0.0,1.0,1.0,0.0,0.0,0.0,1.0
20.0,Female,73.0,1.59,28.88,30.1,175.0,165.0,70.0,0.96,869.0,5.0,1.0,3.0,Muscle Gain,Strength,1.0,1.0,1.0,1.0,0.0,0.0,0.0
29.9,Male,87.7,1.82,26.43,12.1,196.3,129.8,63.2,1.96,1101.8,3.4,1.0,2.8,Strength,Strength,0.0,0.0,1.0,1.0,0.0,1.0,1.0
23.0,Female,51.2,1.92,13.89,25.3,187.0,169.0,55.0,1.1,969.0,2.0,1.0,2.7,Muscle Gain,Strength,1.0,1.0,1.0,0.0,0.0,0.0,1.0
24.2,Male,73.1,1.71,24.91,19.1,191.2,104.7,58.2,0.68,119.3,2.3,3.0,2.4,General Fitness,Yoga,0.0,0.0,0.0,0.0,1.0,1.0,1.0
25.4,Female,49.1,1.61,19.05,21.3,202.1,167.1,52.4,1.48,1029.9,3.9,1.0,4.0,Endurance,Cardio,0.0,0.0,1.0,0.0,0.0,0.0,1.0
36.1,Female,67.0,1.6,26.24,,189.7,169.4,71.9,1.76,1709.4,5.2,3.0,4.1,Weight Loss,Cardio,0.0,0.0,0.0,0.0,0.0,0.0,1.0
29.7,Male,65.1,1.76,21.03,17.0,191.9,167.0,60.3,0.51,306.2,4.5,3.0,3.2,Endurance,HIIT,1.0,0.0,0.0,1.0,1.0,0.0,1.0
36.0,Male,45.8,1.59,18.12,32.9,177.0,126.0,74.0,0.92,1221.0,3.0,3.0,3.0,Muscle Gain,Strength,1.0,1.0,0.0,1.0,0.0,0.0,1.0
40.5,Female,57.5,1.67,20.74,20.8,186.0,132.5,73.5,1.98,800.5,4.7,2.0,3.0,Muscle Gain,Strength,1.0,0.0,1.0,1.0,0.0,0.0,0.0
30.0,Female,90.6,1.6,35.39,16.0,161.0,125.0,52.0,1.03,1410.0,4.0,2.0,3.5,Muscle Gain,Strength,1.0,0.0,0.0,0.0,1.0,0.0,1.0
24.5,Female,77.5,1.62,29.59,27.5,189.9,108.9,74.6,2.04,752.1,4.7,3.0,2.1,General Fitness,Powerlifting,0.0,1.0,0.0,0.0,0.0,0.0,1.0
30.1,Male,79.3,1.75,25.8,19.7,178.1,117.3,63.6,2.46,986.1,3.3,3.0,3.2,General Fitness,Powerlifting,0.0,0.0,1.0,0.0,0.0,0.0,0.0
51.9,Male,73.7,1.83,21.99,13.3,170.9,165.9,55.7,0.79,636.6,4.0,3.0,3.5,Weight Loss,HIIT,1.0,1.0,0.0,1.0,0.0,0.0,0.0
18.0,Female,40.0,1.66,14.52,27.6,190.0,147.0,50.0,1.6,1287.0,5.0,3.0,1.9,Weight Loss,Cardio,0.0,0.0,1.0,0.0,0.0,0.0,1.0
43.6,Female,71.1,1.6,27.94,18.6,192.9,113.0,77.7,1.03,476.0,4.9,2.0,1.9,General Fitness,Strength,1.0,0.0,1.0,0.0,0.0,0.0,1.0
33.8,Male,61.3,1.77,19.57,14.2,188.0,178.8,60.4,0.95,508.6,3.2,3.0,3.7,Weight Loss,Cardio,0.0,0.0,1.0,0.0,0.0,0.0,1.0
43.0,Female,58.0,1.5,25.73,30.5,179.5,132.8,72.7,1.37,665.1,4.5,3.0,3.6,General Fitness,Powerlifting,1.0,1.0,0.0,0.0,1.0,0.0,0.0
49.6,Male,67.8,1.83,20.22,16.4,163.3,158.3,54.4,1.01,916.4,3.1,2.0,3.5,General Fitness,Cardio,0.0,0.0,0.0,0.0,0.0,0.0,1.0
30.2,Female,58.5,1.61,22.55,15.8,193.3,179.4,58.0,0.81,727.1,2.5,2.0,3.6,Weight Loss,HIIT,1.0,1.0,0.0,1.0,1.0,1.0,1.0
24.4,Male,62.4,1.68,22.0,15.4,180.8,139.9,77.2,1.27,768.0,5.0,2.0,3.2,Strength,Strength,1.0,1.0,1.0,1.0,1.0,1.0,1.0
38.0,Male,69.0,1.82,20.83,30.1,170.0,133.0,53.0,1.24,1610.0,2.0,2.0,2.8,Muscle Gain,Strength,1.0,1.0,1.0,0.0,0.0,0.0,0.0
52.0,Female,98.5,1.96,25.64,24.3,183.0,169.0,50.0,1.98,1515.0,5.0,1.0,2.2,General Fitness,Strength,1.0,1.0,1.0,0.0,0.0,0.0,0.0
27.0,Female,63.9,1.8,19.69,21.2,194.8,144.8,48.7,1.45,564.3,3.4,2.0,3.12,Muscle Gain,Strength,1.0,1.0,1.0,1.0,1.0,0.0,1.0
42.2,Female,81.5,1.78,25.74,26.2,172.7,132.7,66.9,1.15,597.0,2.2,1.0,3.78,Muscle Gain,Strength,1.0,0.0,1.0,0.0,0.0,0.0,1.0
52.0,Female,70.4,1.66,25.63,26.3,170.1,119.4,56.0,1.49,689.3,3.9,3.0,3.4,Strength,Strength,1.0,0.0,1.0,1.0,0.0,0.0,0.0
25.0,Male,79.0,1.73,26.44,16.8,207.3,148.3,54.5,1.01,974.6,4.3,2.0,3.1,Athletic Performance,Functional,1.0,0.0,0.0,1.0,1.0,1.0,1.0
61.7,Male,84.5,1.68,30.0,23.1,150.8,120.5,58.8,1.36,815.2,4.4,3.0,2.2,Strength,Powerlifting,0.0,1.0,1.0,0.0,1.0,1.0,1.0
36.0,Male,79.7,1.75,26.02,23.9,168.0,132.0,74.0,1.67,445.0,4.0,2.0,3.4,General Fitness,Strength,1.0,1.0,1.0,0.0,0.0,1.0,1.0
18.1,Male,64.9,1.74,21.54,16.4,200.4,147.3,73.7,0.77,451.5,3.8,3.0,2.3,General Fitness,Functional,1.0,0.0,1.0,1.0,1.0,1.0,1.0
43.2,Female,80.2,1.73,26.89,24.0,166.1,139.2,58.9,1.08,647.1,4.3,2.0,3.1,Muscle Gain,Functional,1.0,0.0,0.0,1.0,0.0,0.0,1.0
27.1,Female,71.4,1.59,28.37,25.7,202.6,127.5,58.1,1.5,664.7,3.7,3.0,3.0,Strength,Strength,1.0,0.0,1.0,0.0,1.0,1.0,1.0
38.9,Male,91.3,1.69,32.0,24.2,181.2,142.9,52.6,1.17,699.5,2.7,2.0,3.83,Muscle Gain,Strength,1.0,1.0,1.0,1.0,1.0,0.0,1.0
24.3,Male,81.2,1.8,25.1,16.7,210.0,140.2,45.0,0.55,390.6,5.0,2.0,3.4,Weight Loss,Cardio,1.0,0.0,0.0,0.0,0.0,0.0,1.0
48.3,Female,101.7,1.79,31.63,32.1,170.1,153.8,73.4,0.99,976.3,1.6,1.0,3.77,Weight Loss,HIIT,1.0,0.0,0.0,1.0,1.0,0.0,1.0
34.0,Female,58.5,1.67,20.96,20.7,183.4,111.7,54.0,0.81,247.4,4.0,1.0,1.8,General Fitness,Strength,1.0,1.0,1.0,0.0,0.0,0.0,1.0
41.5,Male,79.5,1.69,27.77,19.6,174.7,142.4,75.6,1.51,1229.4,3.3,1.0,2.9,Strength,Strength,1.0,1.0,1.0,1.0,0.0,1.0,0.0
30.5,Female,69.3,1.57,28.16,26.8,183.1,113.3,68.8,1.59,648.3,4.5,3.0,2.2,General Fitness,Strength,1.0,1.0,1.0,0.0,0.0,0.0,1.0
34.8,Male,85.8,1.75,27.88,14.4,191.8,138.0,62.4,0.8,551.3,3.5,1.0,2.6,Muscle Gain,Strength,1.0,1.0,1.0,0.0,0.0,1.0,1.0
25.2,Male,60.5,1.62,23.15,14.9,190.6,172.6,52.8,0.56,640.3,4.0,2.0,3.5,Endurance,HIIT,0.0,1.0,0.0,1.0,0.0,0.0,0.0
53.0,Female,84.7,1.61,32.68,25.6,193.0,158.0,72.0,2.0,478.0,3.0,1.0,2.4,Strength,Strength,1.0,0.0,1.0,0.0,0.0,0.0,1.0
59.0,Female,64.8,1.8,19.94,19.4,166.3,144.6,63.4,1.48,1208.8,4.5,1.0,3.6,Weight Loss,Cardio,0.0,0.0,0.0,0.0,0.0,0.0,1.0
59.0,Female,40.0,1.65,14.69,23.4,179.0,163.0,71.0,1.93,823.0,3.0,1.0,3.4,Weight Loss,Cardio,0.0,0.0,0.0,0.0,1.0,0.0,1.0
25.5,Male,76.6,1.74,25.28,13.0,188.0,183.0,56.3,0.9,939.1,2.5,2.0,3.8,Weight Loss,HIIT,1.0,1.0,0.0,1.0,1.0,0.0,0.0
37.4,Female,73.4,1.65,27.0,22.4,177.2,126.9,64.7,0.91,554.8,4.8,2.0,2.6,Athletic Performance,Functional,1.0,0.0,1.0,0.0,1.0,1.0,1.0
45.3,Female,62.9,1.49,28.41,26.1,170.9,140.4,64.2,1.69,715.8,4.8,2.0,3.2,Muscle Gain,Strength,1.0,1.0,1.0,0.0,0.0,1.0,0.0
33.0,Male,60.4,1.77,19.17,15.0,176.9,160.1,58.3,0.5,387.7,3.0,3.0,2.9,General Fitness,HIIT,0.0,0.0,0.0,1.0,0.0,1.0,1.0
28.0,Male,93.7,1.77,29.91,14.8,192.0,142.0,57.0,1.45,1230.0,2.0,2.0,3.6,General Fitness,Cardio,0.0,0.0,0.0,0.0,0.0,1.0,1.0
26.7,Female,56.9,1.52,24.53,17.5,207.7,159.2,61.9,1.74,889.9,4.3,1.0,4.3,Endurance,Cardio,0.0,0.0,0.0,1.0,0.0,0.0,0.0
24.0,Female,47.3,1.92,12.83,29.5,189.0,155.0,74.0,1.4,505.0,5.0,2.0,3.4,Endurance,HIIT,0.0,1.0,1.0,0.0,0.0,0.0,1.0
35.7,Female,45.0,1.67,16.06,16.6,187.1,145.8,69.4,1.68,504.5,2.3,2.0,3.37,Strength,Strength,1.0,1.0,0.0,0.0,0.0,1.0,0.0
20.7,Female,69.9,1.62,26.48,24.4,206.7,118.2,65.6,1.69,788.7,3.2,3.0,3.2,Strength,Strength,1.0,1.0,1.0,0.0,1.0,1.0,1.0
34.5,Female,80.7,1.7,27.9,18.1,173.8,151.6,66.7,0.92,733.1,3.1,3.0,2.8,General Fitness,Cardio,0.0,0.0,0.0,0.0,0.0,0.0,1.0
27.2,Male,63.4,1.65,23.26,19.4,191.4,150.4,61.2,0.69,443.2,4.6,1.0,2.9,Athletic Performance,Functional,1.0,0.0,1.0,0.0,1.0,0.0,1.0
49.6,Female,45.0,2.01,11.11,,178.9,138.4,65.1,1.52,403.7,4.2,3.0,3.88,General Fitness,Strength,1.0,0.0,1.0,0.0,0.0,0.0,1.0
42.9,Male,59.3,1.76,19.24,20.9,177.0,153.2,66.1,1.28,648.7,3.1,3.0,3.0,Muscle Gain,Functional,1.0,1.0,0.0,1.0,0.0,0.0,1.0
18.0,Female,42.8,1.89,11.98,22.5,194.0,162.0,73.0,2.0,736.0,3.0,2.0,1.5,General Fitness,Strength,1.0,1.0,1.0,0.0,1.0,0.0,1.0
30.9,Male,67.0,1.75,21.97,16.3,197.9,172.6,51.7,1.09,948.3,2.7,3.0,3.2,Weight Loss,HIIT,1.0,1.0,0.0,0.0,1.0,0.0,1.0
50.1,Female,50.2,1.75,16.38,15.5,166.2,153.2,68.4,0.91,509.1,5.0,2.0,3.52,General Fitness,HIIT,1.0,1.0,1.0,0.0,0.0,0.0,1.0
40.7,Female,68.3,1.53,29.1,25.3,176.5,120.9,55.2,2.28,736.5,4.1,2.0,3.6,General Fitness,Powerlifting,0.0,1.0,1.0,0.0,0.0,0.0,0.0
45.6,Female,54.9,1.64,20.36,26.1,181.2,125.5,64.4,1.16,465.2,4.1,1.0,3.6,Strength,Strength,1.0,1.0,1.0,0.0,0.0,0.0,1.0
19.0,Male,71.2,1.71,24.35,15.9,202.0,143.1,62.1,0.84,747.1,4.4,3.0,3.1,Weight Loss,Cardio,1.0,0.0,0.0,0.0,1.0,0.0,1.0
30.0,Male,80.3,1.75,26.28,21.4,176.2,119.9,68.9,1.75,1070.5,5.0,1.0,2.6,Strength,Strength,1.0,1.0,1.0,1.0,0.0,0.0,1.0
31.0,Female,52.7,1.65,19.36,24.0,199.0,138.0,74.0,1.92,1102.0,2.0,3.0,3.3,Endurance,HIIT,0.0,0.0,0.0,0.0,1.0,1.0,1.0
37.0,Male,88.4,1.81,26.9,11.4,161.0,156.0,66.1,0.48,713.4,2.9,2.0,3.3,General Fitness,HIIT,0.0,1.0,0.0,0.0,0.0,0.0,1.0
39.9,Male,79.4,1.81,24.13,11.9,177.9,118.3,62.3,1.22,365.1,5.3,3.0,2.5,Flexibility,Yoga,0.0,0.0,0.0,0.0,1.0,0.0,1.0
18.0,Male,40.0,1.64,14.87,25.6,177.0,134.0,53.0,0.98,468.0,3.0,3.0,2.1,Muscle Gain,Strength,1.0,1.0,0.0,1.0,0.0,1.0,0.0
47.4,Male,72.3,1.79,22.49,16.7,187.9,137.5,50.3,1.36,564.2,4.1,1.0,3.0,Strength,Strength,1.0,1.0,0.0,1.0,1.0,0.0,0.0
37.1,Female,64.6,1.55,26.93,18.9,179.1,165.3,64.6,0.67,519.4,5.0,2.0,3.7,Weight Loss,Cardio,0.0,0.0,0.0,0.0,0.0,0.0,1.0
29.0,Male,68.8,1.72,23.35,20.2,184.9,115.2,69.6,0.84,377.9,3.4,2.0,2.5,Muscle Gain,Strength,1.0,1.0,1.0,0.0,1.0,0.0,1.0
47.0,Male,40.0,1.73,13.36,22.8,170.0,160.0,66.0,1.27,1249.0,2.0,1.0,3.6,General Fitness,Cardio,0.0,0.0,0.0,1.0,0.0,0.0,1.0
63.1,Female,72.5,1.62,27.63,26.3,169.6,142.0,67.8,1.48,613.9,4.5,1.0,3.2,Muscle Gain,Strength,1.0,1.0,1.0,0.0,0.0,1.0,0.0
34.2,Male,84.0,1.84,24.85,9.9,179.2,147.2,53.2,1.7,1349.9,3.1,3.0,3.6,Endurance,Cardio,0.0,0.0,0.0,0.0,0.0,0.0,1.0
32.1,Male,61.4,1.73,20.48,11.7,206.2,183.3,55.6,1.07,1299.0,3.5,3.0,3.6,Endurance,HIIT,0.0,0.0,0.0,0.0,1.0,1.0,0.0
65.3,Male,92.1,1.83,27.47,21.3,140.0,116.8,57.7,1.59,630.2,4.1,3.0,3.1,Muscle Gain,Powerlifting,1.0,1.0,0.0,0.0,1.0,0.0,0.0
18.0,Male,115.8,1.68,41.03,24.2,177.0,150.0,74.0,1.11,629.0,5.0,2.0,3.6,Muscle Gain,Strength,1.0,1.0,0.0,0.0,0.0,0.0,1.0
48.7,Male,57.1,1.8,17.59,12.3,167.1,134.6,63.1,1.39,536.8,5.2,3.0,3.12,General Fitness,Strength,,,,,,,
28.3,Male,63.4,1.73,21.3,16.4,167.2,154.7,69.2,0.73,645.0,4.8,3.0,3.7,General Fitness,Cardio,0.0,0.0,0.0,0.0,0.0,0.0,1.0
20.2,Male,79.3,1.79,24.79,21.0,207.7,115.8,66.7,1.86,991.8,3.4,3.0,2.4,Strength,Strength,1.0,0.0,1.0,0.0,0.0,0.0,0.0
23.4,Female,46.0,1.55,19.08,16.2,192.9,168.9,64.0,1.48,1047.1,3.2,3.0,3.2,General Fitness,Cardio,1.0,0.0,0.0,1.0,1.0,0.0,1.0
32.5,Male,77.4,1.7,26.88,13.6,191.7,177.6,52.8,0.45,623.8,3.4,3.0,3.2,Weight Loss,HIIT,0.0,0.0,0.0,1.0,1.0,0.0,1.0
36.2,Male,54.6,1.79,17.06,18.1,188.5,145.8,57.2,1.56,546.1,4.2,3.0,3.25,Muscle Gain,Strength,0.0,1.0,1.0,1.0,0.0,0.0,1.0
20.2,Female,82.2,1.67,29.58,24.2,200.1,101.6,61.0,2.04,565.2,4.3,2.0,2.7,Muscle Gain,Powerlifting,1.0,1.0,1.0,0.0,0.0,1.0,0.0
55.1,Female,58.5,1.54,24.73,24.7,157.3,136.4,69.2,1.28,470.3,2.8,2.0,3.19,Muscle Gain,Strength,,,,,,,
36.7,Female,64.8,1.67,23.28,21.3,183.4,133.7,69.7,1.25,639.5,4.4,3.0,2.2,Muscle Gain,Strength,1.0,1.0,0.0,0.0,0.0,0.0,1.0
18.5,Female,72.6,1.61,28.0,14.8,194.0,159.6,46.2,1.21,1356.2,5.6,2.0,2.4,Weight Loss,Cardio,0.0,0.0,1.0,0.0,0.0,0.0,1.0
28.4,Female,63.5,1.59,25.11,16.4,182.0,110.4,63.3,0.56,95.3,4.2,2.0,2.7,Flexibility,Yoga,0.0,0.0,0.0,0.0,1.0,1.0,1.0
26.6,Female,85.4,1.94,22.71,19.4,192.3,178.0,66.1,0.46,453.9,4.3,3.0,3.14,Weight Loss,HIIT,1.0,0.0,0.0,1.0,1.0,0.0,1.0
18.0,Male,66.6,1.62,25.38,21.3,192.0,156.0,58.0,1.3,1250.0,5.0,1.0,3.2,Weight Loss,Cardio,0.0,1.0,0.0,0.0,0.0,1.0,1.0
39.3,Female,61.7,1.59,24.52,27.9,191.8,132.2,64.7,1.02,527.8,4.6,3.0,2.7,General Fitness,Strength,1.0,1.0,1.0,0.0,1.0,0.0,1.0
32.0,Male,55.6,1.74,18.41,11.8,192.5,114.6,57.4,1.17,133.1,2.9,2.0,2.4,General Fitness,Yoga,1.0,0.0,0.0,0.0,0.0,0.0,1.0
34.0,Male,82.4,1.66,29.9,26.3,192.0,148.0,72.0,1.11,1090.0,2.0,2.0,3.4,Muscle Gain,Strength,1.0,1.0,1.0,0.0,0.0,1.0,1.0
28.1,Female,62.8,1.6,24.42,18.9,191.7,152.5,67.5,1.29,631.8,4.8,2.0,3.4,Muscle Gain,Functional,0.0,1.0,1.0,1.0,1.0,0.0,0.0
33.1,Male,77.5,1.63,29.12,29.3,188.2,175.2,70.8,1.06,832.8,2.3,2.0,3.49,Endurance,HIIT,0.0,0.0,0.0,1.0,1.0,0.0,1.0
29.5,Male,87.4,1.79,27.23,25.2,196.1,131.5,68.5,1.34,937.1,4.1,2.0,3.0,Strength,Powerlifting,1.0,1.0,0.0,0.0,0.0,0.0,0.0
40.4,Male,69.2,1.72,23.31,17.6,170.0,138.7,66.5,1.13,557.9,4.1,2.0,2.55,Muscle Gain,Strength,,,,,,,
26.4,Female,69.1,1.72,23.26,18.3,189.8,156.4,64.1,0.32,345.0,3.4,2.0,3.1,General Fitness,HIIT,0.0,1.0,1.0,0.0,1.0,0.0,1.0
26.4,Male,45.0,1.85,13.18,17.8,204.1,128.1,73.3,0.84,142.1,3.5,2.0,3.6,General Fitness,Yoga,0.0,0.0,0.0,0.0,1.0,0.0,1.0
21.2,Female,45.0,1.74,14.85,15.2,205.8,190.2,78.2,0.98,457.4,4.1,2.0,3.22,Endurance,HIIT,1.0,0.0,0.0,0.0,1.0,0.0,0.0
29.9,Female,77.5,1.68,27.48,17.0,188.5,177.0,62.1,1.09,1156.1,3.1,3.0,3.7,Weight Loss,HIIT,0.0,0.0,1.0,1.0,0.0,0.0,0.0
45.2,Male,54.9,1.8,17.0,21.9,180.4,145.1,67.0,1.41,526.9,2.2,1.0,3.22,Muscle Gain,Strength,1.0,1.0,1.0,0.0,0.0,0.0,0.0
19.7,Male,64.7,1.69,22.75,12.9,204.2,155.0,66.9,0.97,707.3,3.7,2.0,3.6,General Fitness,Functional,0.0,1.0,0.0,1.0,0.0,1.0,1.0
58.1,Female,49.3,1.6,19.25,21.8,159.6,154.6,53.7,1.19,612.9,4.4,3.0,3.2,Endurance,HIIT,0.0,0.0,0.0,0.0,1.0,0.0,1.0
52.0,Female,54.9,1.57,22.42,20.0,164.7,159.7,48.1,0.9,753.9,5.8,2.0,3.7,Weight Loss,Cardio,0.0,0.0,0.0,0.0,1.0,0.0,1.0
41.0,Female,51.1,1.94,13.58,16.4,181.0,137.0,72.0,1.23,1084.0,3.0,2.0,2.3,Strength,Strength,1.0,0.0,1.0,1.0,0.0,0.0,0.0
37.4,Male,60.5,1.61,23.26,17.1,188.3,118.6,52.3,1.88,739.1,4.6,3.0,2.8,Muscle Gain,Powerlifting,1.0,1.0,0.0,1.0,1.0,0.0,1.0
43.0,Male,42.6,1.62,16.23,13.6,189.0,169.0,74.0,1.0,1213.0,2.0,2.0,3.5,Strength,Strength,1.0,1.0,1.0,1.0,0.0,0.0,0.0
31.4,Female,77.6,1.78,24.51,22.1,195.2,144.1,64.5,1.41,968.2,3.0,2.0,3.0,Muscle Gain,Strength,1.0,1.0,0.0,0.0,1.0,1.0,0.0
30.1,Male,75.6,1.74,24.89,10.5,184.5,145.1,58.2,1.14,905.6,3.0,3.0,2.9,Endurance,Cardio,0.0,0.0,0.0,0.0,0.0,0.0,0.0
40.5,Female,75.4,1.67,27.2,23.3,171.6,118.2,62.0,0.97,197.5,5.5,1.0,2.8,Stress Relief,Yoga,0.0,0.0,0.0,0.0,1.0,1.0,1.0
54.4,Female,69.0,1.65,25.31,21.9,163.5,140.0,72.1,1.18,567.5,3.5,3.0,3.3,Strength,Strength,1.0,1.0,0.0,1.0,0.0,0.0,1.0
43.4,Female,70.3,1.67,25.13,14.3,170.3,158.2,63.0,0.59,419.8,2.6,2.0,3.2,Weight Loss,HIIT,1.0,0.0,0.0,1.0,1.0,1.0,1.0
26.4,Male,61.2,1.73,20.44,13.5,192.0,186.6,65.3,0.66,805.1,3.3,3.0,3.0,Weight Loss,HIIT,1.0,1.0,0.0,1.0,1.0,0.0,1.0
61.0,Male,55.7,1.71,19.12,14.9,171.4,131.0,72.4,0.99,512.0,4.6,3.0,2.9,Muscle Gain,Functional,1.0,0.0,1.0,1.0,1.0,0.0,1.0
44.6,Female,71.7,1.71,24.52,16.0,170.9,112.0,52.8,1.29,335.1,3.7,3.0,3.2,Flexibility,Yoga,0.0,1.0,0.0,0.0,1.0,1.0,1.0
29.2,Male,63.8,1.65,23.48,15.8,193.7,140.2,46.5,1.2,932.9,3.1,2.0,3.2,Endurance,Cardio,0.0,0.0,0.0,1.0,0.0,0.0,1.0
22.0,Female,103.1,1.72,34.85,23.1,168.0,166.0,59.0,1.07,978.0,2.0,2.0,1.9,Endurance,HIIT,0.0,0.0,0.0,1.0,1.0,0.0,1.0
42.0,Female,59.0,1.89,16.52,27.7,175.0,142.0,63.0,1.25,1092.0,5.0,1.0,3.5,Endurance,HIIT,1.0,0.0,1.0,1.0,0.0,0.0,1.0
18.0,Male,42.0,1.82,12.68,16.4,188.0,137.0,67.0,0.77,589.0,2.0,3.0,2.0,Weight Loss,HIIT,1.0,0.0,0.0,0.0,0.0,0.0,1.0
25.7,Male,57.4,1.69,20.2,9.8,187.1,176.2,55.8,1.16,1018.8,4.0,2.0,3.9,Weight Loss,Cardio,0.0,0.0,0.0,1.0,0.0,0.0,1.0
28.0,Male,51.1,1.66,18.54,31.1,161.0,154.0,65.0,0.86,944.0,5.0,2.0,3.3,Weight Loss,HIIT,1.0,0.0,0.0,0.0,0.0,0.0,1.0
54.0,Male,46.3,1.62,17.64,32.2,161.0,138.0,60.0,1.03,1175.0,4.0,2.0,2.5,Weight Loss,HIIT,1.0,0.0,0.0,1.0,0.0,0.0,0.0
51.1,Male,58.4,1.71,19.9,17.5,168.0,128.8,63.1,1.44,556.2,2.4,2.0,2.93,Strength,Strength,1.0,1.0,1.0,0.0,0.0,1.0,0.0
18.0,Male,40.0,1.82,12.08,26.0,177.0,127.0,74.0,0.73,352.0,3.0,2.0,3.4,General Fitness,Strength,1.0,1.0,1.0,0.0,0.0,0.0,0.0
24.0,Male,90.6,1.69,31.85,25.4,198.5,118.9,51.9,1.82,897.9,4.9,2.0,2.7,Muscle Gain,Powerlifting,0.0,1.0,0.0,0.0,0.0,0.0,0.0
28.4,Male,73.6,1.83,21.9,20.2,195.6,137.5,70.2,1.98,884.2,3.4,3.0,3.7,Strength,Strength,1.0,1.0,1.0,0.0,0.0,0.0,0.0
27.0,Male,64.2,1.89,17.97,23.0,188.0,143.0,51.0,2.0,1662.0,4.0,2.0,3.1,Muscle Gain,Strength,1.0,1.0,1.0,0.0,0.0,0.0,1.0
16.0,Female,66.5,1.81,20.3,19.9,210.0,160.5,68.5,1.61,689.5,4.1,2.0,3.6,General Fitness,Strength,1.0,1.0,1.0,1.0,0.0,0.0,1.0
41.0,Male,65.9,1.93,17.69,22.6,188.0,124.0,74.0,1.36,1419.0,2.0,2.0,1.5,Muscle Gain,Strength,1.0,1.0,1.0,0.0,0.0,0.0,0.0
32.6,Female,57.4,1.56,23.45,18.1,200.8,168.9,58.2,1.2,1161.7,4.5,3.0,4.2,Endurance,HIIT,1.0,0.0,0.0,0.0,0.0,0.0,1.0
25.4,Female,96.5,1.71,32.95,32.9,187.7,160.4,72.4,1.17,785.4,3.9,1.0,2.91,General Fitness,Cardio,0.0,0.0,0.0,0.0,0.0,0.0,1.0
16.0,Female,70.3,2.05,16.73,23.9,203.4,155.4,66.0,1.61,673.7,1.1,1.0,2.94,Muscle Gain,Strength,1.0,1.0,1.0,0.0,0.0,0.0,1.0
23.6,Female,69.7,1.68,24.79,32.3,191.9,133.2,58.6,2.39,1057.7,3.7,2.0,2.7,Muscle Gain,Powerlifting,1.0,1.0,0.0,0.0,0.0,0.0,0.0
18.0,Female,40.0,1.8,12.35,24.1,187.0,158.0,71.0,1.24,665.0,2.0,2.0,1.7,Muscle Gain,Strength,1.0,1.0,1.0,0.0,0.0,1.0,0.0
52.1,Male,84.7,1.78,26.71,18.7,173.4,153.9,61.5,0.8,838.6,2.9,2.0,2.7,General Fitness,HIIT,0.0,0.0,0.0,1.0,0.0,0.0,1.0
37.8,Female,62.1,1.62,23.56,21.1,174.9,166.0,46.5,0.85,852.9,4.7,2.0,3.3,General Fitness,Cardio,0.0,0.0,1.0,0.0,1.0,0.0,1.0
26.3,Female,99.7,1.88,28.35,34.3,205.4,180.7,63.6,1.97,1403.0,3.2,2.0,4.46,General Fitness,Cardio,1.0,0.0,0.0,0.0,1.0,0.0,1.0
25.1,Male,67.3,1.65,24.86,22.0,189.4,117.8,60.1,0.93,370.7,3.2,1.0,2.2,Strength,Strength,1.0,1.0,1.0,1.0,0.0,0.0,1.0
61.3,Female,78.0,1.73,25.99,22.7,160.0,113.8,62.7,0.98,505.9,3.1,2.0,2.7,Muscle Gain,Strength,1.0,1.0,1.0,0.0,1.0,0.0,1.0
33.4,Female,61.1,1.51,26.68,20.3,179.9,129.3,61.8,1.1,681.0,3.5,1.0,2.7,General Fitness,Functional,1.0,0.0,0.0,1.0,0.0,0.0,1.0
28.7,Male,77.8,1.8,23.9,18.5,190.9,114.6,72.5,0.82,282.0,4.5,3.0,2.4,Muscle Gain,Strength,1.0,1.0,0.0,1.0,0.0,1.0,1.0
21.0,Male,59.6,1.7,20.62,13.6,193.4,157.0,55.4,0.62,356.1,3.1,3.0,3.5,Muscle Gain,Functional,0.0,0.0,1.0,1.0,1.0,0.0,1.0
22.6,Male,55.8,1.63,20.91,18.4,194.0,122.5,71.0,1.71,582.5,4.8,3.0,2.6,Strength,Strength,1.0,1.0,0.0,0.0,0.0,0.0,0.0
37.9,Female,66.6,1.6,26.05,24.1,180.5,116.8,78.7,1.1,262.5,5.2,2.0,2.4,Stress Relief,Yoga,0.0,0.0,0.0,0.0,0.0,0.0,1.0
32.0,Male,72.4,1.74,23.91,16.9,189.0,127.0,60.0,1.4,1090.0,2.0,1.0,1.6,Strength,Strength,0.0,1.0,1.0,0.0,0.0,0.0,0.0
38.1,Male,58.5,1.55,24.25,16.3,182.3,99.3,59.5,0.6,120.3,2.8,3.0,2.0,General Fitness,Yoga,1.0,0.0,0.0,0.0,1.0,1.0,1.0
35.7,Female,62.2,1.65,22.93,20.8,180.2,135.3,60.4,1.78,634.4,3.4,2.0,2.6,General Fitness,Strength,1.0,1.0,1.0,0.0,0.0,0.0,1.0
25.0,Male,100.4,1.76,32.41,30.4,173.0,169.0,58.0,0.85,1465.0,3.0,1.0,1.8,General Fitness,Cardio,0.0,0.0,0.0,0.0,0.0,0.0,1.0
37.0,Female,55.3,1.73,18.48,31.3,183.0,134.0,51.0,1.1,976.0,2.0,2.0,2.8,Muscle Gain,Strength,1.0,1.0,1.0,1.0,0.0,0.0,1.0
34.0,Male,69.4,1.66,25.3,15.2,198.5,170.0,60.3,1.0,610.8,3.5,3.0,4.2,Endurance,Cardio,0.0,0.0,1.0,0.0,0.0,0.0,1.0
19.9,Male,73.2,1.73,24.6,9.4,204.7,152.0,49.9,0.31,217.2,2.1,2.0,2.9,General Fitness,HIIT,1.0,0.0,0.0,0.0,1.0,1.0,1.0
49.7,Female,83.0,1.68,29.32,22.3,174.2,141.2,65.3,1.25,689.7,4.2,2.0,2.6,Muscle Gain,Strength,1.0,0.0,1.0,0.0,0.0,0.0,0.0
32.0,Female,51.1,1.62,19.36,23.7,183.2,174.1,60.5,1.2,882.9,3.4,2.0,4.3,Endurance,Cardio,0.0,0.0,0.0,0.0,0.0,0.0,1.0
45.2,Male,74.0,1.76,23.81,21.8,172.7,142.5,69.3,1.45,625.3,1.2,2.0,2.94,General Fitness,Functional,,,,,,,
20.5,Female,54.1,1.5,24.19,24.4,194.4,176.5,66.3,1.79,878.0,4.6,3.0,4.1,General Fitness,Cardio,1.0,0.0,1.0,1.0,0.0,0.0,1.0
35.0,Female,56.2,1.74,18.56,26.9,170.0,151.0,66.0,0.99,1215.0,4.0,2.0,2.9,Muscle Gain,Strength,1.0,0.0,1.0,1.0,0.0,0.0,1.0
19.1,Female,86.3,1.76,27.94,34.7,208.8,114.6,65.3,1.62,894.2,4.6,3.0,2.7,Muscle Gain,Powerlifting,0.0,1.0,0.0,0.0,1.0,0.0,1.0
24.0,Female,96.9,1.88,27.42,15.8,181.0,166.0,72.0,1.36,1220.0,3.0,2.0,3.7,Endurance,Cardio,0.0,0.0,1.0,0.0,0.0,0.0,1.0
26.4,Male,67.9,1.7,23.51,11.4,197.5,167.9,53.1,0.61,368.2,5.7,2.0,3.1,Weight Loss,Cardio,0.0,0.0,0.0,1.0,0.0,0.0,1.0
59.0,Female,47.2,1.68,16.72,15.4,185.0,159.0,70.0,1.49,704.0,4.0,2.0,2.2,Muscle Gain,Strength,1.0,0.0,1.0,1.0,0.0,1.0,0.0
36.7,Male,67.7,1.68,24.01,13.1,191.7,145.0,59.0,0.82,383.8,4.4,1.0,3.1,Strength,Strength,1.0,1.0,1.0,1.0,0.0,1.0,1.0
20.1,Female,66.8,1.66,24.25,19.8,205.3,142.9,65.8,1.94,762.6,4.7,1.0,3.5,Muscle Gain,Strength,1.0,1.0,1.0,1.0,1.0,0.0,1.0
25.9,Male,75.1,1.78,23.64,11.4,191.2,142.7,45.0,1.04,630.8,3.1,2.0,2.6,General Fitness,Cardio,1.0,0.0,0.0,0.0,0.0,1.0,1.0
26.1,Male,96.3,1.94,25.51,13.5,181.7,154.6,51.9,0.39,322.0,4.6,3.0,2.5,Endurance,HIIT,1.0,0.0,1.0,1.0,1.0,1.0,1.0
22.4,Female,50.6,1.63,19.06,21.4,193.4,166.1,65.3,1.79,663.6,3.9,2.0,3.17,Endurance,Cardio,1.0,0.0,0.0,1.0,0.0,0.0,1.0
39.6,Male,65.5,1.75,21.42,17.1,161.9,134.9,75.6,1.97,1008.1,4.0,2.0,2.8,General Fitness,Strength,1.0,1.0,1.0,0.0,0.0,0.0,0.0
31.7,Male,78.0,1.84,23.15,10.9,173.2,155.6,51.8,1.53,1766.8,4.8,3.0,3.2,Weight Loss,Cardio,1.0,0.0,0.0,0.0,0.0,0.0,1.0
33.0,Female,47.6,1.54,19.99,19.1,190.5,117.9,61.1,1.03,110.6,5.2,3.0,3.2,Flexibility,Yoga,0.0,0.0,0.0,0.0,0.0,0.0,1.0
18.0,Male,74.8,1.76,24.15,21.8,186.0,134.0,68.0,0.5,1783.0,4.0,3.0,3.5,Weight Loss,Cardio,0.0,0.0,0.0,0.0,0.0,0.0,1.0
34.1,Male,49.3,1.61,19.0,16.1,184.0,97.6,57.8,0.86,69.4,2.6,3.0,1.5,Flexibility,Yoga,0.0,0.0,0.0,1.0,0.0,1.0,1.0
52.0,Male,54.7,1.93,14.68,31.9,193.0,135.0,62.0,2.0,416.0,2.0,2.0,3.2,Weight Loss,Cardio,0.0,1.0,1.0,1.0,0.0,0.0,1.0
66.3,Male,60.8,1.73,20.29,16.8,146.7,141.7,58.9,1.04,739.8,3.7,3.0,2.8,General Fitness,Cardio,0.0,0.0,0.0,0.0,0.0,0.0,1.0
28.1,Female,66.6,1.61,25.73,17.1,204.5,148.7,57.1,1.49,1265.8,4.2,3.0,3.3,Endurance,Cardio,0.0,1.0,0.0,0.0,1.0,0.0,1.0
24.0,Male,87.1,1.9,24.13,27.6,196.0,122.0,51.0,1.42,1153.0,3.0,1.0,3.3,Strength,Strength,1.0,1.0,1.0,0.0,1.0,0.0,0.0
46.0,Male,68.2,1.88,19.3,17.2,172.0,167.0,70.0,1.41,723.0,5.0,1.0,2.6,Muscle Gain,Strength,1.0,1.0,1.0,1.0,1.0,0.0,1.0
26.8,Female,53.6,1.59,21.18,25.2,183.1,142.8,64.8,0.81,327.3,4.9,1.0,2.5,Athletic Performance,Functional,1.0,1.0,1.0,1.0,1.0,1.0,1.0
16.0,Female,45.0,1.96,11.76,17.7,208.1,195.6,69.1,0.52,247.9,6.0,2.0,2.78,General Fitness,HIIT,1.0,0.0,0.0,0.0,0.0,0.0,1.0
51.0,Male,51.6,1.83,15.41,27.6,194.0,161.0,67.0,2.0,1057.0,3.0,1.0,2.2,Strength,Strength,1.0,1.0,1.0,0.0,1.0,0.0,0.0
18.0,Female,74.8,1.83,22.34,22.9,165.0,144.0,63.0,1.66,1174.0,2.0,2.0,3.1,Weight Loss,Cardio,0.0,0.0,0.0,1.0,1.0,0.0,1.0
44.3,Male,70.8,1.85,20.77,19.4,184.3,169.8,60.2,0.37,249.0,3.2,3.0,3.7,Weight Loss,HIIT,0.0,0.0,1.0,1.0,0.0,0.0,1.0
28.5,Female,48.9,1.5,21.79,22.4,193.3,97.9,62.2,1.15,160.6,5.3,3.0,1.9,General Fitness,Yoga,0.0,0.0,0.0,0.0,0.0,1.0,1.0
32.0,Male,69.6,1.76,22.52,14.3,193.3,131.3,62.4,1.6,754.9,3.4,3.0,3.2,Muscle Gain,Strength,1.0,1.0,1.0,0.0,1.0,0.0,1.0
29.4,Female,65.8,1.68,23.42,33.7,184.2,126.7,63.0,2.36,917.1,4.4,3.0,3.3,Muscle Gain,Powerlifting,1.0,1.0,0.0,0.0,0.0,0.0,1.0
31.6,Male,62.9,1.69,22.02,17.9,195.0,157.4,55.4,0.91,493.4,4.4,1.0,3.0,General Fitness,Functional,1.0,1.0,0.0,1.0,0.0,1.0,0.0
36.4,Male,68.9,1.71,23.43,16.2,177.8,172.8,53.7,1.78,1793.6,5.4,3.0,3.3,General Fitness,Cardio,0.0,0.0,0.0,0.0,0.0,0.0,1.0
37.4,Female,88.2,1.58,35.46,36.4,173.6,141.6,69.5,0.87,478.9,3.0,1.0,3.08,Strength,Strength,1.0,0.0,1.0,0.0,0.0,0.0,0.0
47.4,Female,59.3,1.52,25.63,18.4,172.3,144.6,45.4,1.2,796.9,4.9,2.0,3.7,Endurance,Cardio,0.0,1.0,1.0,0.0,0.0,0.0,1.0
40.0,Male,43.9,1.92,11.91,12.0,186.0,143.0,74.0,0.83,1018.0,3.0,1.0,3.1,Muscle Gain,Strength,1.0,1.0,1.0,1.0,1.0,0.0,0.0
40.0,Male,73.2,1.58,29.5,23.5,180.9,109.4,57.0,1.14,348.8,4.0,3.0,2.4,Strength,Powerlifting,0.0,1.0,0.0,0.0,0.0,0.0,1.0
18.0,Male,47.3,1.75,15.44,29.0,196.0,169.0,56.0,1.32,706.0,2.0,2.0,1.9,Endurance,Cardio,0.0,0.0,0.0,0.0,0.0,0.0,1.0
48.0,Male,60.6,1.75,19.82,17.8,175.9,128.9,67.3,0.77,326.4,4.3,2.0,2.5,Athletic Performance,Functional,0.0,0.0,0.0,1.0,1.0,1.0,1.0
46.8,Female,72.5,1.67,25.87,22.5,173.2,118.5,48.4,0.75,334.8,5.0,2.0,2.4,Muscle Gain,Strength,1.0,1.0,1.0,1.0,0.0,0.0,0.0
47.0,Male,121.4,1.61,46.83,24.7,164.0,155.0,74.0,0.94,934.0,2.0,1.0,2.5,Muscle Gain,Strength,1.0,1.0,0.0,0.0,1.0,0.0,0.0
55.0,Female,46.3,1.7,16.02,27.3,187.0,139.0,52.0,2.0,1130.0,3.0,1.0,1.5,Weight Loss,Cardio,0.0,0.0,0.0,0.0,1.0,0.0,1.0
35.2,Female,81.5,1.64,30.28,28.5,173.0,133.4,68.5,1.33,919.3,4.8,3.0,2.8,General Fitness,Powerlifting,1.0,1.0,0.0,0.0,0.0,0.0,1.0
26.9,Female,69.3,1.61,26.89,17.3,191.2,169.3,53.2,1.15,763.0,3.6,3.0,3.9,Weight Loss,Cardio,0.0,0.0,0.0,0.0,0.0,0.0,1.0
42.6,Female,57.9,1.62,22.13,17.8,177.8,94.4,67.7,0.99,139.4,3.8,2.0,3.1,General Fitness,Yoga,1.0,0.0,0.0,0.0,0.0,0.0,0.0
38.5,Male,71.5,1.68,25.49,10.2,188.9,163.1,57.2,1.46,1579.3,4.6,1.0,4.4,Weight Loss,Cardio,0.0,0.0,0.0,0.0,1.0,0.0,1.0
33.0,Male,60.5,1.54,25.51,29.1,195.0,126.0,56.0,1.27,1237.0,4.0,2.0,3.7,Weight Loss,Cardio,0.0,0.0,0.0,0.0,0.0,0.0,1.0
26.5,Male,67.7,1.78,21.31,13.3,182.2,158.2,62.3,0.9,525.6,3.0,3.0,3.0,Weight Loss,Cardio,1.0,0.0,0.0,0.0,0.0,0.0,1.0
35.9,Male,83.0,1.7,28.84,19.3,176.4,124.3,62.3,1.2,484.1,3.8,3.0,2.7,Muscle Gain,Strength,1.0,1.0,1.0,1.0,0.0,0.0,1.0
24.0,Female,91.2,1.82,27.53,26.9,181.0,158.0,74.0,1.49,1263.0,2.0,2.0,1.8,Muscle Gain,Strength,1.0,1.0,1.0,0.0,0.0,0.0,1.0
27.8,Male,68.7,1.8,21.25,14.6,188.8,128.7,74.1,1.08,566.3,3.8,2.0,2.3,Muscle Gain,Functional,1.0,1.0,1.0,1.0,1.0,1.0,1.0
53.3,Male,79.4,1.55,33.12,31.3,170.3,134.7,58.4,1.69,832.8,2.7,1.0,3.15,Muscle Gain,Strength,1.0,1.0,1.0,1.0,0.0,0.0,0.0
18.0,Male,54.7,1.6,21.37,22.7,167.0,156.0,57.0,1.63,1134.0,4.0,2.0,3.4,Muscle Gain,Strength,1.0,1.0,0.0,0.0,1.0,0.0,0.0
35.4,Female,64.0,1.5,28.27,22.9,192.7,128.2,59.1,2.31,1200.5,3.2,3.0,3.7,General Fitness,Powerlifting,0.0,1.0,0.0,0.0,0.0,0.0,0.0
37.0,Male,46.3,1.69,16.21,20.7,181.0,141.0,67.0,1.64,1445.0,4.0,2.0,2.5,Strength,Strength,1.0,1.0,1.0,0.0,0.0,1.0,1.0
21.3,Female,47.6,1.59,18.78,17.7,202.3,100.5,75.8,1.42,217.3,2.4,2.0,2.4,Flexibility,Yoga,0.0,0.0,0.0,0.0,1.0,1.0,1.0
28.8,Female,70.4,1.65,25.74,17.4,186.8,158.3,48.5,1.73,1596.0,3.4,1.0,3.7,Weight Loss,Cardio,0.0,0.0,1.0,0.0,1.0,0.0,0.0
27.0,Male,77.7,1.76,25.08,24.9,167.0,131.0,74.0,1.36,448.0,5.0,2.0,2.1,General Fitness,HIIT,0.0,1.0,0.0,1.0,1.0,0.0,1.0
51.3,Male,84.3,1.83,25.25,25.1,167.8,113.1,56.8,1.44,452.9,3.1,2.0,2.4,Muscle Gain,Powerlifting,0.0,0.0,1.0,0.0,1.0,0.0,0.0
24.7,Female,95.2,1.59,37.75,26.3,202.8,178.4,72.6,1.57,1140.3,4.2,3.0,3.57,Weight Loss,Cardio,0.0,0.0,1.0,1.0,0.0,0.0,1.0
39.9,Male,72.6,1.71,24.92,14.7,184.2,157.2,57.7,0.61,396.1,2.6,3.0,2.6,Endurance,HIIT,0.0,1.0,0.0,1.0,0.0,1.0,1.0
28.0,Male,81.0,1.82,24.46,24.6,188.3,131.9,59.8,1.09,767.0,3.2,3.0,2.8,Muscle Gain,Powerlifting,0.0,1.0,0.0,0.0,0.0,0.0,1.0
52.8,Male,70.3,1.76,22.7,18.0,162.9,157.9,54.0,1.68,908.7,3.9,3.0,3.9,Weight Loss,Cardio,0.0,0.0,0.0,0.0,0.0,0.0,1.0
29.4,Male,61.8,1.57,25.13,29.1,182.4,108.3,67.8,2.15,679.7,3.9,2.0,2.8,Strength,Powerlifting,1.0,1.0,0.0,0.0,0.0,0.0,0.0
22.0,Male,88.5,1.81,26.87,25.0,195.7,184.9,81.6,0.45,437.0,3.0,1.0,3.68,Weight Loss,HIIT,0.0,1.0,0.0,1.0,0.0,1.0,1.0
20.1,Male,60.4,1.68,21.3,20.9,210.0,133.7,63.1,0.92,581.6,4.6,3.0,2.7,Muscle Gain,Functional,1.0,0.0,0.0,0.0,1.0,0.0,1.0
62.9,Male,69.3,1.74,22.84,22.1,147.4,104.4,70.8,2.32,525.5,3.3,2.0,2.3,General Fitness,Powerlifting,1.0,1.0,0.0,1.0,1.0,0.0,1.0
56.8,Male,67.2,1.66,24.51,27.9,168.0,136.9,68.1,2.34,960.6,1.6,1.0,3.58,Muscle Gain,Strength,1.0,1.0,1.0,0.0,1.0,0.0,1.0
18.0,Female,46.0,1.79,14.36,,177.0,140.0,68.0,2.0,1386.0,3.0,2.0,3.2,Endurance,Cardio,0.0,0.0,0.0,0.0,0.0,0.0,1.0
27.0,Female,97.4,1.81,29.6,26.1,200.3,163.4,77.2,1.0,667.5,2.2,1.0,3.62,Endurance,Cardio,0.0,0.0,0.0,0.0,1.0,0.0,1.0
26.0,Male,62.8,1.65,23.06,12.2,182.9,161.9,52.0,1.36,824.3,3.1,3.0,3.0,General Fitness,Cardio,0.0,0.0,0.0,0.0,0.0,0.0,1.0
53.0,Male,67.2,1.68,23.81,22.6,190.0,138.0,55.0,1.67,924.0,3.0,1.0,1.5,Muscle Gain,Strength,0.0,1.0,1.0,1.0,0.0,0.0,0.0
25.4,Male,58.0,1.59,22.92,21.9,197.5,155.6,71.7,1.57,540.4,3.7,2.0,2.7,Muscle Gain,Strength,1.0,1.0,0.0,0.0,0.0,0.0,1.0
28.7,Female,48.6,1.49,21.92,19.7,204.0,140.0,54.8,1.6,837.8,4.1,1.0,3.2,Endurance,Cardio,0.0,0.0,0.0,0.0,1.0,0.0,1.0
50.0,Female,102.6,1.62,39.09,10.0,198.0,138.0,66.0,1.48,1149.0,5.0,2.0,2.7,Weight Loss,HIIT,1.0,0.0,0.0,0.0,0.0,0.0,0.0
26.1,Female,55.8,1.5,24.7,16.6,192.3,169.6,61.5,0.76,390.7,5.4,1.0,3.6,Weight Loss,Cardio,0.0,1.0,0.0,0.0,0.0,0.0,1.0
36.0,Male,78.2,1.63,29.43,23.1,191.0,169.0,74.0,2.0,1381.0,3.0,2.0,2.7,Weight Loss,Cardio,0.0,0.0,0.0,0.0,0.0,0.0,1.0
33.0,Female,97.1,1.86,28.07,11.0,166.0,127.0,72.0,1.39,1783.0,4.0,1.0,1.5,Endurance,HIIT,1.0,1.0,0.0,1.0,1.0,1.0,1.0
18.0,Female,89.8,1.66,32.59,28.4,185.0,140.0,54.0,2.0,1283.0,3.0,2.0,1.9,General Fitness,HIIT,1.0,0.0,0.0,0.0,1.0,1.0,1.0
45.3,Female,72.3,1.64,26.75,20.6,184.6,144.6,60.9,1.06,617.2,3.7,1.0,2.6,Weight Loss,Cardio,0.0,1.0,0.0,0.0,1.0,0.0,1.0
52.9,Female,62.4,1.62,23.9,21.3,170.9,114.5,59.6,1.04,433.0,3.1,1.0,1.9,Muscle Gain,Strength,1.0,1.0,1.0,1.0,0.0,1.0,1.0
29.3,Male,67.2,1.8,20.73,20.8,179.8,144.4,71.1,1.72,745.2,3.1,1.0,3.5,Athletic Performance,Strength,,,,,,,
24.1,Male,76.1,1.74,25.06,16.7,197.7,142.1,61.7,1.54,1086.4,3.8,2.0,3.2,Weight Loss,Cardio,1.0,0.0,0.0,0.0,0.0,0.0,1.0
69.3,Female,82.0,1.73,27.36,22.4,147.4,142.4,60.7,0.48,420.7,3.9,3.0,2.7,Weight Loss,HIIT,1.0,0.0,0.0,1.0,0.0,0.0,1.0
34.0,Male,45.0,1.56,18.6,19.0,175.4,138.7,64.6,1.14,338.1,3.5,2.0,3.4,Muscle Gain,Strength,1.0,0.0,1.0,0.0,0.0,1.0,1.0
63.0,Female,46.6,1.48,21.25,21.7,140.0,135.0,54.7,0.69,260.8,4.4,2.0,2.7,Endurance,Cardio,0.0,0.0,0.0,0.0,0.0,0.0,1.0
35.1,Male,66.6,1.75,21.73,9.2,199.2,166.9,53.5,0.92,683.6,3.7,3.0,3.5,Endurance,Cardio,1.0,0.0,1.0,0.0,0.0,0.0,1.0
60.6,Female,45.0,1.82,13.56,19.1,142.4,127.7,76.2,1.64,589.4,2.3,2.0,3.68,Endurance,Cardio,0.0,0.0,0.0,0.0,0.0,0.0,1.0
30.0,Male,45.4,1.73,15.17,23.1,197.0,151.0,50.0,1.27,1200.0,4.0,3.0,3.6,Weight Loss,Cardio,1.0,0.0,0.0,0.0,0.0,0.0,1.0
55.0,Male,68.2,1.72,22.95,14.9,161.2,156.2,54.2,0.87,778.7,5.7,1.0,2.8,Weight Loss,Cardio,1.0,0.0,0.0,1.0,0.0,0.0,1.0
39.9,Male,77.5,1.82,23.45,19.7,177.1,113.5,65.1,2.4,1244.3,3.5,2.0,2.5,Strength,Powerlifting,1.0,1.0,0.0,1.0,1.0,0.0,0.0
21.0,Male,56.1,1.54,23.65,33.1,182.0,168.0,52.0,1.34,1083.0,4.0,2.0,2.5,Strength,Strength,1.0,1.0,1.0,0.0,1.0,0.0,1.0
34.3,Male,81.3,1.74,26.81,15.9,191.2,125.7,64.4,1.45,902.7,3.9,2.0,2.7,Athletic Performance,Functional,1.0,1.0,0.0,1.0,1.0,1.0,0.0
31.0,Female,67.9,1.7,23.49,13.0,163.0,124.0,68.0,1.43,1338.0,5.0,1.0,3.1,Weight Loss,Cardio,0.0,0.0,0.0,0.0,0.0,0.0,1.0
34.9,Female,58.7,1.57,23.76,18.0,183.7,178.7,49.0,0.55,327.3,3.3,3.0,3.3,Endurance,HIIT,0.0,0.0,0.0,1.0,0.0,1.0,1.0
48.0,Female,69.9,1.82,21.1,26.7,173.0,162.0,65.0,2.0,1724.0,3.0,1.0,2.4,Muscle Gain,Strength,1.0,1.0,0.0,0.0,0.0,0.0,1.0
45.0,Female,67.3,1.67,24.13,33.2,198.0,155.0,54.0,0.72,1006.0,4.0,2.0,3.5,General Fitness,Strength,1.0,1.0,1.0,0.0,0.0,0.0,1.0
21.1,Male,107.0,1.88,30.13,25.5,194.7,132.2,57.1,2.34,2000.0,4.6,2.0,3.3,Muscle Gain,Powerlifting,1.0,1.0,1.0,0.0,0.0,1.0,0.0
18.6,Female,80.0,1.67,28.72,29.7,197.8,108.1,70.2,1.16,606.1,4.1,2.0,1.6,Strength,Powerlifting,0.0,1.0,1.0,0.0,0.0,0.0,0.0
33.0,Female,60.5,1.76,19.53,26.4,160.0,146.0,67.0,0.58,1172.0,4.0,2.0,2.8,Weight Loss,HIIT,1.0,1.0,1.0,1.0,1.0,1.0,1.0
25.1,Male,59.1,1.72,19.9,18.8,202.0,145.6,67.0,0.9,433.6,3.3,3.0,2.7,Athletic Performance,Functional,1.0,0.0,1.0,1.0,1.0,0.0,1.0
22.4,Male,60.2,1.69,21.0,21.6,196.8,141.4,67.6,1.02,662.5,4.2,1.0,3.2,Athletic Performance,Functional,1.0,1.0,0.0,1.0,1.0,1.0,0.0
18.8,Male,65.7,1.78,20.78,12.2,210.0,141.4,72.0,1.42,968.6,3.6,3.0,3.3,General Fitness,Functional,1.0,0.0,1.0,1.0,1.0,0.0,0.0
28.7,Female,51.2,1.63,19.23,19.0,196.7,153.7,55.4,1.08,623.3,4.7,1.0,3.4,General Fitness,Cardio,0.0,0.0,0.0,0.0,0.0,1.0,1.0
69.6,Male,93.8,1.88,26.49,12.3,140.0,101.7,65.9,1.17,337.4,5.8,3.0,1.6,General Fitness,Yoga,0.0,0.0,0.0,0.0,0.0,0.0,1.0
20.8,Female,53.2,1.62,20.38,19.9,192.2,139.1,52.3,1.39,490.9,4.6,2.0,2.4,Muscle Gain,Strength,0.0,1.0,1.0,0.0,0.0,0.0,1.0
39.0,Male,43.3,1.68,15.34,13.2,184.0,128.0,51.0,1.5,712.0,2.0,2.0,1.5,Endurance,Cardio,0.0,0.0,0.0,1.0,0.0,0.0,1.0
24.4,Male,91.4,1.85,26.66,14.7,191.6,154.7,76.1,0.96,731.6,4.8,2.0,2.9,Muscle Gain,Functional,1.0,1.0,1.0,1.0,1.0,1.0,1.0
27.2,Male,45.0,1.63,17.02,15.1,186.3,175.1,74.2,0.5,238.3,4.4,3.0,2.86,Weight Loss,HIIT,0.0,0.0,0.0,1.0,0.0,0.0,1.0
23.9,Female,92.3,1.67,33.08,28.7,187.3,132.2,62.0,1.09,714.5,4.1,3.0,3.5,Strength,Powerlifting,1.0,1.0,0.0,0.0,0.0,0.0,1.0
31.0,Female,61.7,1.52,26.71,23.1,177.0,160.0,54.0,0.54,1266.0,4.0,2.0,1.7,Strength,Strength,0.0,1.0,1.0,0.0,0.0,1.0,0.0
27.6,Male,80.2,1.75,26.32,15.3,201.4,91.1,64.8,1.12,239.9,5.0,3.0,2.1,General Fitness,Yoga,0.0,0.0,0.0,1.0,1.0,0.0,1.0
19.0,Female,40.0,1.77,12.77,27.7,179.0,139.0,74.0,1.22,1173.0,3.0,3.0,1.6,Muscle Gain,Strength,1.0,1.0,0.0,1.0,0.0,0.0,0.0
43.0,Female,43.9,1.82,13.25,16.3,173.0,164.0,72.0,1.61,567.0,3.0,1.0,3.2,Weight Loss,HIIT,1.0,0.0,0.0,1.0,0.0,0.0,1.0
41.2,Male,63.6,1.8,19.56,16.3,182.8,145.4,57.2,1.12,510.5,3.7,3.0,3.25,Athletic Performance,Functional,,,,,,,
49.0,Female,47.3,1.68,16.83,15.2,175.9,165.1,58.3,0.86,443.4,5.0,3.0,3.4,Weight Loss,HIIT,1.0,0.0,1.0,1.0,1.0,1.0,1.0
27.8,Male,91.3,1.8,28.04,17.6,191.2,158.2,59.9,1.84,1216.5,3.5,2.0,3.41,Weight Loss,Cardio,0.0,0.0,0.0,0.0,0.0,1.0,1.0
27.9,Male,82.3,1.79,25.76,13.2,193.7,160.5,62.2,1.05,965.8,3.2,2.0,3.2,Endurance,HIIT,0.0,1.0,0.0,1.0,0.0,0.0,1.0
29.8,Female,59.6,1.62,22.6,21.4,179.4,141.5,62.5,1.19,661.3,4.1,2.0,2.7,Muscle Gain,Strength,1.0,1.0,0.0,0.0,1.0,1.0,0.0
50.0,Female,72.7,1.74,24.01,15.5,191.0,129.0,67.0,0.77,1047.0,3.0,3.0,3.5,General Fitness,Cardio,0.0,0.0,0.0,0.0,0.0,0.0,1.0
34.6,Male,72.4,1.71,24.67,13.4,194.4,150.0,45.6,1.31,803.5,3.5,3.0,2.9,Weight Loss,Cardio,1.0,0.0,0.0,0.0,1.0,0.0,1.0
37.2,Female,68.7,1.59,27.27,21.9,186.1,136.9,63.5,0.91,655.9,3.0,2.0,2.3,Muscle Gain,Functional,1.0,1.0,0.0,1.0,1.0,1.0,1.0
29.8,Female,77.4,1.71,26.4,16.6,181.1,152.4,68.8,0.79,550.2,4.4,2.0,3.6,Weight Loss,HIIT,0.0,0.0,0.0,1.0,1.0,1.0,1.0
32.5,Male,64.0,1.79,19.9,17.1,206.2,99.2,67.0,1.15,234.8,5.0,3.0,2.6,General Fitness,Yoga,0.0,1.0,0.0,0.0,1.0,0.0,1.0
37.5,Female,59.9,1.61,23.0,19.2,169.0,125.9,66.8,1.44,545.1,4.4,1.0,2.7,Muscle Gain,Strength,1.0,1.0,1.0,1.0,0.0,0.0,1.0
27.4,Male,74.2,1.82,22.37,24.5,195.9,105.5,59.2,1.11,507.0,4.0,3.0,2.4,Strength,Powerlifting,1.0,1.0,0.0,1.0,1.0,0.0,0.0
32.6,Female,74.4,1.63,27.93,19.3,193.7,154.9,51.8,1.03,658.1,3.0,3.0,2.8,Endurance,HIIT,1.0,0.0,0.0,0.0,0.0,0.0,1.0
23.2,Male,98.2,1.69,34.32,37.0,200.2,164.6,67.9,1.32,817.7,1.8,1.0,3.99,Muscle Gain,Functional,,,,,,,
52.5,Male,77.2,1.8,23.82,19.1,163.6,118.8,73.0,1.37,218.3,3.2,1.0,3.5,Flexibility,Yoga,0.0,0.0,0.0,0.0,1.0,0.0,1.0
47.5,Male,63.7,1.72,21.57,13.3,174.3,169.3,54.7,0.87,509.1,2.0,2.0,2.7,Endurance,HIIT,1.0,0.0,0.0,1.0,0.0,0.0,1.0
25.5,Female,56.0,1.52,24.12,25.4,181.6,135.1,68.6,1.86,873.6,3.7,1.0,3.6,Muscle Gain,Strength,1.0,0.0,1.0,0.0,0.0,0.0,1.0
56.0,Female,92.0,1.86,26.59,24.2,184.0,167.0,71.0,1.56,999.0,5.0,3.0,2.1,Endurance,Cardio,0.0,0.0,0.0,0.0,0.0,0.0,1.0
25.3,Male,95.5,1.79,29.84,21.0,208.3,138.9,61.9,1.21,1022.6,3.0,2.0,2.6,General Fitness,Strength,1.0,1.0,1.0,1.0,0.0,0.0,1.0
48.3,Female,58.8,1.55,24.48,17.3,169.6,160.7,46.3,0.73,409.1,2.2,3.0,3.3,Endurance,HIIT,0.0,0.0,0.0,1.0,1.0,0.0,1.0
26.1,Female,66.7,1.67,23.99,26.8,180.1,121.9,65.9,1.58,782.8,3.2,3.0,2.5,Muscle Gain,Strength,1.0,1.0,1.0,0.0,1.0,0.0,1.0
35.9,Female,70.0,1.65,25.62,27.7,189.4,138.1,60.3,0.93,352.0,4.6,1.0,3.1,Strength,Strength,1.0,1.0,1.0,1.0,0.0,1.0,0.0
29.7,Male,65.9,1.74,21.74,10.3,197.8,158.6,57.6,0.96,913.0,4.3,3.0,3.5,Weight Loss,Cardio,1.0,0.0,0.0,0.0,0.0,1.0,1.0
37.8,Female,66.8,1.61,25.68,26.6,186.5,133.9,71.2,1.55,521.2,3.5,3.0,3.1,Strength,Powerlifting,1.0,1.0,0.0,0.0,0.0,0.0,0.0
36.5,Female,52.9,1.85,15.38,21.7,183.2,142.8,50.8,1.37,488.8,3.0,2.0,3.27,Muscle Gain,Strength,,,,,,,
42.6,Female,63.8,1.52,27.46,26.4,182.7,118.2,72.9,0.78,244.6,3.9,3.0,1.8,General Fitness,Strength,1.0,0.0,1.0,1.0,0.0,0.0,0.0
19.5,Male,91.7,1.88,26.0,21.2,189.6,131.6,58.4,1.01,546.4,4.2,2.0,2.8,Strength,Powerlifting,0.0,1.0,0.0,1.0,0.0,0.0,1.0
32.8,Male,65.9,1.59,26.12,10.3,187.8,158.1,54.2,0.99,810.1,3.2,2.0,2.6,General Fitness,HIIT,0.0,0.0,1.0,1.0,0.0,0.0,0.0
27.5,Female,53.8,1.61,20.65,21.4,184.5,127.9,57.3,1.07,437.0,3.9,2.0,3.2,General Fitness,Strength,1.0,1.0,0.0,0.0,1.0,1.0,1.0
29.9,Female,68.0,1.53,28.93,22.6,204.7,155.2,61.7,1.84,758.6,2.4,2.0,2.88,General Fitness,Strength,1.0,0.0,0.0,1.0,0.0,0.0,1.0
36.1,Male,69.5,1.71,23.73,12.6,172.7,167.7,72.2,0.38,235.7,3.0,2.0,3.3,Weight Loss,HIIT,1.0,0.0,1.0,0.0,1.0,0.0,0.0
25.0,Female,102.4,1.68,36.28,18.6,188.0,141.0,56.0,1.66,1553.0,2.0,2.0,1.7,Muscle Gain,Strength,1.0,1.0,1.0,1.0,0.0,1.0,0.0
23.4,Female,66.5,1.64,24.7,19.5,196.4,168.7,51.5,1.51,873.8,4.1,1.0,4.5,Weight Loss,Cardio,0.0,0.0,0.0,1.0,1.0,0.0,1.0
63.6,Male,74.3,1.8,22.94,8.7,149.4,144.4,60.9,0.82,480.8,4.1,3.0,2.3,Endurance,HIIT,0.0,0.0,0.0,1.0,1.0,0.0,0.0
35.9,Male,70.4,1.72,23.8,16.5,179.0,105.0,67.9,0.91,120.6,4.2,3.0,2.0,Stress Relief,Yoga,0.0,0.0,0.0,0.0,0.0,1.0,1.0
32.5,Male,68.0,1.68,24.11,18.1,191.4,178.5,53.1,1.5,917.9,4.0,3.0,3.8,Weight Loss,Cardio,0.0,0.0,0.0,0.0,0.0,0.0,1.0
35.5,Female,52.8,1.57,21.4,22.0,187.8,160.0,67.2,0.58,498.2,2.9,2.0,2.9,General Fitness,HIIT,0.0,0.0,0.0,1.0,1.0,0.0,1.0
38.7,Male,59.8,1.56,24.58,14.8,160.8,140.4,67.0,1.36,472.7,3.5,1.0,3.2,Muscle Gain,Strength,1.0,0.0,1.0,0.0,1.0,0.0,1.0
45.0,Male,52.7,1.82,15.91,22.9,172.0,129.0,69.0,0.62,1783.0,3.0,1.0,3.2,Strength,Strength,1.0,1.0,1.0,0.0,0.0,0.0,1.0
49.0,Female,55.5,1.55,23.08,23.7,195.5,112.7,62.1,1.55,538.7,4.4,2.0,2.7,Strength,Strength,1.0,1.0,0.0,0.0,1.0,0.0,1.0
24.0,Female,83.0,1.74,27.33,19.1,195.4,180.7,67.3,0.86,1459.6,2.5,2.0,3.9,Endurance,HIIT,1.0,0.0,0.0,0.0,1.0,1.0,1.0
18.0,Male,123.8,1.62,47.17,22.3,164.0,167.0,59.0,1.43,303.0,2.0,3.0,3.6,General Fitness,Strength,1.0,1.0,1.0,0.0,1.0,1.0,1.0
38.5,Male,66.1,1.76,21.32,14.7,179.2,154.0,49.9,0.61,469.5,2.4,2.0,3.0,Weight Loss,HIIT,1.0,0.0,0.0,0.0,1.0,1.0,1.0
37.0,Female,72.3,1.59,28.65,27.2,174.5,113.1,69.6,1.36,447.5,4.6,1.0,2.7,Strength,Strength,1.0,1.0,1.0,1.0,0.0,0.0,0.0
26.0,Female,67.2,1.58,26.79,18.1,198.2,120.6,56.2,0.81,400.0,3.4,1.0,2.3,Muscle Gain,Strength,1.0,1.0,1.0,0.0,0.0,1.0,0.0
18.8,Female,76.4,1.77,24.34,21.5,198.9,178.6,59.1,0.58,735.3,3.6,3.0,3.3,Weight Loss,HIIT,1.0,0.0,0.0,0.0,1.0,0.0,1.0
30.3,Male,69.5,1.82,21.07,16.1,184.4,98.1,64.4,1.28,213.7,4.5,2.0,1.8,General Fitness,Yoga,1.0,1.0,0.0,0.0,1.0,0.0,1.0
27.7,Female,62.8,1.77,20.12,19.4,178.3,113.0,70.9,1.68,544.3,3.0,1.0,3.2,Strength,Strength,1.0,1.0,0.0,0.0,0.0,0.0,1.0
17.6,Female,112.8,1.97,29.11,25.8,202.0,163.5,58.7,1.76,1335.9,4.8,2.0,3.24,Weight Loss,Cardio,1.0,0.0,0.0,1.0,1.0,0.0,1.0
39.0,Female,45.0,1.77,14.42,25.4,181.3,136.5,62.5,1.6,459.2,2.8,1.0,3.91,Strength,Strength,1.0,1.0,1.0,0.0,0.0,1.0,1.0
25.3,Female,53.5,1.63,20.02,17.3,198.7,109.3,61.3,0.77,122.5,3.9,2.0,2.4,Stress Relief,Yoga,0.0,0.0,0.0,0.0,0.0,1.0,1.0
18.8,Female,78.1,1.76,25.27,25.0,206.5,175.2,66.3,1.44,770.2,2.7,2.0,2.74,General Fitness,Cardio,1.0,0.0,0.0,0.0,0.0,0.0,1.0
27.6,Male,71.4,1.74,23.65,15.9,197.8,110.4,48.7,2.07,993.5,4.3,3.0,2.0,Muscle Gain,Powerlifting,1.0,1.0,0.0,0.0,0.0,0.0,0.0
26.2,Female,56.7,1.46,26.52,28.0,200.2,131.1,52.4,2.28,998.7,3.6,3.0,3.5,Strength,Powerlifting,0.0,1.0,0.0,0.0,0.0,0.0,0.0
28.1,Male,74.6,1.69,26.08,17.6,191.2,151.1,54.5,1.26,1029.0,3.6,1.0,3.5,Muscle Gain,Functional,1.0,0.0,1.0,1.0,0.0,0.0,1.0
20.0,Female,61.7,1.52,26.77,19.2,200.0,152.6,61.4,0.79,649.0,3.2,2.0,3.4,Weight Loss,Cardio,1.0,0.0,0.0,0.0,1.0,1.0,1.0
21.0,Female,42.7,1.81,13.03,26.0,166.0,139.0,71.0,1.42,1044.0,3.0,3.0,3.2,Endurance,Cardio,0.0,0.0,0.0,0.0,0.0,0.0,1.0
22.6,Female,63.5,1.63,23.8,20.9,194.1,180.3,53.0,1.15,1293.8,3.8,3.0,3.8,Weight Loss,HIIT,1.0,1.0,0.0,1.0,1.0,0.0,1.0
50.0,Male,52.2,1.68,18.58,21.5,179.4,146.7,49.9,0.88,313.5,4.8,2.0,3.18,Muscle Gain,Functional,,,,,,,
21.2,Male,63.4,1.76,20.56,17.1,201.6,145.2,65.9,1.17,840.0,3.6,1.0,2.8,Athletic Performance,Functional,1.0,1.0,1.0,1.0,0.0,1.0,1.0
33.7,Female,79.8,1.89,22.34,23.6,184.4,176.4,68.3,0.79,640.5,1.0,1.0,2.82,Endurance,HIIT,0.0,1.0,0.0,0.0,0.0,1.0,1.0
54.8,Female,63.7,1.66,23.19,22.0,163.7,135.7,68.2,1.02,575.5,3.5,2.0,2.7,Muscle Gain,Functional,0.0,0.0,0.0,0.0,0.0,1.0,1.0
36.5,Female,67.9,1.71,23.29,17.1,190.9,156.6,47.4,0.68,367.6,4.1,2.0,3.5,Weight Loss,Cardio,0.0,0.0,0.0,0.0,0.0,0.0,1.0
25.6,Female,71.6,1.63,27.11,27.4,193.3,128.6,61.3,2.04,1212.7,4.6,3.0,3.2,Muscle Gain,Powerlifting,0.0,1.0,0.0,0.0,1.0,0.0,1.0
47.4,Male,82.9,1.76,26.73,16.0,159.2,154.2,63.1,0.84,594.3,3.5,1.0,3.3,Muscle Gain,Functional,0.0,0.0,0.0,0.0,1.0,1.0,1.0
24.3,Female,45.0,1.45,21.4,,187.8,143.7,68.1,1.36,367.0,4.7,2.0,3.3,Strength,Strength,1.0,1.0,0.0,0.0,0.0,0.0,1.0
27.5,Male,63.0,1.68,22.37,17.6,206.8,157.5,57.7,1.18,862.4,4.5,3.0,3.2,Muscle Gain,Functional,0.0,0.0,0.0,1.0,1.0,1.0,0.0
26.1,Female,49.6,1.51,21.62,23.0,191.3,100.0,72.1,1.09,183.2,4.5,3.0,1.5,General Fitness,Yoga,0.0,0.0,0.0,0.0,1.0,0.0,1.0
33.4,Male,80.8,1.76,26.16,9.3,178.3,160.5,71.6,1.13,982.8,3.1,2.0,2.7,General Fitness,HIIT,1.0,0.0,0.0,0.0,0.0,0.0,1.0
23.0,Female,52.4,1.86,15.15,21.6,166.0,130.0,59.0,1.53,880.0,4.0,2.0,1.5,Muscle Gain,Strength,1.0,1.0,1.0,0.0,0.0,0.0,1.0
41.2,Female,57.9,1.61,22.22,25.6,186.8,119.0,63.9,1.04,315.9,4.8,2.0,2.1,General Fitness,Strength,1.0,1.0,1.0,1.0,0.0,0.0,1.0
21.1,Male,74.0,1.84,21.75,17.5,197.3,162.1,54.9,1.74,1316.4,3.3,1.0,3.9,Weight Loss,Cardio,0.0,0.0,0.0,0.0,0.0,0.0,1.0
27.7,Female,51.6,1.54,21.66,23.7,198.8,130.5,56.8,1.38,459.6,3.1,2.0,4.3,Muscle Gain,Strength,1.0,1.0,1.0,0.0,0.0,0.0,0.0
25.8,Female,57.6,1.7,19.82,20.3,191.2,108.0,69.7,1.28,193.1,4.4,3.0,1.7,Stress Relief,Yoga,0.0,0.0,0.0,0.0,0.0,0.0,1.0
27.0,Male,74.1,1.8,22.94,14.7,185.3,139.2,68.4,1.71,860.7,4.5,1.0,3.7,Strength,Strength,1.0,1.0,1.0,0.0,1.0,0.0,0.0
36.9,Male,82.2,1.73,27.52,15.4,197.8,150.3,70.1,0.69,697.0,3.7,3.0,2.7,General Fitness,Functional,0.0,0.0,0.0,1.0,0.0,0.0,1.0
61.5,Female,64.9,1.68,23.06,33.2,153.5,115.1,58.0,2.18,977.0,3.1,2.0,3.3,General Fitness,Powerlifting,1.0,1.0,0.0,0.0,1.0,0.0,1.0
18.8,Male,60.3,1.66,22.0,9.1,207.5,173.4,57.8,0.41,439.4,3.6,3.0,3.4,Endurance,HIIT,1.0,1.0,0.0,1.0,1.0,1.0,1.0
31.0,Female,100.0,1.75,32.65,20.8,190.0,169.0,67.0,1.46,1573.0,4.0,2.0,3.4,General Fitness,HIIT,0.0,0.0,0.0,1.0,1.0,0.0,1.0
19.4,Female,59.4,1.59,23.53,,207.6,132.9,70.5,1.89,1027.1,3.3,3.0,3.3,General Fitness,Strength,1.0,1.0,0.0,0.0,0.0,0.0,1.0
29.9,Female,53.2,1.57,21.65,17.0,187.6,162.4,58.4,0.75,568.3,2.1,3.0,3.6,General Fitness,HIIT,0.0,0.0,0.0,0.0,1.0,1.0,1.0
32.5,Male,79.1,1.83,23.55,19.0,186.7,151.3,61.3,1.35,1021.8,5.3,1.0,3.2,Endurance,Cardio,1.0,0.0,1.0,1.0,1.0,0.0,1.0
19.3,Male,88.1,1.84,25.99,17.6,201.8,135.6,70.8,0.87,482.9,3.8,1.0,3.2,Strength,Strength,1.0,1.0,1.0,0.0,0.0,0.0,1.0
16.0,Male,91.7,1.71,31.2,29.7,201.0,126.6,56.1,0.8,249.0,3.4,1.0,3.65,Flexibility,Yoga,0.0,0.0,1.0,0.0,1.0,1.0,1.0
43.7,Female,74.0,1.63,27.91,21.5,182.2,177.2,56.0,1.42,1283.2,5.4,2.0,3.6,Weight Loss,Cardio,0.0,0.0,1.0,1.0,0.0,1.0,1.0
31.5,Female,57.0,1.61,21.89,27.1,197.3,146.4,66.7,0.91,384.7,4.8,3.0,3.0,Muscle Gain,Functional,0.0,1.0,1.0,1.0,1.0,1.0,1.0
47.4,Male,63.9,1.71,21.86,16.3,192.0,153.3,59.7,1.65,1377.0,5.8,2.0,3.8,Endurance,Cardio,0.0,0.0,1.0,1.0,0.0,0.0,1.0
54.9,Female,79.4,1.66,28.96,23.1,164.8,126.5,62.7,1.98,1201.1,4.9,2.0,3.1,Strength,Powerlifting,0.0,1.0,1.0,0.0,0.0,1.0,0.0
47.0,Female,45.1,1.73,15.07,29.7,193.0,152.0,57.0,1.25,918.0,3.0,3.0,2.8,Muscle Gain,Strength,1.0,1.0,1.0,0.0,1.0,0.0,1.0
36.8,Male,75.7,1.76,24.57,22.1,190.0,115.7,61.7,1.03,528.2,4.1,3.0,2.0,General Fitness,Powerlifting,1.0,1.0,0.0,1.0,0.0,0.0,0.0
26.3,Male,71.7,1.79,22.37,13.2,186.0,160.2,45.0,0.96,1083.8,5.2,3.0,2.9,Endurance,Cardio,0.0,0.0,0.0,0.0,0.0,0.0,1.0
29.3,Male,72.2,1.67,25.86,11.1,188.8,152.5,61.5,1.3,959.3,3.4,1.0,2.6,General Fitness,Cardio,0.0,0.0,0.0,0.0,0.0,0.0,1.0
18.0,Male,66.9,1.76,21.6,24.2,163.0,169.0,55.0,1.15,1018.0,3.0,1.0,3.0,Muscle Gain,Strength,1.0,0.0,1.0,1.0,0.0,0.0,1.0
39.7,Male,84.5,1.91,23.2,25.8,193.3,110.9,61.4,2.32,1238.3,3.0,3.0,2.7,General Fitness,Powerlifting,1.0,1.0,0.0,0.0,0.0,0.0,0.0
21.8,Male,67.3,1.69,23.54,13.6,191.7,147.6,55.5,1.2,1142.9,3.7,1.0,4.1,General Fitness,Cardio,0.0,0.0,0.0,0.0,1.0,1.0,1.0
29.0,Female,45.9,1.49,20.73,25.6,190.4,134.5,65.0,0.85,265.5,4.8,3.0,2.4,General Fitness,Functional,0.0,0.0,0.0,1.0,0.0,1.0,1.0
21.3,Female,51.5,1.51,22.52,17.2,204.5,144.9,53.4,1.17,742.6,3.9,2.0,3.0,Endurance,Cardio,1.0,0.0,0.0,0.0,0.0,0.0,1.0
23.9,Male,71.0,1.68,25.02,19.0,190.0,124.9,58.0,2.33,1112.2,3.3,3.0,3.8,Muscle Gain,Powerlifting,1.0,1.0,0.0,0.0,1.0,0.0,1.0
29.4,Female,70.8,1.55,29.56,27.0,202.7,114.3,55.9,1.96,729.4,4.7,3.0,2.7,Muscle Gain,Powerlifting,0.0,1.0,1.0,0.0,0.0,0.0,1.0
47.1,Male,77.3,1.87,22.09,10.3,154.5,149.5,52.3,0.67,628.5,4.4,3.0,2.9,Endurance,HIIT,0.0,0.0,0.0,0.0,0.0,1.0,1.0
27.3,Male,78.3,1.78,24.69,15.8,199.2,167.3,55.3,0.5,379.6,3.7,3.0,2.9,Endurance,HIIT,1.0,0.0,0.0,1.0,0.0,0.0,1.0
44.8,Male,59.2,1.67,21.17,16.2,188.6,178.0,60.4,0.81,582.3,4.1,3.0,2.8,Endurance,Cardio,1.0,0.0,0.0,1.0,0.0,0.0,1.0
27.9,Male,57.8,1.72,19.42,10.1,179.5,157.4,51.7,0.85,722.7,3.3,2.0,2.8,Endurance,HIIT,0.0,0.0,0.0,1.0,1.0,0.0,1.0
33.7,Female,62.3,1.65,22.79,19.7,187.0,149.0,65.5,0.73,559.2,3.9,2.0,2.5,Muscle Gain,Functional,1.0,1.0,0.0,1.0,0.0,1.0,1.0
18.5,Male,68.9,1.68,24.48,17.8,209.5,168.6,52.6,0.59,549.9,3.8,3.0,3.7,Endurance,HIIT,1.0,1.0,0.0,0.0,0.0,0.0,1.0
17.2,Female,97.3,1.62,37.27,34.3,197.9,154.2,57.6,0.69,455.1,3.3,1.0,3.65,Muscle Gain,Strength,,,,,,,
34.0,Female,65.8,1.59,26.07,17.9,197.4,145.7,69.4,1.38,636.5,3.8,3.0,3.4,Weight Loss,Cardio,1.0,0.0,0.0,0.0,1.0,0.0,1.0
32.5,Male,72.4,1.75,23.78,17.6,185.5,117.8,72.6,0.61,152.2,3.4,3.0,2.9,General Fitness,Yoga,0.0,0.0,0.0,0.0,1.0,1.0,1.0
61.2,Female,64.7,1.5,28.89,23.4,153.0,114.5,62.8,1.37,539.7,4.8,1.0,3.7,Muscle Gain,Strength,1.0,1.0,1.0,0.0,0.0,0.0,0.0
46.4,Male,64.9,1.84,19.24,11.4,180.6,175.6,63.8,1.01,1095.7,2.0,2.0,3.3,General Fitness,HIIT,0.0,0.0,0.0,1.0,0.0,0.0,1.0
44.5,Female,67.4,1.65,24.83,23.2,160.3,155.3,74.6,1.47,832.7,3.6,1.0,3.4,General Fitness,Functional,0.0,1.0,1.0,1.0,1.0,0.0,0.0
53.6,Female,59.8,1.72,20.17,18.5,155.3,137.4,70.3,1.48,685.4,3.3,1.0,3.3,General Fitness,Strength,1.0,1.0,1.0,1.0,1.0,0.0,0.0
29.3,Female,87.9,1.72,29.64,24.7,192.7,153.5,66.5,1.64,922.5,2.9,1.0,4.25,Strength,Strength,1.0,1.0,0.0,0.0,1.0,0.0,1.0
37.5,Female,72.6,1.61,27.95,25.2,175.4,170.4,72.6,1.74,1860.6,3.2,1.0,4.2,Weight Loss,Cardio,0.0,1.0,0.0,0.0,0.0,0.0,1.0
38.0,Male,40.0,1.86,11.56,14.7,187.0,126.0,71.0,1.6,1059.0,2.0,2.0,3.0,Weight Loss,Cardio,0.0,0.0,0.0,1.0,0.0,0.0,1.0
20.1,Female,60.7,1.69,21.15,20.4,181.9,167.3,58.8,0.46,436.6,4.0,2.0,3.0,Endurance,HIIT,0.0,0.0,0.0,1.0,1.0,0.0,1.0
50.2,Female,43.3,1.5,19.3,23.7,172.6,149.9,50.3,1.78,953.5,3.4,3.0,2.8,Weight Loss,Cardio,0.0,0.0,0.0,0.0,0.0,0.0,1.0
35.0,Female,98.0,1.59,38.76,14.2,179.0,141.0,62.0,1.04,729.0,3.0,1.0,1.5,Weight Loss,Cardio,0.0,0.0,0.0,0.0,0.0,0.0,1.0
64.8,Male,77.4,1.83,23.18,12.2,155.9,150.9,64.3,1.66,1850.7,3.0,1.0,3.2,Weight Loss,Cardio,0.0,1.0,0.0,0.0,0.0,0.0,1.0
32.2,Male,45.5,1.55,18.95,18.3,186.4,118.0,75.8,0.96,150.1,6.0,3.0,2.7,Stress Relief,Yoga,0.0,0.0,0.0,0.0,1.0,0.0,1.0
24.2,Male,56.9,1.67,20.42,14.0,200.3,155.5,59.6,0.37,208.1,3.9,2.0,3.2,Endurance,HIIT,1.0,1.0,0.0,1.0,1.0,1.0,1.0
58.5,Female,68.3,1.64,25.45,23.6,164.1,143.3,62.0,0.98,553.2,3.2,1.0,2.7,General Fitness,Functional,0.0,0.0,0.0,1.0,1.0,1.0,0.0
37.4,Female,43.9,1.55,18.17,18.1,190.9,101.8,58.1,1.45,175.7,4.9,3.0,3.2,General Fitness,Yoga,0.0,0.0,0.0,0.0,1.0,0.0,1.0
27.0,Female,75.1,1.86,21.71,27.0,175.0,165.0,70.0,1.29,765.0,4.0,2.0,3.5,Muscle Gain,Strength,0.0,1.0,1.0,0.0,0.0,1.0,1.0
42.0,Male,65.3,1.73,21.82,27.5,182.0,140.0,60.0,2.0,786.0,2.0,1.0,1.5,Weight Loss,HIIT,0.0,1.0,0.0,1.0,1.0,0.0,1.0
33.0,Female,72.3,1.8,22.31,26.5,199.0,120.0,74.0,1.33,457.0,4.0,2.0,2.3,General Fitness,HIIT,1.0,0.0,0.0,1.0,1.0,1.0,1.0
52.5,Male,78.5,1.82,23.68,13.6,166.2,143.4,62.3,1.43,938.9,3.8,1.0,3.3,Muscle Gain,Strength,1.0,1.0,1.0,1.0,1.0,0.0,0.0
60.5,Female,81.4,1.6,31.9,,162.7,117.3,68.2,1.86,702.5,3.1,3.0,2.9,Strength,Powerlifting,1.0,1.0,0.0,0.0,1.0,0.0,1.0
29.8,Male,53.9,1.6,21.08,15.2,199.0,158.8,49.8,1.56,1060.8,3.8,1.0,3.7,General Fitness,Cardio,0.0,0.0,0.0,0.0,0.0,0.0,1.0
19.1,Male,76.8,1.75,25.13,16.7,189.4,175.4,51.7,1.01,853.2,2.2,2.0,4.4,Weight Loss,HIIT,0.0,0.0,0.0,1.0,1.0,0.0,1.0
31.0,Male,67.4,1.83,20.13,30.6,167.0,122.0,66.0,1.49,1032.0,5.0,2.0,3.1,General Fitness,HIIT,1.0,0.0,0.0,1.0,1.0,1.0,1.0
30.5,Female,78.1,1.7,27.15,26.6,191.4,151.1,56.5,1.67,905.1,3.9,2.0,3.35,General Fitness,Cardio,0.0,0.0,0.0,0.0,1.0,1.0,1.0
22.0,Female,60.1,1.71,20.55,10.3,198.0,161.0,70.0,1.04,533.0,5.0,1.0,3.4,General Fitness,HIIT,1.0,1.0,0.0,1.0,1.0,0.0,1.0
43.6,Male,68.3,1.69,24.02,20.6,191.9,111.2,68.1,1.13,233.0,5.3,1.0,2.4,Flexibility,Yoga,0.0,1.0,0.0,0.0,1.0,1.0,1.0
58.2,Female,73.2,1.63,27.55,22.7,161.3,146.1,75.6,0.95,613.7,3.8,1.0,3.4,Muscle Gain,Functional,0.0,1.0,1.0,0.0,1.0,1.0,1.0
35.4,Male,86.4,1.74,28.5,13.8,182.9,142.3,70.4,1.42,1003.4,4.4,3.0,2.8,General Fitness,Strength,1.0,1.0,1.0,0.0,0.0,0.0,1.0
61.6,Male,45.0,1.7,15.55,13.8,150.9,122.6,78.2,1.78,545.2,3.6,1.0,3.21,General Fitness,Strength,,,,,,,
33.0,Male,78.6,1.7,27.2,10.0,161.0,168.0,65.0,2.0,855.0,2.0,1.0,3.2,Weight Loss,Cardio,0.0,0.0,0.0,0.0,0.0,0.0,1.0
28.0,Male,56.5,1.73,18.88,14.5,198.0,136.0,74.0,1.23,991.0,5.0,1.0,3.6,General Fitness,Strength,1.0,1.0,1.0,0.0,1.0,1.0,1.0
39.4,Male,70.4,1.75,23.0,17.6,180.0,175.0,50.1,0.53,405.7,2.9,2.0,4.0,Weight Loss,HIIT,0.0,0.0,0.0,0.0,1.0,0.0,1.0
21.3,Female,57.9,1.53,24.7,21.0,207.4,186.7,72.2,0.78,874.5,4.8,3.0,3.5,Endurance,HIIT,1.0,1.0,1.0,0.0,1.0,0.0,1.0
21.0,Female,90.7,1.75,29.62,28.0,190.0,135.0,54.0,1.03,1155.0,3.0,2.0,2.3,Weight Loss,Cardio,1.0,0.0,0.0,0.0,0.0,0.0,1.0
28.3,Female,66.5,1.95,17.52,28.2,181.4,145.0,72.2,2.1,1029.1,2.9,2.0,3.56,Muscle Gain,Strength,,,,,,,
30.0,Female,62.3,1.82,18.81,15.9,174.0,160.0,64.0,1.23,1080.0,3.0,3.0,2.5,Endurance,Cardio,0.0,0.0,1.0,0.0,0.0,0.0,0.0
28.9,Male,52.7,1.66,19.06,18.7,198.9,157.7,58.6,1.12,770.4,4.2,3.0,3.3,Muscle Gain,Functional,1.0,1.0,1.0,1.0,1.0,1.0,0.0
35.3,Female,51.4,1.74,16.93,18.9,187.9,152.4,69.6,2.09,846.2,1.9,2.0,3.88,General Fitness,Cardio,0.0,0.0,0.0,0.0,0.0,0.0,1.0
34.2,Male,73.7,1.81,22.45,12.8,182.5,145.7,45.0,1.22,856.4,5.6,3.0,3.6,Weight Loss,Cardio,0.0,0.0,0.0,1.0,0.0,0.0,1.0
37.0,Female,40.0,1.66,14.52,27.2,176.0,134.0,57.0,2.0,931.0,3.0,2.0,2.7,Muscle Gain,Strength,1.0,1.0,1.0,0.0,0.0,0.0,1.0
54.8,Female,57.5,1.58,23.1,17.9,166.7,161.7,60.8,0.71,409.6,2.3,3.0,2.9,Endurance,HIIT,0.0,0.0,1.0,0.0,0.0,1.0,1.0
37.1,Female,99.0,1.67,35.63,26.8,193.3,165.0,69.4,1.47,1043.3,3.5,2.0,3.4,General Fitness,Cardio,0.0,1.0,0.0,0.0,0.0,1.0,1.0
49.0,Female,65.7,1.77,20.97,26.8,182.0,139.0,74.0,1.18,744.0,2.0,2.0,3.1,General Fitness,HIIT,1.0,0.0,0.0,1.0,0.0,0.0,1.0
25.4,Male,81.6,1.78,25.72,12.6,208.6,143.8,55.2,1.7,1186.8,3.8,3.0,3.7,Weight Loss,Cardio,0.0,0.0,1.0,0.0,0.0,0.0,1.0
27.9,Male,61.7,1.74,20.46,10.2,197.3,145.1,54.8,1.54,1014.0,5.4,2.0,3.2,Endurance,Cardio,0.0,0.0,1.0,1.0,0.0,0.0,1.0
38.2,Female,56.9,1.57,22.96,27.2,178.6,131.7,60.8,0.82,316.9,4.6,3.0,3.1,Muscle Gain,Strength,1.0,1.0,1.0,0.0,0.0,0.0,1.0
18.0,Male,66.8,1.66,24.24,23.2,166.0,135.0,59.0,2.0,803.0,2.0,1.0,3.0,Muscle Gain,Strength,1.0,1.0,1.0,0.0,1.0,0.0,0.0
39.0,Male,72.1,1.78,22.79,11.6,196.5,178.7,66.4,0.62,784.2,5.9,1.0,3.4,Weight Loss,Cardio,0.0,0.0,0.0,1.0,0.0,0.0,1.0
28.4,Male,66.1,1.71,22.63,16.0,187.2,140.9,59.2,1.94,1000.4,3.0,1.0,3.1,General Fitness,Strength,1.0,1.0,1.0,0.0,1.0,1.0,1.0
47.7,Female,59.4,1.64,22.01,23.6,169.6,161.9,52.6,0.53,270.3,4.0,3.0,2.7,General Fitness,HIIT,1.0,0.0,0.0,1.0,1.0,0.0,1.0
69.4,Female,60.7,1.64,22.67,20.4,143.8,138.8,45.0,1.42,755.3,5.7,2.0,3.2,Weight Loss,Cardio,0.0,0.0,0.0,0.0,0.0,0.0,1.0
33.2,Female,48.7,1.56,20.0,22.1,182.8,166.1,58.6,1.62,850.0,4.0,3.0,3.3,Weight Loss,Cardio,0.0,0.0,1.0,0.0,0.0,0.0,0.0
21.0,Female,62.1,1.68,22.0,26.4,173.0,158.0,71.0,1.23,1186.0,4.0,1.0,3.5,Strength,Strength,0.0,1.0,1.0,1.0,0.0,0.0,1.0
41.2,Male,86.8,1.7,29.92,25.5,181.9,132.4,70.7,1.04,772.2,4.3,2.0,2.3,Strength,Powerlifting,0.0,0.0,0.0,0.0,0.0,1.0,1.0
48.0,Female,40.0,1.75,13.06,12.8,196.0,133.0,74.0,2.0,517.0,4.0,1.0,2.5,Weight Loss,Cardio,0.0,0.0,0.0,0.0,0.0,0.0,1.0
41.6,Female,63.5,1.68,22.5,19.2,175.4,164.0,58.7,0.77,469.6,2.2,2.0,3.1,General Fitness,HIIT,1.0,0.0,0.0,1.0,1.0,1.0,1.0
18.2,Female,57.6,1.62,21.88,20.5,201.3,143.6,73.8,1.28,456.4,3.8,2.0,3.3,Strength,Strength,1.0,1.0,0.0,1.0,1.0,0.0,1.0
37.0,Female,69.4,1.61,26.77,28.3,173.0,169.0,66.0,1.09,948.0,2.0,1.0,1.5,Strength,Strength,1.0,1.0,1.0,0.0,0.0,0.0,1.0
27.0,Female,77.5,1.63,29.02,30.7,201.2,158.9,68.1,0.97,405.5,1.5,2.0,3.25,Strength,Strength,1.0,1.0,1.0,0.0,1.0,1.0,1.0
29.5,Male,70.6,1.72,23.79,12.1,205.1,179.3,45.0,1.72,1103.8,3.6,1.0,4.6,Weight Loss,Cardio,0.0,0.0,0.0,0.0,0.0,0.0,1.0
46.8,Female,67.6,1.79,21.07,20.0,165.7,129.0,73.2,0.59,242.3,3.1,2.0,3.27,Strength,Strength,1.0,1.0,1.0,1.0,0.0,0.0,1.0
37.2,Male,58.1,1.74,19.19,,167.2,155.0,59.3,0.32,289.9,2.7,2.0,3.3,Weight Loss,HIIT,1.0,0.0,0.0,1.0,0.0,0.0,1.0
18.3,Female,51.5,1.49,23.23,18.6,187.1,152.1,56.5,0.67,472.8,3.3,3.0,3.5,General Fitness,HIIT,0.0,1.0,0.0,0.0,0.0,0.0,1.0
28.0,Female,64.1,1.82,19.35,16.3,170.0,120.0,57.0,1.53,686.0,2.0,2.0,2.7,General Fitness,Strength,1.0,1.0,0.0,0.0,1.0,1.0,0.0
29.5,Female,59.0,1.63,22.12,22.3,181.2,153.7,58.7,0.49,416.8,3.6,2.0,2.6,Weight Loss,HIIT,0.0,0.0,0.0,1.0,1.0,0.0,1.0
26.2,Female,68.2,1.74,22.46,23.6,196.7,119.6,58.7,0.93,231.2,2.2,3.0,3.1,General Fitness,Yoga,0.0,0.0,0.0,0.0,1.0,0.0,1.0
31.7,Male,78.1,1.74,25.74,9.2,200.0,178.9,58.3,0.44,546.7,4.1,3.0,2.7,Weight Loss,HIIT,0.0,0.0,1.0,0.0,0.0,1.0,1.0
20.2,Female,46.6,1.62,17.84,17.3,207.0,97.7,51.0,0.76,100.4,3.6,2.0,2.2,General Fitness,Yoga,0.0,0.0,0.0,0.0,0.0,0.0,1.0
20.2,Male,65.5,1.63,24.69,16.8,206.1,122.9,79.5,1.49,667.4,3.4,3.0,2.0,Strength,Strength,1.0,1.0,1.0,1.0,1.0,0.0,0.0
31.3,Male,64.7,1.77,20.67,13.9,192.5,112.5,59.6,1.02,453.0,3.9,2.0,3.0,Muscle Gain,Strength,1.0,1.0,1.0,0.0,1.0,0.0,1.0
36.0,Female,62.4,1.69,21.77,13.9,175.1,156.2,46.4,1.32,864.2,3.9,3.0,3.2,Weight Loss,Cardio,0.0,0.0,0.0,0.0,0.0,0.0,1.0
54.3,Female,59.4,1.66,21.54,19.8,176.0,127.7,69.7,0.84,446.8,4.1,3.0,2.7,General Fitness,Functional,0.0,0.0,1.0,1.0,1.0,1.0,1.0
29.4,Female,65.4,1.65,24.05,22.6,194.8,142.6,71.8,1.1,494.9,4.0,2.0,2.9,Strength,Strength,1.0,1.0,0.0,0.0,0.0,1.0,0.0
33.7,Female,90.8,1.72,30.59,23.5,186.5,171.5,56.6,0.25,276.1,4.4,3.0,3.59,Weight Loss,HIIT,0.0,0.0,0.0,1.0,1.0,1.0,1.0
22.4,Male,86.3,1.68,30.66,23.7,187.1,159.2,56.8,1.32,792.7,3.8,3.0,3.05,Weight Loss,Cardio,0.0,0.0,0.0,0.0,1.0,0.0,1.0
26.5,Female,66.6,1.69,23.21,23.2,196.3,124.0,62.1,1.09,524.5,4.9,2.0,2.6,Muscle Gain,Strength,1.0,1.0,1.0,0.0,1.0,1.0,0.0
36.0,Male,72.8,1.63,27.4,25.1,184.0,130.0,68.0,1.44,669.0,3.0,3.0,1.7,Weight Loss,HIIT,1.0,0.0,1.0,1.0,0.0,0.0,1.0
37.8,Female,72.4,1.79,22.51,21.3,190.9,175.2,52.9,0.77,555.4,4.0,2.0,3.3,Weight Loss,HIIT,0.0,1.0,0.0,1.0,0.0,0.0,1.0
25.5,Female,67.2,1.64,25.11,24.7,193.0,118.5,65.1,1.06,538.1,3.3,3.0,1.9,Muscle Gain,Strength,1.0,1.0,0.0,0.0,0.0,0.0,1.0
35.2,Male,61.9,1.64,22.95,21.8,187.6,133.1,70.3,1.87,745.2,4.1,2.0,3.1,Muscle Gain,Strength,1.0,0.0,1.0,1.0,0.0,0.0,0.0
31.3,Female,61.5,1.72,20.74,,192.8,149.3,55.4,0.74,504.8,5.4,3.0,3.4,General Fitness,Cardio,0.0,0.0,0.0,0.0,0.0,0.0,1.0
29.7,Male,60.9,1.69,21.23,14.8,185.3,171.5,54.7,0.74,654.5,5.7,2.0,4.1,Weight Loss,Cardio,1.0,0.0,0.0,1.0,0.0,1.0,1.0
18.0,Male,65.3,1.84,19.29,22.5,179.0,136.0,74.0,1.52,1256.0,2.0,2.0,3.4,General Fitness,Strength,1.0,0.0,0.0,1.0,1.0,1.0,1.0
63.3,Male,81.6,1.73,27.42,19.4,161.2,132.0,45.0,1.19,665.2,4.8,2.0,2.6,Muscle Gain,Powerlifting,0.0,1.0,1.0,0.0,0.0,0.0,1.0
38.6,Female,48.3,1.56,19.82,19.8,184.6,154.4,71.7,0.8,463.1,3.6,2.0,3.6,Athletic Performance,Functional,1.0,1.0,1.0,1.0,0.0,1.0,1.0
22.6,Male,98.0,1.89,27.39,20.9,201.3,144.9,58.2,1.91,1890.8,3.1,1.0,3.9,Strength,Strength,1.0,0.0,1.0,1.0,1.0,0.0,1.0
37.1,Female,61.3,1.63,22.98,22.4,171.4,143.8,61.3,1.16,566.0,4.6,3.0,,Strength,Strength,1.0,1.0,1.0,0.0,1.0,0.0,1.0
26.0,Male,84.2,1.84,24.96,14.8,209.6,172.2,52.5,1.07,1423.3,5.5,3.0,3.8,Weight Loss,Cardio,1.0,0.0,0.0,1.0,0.0,0.0,1.0
30.9,Female,69.7,1.61,26.85,27.9,193.7,116.7,48.6,2.0,760.5,3.4,3.0,2.4,Strength,Strength,1.0,0.0,1.0,0.0,0.0,0.0,1.0
38.5,Male,78.9,1.78,24.78,17.6,186.6,167.4,64.2,1.18,982.7,5.0,2.0,3.1,Endurance,Cardio,1.0,0.0,0.0,0.0,0.0,0.0,1.0
39.6,Male,90.6,1.61,34.9,36.2,184.4,146.3,75.9,0.59,310.9,2.3,1.0,2.63,Strength,Strength,1.0,1.0,1.0,1.0,0.0,0.0,0.0
35.0,Male,40.0,1.71,13.68,20.2,162.0,133.0,69.0,1.99,840.0,4.0,2.0,3.2,Strength,Strength,1.0,1.0,0.0,1.0,0.0,1.0,0.0
50.9,Female,63.8,1.75,20.82,22.5,168.0,95.7,66.2,1.49,236.0,3.7,1.0,2.7,Flexibility,Yoga,1.0,0.0,0.0,0.0,1.0,1.0,1.0
32.7,Male,71.2,1.84,20.97,13.2,188.8,141.1,67.2,1.12,633.9,3.8,1.0,2.3,General Fitness,Functional,0.0,1.0,1.0,1.0,0.0,1.0,0.0
32.0,Male,57.3,1.74,18.89,12.9,191.2,91.8,64.8,0.65,60.3,5.8,1.0,1.8,Stress Relief,Yoga,1.0,0.0,0.0,0.0,1.0,1.0,1.0
28.0,Male,50.3,1.81,15.35,31.8,176.0,156.0,70.0,1.46,1143.0,3.0,1.0,1.9,General Fitness,Strength,1.0,1.0,0.0,0.0,0.0,1.0,0.0
19.5,Male,81.2,1.81,24.69,18.4,193.8,107.9,73.8,2.09,666.0,3.5,2.0,2.4,Strength,Powerlifting,1.0,1.0,0.0,0.0,1.0,0.0,0.0
28.0,Female,74.9,1.74,24.74,30.7,196.0,163.0,54.0,1.24,1144.0,2.0,1.0,1.6,General Fitness,Cardio,0.0,1.0,0.0,0.0,0.0,0.0,1.0
21.1,Male,63.4,1.58,25.25,15.1,206.9,140.5,63.0,1.67,859.3,3.7,1.0,3.5,Muscle Gain,Strength,1.0,1.0,1.0,1.0,0.0,0.0,1.0
53.2,Female,54.8,1.5,24.19,23.7,181.0,101.7,52.3,0.95,135.8,5.0,3.0,1.5,Flexibility,Yoga,0.0,0.0,0.0,1.0,1.0,1.0,1.0
29.7,Male,77.6,1.83,23.06,19.7,206.6,110.8,66.7,1.87,869.4,4.9,2.0,2.8,Muscle Gain,Strength,1.0,1.0,1.0,0.0,0.0,1.0,0.0
32.0,Male,85.7,1.53,36.61,24.0,185.0,133.0,52.0,1.02,1108.0,3.0,3.0,3.4,Weight Loss,Cardio,0.0,0.0,0.0,0.0,1.0,0.0,0.0
30.0,Male,83.8,1.81,25.7,13.8,178.4,169.3,56.4,0.78,1029.7,4.2,2.0,3.3,Weight Loss,Cardio,0.0,0.0,0.0,1.0,0.0,0.0,1.0
50.2,Female,71.8,1.62,27.38,20.2,191.0,166.2,55.5,0.59,619.8,4.4,1.0,3.8,General Fitness,Cardio,0.0,0.0,0.0,0.0,0.0,1.0,1.0
19.3,Male,85.9,1.8,26.37,12.4,193.9,151.7,49.3,1.31,1658.0,3.9,1.0,3.8,Endurance,Cardio,0.0,0.0,0.0,0.0,0.0,1.0,1.0
24.6,Male,89.5,1.81,27.44,14.5,192.2,139.1,62.4,1.46,1051.5,3.6,3.0,3.2,Strength,Strength,1.0,1.0,1.0,1.0,0.0,0.0,1.0
47.7,Male,68.7,1.78,21.76,15.4,173.3,101.6,66.7,0.73,81.4,5.2,2.0,2.1,General Fitness,Yoga,0.0,1.0,0.0,1.0,1.0,0.0,1.0
39.2,Female,77.1,1.66,28.15,22.5,163.5,117.2,62.7,1.84,647.5,4.1,3.0,2.6,Muscle Gain,Strength,0.0,1.0,1.0,0.0,0.0,0.0,1.0
59.0,Male,70.2,1.77,22.41,21.4,172.0,124.0,68.0,1.47,1069.0,4.0,1.0,3.5,Endurance,Cardio,0.0,0.0,0.0,0.0,0.0,0.0,1.0
52.8,Male,77.9,1.71,26.71,16.1,158.5,142.4,54.2,1.2,939.7,3.4,2.0,3.0,Weight Loss,Cardio,0.0,0.0,0.0,0.0,0.0,0.0,1.0
23.9,Male,82.6,1.85,24.08,22.4,198.3,151.8,62.6,1.46,724.8,3.4,3.0,3.62,General Fitness,Strength,1.0,1.0,1.0,0.0,0.0,1.0,0.0
49.4,Male,78.4,1.85,23.02,24.2,169.5,138.5,62.9,1.66,1004.3,3.0,2.0,4.06,General Fitness,Cardio,1.0,0.0,0.0,0.0,0.0,1.0,0.0
21.0,Male,54.7,1.56,22.48,25.2,191.0,157.0,55.0,1.13,682.0,4.0,2.0,1.5,General Fitness,Strength,1.0,1.0,1.0,1.0,1.0,0.0,1.0
16.0,Female,64.8,1.79,20.28,21.5,191.8,147.2,68.0,0.99,418.5,2.9,1.0,2.73,General Fitness,Strength,1.0,1.0,1.0,0.0,1.0,0.0,1.0
52.0,Female,45.0,1.75,14.69,22.0,196.0,143.0,74.0,2.0,926.0,3.0,1.0,2.4,Strength,Strength,1.0,1.0,1.0,0.0,1.0,1.0,1.0
39.0,Female,66.8,1.61,25.77,28.0,177.0,127.0,59.0,1.64,770.0,4.0,1.0,3.1,Strength,Strength,1.0,1.0,1.0,1.0,0.0,1.0,1.0
33.0,Female,62.4,1.72,21.09,27.1,168.0,164.0,74.0,0.91,1042.0,5.0,2.0,3.4,Muscle Gain,Strength,1.0,0.0,0.0,0.0,0.0,1.0,0.0
36.0,Female,68.8,1.67,24.6,27.2,172.9,129.5,69.3,1.44,861.2,3.3,1.0,3.1,General Fitness,Functional,0.0,1.0,1.0,1.0,1.0,1.0,0.0
30.9,Female,63.4,1.61,24.55,26.6,190.5,125.8,80.4,0.99,640.2,3.8,1.0,2.2,Athletic Performance,Functional,0.0,0.0,0.0,1.0,1.0,0.0,1.0
46.2,Female,68.6,1.85,19.95,15.0,171.1,162.1,75.4,0.58,428.1,3.5,2.0,2.4,Weight Loss,HIIT,0.0,0.0,1.0,0.0,0.0,0.0,1.0
38.0,Male,71.0,1.84,20.97,24.7,190.0,120.0,53.0,1.93,1700.0,3.0,3.0,3.1,Weight Loss,Cardio,1.0,0.0,0.0,0.0,0.0,0.0,1.0
28.5,Male,69.6,1.8,21.49,12.0,195.4,99.9,66.6,1.19,284.1,3.7,1.0,1.8,Flexibility,Yoga,0.0,0.0,0.0,1.0,0.0,0.0,1.0
31.1,Male,84.8,1.45,40.32,31.8,187.5,144.9,60.3,0.69,379.9,4.2,3.0,3.19,General Fitness,Strength,,,,,,,
41.0,Female,105.1,1.67,37.69,30.6,194.0,127.0,68.0,1.3,1068.0,3.0,3.0,3.5,Muscle Gain,Strength,1.0,1.0,1.0,0.0,0.0,0.0,0.0
27.0,Male,40.0,1.68,14.17,10.0,166.0,128.0,59.0,1.6,1112.0,4.0,2.0,2.6,Muscle Gain,Strength,1.0,1.0,1.0,1.0,0.0,0.0,1.0
36.2,Female,96.3,1.75,31.47,26.0,196.8,152.2,61.4,1.25,801.9,4.5,3.0,2.98,Strength,Strength,1.0,1.0,1.0,1.0,0.0,0.0,0.0
19.9,Female,60.6,1.79,18.96,23.9,188.9,113.1,64.3,1.22,243.9,2.4,2.0,1.8,Flexibility,Yoga,0.0,0.0,0.0,0.0,0.0,1.0,1.0
29.0,Female,57.2,1.84,16.9,16.8,168.0,141.0,74.0,1.56,303.0,5.0,3.0,2.4,Muscle Gain,Strength,1.0,1.0,0.0,0.0,0.0,0.0,1.0
23.0,Male,75.9,1.81,23.17,30.0,196.0,125.0,55.0,1.4,1177.0,3.0,2.0,2.8,Endurance,HIIT,1.0,1.0,0.0,1.0,1.0,0.0,1.0
29.2,Male,61.6,1.69,21.69,15.4,198.0,184.0,50.6,0.88,848.6,2.8,2.0,3.9,Weight Loss,HIIT,1.0,1.0,1.0,1.0,1.0,0.0,1.0
65.6,Male,60.6,1.77,19.25,9.8,153.8,111.2,63.7,0.65,130.8,3.7,2.0,2.4,General Fitness,Yoga,1.0,0.0,0.0,0.0,1.0,0.0,0.0
29.0,Female,80.7,1.74,26.65,26.5,192.0,121.0,72.0,1.43,839.0,4.0,1.0,1.5,Muscle Gain,Strength,0.0,1.0,1.0,0.0,0.0,0.0,0.0
22.2,Female,53.7,1.51,23.51,21.6,199.4,113.0,81.6,1.37,501.3,3.9,1.0,3.0,Strength,Strength,1.0,1.0,1.0,0.0,0.0,0.0,0.0
43.0,Female,47.1,1.81,14.38,22.2,166.0,149.0,69.0,0.76,998.0,4.0,1.0,3.0,Weight Loss,HIIT,1.0,0.0,0.0,1.0,1.0,0.0,1.0
20.2,Male,79.8,1.8,24.67,18.7,193.4,160.1,57.3,0.75,870.5,4.2,1.0,3.4,General Fitness,Cardio,0.0,1.0,1.0,0.0,1.0,0.0,1.0
27.2,Male,99.9,1.91,27.34,13.9,192.9,157.5,54.5,1.39,1508.1,5.4,1.0,3.9,Weight Loss,Cardio,0.0,0.0,0.0,0.0,0.0,0.0,1.0
43.7,Male,90.6,1.82,27.45,21.6,177.6,134.3,65.0,1.73,1115.4,3.6,3.0,3.3,Muscle Gain,Strength,1.0,0.0,1.0,0.0,0.0,0.0,1.0
39.1,Female,58.3,1.62,22.22,24.2,178.8,173.8,61.3,1.78,1726.4,3.4,2.0,4.4,Endurance,Cardio,0.0,0.0,0.0,1.0,0.0,0.0,0.0
35.6,Female,62.6,1.61,24.03,22.7,188.4,134.9,57.2,1.06,622.2,4.5,1.0,2.3,General Fitness,Functional,1.0,0.0,0.0,1.0,1.0,1.0,1.0
54.0,Female,46.1,1.85,13.47,25.7,187.0,162.0,63.0,1.35,772.0,4.0,1.0,3.6,Muscle Gain,Strength,1.0,1.0,1.0,1.0,1.0,1.0,0.0
55.0,Female,53.8,1.52,23.29,20.4,191.0,136.0,55.0,1.17,1102.0,3.0,2.0,3.6,Endurance,HIIT,1.0,0.0,0.0,1.0,0.0,0.0,1.0
27.7,Female,47.0,1.55,19.57,23.0,192.6,133.7,67.2,1.07,362.3,3.0,1.0,2.8,General Fitness,Functional,0.0,0.0,1.0,1.0,1.0,1.0,1.0
18.0,Male,40.0,1.58,16.02,24.7,181.0,164.0,52.0,1.08,1262.0,4.0,1.0,3.2,Endurance,HIIT,0.0,0.0,0.0,1.0,0.0,0.0,1.0
47.7,Female,58.2,1.55,24.12,23.6,165.3,149.8,52.8,0.93,534.6,4.8,3.0,2.6,Muscle Gain,Functional,0.0,0.0,0.0,1.0,0.0,1.0,0.0
60.1,Female,67.2,1.58,26.78,21.0,154.7,149.7,52.1,0.65,491.4,2.6,2.0,2.6,General Fitness,HIIT,0.0,1.0,0.0,0.0,0.0,0.0,0.0
28.0,Female,55.4,1.56,22.78,20.9,182.5,117.1,63.7,1.28,386.0,4.5,1.0,1.6,Strength,Strength,1.0,1.0,1.0,1.0,1.0,0.0,0.0
32.2,Female,71.3,1.79,22.16,25.1,190.5,141.9,62.9,1.42,630.5,3.3,2.0,3.44,Muscle Gain,Strength,1.0,1.0,0.0,0.0,1.0,0.0,0.0
20.0,Male,64.9,1.69,22.72,10.0,187.0,128.0,54.0,0.68,1303.0,4.0,3.0,3.3,Endurance,Cardio,0.0,0.0,0.0,1.0,0.0,0.0,1.0
36.7,Male,62.6,1.72,21.23,20.9,189.4,128.8,62.2,1.06,446.3,4.8,1.0,2.5,Athletic Performance,Functional,0.0,0.0,1.0,1.0,1.0,1.0,1.0
34.9,Male,77.7,1.69,27.19,20.5,184.8,118.8,73.2,2.45,835.5,3.8,2.0,3.2,Strength,Powerlifting,1.0,1.0,0.0,0.0,0.0,0.0,0.0
27.8,Male,70.6,1.73,23.51,13.6,189.4,111.1,59.0,1.0,403.1,4.9,2.0,2.3,Strength,Strength,1.0,1.0,1.0,0.0,0.0,1.0,0.0
35.6,Male,97.3,1.87,27.97,20.2,169.1,130.4,64.2,1.68,1023.7,4.7,3.0,3.2,General Fitness,Strength,1.0,0.0,1.0,0.0,1.0,0.0,1.0
21.1,Female,77.3,1.7,26.62,19.8,194.8,179.1,58.8,0.61,818.2,4.7,2.0,3.6,Endurance,HIIT,0.0,0.0,0.0,0.0,1.0,0.0,0.0
26.7,Female,47.2,1.49,21.22,23.8,203.9,116.0,71.4,1.39,345.1,4.0,3.0,2.8,Strength,Strength,0.0,1.0,1.0,1.0,0.0,1.0,0.0
58.0,Female,68.6,1.72,23.19,27.2,164.0,155.0,72.0,1.23,797.0,2.0,1.0,2.5,Strength,Strength,1.0,1.0,0.0,0.0,0.0,1.0,0.0
47.0,Female,70.4,1.93,18.9,23.5,177.0,153.0,74.0,1.28,846.0,3.0,2.0,1.6,Strength,Strength,1.0,1.0,1.0,0.0,1.0,1.0,1.0
39.6,Male,85.1,1.76,27.43,18.0,192.6,150.1,55.4,1.78,2000.0,3.8,1.0,4.2,Endurance,Cardio,0.0,0.0,0.0,0.0,0.0,0.0,1.0
28.1,Male,72.0,1.75,23.48,19.1,190.5,171.0,70.6,0.81,552.6,3.4,3.0,2.8,Endurance,HIIT,0.0,0.0,1.0,0.0,0.0,0.0,1.0
58.5,Female,68.5,1.64,25.58,17.7,150.9,145.9,59.0,1.55,1438.7,4.5,2.0,3.5,Weight Loss,Cardio,0.0,1.0,0.0,0.0,0.0,0.0,1.0
58.0,Female,51.2,1.72,17.31,20.6,165.0,139.0,70.0,0.79,1612.0,3.0,3.0,2.1,Muscle Gain,Strength,1.0,1.0,1.0,0.0,0.0,0.0,1.0
44.0,Male,61.6,1.65,22.63,23.8,167.0,158.0,74.0,1.11,1223.0,4.0,1.0,2.9,Muscle Gain,Strength,1.0,0.0,1.0,1.0,1.0,0.0,1.0
29.7,Female,72.2,1.68,25.43,25.2,184.0,116.0,70.1,2.2,1049.1,5.0,2.0,3.2,Strength,Powerlifting,1.0,1.0,0.0,0.0,1.0,0.0,0.0
19.2,Female,64.8,1.54,27.25,24.6,193.5,113.4,67.3,1.61,536.9,4.3,3.0,2.5,Muscle Gain,Strength,0.0,1.0,1.0,1.0,1.0,1.0,1.0
20.2,Male,71.4,1.67,25.52,13.0,195.1,158.4,64.8,1.08,985.8,4.6,1.0,3.7,General Fitness,Functional,1.0,0.0,0.0,1.0,0.0,1.0,1.0
26.3,Female,71.7,1.77,22.83,22.7,195.5,173.1,61.5,1.12,1378.8,3.9,1.0,3.7,Endurance,Cardio,1.0,0.0,1.0,0.0,0.0,0.0,1.0
33.8,Female,71.2,1.63,26.75,25.3,188.5,123.2,64.7,2.43,798.7,4.8,2.0,2.7,Strength,Powerlifting,1.0,1.0,1.0,0.0,1.0,0.0,0.0
32.0,Male,40.6,1.92,11.01,17.1,166.0,169.0,57.0,1.33,1783.0,5.0,3.0,3.6,General Fitness,Strength,1.0,1.0,1.0,0.0,1.0,0.0,1.0
18.8,Female,72.9,1.74,24.1,23.5,191.4,125.4,69.2,1.09,674.3,3.7,2.0,2.6,Muscle Gain,Strength,1.0,1.0,1.0,0.0,1.0,0.0,1.0
34.0,Female,58.9,1.61,22.63,21.0,184.5,117.8,66.5,1.44,231.5,5.5,1.0,2.3,General Fitness,Yoga,0.0,0.0,0.0,0.0,0.0,1.0,1.0
37.5,Female,61.2,1.62,23.46,18.1,175.8,151.2,51.5,1.35,902.7,4.7,3.0,3.7,Athletic Performance,Functional,1.0,0.0,1.0,0.0,1.0,1.0,1.0
37.7,Male,45.0,1.46,20.97,16.9,189.3,147.6,73.2,1.44,421.3,2.9,1.0,2.95,Muscle Gain,Strength,0.0,1.0,1.0,0.0,1.0,0.0,0.0
22.5,Male,53.9,1.66,19.53,10.6,185.4,166.3,45.0,0.78,554.1,4.9,1.0,3.8,Weight Loss,Cardio,0.0,1.0,0.0,1.0,0.0,0.0,1.0
22.0,Male,68.4,1.77,21.85,13.1,193.3,151.4,56.2,0.54,311.3,3.4,3.0,3.1,General Fitness,HIIT,1.0,1.0,0.0,1.0,0.0,1.0,0.0
34.0,Female,49.6,1.52,21.47,22.2,191.0,125.0,59.0,1.59,744.0,3.0,1.0,1.6,Endurance,HIIT,0.0,1.0,0.0,0.0,1.0,0.0,1.0
39.8,Male,67.3,1.63,25.32,18.5,175.0,139.9,60.9,1.62,824.4,4.9,3.0,2.8,Strength,Strength,1.0,1.0,1.0,0.0,0.0,0.0,1.0
39.7,Male,86.8,1.88,24.66,16.3,193.9,135.6,60.0,1.67,1071.2,4.3,3.0,3.4,Muscle Gain,Strength,1.0,1.0,1.0,0.0,0.0,0.0,0.0
24.1,Male,72.9,1.69,25.51,9.4,199.5,163.2,59.1,1.15,1205.1,3.6,2.0,3.4,Endurance,HIIT,1.0,0.0,1.0,0.0,1.0,1.0,1.0
37.3,Male,59.9,1.63,22.52,20.4,178.3,149.1,62.0,1.14,515.1,4.7,3.0,3.03,General Fitness,Cardio,0.0,0.0,0.0,0.0,0.0,0.0,1.0
50.8,Female,84.7,1.75,27.79,18.5,182.5,118.2,63.6,1.37,516.7,4.1,2.0,2.0,Muscle Gain,Strength,0.0,1.0,1.0,0.0,0.0,0.0,0.0
21.0,Male,86.3,1.74,28.5,24.9,184.0,169.0,61.0,1.85,993.0,2.0,2.0,3.4,Strength,Strength,1.0,1.0,1.0,0.0,0.0,0.0,1.0
43.0,Female,93.8,1.65,34.45,24.3,170.0,162.0,61.0,1.37,848.0,3.0,1.0,2.8,Muscle Gain,Strength,1.0,1.0,1.0,1.0,0.0,1.0,1.0
23.1,Female,48.0,1.58,19.11,24.7,186.7,161.0,59.3,0.95,614.8,5.3,3.0,3.9,Weight Loss,Cardio,1.0,0.0,0.0,1.0,0.0,0.0,1.0
36.4,Male,77.3,1.78,24.41,17.0,188.3,138.5,80.7,0.92,521.6,3.7,2.0,2.8,Strength,Strength,1.0,1.0,1.0,1.0,0.0,1.0,1.0
27.1,Female,49.8,1.61,19.2,21.8,185.6,148.4,55.4,1.71,1038.1,4.6,3.0,3.1,General Fitness,Cardio,0.0,0.0,0.0,0.0,1.0,0.0,1.0
28.3,Male,69.5,1.76,22.39,13.2,185.5,128.0,54.4,1.0,623.3,4.5,1.0,2.9,Athletic Performance,Functional,1.0,0.0,1.0,0.0,0.0,1.0,1.0
26.6,Male,45.0,1.78,14.21,16.8,196.3,154.1,78.1,0.95,275.7,2.9,1.0,3.65,Strength,Strength,1.0,1.0,1.0,0.0,0.0,0.0,1.0
25.7,Male,73.5,1.67,26.29,16.6,187.1,103.4,50.5,0.8,93.8,3.1,2.0,2.3,Flexibility,Yoga,0.0,0.0,0.0,0.0,0.0,1.0,1.0
16.0,Male,71.4,1.82,21.6,19.4,206.8,151.9,62.7,1.0,427.2,2.9,2.0,2.97,Muscle Gain,Strength,1.0,1.0,1.0,1.0,0.0,0.0,0.0
18.0,Female,80.7,2.0,20.18,25.6,184.0,142.0,74.0,0.72,1221.0,2.0,2.0,1.9,Strength,Strength,1.0,1.0,0.0,0.0,1.0,1.0,1.0
50.0,Female,60.4,1.72,20.42,27.9,184.0,124.0,74.0,2.0,494.0,4.0,2.0,3.0,General Fitness,Strength,1.0,1.0,1.0,0.0,0.0,1.0,0.0
35.9,Male,93.3,1.85,27.11,19.6,187.9,157.1,68.8,1.19,1071.6,4.1,1.0,2.8,Athletic Performance,Functional,1.0,0.0,0.0,1.0,0.0,0.0,1.0
18.7,Female,55.7,1.57,22.58,24.2,201.0,162.3,47.5,0.65,621.0,4.5,3.0,3.3,Weight Loss,HIIT,0.0,0.0,0.0,0.0,1.0,1.0,1.0
55.6,Male,76.6,1.85,22.49,20.9,164.6,111.5,67.8,1.89,804.5,4.5,3.0,3.4,Strength,Strength,0.0,1.0,1.0,0.0,0.0,0.0,1.0
22.0,Female,54.1,1.76,17.47,29.2,178.0,127.0,65.0,1.42,501.0,4.0,1.0,3.7,Muscle Gain,Strength,0.0,0.0,0.0,0.0,0.0,0.0,1.0
35.2,Male,70.4,1.66,25.42,15.1,190.9,175.9,64.1,0.7,599.6,5.2,2.0,4.0,Weight Loss,Cardio,0.0,0.0,0.0,1.0,0.0,0.0,1.0
29.1,Female,91.0,1.83,27.24,27.9,189.0,149.1,77.9,1.46,874.4,2.7,1.0,3.6,Strength,Strength,1.0,1.0,1.0,0.0,0.0,1.0,1.0
68.1,Male,83.0,1.77,26.6,17.4,149.5,144.5,57.5,1.74,1083.4,5.8,2.0,3.3,General Fitness,Cardio,1.0,0.0,0.0,1.0,0.0,0.0,1.0
24.6,Female,55.7,1.56,22.98,14.1,196.3,174.7,57.9,0.89,731.6,4.2,3.0,3.4,Weight Loss,HIIT,1.0,0.0,0.0,1.0,0.0,0.0,1.0
29.0,Female,81.4,1.89,22.79,14.5,177.0,137.0,70.0,1.01,503.0,3.0,1.0,1.5,Strength,Strength,1.0,1.0,1.0,0.0,1.0,0.0,1.0
18.0,Male,79.0,1.64,29.37,16.9,191.0,150.0,74.0,1.37,1741.0,4.0,2.0,1.9,General Fitness,Strength,1.0,1.0,1.0,0.0,0.0,1.0,0.0
34.2,Female,54.1,1.57,22.07,21.3,182.2,111.0,66.6,1.5,586.7,4.8,2.0,2.2,Muscle Gain,Strength,1.0,1.0,1.0,0.0,0.0,0.0,1.0
26.2,Female,56.1,1.7,19.46,16.4,178.5,173.5,59.4,0.47,350.5,2.5,3.0,3.4,Endurance,HIIT,0.0,0.0,1.0,1.0,0.0,1.0,1.0
29.1,Female,64.2,1.52,27.98,31.5,186.7,133.5,70.7,2.18,1159.4,3.5,3.0,3.6,General Fitness,Powerlifting,1.0,1.0,0.0,0.0,1.0,0.0,0.0
28.0,Male,69.3,1.61,26.74,17.6,187.0,140.0,53.0,1.12,998.0,3.0,3.0,2.8,Endurance,HIIT,1.0,0.0,0.0,1.0,1.0,1.0,1.0
37.6,Male,86.4,1.8,26.64,14.8,170.7,111.0,69.0,1.24,746.6,4.2,2.0,2.8,Muscle Gain,Strength,1.0,1.0,0.0,1.0,0.0,1.0,1.0
33.6,Male,83.1,1.77,26.48,,184.5,110.7,72.1,1.46,538.2,4.1,1.0,2.9,Strength,Strength,1.0,1.0,1.0,0.0,1.0,0.0,0.0
28.4,Female,79.7,1.55,33.27,23.4,186.9,170.6,63.2,0.32,247.5,3.7,2.0,3.36,Endurance,HIIT,0.0,1.0,0.0,1.0,0.0,0.0,1.0
36.2,Male,77.4,1.86,22.36,19.2,176.1,132.0,61.6,0.79,380.5,4.6,3.0,2.58,Muscle Gain,Strength,1.0,0.0,1.0,1.0,0.0,0.0,1.0
45.5,Male,70.3,1.63,26.53,16.7,182.9,128.3,66.1,1.79,1061.9,3.8,2.0,3.2,Strength,Powerlifting,0.0,0.0,1.0,0.0,0.0,0.0,0.0
37.8,Female,66.6,1.79,20.85,16.6,179.0,144.7,57.7,1.11,490.0,4.3,3.0,3.34,General Fitness,Strength,,,,,,,
35.2,Female,66.1,1.77,21.21,14.6,193.9,153.9,71.2,1.25,534.9,5.1,3.0,3.48,General Fitness,Strength,,,,,,,
42.0,Female,95.5,1.95,25.12,,168.0,125.0,72.0,1.91,632.0,4.0,1.0,2.0,Endurance,HIIT,0.0,1.0,0.0,1.0,1.0,0.0,1.0
22.5,Male,61.0,1.79,19.13,16.1,187.6,96.9,67.1,1.04,136.2,3.1,2.0,2.2,General Fitness,Yoga,0.0,0.0,0.0,0.0,0.0,0.0,1.0
54.0,Male,72.6,1.56,29.83,26.1,172.0,165.0,69.0,1.26,966.0,2.0,1.0,3.5,Endurance,HIIT,1.0,1.0,0.0,1.0,0.0,0.0,1.0
39.5,Female,42.7,1.48,19.47,25.7,179.4,116.8,62.6,0.98,82.8,5.9,1.0,2.4,Flexibility,Yoga,0.0,0.0,0.0,0.0,1.0,0.0,1.0
28.8,Male,79.6,1.81,24.21,21.7,195.8,138.1,68.6,1.85,1082.3,5.0,3.0,3.3,Strength,Strength,1.0,1.0,1.0,0.0,0.0,1.0,1.0
40.0,Male,40.4,1.68,14.31,27.3,171.0,130.0,54.0,2.0,527.0,4.0,3.0,3.3,General Fitness,Strength,1.0,1.0,1.0,0.0,0.0,0.0,0.0
24.2,Male,54.2,1.91,14.79,22.4,201.6,152.9,54.2,1.06,378.9,2.6,2.0,3.26,Muscle Gain,Strength,1.0,1.0,1.0,0.0,0.0,0.0,0.0
23.0,Female,90.5,1.5,40.22,23.3,182.0,148.0,67.0,1.16,1204.0,2.0,2.0,2.8,General Fitness,Strength,1.0,1.0,0.0,1.0,1.0,0.0,1.0
22.0,Female,81.9,1.8,25.28,22.4,163.0,146.0,74.0,1.15,971.0,5.0,2.0,2.5,Endurance,HIIT,0.0,0.0,0.0,1.0,1.0,0.0,1.0
51.2,Female,63.0,1.56,25.93,16.5,166.3,142.5,52.4,1.54,688.0,3.9,2.0,2.9,Endurance,Cardio,0.0,0.0,0.0,0.0,0.0,0.0,1.0
43.1,Female,70.6,1.68,24.95,25.6,181.1,171.5,73.6,0.94,751.4,1.7,2.0,3.24,Endurance,HIIT,0.0,0.0,0.0,1.0,0.0,0.0,1.0
25.3,Female,66.4,1.6,26.01,19.7,207.5,157.8,51.1,1.0,1110.4,3.8,2.0,3.1,Weight Loss,HIIT,0.0,1.0,0.0,1.0,1.0,0.0,1.0
28.7,Male,47.0,1.69,16.39,25.3,189.8,161.3,63.6,1.25,407.9,4.0,2.0,3.18,Endurance,Cardio,0.0,0.0,0.0,0.0,0.0,0.0,1.0
35.0,Male,44.0,1.59,17.4,29.0,168.0,144.0,54.0,1.39,1040.0,2.0,2.0,3.4,Strength,Strength,1.0,1.0,1.0,0.0,0.0,1.0,0.0
50.9,Female,62.2,1.61,23.86,24.1,160.9,133.0,66.1,1.33,687.6,4.7,2.0,3.0,Muscle Gain,Powerlifting,1.0,1.0,0.0,0.0,0.0,0.0,0.0
31.8,Male,71.3,1.75,23.33,12.5,178.0,144.1,50.6,0.7,676.4,4.4,2.0,3.1,Weight Loss,Cardio,0.0,1.0,1.0,1.0,0.0,0.0,1.0
34.0,Female,100.1,1.97,25.79,25.5,192.0,164.0,73.0,2.0,1747.0,4.0,2.0,1.5,Strength,Strength,1.0,1.0,1.0,0.0,0.0,1.0,0.0
38.9,Female,62.7,1.69,21.99,23.1,177.4,150.1,54.7,1.06,490.6,3.6,3.0,3.4,Weight Loss,Cardio,0.0,0.0,0.0,0.0,0.0,0.0,1.0
27.7,Male,74.8,1.73,24.9,12.8,180.3,139.0,65.1,1.97,1291.4,4.5,3.0,2.8,Muscle Gain,Strength,1.0,1.0,1.0,0.0,1.0,0.0,1.0
55.5,Female,67.6,1.59,26.85,18.4,176.2,162.2,53.5,1.25,653.1,5.6,1.0,3.3,Weight Loss,Cardio,0.0,0.0,0.0,0.0,0.0,0.0,1.0
21.7,Male,75.3,1.79,23.5,10.8,184.7,117.2,73.8,1.27,271.6,4.4,2.0,3.0,Stress Relief,Yoga,0.0,0.0,0.0,0.0,0.0,0.0,1.0
26.4,Male,88.3,1.9,24.4,10.9,171.3,166.3,50.6,0.47,430.6,5.0,2.0,3.3,Endurance,HIIT,0.0,0.0,1.0,1.0,0.0,0.0,1.0
18.4,Male,66.8,1.86,19.26,10.5,203.1,158.4,55.8,0.74,628.4,4.6,2.0,3.6,Endurance,HIIT,1.0,0.0,0.0,0.0,0.0,0.0,1.0
28.0,Female,109.4,1.58,43.82,21.9,170.0,165.0,74.0,1.94,619.0,5.0,1.0,2.2,Endurance,HIIT,0.0,0.0,0.0,1.0,1.0,1.0,1.0
39.0,Male,91.0,1.73,30.41,23.3,165.0,169.0,72.0,1.49,813.0,2.0,3.0,3.4,Strength,Strength,1.0,1.0,1.0,0.0,0.0,0.0,1.0
21.3,Female,51.5,1.61,19.97,24.4,194.8,117.6,65.9,0.77,99.4,4.8,3.0,2.3,Flexibility,Yoga,0.0,1.0,0.0,0.0,0.0,0.0,1.0
16.1,Male,82.4,1.75,26.88,32.7,199.1,123.6,65.5,0.88,273.8,2.5,2.0,3.12,General Fitness,Yoga,0.0,0.0,0.0,0.0,0.0,1.0,1.0
49.7,Male,62.6,1.81,19.05,27.8,164.7,130.4,76.3,1.16,434.7,1.8,1.0,3.01,Strength,Strength,1.0,1.0,1.0,1.0,1.0,0.0,1.0
55.5,Male,64.4,1.79,20.03,22.5,163.6,128.8,63.6,0.75,362.6,2.1,2.0,2.77,General Fitness,Strength,,,,,,,
27.6,Male,70.7,1.77,22.66,8.3,195.7,186.1,50.7,0.76,723.6,2.8,2.0,3.7,General Fitness,HIIT,0.0,0.0,1.0,1.0,1.0,1.0,1.0
62.8,Female,51.3,1.63,19.4,14.6,157.2,152.2,63.8,0.76,477.2,5.7,3.0,3.1,Weight Loss,Cardio,0.0,0.0,0.0,0.0,0.0,0.0,1.0
19.2,Female,57.5,1.54,24.15,18.1,204.0,145.5,65.2,0.82,358.1,5.0,2.0,1.8,Weight Loss,Cardio,0.0,0.0,0.0,0.0,0.0,1.0,1.0
35.0,Male,98.6,1.55,41.04,27.8,184.0,141.0,59.0,2.0,1172.0,2.0,2.0,3.2,Endurance,Cardio,1.0,0.0,1.0,0.0,0.0,0.0,1.0
59.0,Female,40.0,1.84,11.81,23.7,167.0,137.0,53.0,1.87,681.0,2.0,2.0,2.2,Strength,Strength,1.0,0.0,1.0,0.0,1.0,1.0,0.0
38.2,Male,83.8,1.8,25.81,24.9,180.8,170.8,75.2,0.62,582.9,4.3,2.0,3.14,Weight Loss,HIIT,0.0,0.0,0.0,0.0,1.0,0.0,1.0
49.1,Female,90.9,1.76,29.23,19.4,173.3,143.8,60.1,1.08,738.6,3.8,2.0,3.1,Weight Loss,Cardio,0.0,0.0,0.0,0.0,0.0,0.0,1.0
55.3,Female,106.8,1.69,37.38,36.0,154.6,131.6,69.5,1.35,998.8,2.5,1.0,3.66,Athletic Performance,Strength,,,,,,,
34.1,Female,53.4,1.52,23.16,29.1,182.7,110.8,64.9,2.33,569.4,4.1,2.0,2.8,Strength,Powerlifting,0.0,1.0,0.0,1.0,1.0,0.0,1.0
23.4,Female,63.6,1.57,25.69,15.8,199.1,153.5,65.7,0.77,491.8,5.4,3.0,2.5,Weight Loss,Cardio,0.0,0.0,0.0,0.0,1.0,0.0,0.0
44.5,Male,93.2,1.77,29.85,16.9,164.3,141.2,67.9,1.67,1089.5,4.9,2.0,3.1,Muscle Gain,Strength,1.0,0.0,0.0,1.0,0.0,1.0,1.0
42.0,Female,82.3,1.94,21.87,10.0,198.0,132.0,57.0,1.46,1050.0,3.0,2.0,3.2,Strength,Strength,1.0,1.0,0.0,1.0,0.0,1.0,0.0
53.4,Female,95.9,1.51,41.83,36.5,163.9,126.7,57.4,1.05,599.6,4.3,3.0,3.19,Muscle Gain,Strength,1.0,0.0,1.0,1.0,0.0,0.0,0.0
26.1,Female,61.2,1.62,23.28,26.8,201.2,121.5,71.6,1.82,760.8,4.1,2.0,3.5,Muscle Gain,Strength,1.0,1.0,0.0,1.0,0.0,0.0,1.0
64.7,Male,72.6,1.72,24.47,12.4,171.0,113.9,52.8,0.82,430.0,3.0,1.0,2.3,Strength,Strength,1.0,1.0,1.0,1.0,0.0,0.0,1.0
40.5,Female,49.8,1.64,18.46,18.9,179.3,103.3,46.8,0.71,125.5,3.4,3.0,1.5,General Fitness,Yoga,0.0,0.0,0.0,0.0,0.0,1.0,1.0
51.9,Female,57.9,1.56,23.91,27.2,169.5,156.7,66.0,0.78,569.2,3.1,2.0,3.6,Athletic Performance,Functional,1.0,1.0,0.0,0.0,0.0,1.0,1.0
28.0,Male,62.4,1.56,25.64,32.2,193.0,141.0,55.0,2.0,861.0,3.0,1.0,3.6,Weight Loss,Cardio,0.0,0.0,0.0,1.0,0.0,0.0,1.0
23.9,Female,45.0,1.54,18.96,23.3,192.1,158.8,67.2,2.19,652.0,3.6,2.0,3.67,General Fitness,Strength,,,,,,,
36.9,Male,56.4,1.61,21.72,16.6,192.8,151.4,62.3,0.74,358.0,2.7,2.0,3.3,Endurance,HIIT,0.0,0.0,0.0,1.0,1.0,1.0,1.0
44.0,Male,68.7,1.76,22.15,15.4,168.1,156.8,70.2,0.76,767.0,5.5,2.0,3.7,Weight Loss,Cardio,0.0,0.0,0.0,1.0,0.0,0.0,1.0
28.0,Female,76.1,1.64,28.43,27.7,188.9,121.4,70.3,2.0,1207.3,5.0,3.0,3.3,Strength,Strength,1.0,1.0,1.0,1.0,1.0,0.0,0.0
55.1,Female,59.7,1.59,23.64,27.3,175.1,120.2,70.7,1.2,588.4,4.3,3.0,2.7,Muscle Gain,Strength,1.0,1.0,1.0,0.0,0.0,0.0,1.0
52.6,Male,66.3,1.67,23.85,13.4,161.9,152.9,63.1,0.64,299.9,3.9,3.0,2.9,Endurance,Cardio,1.0,0.0,0.0,1.0,0.0,0.0,1.0
19.4,Male,99.0,1.93,26.54,9.9,210.0,106.1,65.5,0.92,339.9,2.5,3.0,,General Fitness,Yoga,0.0,0.0,0.0,1.0,1.0,1.0,1.0
25.0,Male,42.2,1.82,12.74,17.9,185.0,140.0,56.0,0.86,373.0,4.0,2.0,3.5,Muscle Gain,Strength,1.0,0.0,1.0,1.0,1.0,0.0,1.0
59.0,Male,65.1,1.68,23.07,26.1,161.0,144.0,62.0,2.0,1050.0,5.0,3.0,2.0,Muscle Gain,Strength,1.0,1.0,0.0,0.0,0.0,1.0,0.0
26.1,Male,70.9,1.66,25.86,17.5,192.6,158.5,45.4,1.17,1077.1,3.7,2.0,2.9,Weight Loss,HIIT,1.0,0.0,1.0,1.0,1.0,0.0,1.0
38.7,Female,68.3,1.65,25.03,18.3,186.1,137.9,57.8,1.52,620.6,4.4,2.0,3.1,Muscle Gain,Strength,1.0,1.0,1.0,1.0,0.0,1.0,0.0
18.0,Male,77.8,1.76,25.12,24.6,183.0,157.0,74.0,1.27,1086.0,3.0,1.0,3.3,Weight Loss,HIIT,1.0,0.0,0.0,0.0,1.0,0.0,1.0
36.6,Male,97.6,1.71,33.5,25.1,177.1,123.3,73.1,1.02,368.6,4.4,3.0,3.31,General Fitness,Yoga,0.0,0.0,0.0,0.0,0.0,0.0,1.0
30.0,Female,80.2,1.91,21.98,16.5,192.0,135.0,62.0,1.47,1461.0,2.0,3.0,3.7,Strength,Strength,1.0,1.0,1.0,0.0,0.0,0.0,0.0
29.1,Male,71.0,1.7,24.51,12.1,186.8,126.8,65.7,0.82,297.5,3.9,2.0,3.2,Muscle Gain,Strength,1.0,1.0,1.0,1.0,1.0,0.0,1.0
18.0,Female,40.0,1.88,11.32,22.6,165.0,145.0,71.0,1.59,1121.0,2.0,1.0,3.4,Strength,Strength,1.0,1.0,1.0,0.0,1.0,0.0,1.0
27.1,Female,59.2,1.71,20.22,24.4,192.9,148.7,54.8,1.48,868.7,3.1,3.0,2.8,Athletic Performance,Functional,0.0,1.0,0.0,1.0,0.0,1.0,1.0
18.0,Female,69.8,1.82,21.07,31.4,178.0,168.0,58.0,1.9,963.0,5.0,2.0,3.7,General Fitness,HIIT,1.0,0.0,0.0,0.0,1.0,0.0,0.0
26.7,Male,70.1,1.76,22.65,18.9,197.6,103.1,61.0,0.63,129.9,5.2,1.0,2.5,Flexibility,Yoga,0.0,0.0,0.0,0.0,0.0,1.0,1.0
38.0,Male,77.4,1.83,23.21,19.5,177.5,118.7,56.7,0.53,131.9,2.4,2.0,2.1,General Fitness,Yoga,0.0,0.0,0.0,0.0,1.0,1.0,1.0
55.3,Female,61.3,1.55,25.36,27.8,167.1,153.5,73.0,0.67,488.9,4.1,1.0,2.9,Athletic Performance,Functional,0.0,1.0,1.0,1.0,1.0,1.0,0.0
20.2,Female,57.5,1.54,24.35,22.6,199.3,101.0,59.1,1.48,225.3,2.0,1.0,1.6,General Fitness,Yoga,0.0,0.0,0.0,0.0,1.0,0.0,1.0
46.9,Male,68.0,1.72,22.97,13.5,173.1,159.1,67.1,1.05,667.0,3.2,3.0,4.0,Muscle Gain,Functional,1.0,0.0,0.0,1.0,1.0,1.0,1.0
21.2,Male,67.9,1.74,22.32,15.4,210.0,93.4,68.1,1.14,106.1,3.0,2.0,2.3,Stress Relief,Yoga,0.0,0.0,0.0,0.0,0.0,1.0,1.0
47.1,Female,70.3,1.84,20.88,18.1,170.2,165.2,63.0,0.99,705.9,3.6,2.0,2.7,Endurance,HIIT,0.0,0.0,0.0,1.0,1.0,0.0,1.0
16.0,Female,72.7,1.63,27.43,30.7,200.1,155.3,71.6,1.11,479.7,1.6,1.0,3.83,Strength,Strength,1.0,0.0,0.0,1.0,0.0,1.0,0.0
45.9,Female,75.4,1.66,27.33,29.6,162.5,128.7,59.6,1.29,560.7,4.4,2.0,2.8,Strength,Powerlifting,0.0,1.0,0.0,0.0,0.0,0.0,1.0
19.0,Male,80.5,1.71,27.63,17.2,202.0,151.3,45.0,1.2,1265.2,4.2,3.0,2.5,Weight Loss,Cardio,0.0,0.0,0.0,0.0,0.0,0.0,1.0
25.0,Female,45.5,1.58,18.23,17.4,182.0,136.0,69.0,2.0,1137.0,2.0,2.0,1.7,Muscle Gain,Strength,1.0,1.0,0.0,0.0,0.0,0.0,0.0
27.2,Female,47.3,1.45,22.34,22.1,179.3,116.8,72.1,1.41,137.3,2.6,3.0,3.0,General Fitness,Yoga,0.0,0.0,0.0,0.0,0.0,1.0,1.0
41.5,Female,65.3,1.65,23.89,29.7,182.5,116.0,72.2,1.63,745.5,4.2,2.0,2.3,Muscle Gain,Powerlifting,1.0,1.0,1.0,0.0,0.0,1.0,1.0
30.8,Female,63.4,1.65,23.37,19.4,194.2,119.8,62.1,1.99,605.0,4.0,1.0,3.0,Muscle Gain,Strength,1.0,1.0,1.0,0.0,0.0,0.0,0.0
25.9,Female,68.3,1.68,24.34,15.5,202.7,149.0,48.7,0.97,460.5,3.8,1.0,3.7,Weight Loss,Cardio,0.0,0.0,1.0,1.0,1.0,0.0,1.0
16.0,Male,67.0,1.62,25.66,24.8,199.7,156.6,67.6,1.29,569.1,3.1,1.0,3.26,Muscle Gain,Strength,0.0,1.0,1.0,0.0,1.0,0.0,1.0
27.5,Male,85.8,1.76,27.71,20.3,197.7,130.5,60.6,0.84,484.8,3.8,1.0,2.7,Strength,Strength,1.0,1.0,1.0,0.0,0.0,1.0,0.0
45.2,Female,88.5,1.52,38.15,24.5,183.8,142.6,65.2,0.74,412.7,4.2,2.0,3.15,Strength,Strength,1.0,1.0,1.0,0.0,1.0,1.0,1.0
47.8,Female,70.7,1.69,24.75,24.2,171.1,145.2,67.9,1.42,698.2,3.6,1.0,3.02,Muscle Gain,Strength,,,,,,,
33.5,Female,63.2,1.63,23.88,17.7,177.1,172.1,51.3,0.39,278.5,5.0,2.0,3.4,Endurance,HIIT,0.0,0.0,0.0,1.0,1.0,0.0,1.0
18.0,Female,61.9,1.58,24.8,25.2,184.0,141.0,65.0,1.63,900.0,2.0,1.0,3.7,Muscle Gain,Strength,1.0,1.0,0.0,1.0,0.0,1.0,0.0
22.3,Male,62.1,1.77,19.75,17.4,195.0,150.4,68.4,0.82,409.4,4.7,3.0,3.2,Endurance,HIIT,1.0,0.0,0.0,1.0,1.0,0.0,1.0
27.1,Female,55.5,1.58,22.31,14.4,210.0,184.5,54.4,0.85,975.3,2.7,3.0,3.8,Weight Loss,HIIT,1.0,0.0,0.0,1.0,1.0,1.0,1.0
21.4,Male,90.1,1.92,24.44,21.2,206.5,124.2,72.3,1.59,943.1,3.0,3.0,2.8,Muscle Gain,Strength,1.0,1.0,1.0,0.0,0.0,0.0,1.0
30.6,Male,67.7,1.62,25.84,18.1,174.2,169.2,59.6,0.98,952.5,3.9,1.0,3.4,General Fitness,Cardio,0.0,0.0,0.0,0.0,0.0,0.0,1.0
35.0,Male,74.7,1.66,27.12,14.5,181.6,133.3,73.6,1.33,839.4,4.5,3.0,2.7,Strength,Strength,0.0,1.0,1.0,0.0,0.0,0.0,1.0
33.7,Female,45.0,1.78,14.14,24.6,183.1,127.6,70.0,1.02,157.1,2.7,1.0,3.02,Stress Relief,Yoga,0.0,0.0,0.0,0.0,1.0,0.0,1.0
33.0,Male,73.3,1.86,21.19,35.0,187.0,123.0,60.0,1.22,1254.0,4.0,1.0,1.9,Weight Loss,Cardio,0.0,0.0,1.0,1.0,0.0,0.0,1.0
39.8,Female,59.3,1.55,24.61,27.2,175.6,141.2,67.1,0.71,403.3,3.4,2.0,2.9,Athletic Performance,Functional,1.0,0.0,0.0,1.0,1.0,1.0,1.0
38.2,Male,85.3,1.89,24.0,27.2,186.2,117.9,63.1,1.18,596.7,4.5,3.0,2.6,General Fitness,Powerlifting,1.0,1.0,0.0,0.0,0.0,0.0,0.0
40.9,Female,65.9,1.91,18.1,21.0,182.8,143.1,49.7,1.84,912.8,3.6,2.0,3.63,General Fitness,Strength,,,,,,,
27.2,Female,79.2,1.65,29.01,34.8,199.8,162.9,70.1,0.54,279.9,1.9,1.0,3.14,Strength,Strength,1.0,1.0,1.0,0.0,0.0,1.0,1.0
25.0,Male,72.5,1.82,21.8,17.2,194.5,130.1,68.5,0.83,409.1,3.7,3.0,2.0,Muscle Gain,Functional,0.0,1.0,0.0,1.0,1.0,1.0,1.0
25.3,Male,66.1,1.9,18.34,19.3,205.3,168.5,58.0,1.7,902.8,2.6,2.0,3.38,Endurance,Cardio,0.0,0.0,0.0,1.0,0.0,0.0,1.0
33.3,Female,84.5,1.77,26.96,18.5,180.6,141.2,80.3,1.94,1127.1,3.4,2.0,3.1,Strength,Strength,1.0,1.0,1.0,1.0,0.0,0.0,0.0
43.3,Female,59.5,1.78,18.79,20.9,168.7,138.7,62.3,0.78,323.6,3.8,3.0,3.85,Weight Loss,Cardio,1.0,1.0,0.0,1.0,0.0,0.0,0.0
65.6,Female,56.7,1.57,23.04,25.7,149.8,144.8,48.5,1.61,1256.5,5.8,3.0,3.9,Weight Loss,Cardio,0.0,0.0,1.0,0.0,0.0,0.0,1.0
21.7,Female,68.4,1.66,24.78,21.0,192.0,166.8,57.2,1.02,967.8,4.6,3.0,4.1,Endurance,HIIT,0.0,0.0,0.0,1.0,1.0,0.0,1.0
45.5,Male,78.1,1.88,22.04,16.0,169.2,164.2,45.0,1.01,1219.6,3.9,3.0,2.7,Endurance,HIIT,0.0,0.0,0.0,1.0,0.0,0.0,0.0
40.4,Female,65.4,1.63,24.7,21.3,176.0,155.5,61.8,0.6,468.3,3.5,3.0,3.2,Weight Loss,Cardio,0.0,0.0,0.0,0.0,0.0,0.0,1.0
29.5,Female,52.4,1.67,18.81,19.9,187.1,96.5,50.5,1.36,195.1,2.3,1.0,1.5,General Fitness,Yoga,0.0,0.0,0.0,1.0,1.0,0.0,1.0
48.0,Male,67.3,1.61,25.96,20.5,173.0,139.0,59.0,0.86,659.0,3.0,2.0,2.7,Endurance,Cardio,0.0,0.0,0.0,0.0,0.0,0.0,1.0
24.9,Male,84.0,1.87,23.92,8.0,200.8,154.9,48.0,0.5,477.8,4.0,3.0,2.7,General Fitness,HIIT,0.0,0.0,0.0,1.0,1.0,0.0,1.0
34.3,Female,56.5,1.69,19.66,18.1,182.2,159.2,51.9,0.73,599.1,3.9,3.0,3.3,Weight Loss,HIIT,1.0,0.0,1.0,1.0,0.0,0.0,1.0
18.5,Female,79.9,1.71,27.22,27.8,186.5,144.2,62.9,1.15,536.0,3.8,2.0,2.4,Strength,Strength,1.0,0.0,1.0,0.0,0.0,1.0,1.0
45.0,Male,61.6,1.95,16.2,25.1,176.0,120.0,64.0,1.12,1049.0,4.0,1.0,2.4,Muscle Gain,Strength,1.0,0.0,0.0,0.0,1.0,1.0,1.0
41.7,Male,86.6,1.61,33.51,31.5,178.3,149.1,68.3,1.08,689.5,3.0,1.0,3.55,General Fitness,Cardio,0.0,0.0,0.0,0.0,0.0,0.0,1.0
27.0,Male,76.9,1.75,25.06,11.3,194.1,150.9,55.0,1.05,1020.7,3.0,3.0,3.3,Weight Loss,HIIT,1.0,1.0,0.0,1.0,0.0,0.0,1.0
32.2,Male,77.0,1.7,26.68,15.8,177.8,155.3,64.2,0.86,667.1,4.0,2.0,3.4,General Fitness,Functional,0.0,1.0,1.0,1.0,1.0,1.0,0.0
69.0,Female,55.0,1.56,22.72,25.3,154.2,149.2,62.6,1.33,608.6,4.7,1.0,3.7,Athletic Performance,Functional,0.0,1.0,0.0,1.0,1.0,1.0,1.0
44.7,Female,78.6,1.61,30.21,28.0,178.0,103.8,60.6,2.35,750.4,3.4,3.0,3.0,Muscle Gain,Powerlifting,0.0,1.0,0.0,0.0,0.0,0.0,0.0
31.8,Female,54.0,1.64,19.97,24.6,197.8,113.5,69.9,1.08,125.6,3.9,1.0,2.5,Flexibility,Yoga,0.0,0.0,0.0,0.0,1.0,1.0,1.0
64.3,Female,52.5,1.45,24.99,24.1,140.3,135.3,61.6,1.45,583.4,4.7,2.0,3.2,Muscle Gain,Strength,1.0,1.0,0.0,1.0,0.0,0.0,1.0
45.0,Female,55.2,1.9,15.29,24.5,175.0,156.0,67.0,1.39,854.0,5.0,1.0,2.5,Muscle Gain,Strength,0.0,1.0,1.0,0.0,0.0,1.0,0.0
23.0,Female,78.2,1.9,21.66,16.2,180.0,131.0,55.0,0.85,888.0,3.0,1.0,2.3,Muscle Gain,Strength,1.0,1.0,1.0,0.0,1.0,1.0,0.0
51.0,Female,48.7,1.5,21.64,27.3,168.0,140.0,58.0,0.93,1108.0,2.0,2.0,3.2,Weight Loss,Cardio,0.0,0.0,0.0,0.0,0.0,0.0,1.0
31.5,Male,90.2,1.82,27.12,15.5,197.0,126.5,79.7,0.95,488.8,4.5,3.0,3.2,Strength,Strength,1.0,1.0,1.0,0.0,1.0,0.0,1.0
18.1,Female,62.0,1.9,17.17,19.4,202.5,170.3,72.9,1.13,542.8,2.9,2.0,3.63,Weight Loss,Cardio,0.0,0.0,1.0,0.0,0.0,0.0,1.0
44.0,Male,40.0,1.72,13.52,,179.0,124.0,74.0,0.85,1043.0,5.0,3.0,2.1,Endurance,Cardio,0.0,0.0,0.0,0.0,0.0,0.0,1.0
24.3,Male,101.4,1.94,26.92,21.8,210.0,137.8,61.9,1.15,673.2,3.1,2.0,2.3,Strength,Strength,0.0,1.0,1.0,0.0,1.0,1.0,1.0
34.5,Female,64.4,1.59,25.53,17.3,186.8,165.4,53.5,1.07,1016.4,5.8,1.0,3.0,Endurance,Cardio,0.0,1.0,1.0,0.0,0.0,1.0,1.0
25.0,Female,102.8,2.0,25.7,27.1,166.0,131.0,73.0,1.28,1783.0,3.0,1.0,3.2,Endurance,Cardio,0.0,0.0,0.0,0.0,0.0,0.0,1.0
33.0,Male,60.8,1.78,19.19,27.3,189.0,147.0,73.0,1.04,951.0,4.0,2.0,3.3,Endurance,Cardio,0.0,1.0,0.0,0.0,0.0,0.0,1.0
41.0,Female,69.6,1.63,26.2,27.9,193.0,169.0,55.0,1.46,1157.0,4.0,1.0,3.7,Muscle Gain,Strength,1.0,1.0,1.0,0.0,0.0,0.0,1.0
33.6,Female,71.7,1.75,23.4,17.8,183.8,155.8,68.6,1.75,960.6,5.6,3.0,3.28,General Fitness,Cardio,0.0,0.0,0.0,1.0,1.0,0.0,1.0
19.3,Female,62.3,1.62,23.86,25.2,204.6,117.2,58.9,1.59,481.0,4.4,1.0,2.6,Strength,Strength,1.0,0.0,1.0,1.0,1.0,0.0,1.0
25.4,Female,91.4,1.72,30.77,30.0,203.3,130.6,64.2,1.21,522.6,4.9,2.0,2.4,Muscle Gain,Powerlifting,0.0,1.0,0.0,1.0,0.0,0.0,0.0
37.7,Female,64.6,1.6,25.25,24.6,179.5,169.8,69.8,0.49,336.8,2.5,1.0,2.44,General Fitness,HIIT,1.0,0.0,0.0,0.0,1.0,1.0,1.0
44.8,Female,72.6,1.81,22.15,21.9,184.0,116.8,63.5,0.97,261.7,1.9,2.0,2.9,Stress Relief,Yoga,0.0,0.0,0.0,0.0,0.0,0.0,1.0
44.0,Male,46.7,1.81,14.25,10.0,191.0,132.0,58.0,1.45,1113.0,4.0,3.0,3.5,Weight Loss,Cardio,0.0,0.0,0.0,1.0,0.0,0.0,1.0
34.8,Female,80.0,1.74,26.43,22.6,175.8,158.6,70.0,0.93,937.3,4.5,1.0,3.2,General Fitness,Functional,1.0,0.0,1.0,1.0,0.0,0.0,0.0
20.2,Male,68.7,1.69,24.01,14.7,199.1,140.3,63.4,1.21,566.8,3.7,2.0,3.1,General Fitness,Functional,1.0,1.0,1.0,1.0,0.0,0.0,1.0
19.0,Male,87.7,1.98,22.37,14.1,186.0,145.0,50.0,1.61,1705.0,3.0,2.0,2.3,Muscle Gain,Strength,1.0,1.0,1.0,0.0,0.0,0.0,0.0
39.0,Female,65.6,1.75,21.42,23.7,164.0,158.0,66.0,1.09,1593.0,4.0,2.0,3.1,Endurance,Cardio,0.0,0.0,0.0,1.0,0.0,0.0,0.0
46.4,Male,75.7,1.83,22.72,15.5,180.6,175.6,56.2,0.79,971.1,2.2,3.0,3.1,Endurance,HIIT,0.0,0.0,0.0,1.0,1.0,0.0,1.0
29.9,Female,53.2,1.6,20.86,27.1,185.7,99.6,71.6,0.87,132.6,5.4,3.0,2.0,Flexibility,Yoga,0.0,1.0,0.0,0.0,1.0,1.0,1.0
28.7,Male,80.4,1.72,27.25,12.1,202.1,184.7,58.4,0.58,685.9,4.3,2.0,3.0,General Fitness,HIIT,0.0,1.0,1.0,1.0,0.0,0.0,1.0
28.3,Female,58.9,1.66,21.42,19.7,184.3,135.6,56.3,1.65,549.9,3.0,1.0,3.2,Strength,Strength,1.0,0.0,1.0,1.0,1.0,1.0,1.0
29.3,Female,71.2,1.6,27.74,18.5,198.4,160.2,69.4,1.65,927.1,4.7,3.0,3.8,Endurance,Cardio,0.0,0.0,0.0,0.0,0.0,0.0,1.0
52.0,Male,84.5,1.75,27.59,14.1,180.0,158.0,71.0,2.0,830.0,4.0,3.0,1.5,General Fitness,Strength,1.0,1.0,1.0,1.0,1.0,1.0,1.0
42.0,Male,108.5,1.85,31.7,29.0,181.0,167.0,74.0,1.39,801.0,2.0,3.0,3.0,Weight Loss,Cardio,1.0,0.0,0.0,0.0,1.0,0.0,1.0
35.8,Female,58.3,1.54,24.76,23.5,177.6,115.7,72.6,0.66,92.3,5.9,2.0,2.3,Flexibility,Yoga,0.0,0.0,0.0,0.0,0.0,0.0,1.0
42.3,Male,97.3,1.72,33.07,24.7,179.4,113.0,61.2,1.17,405.5,4.8,3.0,2.2,General Fitness,Powerlifting,1.0,1.0,1.0,1.0,1.0,0.0,0.0
28.9,Female,67.2,1.7,23.23,18.4,197.4,123.3,71.2,1.49,814.5,4.2,3.0,2.6,Muscle Gain,Strength,1.0,1.0,1.0,0.0,1.0,0.0,1.0
57.0,Female,65.3,1.5,29.0,25.1,148.6,133.0,70.7,1.16,511.7,4.6,3.0,2.5,Muscle Gain,Strength,1.0,1.0,1.0,0.0,0.0,0.0,0.0
35.0,Male,53.0,1.67,19.0,21.9,183.0,128.0,72.0,1.29,682.0,3.0,2.0,2.2,Strength,Strength,1.0,1.0,1.0,1.0,0.0,0.0,1.0
42.0,Female,58.4,1.7,20.21,23.6,164.0,156.0,50.0,1.43,1427.0,3.0,1.0,2.5,Muscle Gain,Strength,1.0,1.0,1.0,1.0,0.0,0.0,1.0
27.6,Male,45.5,1.84,13.44,23.9,189.1,158.3,75.6,1.55,527.9,3.7,2.0,3.34,Weight Loss,Cardio,0.0,0.0,0.0,0.0,0.0,1.0,1.0
43.3,Male,84.7,1.75,27.67,8.1,162.8,157.8,59.1,0.55,782.7,4.7,3.0,2.7,Endurance,HIIT,1.0,0.0,0.0,0.0,1.0,0.0,1.0
29.3,Female,73.5,1.67,26.24,22.3,179.3,169.3,48.1,1.04,747.4,3.9,2.0,3.2,Endurance,HIIT,1.0,0.0,0.0,1.0,1.0,0.0,1.0
18.8,Female,58.1,1.5,25.92,16.8,196.3,140.8,57.5,1.07,759.5,4.8,1.0,2.8,Endurance,Cardio,0.0,0.0,0.0,0.0,0.0,0.0,1.0
18.8,Female,68.4,1.64,25.58,19.5,191.7,151.6,55.3,1.11,1074.5,4.5,2.0,3.2,General Fitness,Cardio,0.0,0.0,0.0,0.0,1.0,0.0,1.0
32.5,Male,80.2,1.77,25.74,18.6,191.1,130.2,58.1,1.58,966.9,3.6,1.0,2.8,Strength,Strength,1.0,0.0,1.0,1.0,1.0,1.0,0.0
19.1,Female,49.3,1.5,21.88,19.0,200.9,111.5,53.2,0.78,95.1,5.0,3.0,1.5,Stress Relief,Yoga,0.0,0.0,0.0,0.0,1.0,1.0,1.0
45.9,Male,72.0,1.7,24.8,15.9,181.8,138.4,67.1,1.02,487.5,4.3,1.0,2.7,Muscle Gain,Strength,1.0,1.0,1.0,0.0,0.0,0.0,1.0
17.2,Female,45.0,1.45,21.4,28.6,191.0,161.1,70.5,1.63,559.9,2.7,1.0,3.16,Endurance,Cardio,0.0,0.0,0.0,0.0,0.0,0.0,1.0
28.4,Male,76.5,1.78,24.03,21.5,197.5,147.8,54.6,1.44,770.8,4.5,1.0,3.1,General Fitness,Functional,0.0,1.0,1.0,1.0,1.0,0.0,1.0
31.0,Female,67.2,1.67,24.16,17.7,176.4,171.4,66.1,0.57,538.2,4.1,1.0,3.3,General Fitness,Cardio,0.0,0.0,0.0,1.0,0.0,0.0,1.0
41.8,Male,82.2,1.71,28.0,16.1,173.1,160.6,53.6,0.77,636.5,3.9,3.0,3.6,General Fitness,HIIT,1.0,0.0,0.0,0.0,1.0,0.0,1.0
42.2,Female,73.3,1.69,25.81,24.0,170.4,135.1,61.4,0.79,410.5,4.9,3.0,2.7,Muscle Gain,Strength,1.0,1.0,1.0,0.0,1.0,1.0,1.0
23.4,Male,79.6,1.83,23.78,23.2,196.6,185.6,66.0,1.1,932.2,4.6,2.0,3.01,Endurance,HIIT,1.0,1.0,0.0,1.0,1.0,0.0,0.0
26.3,Male,53.3,1.65,19.52,13.6,185.9,180.9,50.6,0.69,618.8,4.5,2.0,4.4,Endurance,HIIT,1.0,0.0,0.0,1.0,0.0,0.0,1.0
18.0,Female,51.1,1.83,15.26,17.0,180.0,130.0,57.0,1.05,939.0,3.0,2.0,3.0,Muscle Gain,Strength,1.0,0.0,1.0,0.0,0.0,0.0,0.0
18.0,Female,62.9,1.72,21.26,26.3,191.0,157.0,63.0,1.31,514.0,3.0,2.0,2.2,Strength,Strength,1.0,1.0,0.0,0.0,0.0,0.0,1.0
30.8,Female,76.5,1.71,26.08,21.0,199.6,171.9,55.7,1.17,995.0,5.3,1.0,3.0,Weight Loss,Cardio,0.0,0.0,0.0,0.0,1.0,0.0,1.0
26.3,Male,68.1,1.64,25.31,15.6,193.9,122.0,66.0,1.17,495.1,3.4,3.0,2.6,Muscle Gain,Strength,1.0,1.0,1.0,1.0,1.0,0.0,1.0
18.7,Male,58.1,1.62,22.21,10.1,207.0,152.9,61.4,1.68,1446.8,4.6,3.0,3.4,Endurance,Cardio,0.0,0.0,0.0,0.0,0.0,0.0,1.0
38.3,Female,69.0,1.64,25.57,25.4,194.9,133.7,74.2,1.64,758.6,3.6,3.0,3.5,Muscle Gain,Strength,1.0,1.0,1.0,0.0,0.0,0.0,1.0
31.0,Male,81.9,1.63,30.83,23.1,168.0,126.0,56.0,1.17,760.0,4.0,2.0,2.1,Weight Loss,Cardio,0.0,1.0,0.0,0.0,1.0,0.0,1.0
32.5,Female,87.6,1.56,36.07,29.4,186.0,159.8,66.0,1.57,935.9,4.3,2.0,3.62,Endurance,Cardio,0.0,1.0,0.0,1.0,0.0,0.0,1.0
44.0,Female,64.5,1.5,28.67,25.2,173.0,166.0,50.0,0.54,874.0,3.0,2.0,1.9,Muscle Gain,Strength,1.0,1.0,1.0,1.0,0.0,0.0,1.0
25.9,Male,74.9,1.63,28.08,19.0,196.0,118.5,70.3,0.97,481.2,3.5,2.0,2.5,Strength,Strength,1.0,1.0,1.0,0.0,1.0,0.0,1.0
43.0,Male,56.4,1.8,17.41,10.0,174.0,161.0,74.0,1.03,327.0,3.0,1.0,3.2,General Fitness,Strength,0.0,1.0,0.0,0.0,0.0,0.0,0.0
26.0,Male,95.2,1.68,33.73,24.2,163.0,142.0,68.0,0.71,1196.0,4.0,2.0,3.7,Muscle Gain,Strength,1.0,1.0,0.0,0.0,0.0,0.0,0.0
18.1,Female,62.4,1.66,22.5,16.0,202.3,168.8,62.3,1.46,1255.5,5.4,3.0,3.7,General Fitness,Cardio,0.0,0.0,0.0,0.0,0.0,0.0,0.0
20.7,Female,66.1,1.65,24.4,26.6,196.4,101.5,68.5,1.31,473.8,3.5,2.0,1.9,Strength,Powerlifting,1.0,1.0,0.0,0.0,0.0,0.0,0.0
24.5,Male,86.1,1.76,27.84,19.4,191.5,114.9,70.3,1.22,708.0,3.0,3.0,2.7,Strength,Strength,1.0,1.0,1.0,0.0,1.0,0.0,1.0
28.1,Male,68.0,1.72,22.86,8.8,184.8,150.5,63.8,1.04,640.2,5.2,1.0,3.2,Endurance,Cardio,0.0,0.0,0.0,0.0,0.0,1.0,1.0
39.2,Male,67.9,1.82,20.5,17.2,186.1,157.8,69.8,0.61,481.3,4.4,3.0,3.0,Athletic Performance,Functional,1.0,0.0,1.0,0.0,1.0,1.0,1.0
33.7,Male,71.8,1.7,24.74,14.0,194.2,180.9,55.2,0.73,837.9,2.5,3.0,3.4,General Fitness,HIIT,1.0,1.0,0.0,1.0,0.0,0.0,1.0
27.5,Female,69.3,1.63,25.94,19.3,188.3,172.8,45.7,1.02,936.0,3.5,3.0,3.6,Weight Loss,HIIT,1.0,0.0,0.0,0.0,0.0,1.0,1.0
45.4,Female,54.4,1.85,15.86,21.0,175.1,125.3,78.4,1.05,208.2,2.4,1.0,2.78,Flexibility,Yoga,0.0,0.0,0.0,0.0,1.0,1.0,0.0
47.0,Female,87.1,1.7,30.14,26.0,174.0,160.0,63.0,1.4,562.0,5.0,1.0,3.7,General Fitness,HIIT,1.0,0.0,1.0,1.0,0.0,0.0,1.0
21.5,Male,57.6,1.64,21.38,15.5,200.2,178.1,64.8,1.17,971.1,4.0,2.0,4.2,Weight Loss,HIIT,1.0,0.0,0.0,1.0,1.0,0.0,1.0
51.0,Male,63.0,1.78,19.88,29.1,161.0,152.0,50.0,1.33,1339.0,2.0,2.0,1.8,Muscle Gain,Strength,1.0,1.0,1.0,0.0,0.0,0.0,0.0
47.2,Male,72.0,1.76,23.3,12.1,166.5,141.2,45.9,0.73,477.2,5.2,1.0,2.4,Weight Loss,Cardio,1.0,1.0,1.0,1.0,0.0,0.0,0.0
56.4,Male,75.5,1.64,28.2,26.7,161.4,158.4,70.0,0.5,410.3,3.5,1.0,2.94,Endurance,HIIT,0.0,0.0,1.0,1.0,1.0,0.0,1.0
37.8,Male,57.3,1.61,22.06,18.9,194.7,106.9,56.1,2.49,877.1,4.3,3.0,3.1,Strength,Powerlifting,0.0,1.0,0.0,1.0,0.0,0.0,1.0
19.0,Male,71.8,1.72,24.21,18.9,195.2,136.7,65.4,1.07,605.0,3.8,2.0,3.1,Muscle Gain,Functional,1.0,0.0,1.0,0.0,1.0,0.0,0.0
49.6,Male,69.6,1.72,23.62,13.3,168.0,122.0,64.0,1.28,487.0,4.9,1.0,2.6,Muscle Gain,Strength,1.0,1.0,1.0,1.0,0.0,1.0,1.0
19.8,Female,83.4,1.75,27.23,20.0,202.7,160.5,62.5,0.98,918.1,4.1,3.0,3.1,General Fitness,HIIT,0.0,0.0,0.0,1.0,0.0,0.0,1.0
36.6,Female,60.6,1.88,17.11,20.3,184.5,157.8,68.2,2.0,965.0,3.6,2.0,3.8,Weight Loss,Cardio,0.0,0.0,1.0,0.0,0.0,0.0,1.0
35.5,Female,45.0,1.67,16.04,26.4,184.4,115.3,64.5,0.77,127.1,1.9,1.0,3.11,Flexibility,Yoga,0.0,0.0,0.0,1.0,1.0,1.0,1.0
25.1,Male,58.6,1.65,21.54,12.3,187.7,160.9,59.1,1.32,931.0,5.4,1.0,3.5,Endurance,Cardio,0.0,0.0,0.0,0.0,0.0,0.0,1.0
19.2,Male,53.7,1.65,19.62,9.4,197.6,164.5,49.1,1.05,721.9,4.7,1.0,3.0,Weight Loss,Cardio,0.0,0.0,1.0,0.0,0.0,0.0,0.0
54.3,Male,64.9,1.56,26.59,13.3,154.4,112.6,80.1,1.29,426.2,4.6,3.0,2.7,Strength,Strength,1.0,1.0,1.0,0.0,1.0,0.0,1.0
21.7,Male,64.6,1.78,20.38,,190.1,141.6,57.3,1.45,895.0,3.9,1.0,3.1,Athletic Performance,Functional,1.0,0.0,1.0,0.0,0.0,1.0,0.0
39.7,Female,53.1,1.68,18.89,18.5,185.5,112.1,76.6,1.02,100.4,3.6,1.0,2.5,General Fitness,Yoga,0.0,0.0,0.0,0.0,1.0,1.0,1.0
22.4,Female,58.6,1.48,26.89,18.0,210.0,150.7,54.2,1.74,787.2,4.8,3.0,3.5,Endurance,Cardio,1.0,0.0,0.0,1.0,0.0,0.0,1.0
31.0,Female,48.1,1.58,19.27,23.1,181.0,125.0,70.0,1.88,695.0,3.0,2.0,3.3,Endurance,HIIT,0.0,0.0,0.0,0.0,1.0,1.0,1.0
37.3,Male,73.1,1.81,22.4,14.6,175.8,135.7,56.9,1.42,670.1,3.2,1.0,2.8,Athletic Performance,Functional,1.0,1.0,1.0,1.0,1.0,0.0,0.0
37.9,Male,93.7,1.83,27.9,15.3,176.5,170.8,62.1,0.62,992.6,5.4,1.0,3.2,Weight Loss,Cardio,0.0,0.0,0.0,0.0,0.0,0.0,1.0
53.1,Male,80.9,1.85,23.62,9.9,160.6,100.7,69.9,1.26,232.7,5.8,2.0,2.1,Flexibility,Yoga,1.0,0.0,0.0,0.0,1.0,0.0,1.0
28.7,Male,64.3,1.77,20.57,17.1,185.9,176.7,52.7,0.99,883.2,3.9,2.0,3.9,Weight Loss,Cardio,0.0,0.0,0.0,1.0,0.0,0.0,1.0
49.0,Female,62.7,1.6,24.6,30.5,177.4,171.7,63.6,0.78,511.7,3.3,2.0,3.42,Weight Loss,HIIT,1.0,1.0,0.0,1.0,1.0,0.0,1.0
53.0,Male,61.9,1.65,22.8,16.8,167.0,113.7,73.3,1.16,490.5,4.4,3.0,2.4,Muscle Gain,Strength,1.0,1.0,1.0,1.0,0.0,1.0,1.0
47.0,Female,52.9,1.67,18.97,22.9,180.0,142.0,72.0,1.11,770.0,3.0,2.0,1.5,Strength,Strength,1.0,0.0,0.0,0.0,1.0,0.0,0.0
21.3,Male,61.6,1.69,21.52,10.8,190.8,175.0,52.1,0.87,732.6,3.8,3.0,4.2,General Fitness,HIIT,0.0,0.0,0.0,1.0,1.0,0.0,1.0
24.0,Male,40.0,1.82,12.08,25.0,168.0,120.0,74.0,1.28,303.0,3.0,1.0,3.6,Muscle Gain,Strength,1.0,1.0,1.0,1.0,0.0,0.0,1.0
30.3,Female,67.6,1.69,23.57,24.2,194.3,164.9,71.8,1.67,812.1,2.2,1.0,4.07,Weight Loss,Cardio,0.0,0.0,0.0,1.0,1.0,0.0,1.0
48.1,Female,103.3,1.71,35.23,30.9,169.7,137.6,64.0,1.4,1115.3,1.9,1.0,3.87,Weight Loss,Cardio,0.0,0.0,0.0,0.0,1.0,0.0,1.0
26.5,Female,68.0,1.63,25.62,18.4,202.5,103.3,70.4,1.35,235.4,3.6,3.0,2.7,Stress Relief,Yoga,1.0,0.0,0.0,0.0,1.0,0.0,1.0
20.0,Male,95.7,1.85,27.96,23.8,196.0,136.0,58.0,1.44,987.0,3.0,2.0,1.5,General Fitness,HIIT,1.0,0.0,0.0,1.0,0.0,1.0,1.0
31.4,Male,80.0,1.71,27.5,18.1,191.1,150.8,62.4,0.81,689.2,4.7,3.0,2.3,Athletic Performance,Functional,0.0,0.0,1.0,1.0,1.0,0.0,1.0
53.0,Female,102.8,1.72,34.8,35.5,165.8,158.1,61.4,0.54,530.1,4.0,2.0,2.89,Weight Loss,HIIT,1.0,0.0,0.0,0.0,1.0,0.0,1.0
24.8,Male,83.8,1.77,26.75,17.3,183.6,160.8,59.6,1.11,1013.4,4.6,3.0,3.1,Endurance,HIIT,1.0,1.0,1.0,0.0,1.0,1.0,1.0
45.6,Female,75.4,1.72,25.56,23.4,174.7,128.5,69.8,1.94,1289.9,3.4,3.0,3.5,Strength,Strength,1.0,0.0,1.0,1.0,0.0,0.0,1.0
37.0,Female,87.8,1.66,31.99,33.4,176.5,144.3,66.4,2.25,1340.9,2.0,1.0,3.01,Athletic Performance,Functional,,,,,,,
49.6,Female,80.2,1.86,23.29,19.0,177.0,142.9,75.0,1.51,844.2,5.0,3.0,3.32,Weight Loss,Cardio,0.0,0.0,0.0,0.0,1.0,0.0,1.0
49.0,Male,78.1,1.76,25.36,16.9,170.7,133.1,68.1,1.47,701.1,3.9,1.0,3.3,Strength,Strength,0.0,1.0,0.0,0.0,0.0,0.0,1.0
42.0,Male,67.4,1.91,18.48,26.9,191.0,146.0,52.0,1.26,820.9,3.0,3.0,3.7,Endurance,HIIT,1.0,0.0,1.0,1.0,1.0,0.0,1.0
53.8,Female,59.5,1.57,24.25,23.9,173.9,168.9,57.5,0.74,477.6,3.5,1.0,4.3,Endurance,Cardio,0.0,1.0,0.0,0.0,1.0,0.0,1.0
26.3,Female,60.6,1.67,21.86,15.0,202.6,162.9,63.5,0.53,362.5,3.8,1.0,2.9,Weight Loss,Cardio,0.0,0.0,0.0,0.0,1.0,0.0,0.0
35.4,Female,78.2,1.63,29.6,26.9,188.4,111.3,53.3,0.76,426.6,3.6,1.0,2.8,Muscle Gain,Strength,1.0,1.0,1.0,0.0,0.0,0.0,0.0
20.6,Male,97.8,1.73,32.72,24.3,206.7,119.1,59.0,1.23,649.5,3.7,2.0,2.3,Strength,Powerlifting,0.0,1.0,1.0,1.0,1.0,0.0,0.0
54.3,Male,61.9,1.69,21.6,13.9,173.2,168.2,45.0,0.57,554.1,3.6,2.0,2.7,General Fitness,HIIT,1.0,1.0,1.0,1.0,1.0,0.0,1.0
54.6,Female,58.7,1.75,19.18,20.4,168.9,163.9,67.3,1.42,840.2,5.8,1.0,3.4,Weight Loss,Cardio,1.0,0.0,0.0,0.0,0.0,0.0,1.0
18.3,Male,64.5,1.7,22.3,26.3,208.2,160.3,70.2,1.12,416.8,2.0,1.0,3.29,Muscle Gain,Strength,1.0,1.0,1.0,0.0,1.0,1.0,1.0
26.6,Male,82.8,1.76,26.64,9.5,189.4,178.2,63.3,1.27,1391.7,4.5,1.0,3.8,Weight Loss,Cardio,0.0,0.0,0.0,1.0,0.0,0.0,1.0
31.4,Male,69.9,1.74,23.02,16.4,178.4,163.1,56.9,0.62,595.5,5.6,1.0,3.4,General Fitness,Cardio,1.0,0.0,0.0,1.0,0.0,0.0,1.0
24.4,Male,80.6,1.88,22.73,9.8,193.3,112.5,62.1,0.76,173.6,3.2,1.0,2.5,General Fitness,Yoga,0.0,0.0,0.0,0.0,0.0,1.0,1.0
33.0,Male,50.5,1.76,16.3,12.8,192.0,156.0,72.0,1.25,768.0,4.0,2.0,1.7,Weight Loss,Cardio,0.0,0.0,0.0,0.0,1.0,0.0,1.0
22.8,Female,61.9,1.53,26.32,19.2,193.3,179.1,51.7,1.29,1202.7,3.6,3.0,3.0,Weight Loss,Cardio,0.0,0.0,0.0,1.0,1.0,0.0,1.0
28.8,Male,68.7,1.89,19.29,18.8,194.9,147.7,52.0,1.34,627.0,4.2,2.0,3.34,Muscle Gain,Strength,1.0,1.0,1.0,1.0,0.0,1.0,1.0
26.3,Male,62.0,1.74,20.39,10.3,193.7,154.1,65.0,1.52,1375.6,4.3,2.0,3.2,Endurance,Cardio,0.0,0.0,0.0,0.0,0.0,0.0,0.0
38.4,Male,57.2,1.57,23.27,12.9,185.3,157.4,46.0,0.85,404.2,3.5,3.0,3.1,Endurance,Cardio,0.0,0.0,0.0,0.0,0.0,0.0,1.0
39.8,Male,45.0,1.69,15.79,18.2,178.0,136.5,60.4,1.31,345.7,3.2,2.0,3.43,Muscle Gain,Strength,1.0,1.0,0.0,1.0,0.0,0.0,1.0
18.6,Male,46.5,1.7,16.0,17.4,192.6,185.5,72.6,0.6,319.2,3.2,2.0,3.19,General Fitness,HIIT,0.0,0.0,0.0,0.0,1.0,0.0,1.0
34.3,Female,74.9,1.71,25.71,16.2,201.3,150.9,53.2,1.05,1133.3,4.9,2.0,3.0,Weight Loss,HIIT,1.0,0.0,0.0,1.0,1.0,0.0,1.0
18.0,Male,40.0,1.8,12.35,32.5,168.0,113.0,58.0,0.5,729.0,3.0,3.0,3.7,Strength,Strength,1.0,1.0,1.0,1.0,1.0,0.0,1.0
20.2,Male,88.8,2.03,21.62,19.1,201.9,176.2,72.3,1.28,808.8,2.5,2.0,3.69,General Fitness,Cardio,0.0,0.0,1.0,0.0,0.0,0.0,1.0
21.3,Female,68.0,1.66,24.71,20.8,200.3,186.2,55.7,1.19,1596.5,4.1,2.0,4.6,General Fitness,HIIT,1.0,1.0,0.0,0.0,1.0,0.0,0.0
49.0,Female,97.4,1.67,34.92,30.4,171.0,132.0,72.0,1.97,1091.0,3.0,1.0,3.6,Weight Loss,Cardio,0.0,1.0,0.0,1.0,1.0,0.0,1.0
56.0,Male,51.5,1.66,18.69,24.2,198.0,167.0,70.0,2.0,843.0,3.0,3.0,2.4,Strength,Strength,1.0,0.0,1.0,1.0,1.0,1.0,1.0
26.9,Male,74.0,1.7,25.46,13.4,193.3,127.4,58.9,1.38,1028.9,4.4,1.0,3.0,General Fitness,Functional,0.0,0.0,1.0,1.0,0.0,0.0,1.0
29.3,Male,93.4,1.86,26.97,17.3,184.9,90.5,75.1,0.75,203.2,2.8,2.0,2.1,Flexibility,Yoga,0.0,1.0,0.0,0.0,1.0,0.0,1.0
37.1,Male,73.8,1.75,24.01,18.8,193.0,173.5,55.6,1.02,1054.1,5.2,3.0,3.3,Endurance,Cardio,1.0,0.0,0.0,1.0,0.0,0.0,1.0
39.5,Female,65.4,1.64,24.31,27.9,186.6,152.6,67.5,1.1,731.9,4.7,2.0,3.6,Muscle Gain,Functional,1.0,0.0,1.0,1.0,1.0,1.0,1.0
31.5,Female,58.5,1.51,25.52,25.0,188.8,154.4,81.7,1.08,497.5,3.2,3.0,3.1,Athletic Performance,Functional,1.0,0.0,0.0,0.0,0.0,1.0,1.0
27.2,Male,68.0,1.73,22.75,21.8,192.5,141.1,65.3,1.19,668.8,3.6,1.0,3.2,Strength,Strength,1.0,1.0,1.0,1.0,1.0,1.0,1.0
44.4,Male,76.7,1.71,26.38,13.1,180.9,141.7,64.0,0.97,547.7,4.5,1.0,3.1,Muscle Gain,Strength,1.0,1.0,0.0,0.0,1.0,0.0,1.0
19.0,Male,40.0,1.59,15.82,27.1,187.0,152.0,73.0,1.52,948.0,3.0,2.0,1.6,Muscle Gain,Strength,0.0,1.0,1.0,1.0,0.0,0.0,1.0
24.0,Male,47.6,1.51,20.88,22.6,175.0,120.0,70.0,0.78,583.0,5.0,1.0,1.7,Muscle Gain,Strength,0.0,1.0,1.0,1.0,0.0,0.0,0.0
37.2,Female,50.4,1.62,19.2,22.6,191.6,149.9,60.4,1.0,391.1,3.8,2.0,2.8,General Fitness,Functional,0.0,0.0,1.0,1.0,0.0,1.0,0.0
18.0,Female,46.0,1.54,19.3,22.7,200.3,164.6,66.1,1.09,867.3,4.0,2.0,3.8,Weight Loss,HIIT,1.0,0.0,0.0,1.0,0.0,0.0,1.0
32.3,Female,56.5,1.71,19.43,19.6,184.9,116.8,49.2,0.84,89.0,4.7,1.0,2.6,Flexibility,Yoga,0.0,0.0,0.0,0.0,1.0,0.0,1.0
19.7,Male,53.9,1.68,19.1,15.1,200.4,168.8,53.7,0.82,584.3,3.5,3.0,3.3,Endurance,Cardio,0.0,0.0,1.0,0.0,1.0,1.0,1.0
41.4,Male,63.5,1.7,21.94,20.2,177.9,135.8,67.5,0.89,359.3,3.6,2.0,3.02,Muscle Gain,Strength,1.0,1.0,1.0,0.0,0.0,1.0,1.0
35.1,Female,68.1,1.59,26.9,25.3,182.1,114.0,78.1,0.94,176.9,4.2,2.0,2.3,Flexibility,Yoga,0.0,0.0,0.0,0.0,1.0,0.0,1.0
39.6,Male,70.6,1.75,23.06,20.7,173.4,135.1,66.8,1.41,953.4,3.2,3.0,2.8,General Fitness,Functional,1.0,1.0,1.0,1.0,1.0,0.0,1.0
36.7,Male,85.8,1.74,28.43,17.7,194.6,115.1,73.4,1.57,568.6,4.1,3.0,2.2,Muscle Gain,Powerlifting,0.0,1.0,0.0,0.0,1.0,0.0,0.0
27.0,Male,72.8,1.71,24.98,12.9,182.3,138.8,61.7,0.88,443.4,3.8,3.0,2.3,Muscle Gain,Strength,1.0,1.0,0.0,0.0,0.0,0.0,0.0
32.7,Female,57.1,1.61,21.94,24.3,178.0,173.0,48.8,0.41,413.2,2.9,2.0,3.7,Weight Loss,HIIT,0.0,1.0,0.0,1.0,0.0,1.0,1.0
67.0,Female,60.3,1.66,21.97,24.6,151.7,143.2,57.8,1.08,639.3,3.0,3.0,,General Fitness,Functional,0.0,0.0,1.0,1.0,1.0,1.0,1.0
48.0,Female,65.1,1.79,20.32,23.5,189.0,120.0,74.0,1.26,325.0,5.0,3.0,2.1,Strength,Strength,1.0,1.0,1.0,0.0,0.0,0.0,0.0
18.0,Female,87.4,1.87,24.99,27.6,182.0,162.0,65.0,1.37,1303.0,2.0,3.0,3.6,Muscle Gain,Strength,1.0,1.0,1.0,0.0,1.0,0.0,1.0
31.9,Male,81.7,1.73,27.35,18.8,196.9,129.1,53.6,0.76,415.2,4.8,2.0,1.7,Muscle Gain,Strength,1.0,0.0,0.0,0.0,0.0,0.0,0.0
21.2,Female,50.5,1.59,20.04,16.8,197.7,140.3,56.3,0.51,326.1,3.4,1.0,2.7,Endurance,Cardio,0.0,0.0,1.0,0.0,0.0,0.0,1.0
58.0,Female,105.7,1.65,38.82,32.0,171.0,136.0,71.0,1.22,841.0,3.0,3.0,3.4,Weight Loss,Cardio,0.0,0.0,0.0,0.0,1.0,1.0,1.0
18.9,Male,68.3,1.82,20.63,8.0,203.0,156.7,56.0,1.0,1023.5,2.3,2.0,3.0,Endurance,HIIT,1.0,1.0,0.0,0.0,0.0,0.0,0.0
52.3,Female,45.4,1.79,14.14,22.6,174.7,168.1,70.6,0.77,353.8,1.9,2.0,3.69,Endurance,HIIT,0.0,0.0,0.0,1.0,0.0,0.0,1.0
22.6,Female,58.6,1.59,23.22,20.3,210.0,148.4,57.2,0.8,391.8,4.0,1.0,2.6,Athletic Performance,Functional,0.0,0.0,0.0,0.0,1.0,1.0,1.0
22.4,Male,65.1,1.63,24.64,19.5,210.0,92.6,59.9,0.66,63.5,4.5,3.0,1.9,Flexibility,Yoga,0.0,0.0,0.0,0.0,0.0,0.0,1.0
29.4,Male,85.6,1.78,27.0,13.3,188.2,106.3,74.7,0.71,186.2,5.1,2.0,2.4,Stress Relief,Yoga,0.0,0.0,0.0,1.0,1.0,0.0,1.0
33.0,Male,76.8,1.72,25.96,31.8,193.0,126.0,69.0,1.26,790.0,4.0,1.0,3.3,Endurance,HIIT,1.0,0.0,0.0,1.0,0.0,1.0,1.0
24.2,Male,45.0,1.84,13.26,15.9,192.9,158.3,70.5,1.69,518.2,3.0,2.0,3.75,General Fitness,Functional,,,,,,,
26.8,Male,73.4,1.77,23.44,20.3,185.8,132.9,66.4,1.22,716.0,3.6,2.0,3.3,Strength,Strength,1.0,1.0,0.0,0.0,1.0,0.0,1.0
21.8,Female,59.2,1.65,21.74,17.2,202.3,148.0,58.3,1.51,851.1,5.3,3.0,3.8,Endurance,Cardio,1.0,0.0,0.0,0.0,0.0,1.0,1.0
18.0,Female,54.2,1.68,19.2,14.1,199.0,137.0,74.0,1.67,972.0,2.0,2.0,3.4,General Fitness,HIIT,0.0,1.0,0.0,0.0,0.0,1.0,1.0
20.1,Female,56.1,1.74,18.57,18.2,201.3,124.8,60.7,0.76,140.9,3.4,3.0,2.83,General Fitness,Yoga,0.0,0.0,0.0,0.0,1.0,1.0,1.0
19.3,Female,65.2,1.6,25.53,14.7,199.0,177.4,68.5,0.79,665.5,3.0,2.0,3.1,Endurance,HIIT,0.0,0.0,0.0,1.0,0.0,1.0,0.0
22.9,Female,55.3,1.59,21.75,21.6,199.6,116.3,83.4,1.5,309.5,2.9,2.0,2.8,Stress Relief,Yoga,0.0,0.0,0.0,0.0,0.0,1.0,1.0
33.0,Male,41.9,1.59,16.57,24.6,166.0,165.0,50.0,2.0,898.0,3.0,2.0,3.2,Strength,Strength,0.0,1.0,1.0,1.0,0.0,0.0,0.0
20.5,Male,68.0,1.78,21.43,16.5,197.2,148.6,77.0,1.38,1055.5,3.4,3.0,3.4,Athletic Performance,Functional,1.0,0.0,1.0,1.0,0.0,1.0,1.0
30.0,Female,57.7,1.76,18.63,23.2,160.0,152.0,59.0,1.82,314.0,4.0,3.0,1.8,Endurance,Cardio,0.0,0.0,1.0,0.0,0.0,0.0,1.0
54.9,Female,51.0,1.62,19.35,22.2,175.2,90.3,63.6,1.09,126.1,4.0,2.0,2.2,Flexibility,Yoga,0.0,0.0,0.0,0.0,0.0,0.0,1.0
63.7,Female,83.6,1.73,27.81,18.1,160.2,127.1,62.6,1.48,985.1,3.4,3.0,2.8,Muscle Gain,Strength,1.0,1.0,1.0,1.0,1.0,0.0,0.0
32.5,Male,71.5,1.71,24.37,18.4,184.0,159.3,68.7,1.18,723.3,4.3,3.0,3.0,General Fitness,Functional,1.0,0.0,0.0,1.0,1.0,1.0,1.0
30.8,Female,50.5,1.6,19.84,20.6,194.1,108.9,60.3,0.93,112.1,2.8,3.0,1.6,General Fitness,Yoga,0.0,0.0,0.0,0.0,1.0,0.0,0.0
24.3,Female,66.0,1.58,26.56,22.8,196.8,147.2,69.9,1.22,941.1,3.8,1.0,2.6,Athletic Performance,Functional,1.0,1.0,0.0,1.0,0.0,0.0,1.0
26.0,Male,47.3,2.01,11.71,8.6,184.1,160.0,75.4,1.22,411.9,2.7,2.0,2.48,Endurance,Cardio,0.0,0.0,0.0,0.0,0.0,0.0,1.0
19.6,Male,62.8,1.68,22.34,9.1,199.7,154.6,49.5,0.91,545.5,2.7,3.0,3.6,Endurance,HIIT,1.0,0.0,1.0,1.0,1.0,0.0,1.0
20.0,Male,80.7,1.76,26.03,12.8,205.4,142.0,64.3,0.89,473.5,4.4,2.0,3.6,Muscle Gain,Functional,0.0,1.0,0.0,1.0,1.0,0.0,1.0
54.8,Female,79.6,1.67,28.66,31.6,166.3,123.8,64.1,2.02,719.7,4.8,2.0,2.9,Muscle Gain,Powerlifting,1.0,1.0,1.0,0.0,1.0,0.0,0.0
23.7,Male,66.5,1.8,20.46,18.8,190.3,133.2,70.3,1.18,475.8,3.6,1.0,3.1,Muscle Gain,Functional,0.0,1.0,1.0,1.0,1.0,0.0,1.0
41.5,Female,63.2,1.59,25.03,18.1,183.9,138.1,55.5,1.72,801.0,4.1,1.0,,Strength,Strength,1.0,1.0,1.0,1.0,1.0,0.0,0.0
25.4,Female,63.4,1.61,24.31,21.1,203.3,119.4,73.1,1.44,701.6,3.0,2.0,3.2,Strength,Strength,1.0,1.0,0.0,0.0,0.0,0.0,0.0
25.9,Male,78.5,1.71,26.75,13.7,202.0,152.0,62.3,1.37,1065.3,3.5,2.0,3.8,General Fitness,Functional,1.0,0.0,1.0,1.0,0.0,1.0,0.0
37.9,Female,52.3,1.56,21.47,17.8,182.5,171.7,77.6,0.51,288.0,4.2,2.0,3.3,Weight Loss,Cardio,0.0,0.0,0.0,0.0,0.0,1.0,1.0
39.6,Male,101.1,1.85,29.46,15.5,179.9,141.8,66.2,1.14,824.2,3.6,3.0,3.4,General Fitness,Strength,1.0,1.0,1.0,1.0,0.0,0.0,1.0
46.5,Male,80.1,1.73,26.88,20.2,173.6,126.0,70.8,1.09,649.1,4.8,2.0,3.1,Strength,Strength,1.0,0.0,0.0,1.0,1.0,0.0,0.0
55.0,Female,91.1,1.85,26.62,31.8,190.0,149.0,74.0,1.49,649.0,3.0,1.0,3.0,Strength,Strength,1.0,0.0,1.0,0.0,0.0,0.0,1.0
18.0,Male,65.3,1.6,25.51,23.6,177.0,153.0,74.0,0.96,820.9,4.0,1.0,2.4,Strength,Strength,0.0,1.0,1.0,0.0,0.0,1.0,1.0
25.6,Female,68.4,1.57,27.69,18.3,193.5,112.8,58.9,0.9,414.5,3.2,2.0,3.0,Strength,Strength,1.0,1.0,1.0,0.0,1.0,0.0,0.0
48.1,Male,70.8,1.86,20.36,18.5,167.2,158.9,61.6,0.66,522.0,3.2,1.0,3.1,Athletic Performance,Functional,0.0,0.0,0.0,1.0,0.0,1.0,1.0
28.7,Female,58.8,1.65,21.61,18.4,210.0,154.8,55.6,1.19,840.1,4.4,1.0,3.9,Athletic Performance,Functional,0.0,0.0,1.0,1.0,1.0,0.0,1.0
16.0,Male,78.7,1.93,21.24,19.3,199.0,149.3,65.6,2.13,1026.8,3.7,2.0,3.5,General Fitness,Strength,1.0,1.0,1.0,0.0,0.0,0.0,1.0
24.8,Female,80.6,1.81,24.5,24.7,194.4,110.6,62.2,1.93,839.1,4.6,2.0,2.9,Strength,Strength,1.0,0.0,1.0,1.0,0.0,0.0,1.0
26.0,Male,44.0,1.6,17.19,21.1,190.0,125.0,68.0,1.06,1246.0,2.0,2.0,2.7,Strength,Strength,1.0,1.0,0.0,1.0,0.0,0.0,0.0
31.1,Female,74.5,1.61,28.76,31.5,189.1,124.0,59.0,1.47,760.6,3.6,2.0,2.4,Muscle Gain,Powerlifting,1.0,1.0,1.0,0.0,1.0,0.0,0.0
28.9,Male,83.5,1.89,23.37,29.1,186.3,156.0,71.8,1.68,931.3,2.7,2.0,3.49,Muscle Gain,Functional,,,,,,,
33.6,Female,67.1,1.66,24.28,17.4,178.0,173.0,51.0,0.36,311.4,4.8,2.0,3.7,Weight Loss,HIIT,1.0,0.0,1.0,0.0,0.0,0.0,1.0
33.7,Male,75.6,1.76,24.43,13.2,181.9,160.6,57.1,1.07,1181.3,4.8,3.0,3.4,Endurance,Cardio,0.0,0.0,0.0,0.0,1.0,0.0,1.0
35.7,Female,80.6,1.71,27.53,20.4,180.4,126.4,70.0,1.0,308.8,5.6,3.0,3.92,Stress Relief,Yoga,0.0,0.0,0.0,0.0,1.0,1.0,1.0
37.2,Male,82.9,1.83,24.76,17.2,192.3,164.8,62.3,0.76,722.4,3.0,3.0,2.8,Endurance,HIIT,1.0,0.0,0.0,1.0,0.0,0.0,1.0
41.2,Female,74.4,1.62,28.3,25.6,175.6,105.3,73.7,1.03,323.7,4.6,3.0,1.8,Muscle Gain,Powerlifting,1.0,1.0,1.0,1.0,0.0,0.0,0.0
26.2,Female,65.8,1.63,24.79,27.8,187.7,139.7,61.8,1.39,967.1,4.8,1.0,2.4,General Fitness,Functional,1.0,0.0,0.0,1.0,1.0,1.0,1.0
28.5,Male,63.7,1.55,26.51,21.2,183.2,134.4,70.6,1.62,866.0,4.5,3.0,3.2,Muscle Gain,Powerlifting,1.0,1.0,0.0,0.0,0.0,0.0,1.0
22.6,Male,64.9,1.62,24.82,13.2,189.0,135.5,51.4,1.35,580.4,3.4,2.0,2.7,Strength,Strength,1.0,1.0,1.0,1.0,1.0,0.0,1.0
48.0,Female,49.3,1.74,16.28,19.2,179.0,142.0,74.0,1.31,723.0,4.0,3.0,3.5,Weight Loss,HIIT,0.0,1.0,0.0,1.0,1.0,0.0,0.0
60.7,Female,54.1,1.66,19.69,27.7,155.7,138.1,62.9,0.52,293.3,2.8,2.0,3.13,Weight Loss,HIIT,1.0,0.0,1.0,1.0,0.0,0.0,0.0
33.3,Female,60.2,1.55,24.91,23.0,196.0,159.3,60.0,1.25,662.9,3.1,1.0,4.3,Muscle Gain,Functional,0.0,0.0,0.0,1.0,1.0,0.0,1.0
37.6,Female,63.1,1.9,17.51,27.6,183.8,161.2,70.8,1.57,706.2,2.6,1.0,3.69,Weight Loss,Cardio,0.0,0.0,0.0,0.0,0.0,1.0,1.0
36.0,Male,47.2,1.83,14.09,29.9,181.0,146.0,54.0,1.3,775.0,4.0,1.0,3.4,Weight Loss,HIIT,1.0,1.0,0.0,0.0,0.0,1.0,1.0
38.0,Male,76.2,1.8,23.4,9.9,186.8,159.0,61.0,0.93,1141.2,3.8,2.0,2.8,Weight Loss,HIIT,1.0,0.0,0.0,0.0,1.0,0.0,0.0
26.7,Female,51.5,1.61,19.85,25.1,180.6,134.2,74.4,1.44,815.6,3.3,2.0,2.9,General Fitness,Functional,1.0,0.0,0.0,1.0,1.0,1.0,1.0
53.6,Female,69.6,1.59,27.39,31.3,166.2,106.5,68.8,1.22,539.2,4.5,2.0,2.1,Strength,Powerlifting,1.0,1.0,0.0,0.0,1.0,0.0,0.0
33.0,Male,74.6,1.58,29.88,15.6,172.0,165.0,68.0,1.4,1271.0,2.0,2.0,2.7,General Fitness,Strength,1.0,1.0,1.0,1.0,0.0,1.0,1.0
37.6,Male,65.2,1.74,21.57,18.3,174.8,129.4,64.8,1.46,847.0,3.8,2.0,2.7,Muscle Gain,Strength,1.0,1.0,1.0,0.0,0.0,0.0,0.0
59.0,Male,66.9,1.57,27.14,27.5,178.0,120.0,71.0,1.44,1153.0,2.0,2.0,3.3,Strength,Strength,1.0,1.0,1.0,0.0,1.0,0.0,1.0
37.0,Male,75.8,1.63,28.53,26.5,192.0,131.0,64.0,0.98,921.0,4.0,1.0,1.5,Muscle Gain,Strength,1.0,0.0,0.0,0.0,0.0,0.0,1.0
18.7,Male,68.8,1.58,27.42,8.2,199.4,149.9,53.2,1.3,1272.7,4.3,1.0,2.6,Weight Loss,Cardio,0.0,0.0,0.0,0.0,1.0,0.0,1.0
46.0,Female,65.5,1.58,26.33,21.7,175.4,142.9,55.4,1.01,502.4,5.7,1.0,2.7,Weight Loss,Cardio,0.0,0.0,0.0,1.0,0.0,0.0,1.0
46.0,Female,61.2,1.79,19.1,22.6,190.0,157.0,72.0,1.05,947.0,3.0,1.0,2.5,Strength,Strength,0.0,1.0,1.0,0.0,0.0,1.0,0.0
20.9,Female,66.1,1.6,25.77,21.0,191.5,185.8,50.9,0.42,373.6,4.0,3.0,4.2,Endurance,HIIT,1.0,0.0,0.0,1.0,1.0,0.0,1.0
37.7,Male,68.0,1.89,19.03,12.3,185.9,135.4,52.6,1.46,792.5,3.3,2.0,1.9,General Fitness,Functional,0.0,1.0,0.0,1.0,1.0,0.0,1.0
26.2,Male,88.2,1.87,25.3,18.5,197.4,119.5,71.1,1.65,916.4,4.3,2.0,2.6,General Fitness,Strength,1.0,1.0,1.0,1.0,0.0,1.0,0.0
30.0,Female,55.6,1.55,23.06,23.2,180.9,175.9,65.3,0.71,712.2,4.2,3.0,3.2,Endurance,HIIT,1.0,0.0,1.0,1.0,0.0,0.0,1.0
20.0,Female,82.6,1.6,32.27,22.9,174.0,149.0,63.0,2.0,775.0,2.0,2.0,3.3,Endurance,HIIT,0.0,1.0,0.0,0.0,1.0,0.0,1.0
42.5,Male,75.5,1.82,22.78,16.5,164.9,147.1,55.1,1.03,924.7,5.5,3.0,3.3,Weight Loss,Cardio,1.0,0.0,0.0,0.0,0.0,0.0,1.0
51.0,Female,66.4,1.77,21.19,33.1,184.0,147.0,55.0,0.97,1531.0,3.0,3.0,3.6,Weight Loss,HIIT,0.0,0.0,0.0,1.0,0.0,0.0,1.0
19.0,Male,58.6,1.64,21.79,10.0,187.0,135.0,66.0,1.18,1564.0,3.0,2.0,3.4,Muscle Gain,Strength,1.0,1.0,1.0,1.0,0.0,1.0,1.0
55.2,Female,115.2,1.61,44.55,35.3,166.5,127.8,64.8,1.26,907.1,2.5,1.0,3.62,Strength,Strength,1.0,1.0,1.0,1.0,0.0,0.0,1.0
30.0,Female,54.3,1.82,16.39,25.4,185.0,168.0,66.0,1.4,1415.0,3.0,1.0,3.6,Muscle Gain,Strength,1.0,0.0,1.0,0.0,0.0,0.0,0.0
27.0,Female,40.0,1.76,12.91,28.0,192.0,169.0,56.0,2.0,602.0,3.0,3.0,3.4,Weight Loss,HIIT,1.0,0.0,0.0,0.0,0.0,1.0,0.0
62.4,Male,100.7,1.77,32.18,19.2,156.6,119.9,69.2,1.43,1003.9,3.7,2.0,2.4,Muscle Gain,Powerlifting,1.0,1.0,0.0,1.0,0.0,0.0,0.0
32.8,Female,64.3,1.55,26.87,24.8,181.5,92.7,62.7,0.93,133.6,3.4,2.0,2.1,General Fitness,Yoga,0.0,0.0,0.0,0.0,1.0,1.0,1.0
19.9,Male,85.2,1.74,28.05,16.2,200.4,129.6,65.5,1.71,1049.1,4.2,1.0,3.5,Muscle Gain,Strength,1.0,0.0,1.0,1.0,0.0,0.0,0.0
26.3,Male,69.1,1.75,22.6,11.9,195.1,99.1,69.3,0.93,128.6,6.0,1.0,2.2,General Fitness,Yoga,0.0,0.0,0.0,0.0,0.0,0.0,1.0
39.7,Female,81.3,1.79,25.48,26.2,179.9,137.0,62.4,1.91,1044.3,3.5,1.0,3.36,Muscle Gain,Strength,1.0,0.0,1.0,0.0,0.0,0.0,0.0
36.4,Female,76.2,1.75,24.98,22.5,174.3,158.2,56.9,1.55,1428.1,4.9,1.0,4.2,Endurance,Cardio,1.0,0.0,0.0,0.0,0.0,1.0,1.0
35.1,Female,62.1,1.45,29.52,31.9,176.8,114.9,62.2,1.46,535.6,4.2,3.0,2.4,Strength,Powerlifting,1.0,1.0,0.0,1.0,1.0,0.0,0.0
28.4,Male,66.8,1.7,23.19,10.5,189.7,155.6,62.9,0.96,788.2,3.0,3.0,3.5,Endurance,Cardio,0.0,0.0,0.0,0.0,1.0,0.0,1.0
39.9,Male,73.1,1.66,26.39,20.0,172.2,124.8,67.1,1.05,310.8,3.2,2.0,2.5,Muscle Gain,Powerlifting,0.0,1.0,0.0,0.0,0.0,0.0,0.0
25.0,Male,61.3,1.77,19.57,35.0,173.0,167.0,50.0,1.88,1760.0,4.0,2.0,3.1,Muscle Gain,Strength,1.0,1.0,1.0,0.0,1.0,1.0,1.0
18.0,Male,40.9,1.87,11.7,17.1,160.0,140.0,50.0,1.28,1261.0,4.0,2.0,2.1,Endurance,HIIT,0.0,0.0,0.0,0.0,1.0,0.0,1.0
20.9,Female,93.9,1.57,38.34,31.3,202.1,189.0,67.6,0.81,769.4,1.8,1.0,3.86,Weight Loss,HIIT,1.0,0.0,0.0,1.0,0.0,1.0,1.0
30.0,Male,67.4,1.79,21.04,18.9,185.0,169.0,59.0,1.27,1398.0,5.0,3.0,3.4,Weight Loss,Cardio,1.0,0.0,0.0,0.0,0.0,0.0,1.0
26.0,Male,72.8,1.57,29.53,29.8,196.0,138.0,61.0,1.04,1382.0,2.0,3.0,3.4,Muscle Gain,Strength,1.0,0.0,0.0,1.0,0.0,0.0,0.0
27.3,Male,79.7,1.73,26.54,15.4,193.7,150.6,50.8,0.74,481.2,5.5,3.0,2.6,Weight Loss,Cardio,0.0,1.0,0.0,0.0,0.0,0.0,1.0
43.6,Female,81.0,1.88,22.9,31.9,181.2,137.4,67.5,1.26,629.4,2.4,1.0,3.06,Muscle Gain,Strength,0.0,1.0,1.0,1.0,0.0,1.0,1.0
55.8,Male,78.4,1.72,26.48,14.4,170.0,140.6,57.2,0.55,498.3,4.7,1.0,2.3,Endurance,Cardio,0.0,0.0,0.0,0.0,0.0,0.0,1.0
26.4,Female,53.6,1.64,19.86,21.5,196.7,112.2,56.6,0.85,98.9,4.6,3.0,1.9,Stress Relief,Yoga,0.0,0.0,0.0,0.0,0.0,1.0,1.0
33.8,Female,66.5,1.57,27.02,24.2,174.7,165.8,55.1,1.32,742.0,3.9,1.0,3.6,Weight Loss,Cardio,0.0,0.0,0.0,1.0,0.0,0.0,1.0
18.0,Female,76.1,1.64,28.29,34.8,196.0,169.0,63.0,1.43,686.0,3.0,3.0,1.5,General Fitness,Cardio,1.0,1.0,0.0,0.0,1.0,0.0,1.0
27.1,Male,76.6,1.73,25.48,20.8,183.9,142.2,54.8,1.35,1144.2,4.0,1.0,2.9,General Fitness,Functional,1.0,0.0,0.0,1.0,1.0,1.0,1.0
53.0,Male,59.5,1.73,19.79,14.8,174.8,147.9,66.5,0.78,340.0,4.5,3.0,2.53,Endurance,Cardio,1.0,1.0,0.0,0.0,0.0,0.0,1.0
50.6,Female,101.0,1.62,38.72,36.8,171.4,136.8,66.7,1.77,1120.3,3.5,1.0,3.43,Strength,Strength,0.0,1.0,1.0,1.0,1.0,0.0,1.0
41.1,Male,95.1,1.92,25.81,20.3,185.7,127.1,72.8,1.75,1149.5,3.5,2.0,2.9,Strength,Strength,1.0,1.0,1.0,1.0,1.0,0.0,0.0
46.0,Female,73.0,1.73,24.39,25.1,164.0,150.0,54.0,1.87,1037.0,2.0,2.0,3.4,Endurance,Cardio,0.0,0.0,0.0,0.0,0.0,0.0,1.0
25.1,Female,80.8,1.73,27.06,26.7,191.5,141.8,78.6,1.8,890.3,4.1,2.0,3.4,Muscle Gain,Strength,1.0,1.0,1.0,1.0,1.0,1.0,1.0
24.1,Female,55.7,1.58,22.26,25.6,188.5,146.1,73.1,1.13,539.2,3.4,2.0,3.2,Muscle Gain,Functional,0.0,0.0,0.0,1.0,1.0,1.0,1.0
48.8,Female,70.2,1.67,25.32,14.8,179.2,168.1,60.3,1.24,709.7,4.6,1.0,3.5,Endurance,Cardio,0.0,1.0,0.0,0.0,1.0,0.0,1.0
31.4,Male,75.3,1.9,20.75,12.8,179.6,130.5,67.2,1.19,622.5,3.4,1.0,2.2,General Fitness,Functional,1.0,1.0,0.0,1.0,0.0,1.0,1.0
50.9,Female,49.2,1.59,19.45,21.0,160.6,155.6,45.0,0.82,497.0,4.1,3.0,3.2,Weight Loss,Cardio,0.0,1.0,0.0,1.0,0.0,0.0,1.0
26.5,Female,69.7,1.61,26.84,17.3,193.6,172.5,50.3,0.88,569.5,4.4,1.0,3.3,Weight Loss,Cardio,0.0,0.0,0.0,0.0,0.0,1.0,1.0
29.4,Female,56.0,1.69,19.74,,187.9,105.5,76.1,0.86,124.6,5.8,3.0,2.2,General Fitness,Yoga,1.0,0.0,0.0,0.0,1.0,0.0,1.0
44.3,Male,98.9,1.93,26.53,9.4,183.1,157.8,60.7,0.93,1146.9,4.1,3.0,3.1,Weight Loss,Cardio,0.0,0.0,0.0,0.0,0.0,0.0,1.0
19.9,Male,75.5,1.69,26.3,20.2,200.9,134.6,71.0,1.29,785.8,4.1,1.0,2.6,Muscle Gain,Functional,1.0,0.0,0.0,1.0,0.0,1.0,1.0
24.8,Female,45.0,1.75,14.7,24.2,188.4,154.8,82.9,1.35,373.0,2.8,1.0,3.44,Muscle Gain,Strength,1.0,1.0,1.0,1.0,1.0,0.0,0.0
32.0,Male,93.2,1.7,32.27,26.3,186.4,155.4,72.8,1.48,977.2,2.7,1.0,3.57,General Fitness,Cardio,0.0,1.0,0.0,0.0,0.0,0.0,1.0
33.0,Female,82.7,1.79,25.81,31.8,191.0,124.0,65.0,1.15,823.0,3.0,1.0,1.8,General Fitness,HIIT,1.0,1.0,0.0,0.0,0.0,1.0,1.0
23.2,Female,82.2,1.71,27.99,22.6,173.6,162.7,57.4,0.91,1295.4,3.2,3.0,3.4,Weight Loss,HIIT,1.0,0.0,0.0,0.0,0.0,0.0,1.0
22.1,Female,68.0,1.6,26.54,19.2,201.1,118.9,69.9,0.96,352.7,4.9,2.0,2.8,Strength,Strength,1.0,0.0,1.0,1.0,1.0,0.0,1.0
56.2,Female,81.6,1.51,35.92,34.4,158.1,104.3,65.3,1.03,292.1,4.9,3.0,3.88,Flexibility,Yoga,0.0,0.0,0.0,0.0,1.0,0.0,1.0
48.0,Female,79.1,1.63,29.77,35.0,168.0,135.0,53.0,1.15,1302.0,4.0,1.0,3.3,Muscle Gain,Strength,1.0,1.0,1.0,1.0,0.0,0.0,0.0
49.2,Female,64.0,1.59,25.28,20.9,150.1,145.1,45.0,1.0,727.8,3.7,2.0,3.8,Weight Loss,HIIT,0.0,0.0,0.0,1.0,1.0,1.0,0.0
20.5,Male,70.6,1.81,21.51,19.4,196.1,121.4,64.2,1.79,589.8,3.6,2.0,3.0,Muscle Gain,Powerlifting,1.0,1.0,1.0,1.0,0.0,1.0,1.0
36.6,Male,97.8,1.78,30.87,22.7,192.9,119.3,69.5,1.22,480.9,3.6,2.0,2.6,Muscle Gain,Powerlifting,0.0,0.0,0.0,0.0,0.0,0.0,0.0
26.5,Male,61.1,1.73,20.51,19.6,196.9,186.3,79.4,0.65,498.7,2.5,1.0,3.18,Weight Loss,HIIT,0.0,0.0,0.0,0.0,0.0,0.0,1.0
43.0,Male,112.0,1.71,38.3,31.2,166.0,146.0,58.0,1.62,815.0,3.0,1.0,2.6,Endurance,HIIT,1.0,0.0,0.0,1.0,0.0,0.0,1.0
30.6,Male,77.9,1.86,22.63,,195.2,122.3,63.6,1.07,657.1,3.4,2.0,2.9,General Fitness,Strength,1.0,1.0,1.0,0.0,1.0,1.0,1.0
32.3,Female,64.5,1.72,21.85,19.0,198.8,156.7,60.5,1.17,873.7,3.7,1.0,3.3,General Fitness,Functional,1.0,1.0,0.0,1.0,0.0,1.0,1.0
25.4,Female,57.6,1.61,22.27,27.1,200.7,134.2,71.0,0.83,276.1,4.1,3.0,2.8,Muscle Gain,Strength,1.0,1.0,1.0,1.0,1.0,0.0,0.0
45.9,Male,49.3,1.73,16.57,26.2,167.1,130.1,69.7,0.87,266.5,4.2,2.0,2.43,General Fitness,Strength,1.0,1.0,1.0,0.0,0.0,0.0,0.0
23.0,Male,85.1,1.79,26.56,23.7,194.0,138.0,55.0,1.16,829.0,4.0,2.0,2.6,Muscle Gain,Strength,1.0,0.0,1.0,0.0,0.0,1.0,1.0
24.2,Female,70.9,1.83,21.29,22.9,200.1,166.5,72.1,0.8,410.4,2.5,1.0,3.67,Weight Loss,Cardio,0.0,0.0,0.0,0.0,1.0,0.0,1.0
46.9,Female,71.3,1.71,24.47,15.1,180.3,175.3,54.2,0.75,964.4,2.2,3.0,3.3,Weight Loss,HIIT,0.0,0.0,0.0,1.0,0.0,0.0,1.0
16.0,Female,80.8,1.81,24.55,25.5,203.4,169.8,71.9,1.61,896.0,3.5,2.0,2.98,Weight Loss,Cardio,0.0,0.0,0.0,0.0,0.0,1.0,1.0
52.7,Male,58.6,1.72,19.7,17.1,166.5,127.3,57.9,0.78,476.3,4.1,2.0,2.1,General Fitness,Functional,0.0,0.0,1.0,1.0,1.0,1.0,0.0
45.9,Female,67.5,1.69,23.67,19.7,169.5,164.5,56.5,0.71,820.4,2.1,3.0,2.5,Weight Loss,HIIT,1.0,0.0,0.0,0.0,0.0,0.0,1.0
28.7,Female,76.3,1.69,26.59,22.8,184.7,90.3,52.0,1.44,209.3,4.1,2.0,2.3,General Fitness,Yoga,0.0,0.0,0.0,1.0,1.0,0.0,1.0
49.7,Male,50.4,1.6,19.76,15.2,169.6,164.6,46.8,1.16,674.9,4.2,1.0,3.1,Weight Loss,Cardio,0.0,0.0,1.0,0.0,0.0,0.0,1.0
19.0,Male,59.0,1.75,19.36,16.9,189.8,178.8,54.4,0.86,784.2,3.6,1.0,3.2,Weight Loss,Cardio,0.0,0.0,0.0,1.0,0.0,0.0,1.0
51.0,Female,57.4,1.68,20.32,19.4,180.8,175.8,66.4,0.91,785.2,2.9,2.0,3.2,General Fitness,HIIT,1.0,0.0,0.0,0.0,0.0,0.0,1.0
51.3,Female,69.0,1.56,28.49,20.1,176.2,138.5,56.4,1.79,1050.8,3.3,1.0,3.6,General Fitness,Strength,1.0,1.0,1.0,1.0,0.0,0.0,0.0
46.4,Female,61.9,1.76,20.08,22.2,164.3,150.2,67.8,1.29,590.4,4.2,3.0,2.8,General Fitness,Functional,0.0,0.0,0.0,1.0,1.0,1.0,1.0
34.2,Female,59.3,1.91,16.31,24.6,186.1,170.7,66.3,0.85,574.5,1.8,2.0,3.84,Weight Loss,HIIT,0.0,0.0,0.0,0.0,1.0,1.0,1.0
38.0,Female,99.1,1.5,44.04,17.8,185.0,159.0,74.0,1.38,995.0,4.0,1.0,1.5,Weight Loss,HIIT,1.0,0.0,0.0,0.0,0.0,1.0,1.0
16.0,Male,63.2,1.62,24.15,23.8,198.2,158.6,67.1,1.59,728.1,2.9,2.0,3.0,Muscle Gain,Strength,,,,,,,
26.7,Female,70.7,1.76,22.85,22.6,200.9,167.4,65.6,1.71,1117.5,4.0,1.0,4.1,Endurance,Cardio,0.0,1.0,0.0,0.0,1.0,1.0,1.0
30.9,Female,64.6,1.63,24.43,19.5,191.2,150.0,51.7,1.07,500.7,6.0,2.0,2.7,Weight Loss,Cardio,0.0,0.0,1.0,0.0,0.0,0.0,1.0
36.9,Male,60.7,1.64,22.44,13.6,177.1,149.4,57.1,0.86,690.7,5.0,3.0,2.8,Weight Loss,Cardio,1.0,0.0,0.0,0.0,0.0,0.0,1.0
18.0,Female,40.0,1.74,13.21,24.8,160.0,145.0,74.0,0.53,907.0,3.0,3.0,3.6,General Fitness,Strength,1.0,1.0,1.0,0.0,0.0,1.0,1.0
18.0,Male,46.5,1.54,19.61,28.9,198.0,169.0,55.0,1.37,1060.0,5.0,1.0,3.1,Weight Loss,Cardio,0.0,0.0,0.0,0.0,0.0,0.0,1.0
23.6,Female,74.0,1.67,26.48,32.1,184.2,129.2,65.8,1.92,1092.0,3.2,3.0,3.8,Muscle Gain,Powerlifting,1.0,1.0,0.0,0.0,0.0,0.0,0.0
62.8,Female,61.4,1.73,20.63,23.5,157.8,151.9,47.7,0.75,555.7,4.4,3.0,3.3,Weight Loss,HIIT,0.0,0.0,0.0,1.0,0.0,1.0,1.0
45.9,Female,62.8,1.74,20.72,23.9,175.0,151.2,71.4,0.62,387.4,3.0,1.0,2.9,General Fitness,Functional,1.0,1.0,0.0,1.0,1.0,1.0,1.0
33.9,Female,93.5,1.7,32.2,27.5,173.9,112.7,71.9,1.81,713.1,4.6,2.0,2.9,Muscle Gain,Powerlifting,1.0,0.0,1.0,1.0,1.0,1.0,1.0
57.0,Male,72.4,1.65,26.59,10.9,168.0,162.0,56.0,1.71,1140.0,4.0,1.0,2.5,Strength,Strength,1.0,1.0,1.0,1.0,0.0,0.0,1.0
19.6,Male,66.3,1.73,22.14,15.4,183.2,140.1,63.4,0.78,458.1,3.9,3.0,3.0,Muscle Gain,Strength,1.0,1.0,1.0,0.0,1.0,0.0,1.0
33.4,Male,79.1,1.83,23.56,15.4,184.9,111.4,75.2,1.09,594.9,4.6,3.0,3.1,Muscle Gain,Strength,1.0,1.0,0.0,0.0,1.0,0.0,1.0
25.3,Female,75.2,1.59,29.67,24.3,182.4,115.9,64.2,1.43,776.5,4.1,3.0,2.4,Muscle Gain,Powerlifting,1.0,1.0,1.0,1.0,0.0,0.0,1.0
22.1,Female,64.2,1.66,23.21,30.7,181.9,105.5,63.9,1.1,256.6,3.2,2.0,2.2,Muscle Gain,Powerlifting,1.0,1.0,1.0,0.0,1.0,1.0,0.0
54.3,Male,55.8,1.76,18.05,13.8,165.0,118.9,68.0,1.41,288.0,3.6,2.0,2.4,Flexibility,Yoga,1.0,0.0,0.0,1.0,1.0,1.0,1.0
33.2,Male,62.5,1.68,22.03,18.9,185.9,139.1,57.9,1.02,536.5,4.3,2.0,3.6,Muscle Gain,Functional,1.0,0.0,1.0,1.0,1.0,1.0,1.0
38.0,Male,76.7,1.99,19.37,28.3,192.0,131.0,74.0,1.14,1263.0,5.0,1.0,1.6,Strength,Strength,1.0,0.0,1.0,0.0,0.0,0.0,0.0
50.2,Male,76.0,1.72,25.69,20.6,170.0,113.5,63.7,2.48,1027.7,4.1,3.0,3.7,Strength,Powerlifting,0.0,1.0,1.0,0.0,1.0,0.0,1.0
57.7,Male,86.5,1.71,29.62,15.5,170.6,136.6,61.9,0.93,503.7,3.7,3.0,2.5,Strength,Strength,1.0,0.0,0.0,0.0,0.0,0.0,0.0
39.9,Male,85.4,1.92,23.11,16.3,174.7,147.4,64.9,1.2,1045.6,4.6,2.0,2.9,General Fitness,Functional,0.0,0.0,1.0,1.0,1.0,0.0,1.0
23.0,Male,56.2,1.58,22.51,25.2,184.0,141.0,71.0,2.0,640.0,4.0,1.0,1.5,Endurance,Cardio,0.0,0.0,0.0,0.0,0.0,0.0,1.0
36.0,Female,58.0,1.84,17.18,19.9,176.5,162.9,63.2,0.54,348.1,3.4,2.0,3.95,General Fitness,HIIT,1.0,0.0,0.0,0.0,1.0,0.0,0.0
22.3,Female,72.5,1.8,22.37,20.9,197.9,167.1,74.2,1.66,741.6,2.5,2.0,3.96,Endurance,Cardio,0.0,0.0,0.0,0.0,0.0,0.0,1.0
29.6,Male,66.1,1.92,17.94,19.0,190.0,114.4,70.4,0.72,145.8,4.2,3.0,2.5,General Fitness,Yoga,1.0,0.0,0.0,0.0,0.0,0.0,1.0
28.1,Male,78.0,1.81,23.77,18.6,193.2,155.3,49.4,0.6,502.3,2.9,3.0,2.8,Endurance,HIIT,1.0,0.0,0.0,1.0,0.0,1.0,1.0
23.7,Male,65.3,1.57,26.33,16.7,202.6,165.7,61.7,1.05,1087.8,4.5,3.0,3.2,Weight Loss,Cardio,0.0,0.0,0.0,0.0,0.0,0.0,1.0
29.5,Female,67.9,1.58,27.2,23.3,182.9,108.6,63.9,0.78,170.3,5.9,2.0,,General Fitness,Yoga,0.0,0.0,0.0,0.0,1.0,0.0,1.0
66.2,Female,51.1,1.58,20.41,,144.3,128.4,62.0,0.68,350.2,3.3,3.0,2.6,Athletic Performance,Functional,0.0,0.0,0.0,1.0,1.0,0.0,1.0
26.6,Female,71.0,1.58,28.61,30.2,189.8,154.9,77.5,1.35,664.6,3.5,1.0,3.46,Athletic Performance,Strength,,,,,,,
22.0,Male,84.3,1.6,32.93,24.0,173.0,127.0,72.0,0.8,911.0,5.0,1.0,3.3,General Fitness,HIIT,0.0,0.0,0.0,1.0,0.0,0.0,1.0
35.3,Female,61.5,1.53,26.4,23.5,186.2,181.2,46.2,0.85,852.0,2.3,3.0,3.6,Weight Loss,HIIT,1.0,0.0,0.0,1.0,1.0,0.0,1.0
23.7,Male,76.9,1.71,26.38,21.4,195.6,125.4,64.3,1.87,1082.8,3.5,3.0,3.3,Muscle Gain,Strength,1.0,1.0,1.0,0.0,1.0,0.0,0.0
23.0,Female,64.7,2.0,16.18,32.4,184.0,169.0,55.0,1.46,860.0,5.0,2.0,2.5,Muscle Gain,Strength,1.0,1.0,1.0,0.0,0.0,0.0,1.0
39.4,Male,83.6,1.86,24.18,14.4,182.1,135.6,54.8,0.9,696.8,4.0,2.0,2.3,Strength,Strength,1.0,0.0,1.0,0.0,1.0,0.0,1.0
25.0,Female,74.9,1.66,27.18,28.7,192.0,138.0,58.0,1.73,1766.0,5.0,1.0,2.3,Endurance,HIIT,0.0,1.0,1.0,1.0,1.0,0.0,1.0
23.1,Female,52.5,1.46,24.5,15.8,194.7,169.4,45.0,0.71,594.6,5.0,3.0,4.1,Weight Loss,Cardio,0.0,0.0,0.0,0.0,1.0,0.0,1.0
42.0,Female,95.2,1.76,30.73,25.3,178.0,158.0,56.0,1.21,770.0,2.0,3.0,2.0,Weight Loss,Cardio,0.0,0.0,0.0,0.0,0.0,0.0,1.0
22.5,Male,70.0,1.78,22.13,20.3,189.0,120.8,67.1,1.62,521.1,4.6,1.0,3.0,Strength,Strength,1.0,1.0,1.0,0.0,0.0,1.0,1.0
28.3,Male,61.8,1.75,20.13,12.9,182.7,130.2,57.4,1.78,712.0,4.0,1.0,3.2,Strength,Strength,0.0,1.0,1.0,1.0,0.0,0.0,0.0
20.5,Female,59.4,1.65,21.76,19.9,207.6,143.5,58.2,1.18,530.1,4.3,3.0,3.1,General Fitness,Functional,1.0,0.0,0.0,1.0,0.0,0.0,0.0
44.0,Female,68.0,1.66,24.68,20.7,182.0,146.0,68.0,0.82,1278.0,5.0,1.0,3.0,Endurance,HIIT,0.0,0.0,0.0,1.0,1.0,0.0,0.0
25.3,Female,70.9,1.55,29.4,19.5,195.8,112.2,70.6,0.77,340.0,4.6,3.0,2.1,Muscle Gain,Strength,1.0,1.0,1.0,0.0,0.0,1.0,0.0
22.0,Male,71.1,1.68,25.19,10.0,164.0,160.0,74.0,1.51,955.0,4.0,2.0,3.3,General Fitness,Cardio,0.0,0.0,0.0,0.0,0.0,1.0,1.0
27.0,Male,96.3,1.61,37.15,32.1,198.0,159.0,70.0,1.16,1203.0,3.0,1.0,3.1,Weight Loss,Cardio,0.0,0.0,0.0,1.0,0.0,0.0,1.0
29.3,Female,63.1,1.61,24.23,23.9,177.2,120.3,59.5,1.88,764.5,4.6,3.0,3.2,Muscle Gain,Strength,1.0,1.0,0.0,1.0,0.0,0.0,0.0
28.5,Male,52.0,1.64,19.36,12.3,185.0,161.6,49.2,0.56,288.3,3.7,1.0,2.9,Endurance,Cardio,0.0,0.0,1.0,0.0,0.0,0.0,0.0
26.6,Male,58.2,1.82,17.49,24.3,191.1,152.1,67.3,1.06,409.2,1.0,2.0,2.57,Strength,Strength,1.0,0.0,1.0,1.0,0.0,0.0,0.0
27.1,Male,105.4,1.88,29.7,20.7,179.5,112.6,63.7,1.91,849.3,4.4,3.0,3.0,Muscle Gain,Powerlifting,1.0,1.0,0.0,0.0,0.0,0.0,0.0
18.5,Male,76.8,1.69,26.75,20.4,190.8,122.6,68.7,1.77,759.1,4.4,2.0,2.9,Strength,Strength,1.0,1.0,1.0,1.0,0.0,0.0,1.0
59.0,Male,40.0,1.78,12.62,19.7,179.0,139.0,59.0,1.16,483.0,3.0,1.0,3.7,Endurance,HIIT,0.0,0.0,0.0,0.0,0.0,0.0,1.0
28.3,Female,52.7,1.61,20.3,18.3,196.9,177.6,63.8,1.14,858.9,6.0,2.0,3.7,General Fitness,Cardio,0.0,1.0,1.0,0.0,0.0,0.0,1.0
22.0,Male,40.0,1.67,14.34,24.1,162.0,146.0,59.0,1.04,807.0,3.0,1.0,1.5,Strength,Strength,1.0,1.0,1.0,1.0,0.0,1.0,1.0
19.1,Male,70.8,1.69,24.73,14.2,203.4,118.7,69.2,0.94,539.1,3.9,3.0,2.5,Strength,Strength,1.0,1.0,1.0,1.0,0.0,1.0,0.0
28.6,Female,54.4,1.65,19.95,23.4,197.4,158.7,60.3,0.66,342.0,4.7,1.0,3.1,General Fitness,Cardio,0.0,0.0,1.0,0.0,0.0,0.0,1.0
31.0,Female,76.2,1.64,28.33,23.3,169.0,137.0,72.0,0.74,1207.0,3.0,3.0,2.7,Strength,Strength,1.0,1.0,0.0,0.0,0.0,0.0,1.0
26.0,Male,47.1,1.61,18.17,19.3,189.0,138.0,52.0,1.26,1095.0,3.0,3.0,3.6,Muscle Gain,Strength,1.0,1.0,0.0,0.0,0.0,1.0,1.0
21.6,Male,61.3,1.53,26.03,27.9,193.1,156.8,71.3,1.11,453.3,3.6,2.0,2.75,General Fitness,Functional,,,,,,,
21.3,Male,89.1,1.79,27.7,18.9,191.3,133.1,56.9,0.94,675.3,3.9,3.0,2.2,Muscle Gain,Strength,1.0,1.0,1.0,1.0,1.0,0.0,0.0
30.2,Male,80.8,1.76,25.93,13.0,196.4,133.0,52.6,1.0,566.8,3.9,2.0,2.6,Strength,Strength,0.0,1.0,1.0,0.0,0.0,0.0,0.0
25.3,Female,56.1,1.71,19.23,18.3,206.0,96.8,66.1,1.27,224.8,5.3,1.0,2.4,General Fitness,Yoga,0.0,0.0,0.0,0.0,1.0,1.0,1.0
60.9,Female,73.4,1.56,29.96,19.6,148.0,138.5,54.2,1.0,611.6,4.9,3.0,2.9,Strength,Strength,1.0,1.0,0.0,1.0,1.0,0.0,1.0
53.9,Female,71.1,1.6,27.92,23.8,163.6,154.2,73.0,1.16,1091.4,3.1,2.0,3.7,General Fitness,Functional,1.0,0.0,0.0,1.0,1.0,1.0,1.0
32.7,Female,62.1,1.57,25.26,20.3,167.3,138.2,57.9,1.29,665.1,4.1,3.0,2.7,Muscle Gain,Strength,1.0,1.0,1.0,0.0,0.0,0.0,1.0
41.0,Female,60.3,1.67,21.66,14.9,194.9,162.8,50.3,0.84,427.6,4.8,2.0,3.2,Endurance,Cardio,0.0,0.0,1.0,0.0,0.0,0.0,1.0
67.7,Female,54.9,1.68,19.52,24.9,148.9,127.2,52.5,0.83,281.4,4.7,1.0,3.4,General Fitness,Functional,1.0,0.0,1.0,1.0,1.0,1.0,0.0
34.0,Female,61.7,1.81,18.83,31.4,183.0,141.0,72.0,0.98,1443.0,4.0,3.0,2.6,Endurance,HIIT,0.0,1.0,0.0,1.0,1.0,0.0,1.0
18.7,Male,93.7,1.92,25.52,17.4,199.5,137.7,65.0,1.34,774.3,4.4,1.0,3.2,Strength,Strength,1.0,1.0,0.0,0.0,0.0,0.0,0.0
40.3,Male,78.9,1.75,25.89,19.2,184.5,113.2,75.8,1.17,314.0,5.3,3.0,2.3,General Fitness,Yoga,1.0,1.0,0.0,0.0,0.0,1.0,1.0
31.9,Male,58.9,1.6,22.95,32.1,194.1,164.5,68.6,1.73,710.0,2.2,1.0,2.91,General Fitness,Cardio,0.0,1.0,0.0,0.0,0.0,0.0,1.0
30.0,Male,52.4,1.62,19.89,16.6,197.4,157.4,69.3,0.36,314.3,2.5,2.0,3.4,General Fitness,HIIT,1.0,0.0,0.0,1.0,0.0,1.0,1.0
42.8,Female,67.4,1.65,24.83,23.9,171.0,166.0,61.2,0.52,459.7,5.9,2.0,3.0,Endurance,Cardio,0.0,0.0,0.0,1.0,0.0,1.0,1.0
24.0,Male,77.5,1.81,23.73,20.5,199.4,146.9,54.7,1.11,742.2,3.3,1.0,3.0,Muscle Gain,Functional,1.0,0.0,0.0,1.0,0.0,0.0,0.0
38.1,Female,70.0,1.65,25.66,21.5,175.4,125.7,67.6,1.4,719.1,5.0,3.0,3.1,Muscle Gain,Powerlifting,1.0,1.0,0.0,0.0,1.0,1.0,1.0
47.0,Female,59.2,1.67,21.23,31.5,182.0,169.0,57.0,1.06,1252.0,3.0,2.0,2.2,Weight Loss,HIIT,0.0,0.0,0.0,1.0,0.0,0.0,1.0
24.0,Male,96.3,1.71,32.96,38.5,198.8,164.4,60.0,1.67,1086.3,2.6,2.0,3.55,Endurance,Cardio,0.0,0.0,0.0,0.0,0.0,1.0,1.0
26.6,Male,79.3,1.75,25.78,9.6,194.2,153.8,54.3,0.99,937.9,4.9,1.0,3.3,Endurance,Cardio,0.0,0.0,0.0,1.0,0.0,1.0,1.0
26.0,Female,56.7,1.73,18.94,25.5,168.0,144.0,71.0,0.68,1129.0,3.0,1.0,3.4,Strength,Strength,1.0,0.0,1.0,0.0,1.0,0.0,0.0
57.6,Male,79.9,1.71,27.44,,152.8,130.5,60.2,1.77,812.0,4.7,3.0,3.3,Strength,Strength,1.0,1.0,1.0,0.0,0.0,0.0,1.0
19.7,Male,63.6,1.71,21.76,16.5,193.2,116.6,65.3,1.02,123.9,2.1,3.0,2.3,Stress Relief,Yoga,0.0,0.0,1.0,0.0,0.0,1.0,1.0
24.3,Male,61.7,1.64,22.97,16.1,197.6,105.5,53.9,0.89,146.3,5.5,2.0,2.1,Stress Relief,Yoga,0.0,0.0,0.0,1.0,0.0,1.0,1.0
52.4,Male,45.0,1.59,17.75,20.5,167.8,111.8,73.6,0.58,96.2,3.8,3.0,2.44,Stress Relief,Yoga,0.0,0.0,0.0,0.0,0.0,0.0,1.0
20.8,Male,74.4,1.78,23.56,24.7,194.4,101.3,66.5,1.64,410.3,4.3,3.0,2.6,Muscle Gain,Powerlifting,1.0,1.0,1.0,0.0,0.0,0.0,1.0
26.8,Female,52.8,1.62,20.19,17.3,189.2,117.1,73.4,0.57,105.7,3.6,2.0,,Flexibility,Yoga,1.0,0.0,0.0,0.0,1.0,1.0,1.0
43.7,Female,54.1,1.59,21.5,19.1,181.6,112.4,67.0,1.61,428.5,4.7,3.0,2.5,Muscle Gain,Strength,1.0,1.0,1.0,0.0,0.0,1.0,1.0
61.4,Female,65.4,1.67,23.54,24.7,155.8,150.8,50.7,0.58,343.5,3.2,2.0,3.2,Endurance,HIIT,1.0,1.0,0.0,1.0,1.0,1.0,1.0
44.0,Male,56.7,1.77,18.1,28.0,194.0,161.0,68.0,1.47,820.9,2.0,3.0,3.5,Muscle Gain,Strength,1.0,1.0,1.0,0.0,0.0,0.0,1.0
38.3,Male,65.4,1.69,23.0,20.4,168.7,149.8,71.1,0.94,565.5,5.0,2.0,2.9,General Fitness,Functional,1.0,0.0,1.0,1.0,1.0,1.0,0.0
61.3,Female,63.9,1.56,26.4,19.2,150.7,145.7,57.4,1.76,835.3,4.3,1.0,3.4,Weight Loss,Cardio,0.0,0.0,0.0,0.0,0.0,0.0,1.0
39.7,Male,89.5,1.76,28.82,15.7,189.4,100.8,55.6,1.53,477.7,4.1,3.0,2.7,Muscle Gain,Powerlifting,1.0,1.0,0.0,0.0,0.0,1.0,0.0
26.9,Female,57.9,1.49,26.12,25.0,188.9,142.7,69.1,1.11,507.9,4.7,1.0,2.7,Athletic Performance,Functional,1.0,0.0,0.0,0.0,1.0,0.0,1.0
27.1,Male,63.3,1.77,20.2,14.3,195.5,140.7,71.2,1.47,647.5,4.1,1.0,2.6,Athletic Performance,Functional,1.0,1.0,0.0,1.0,1.0,0.0,1.0
43.9,Male,86.9,1.82,26.11,14.1,177.5,126.5,67.4,1.61,901.2,3.7,2.0,2.9,Strength,Strength,1.0,0.0,1.0,0.0,1.0,0.0,1.0
18.0,Female,40.0,1.68,14.17,31.7,163.0,137.0,61.0,1.1,1470.0,4.0,3.0,1.7,Weight Loss,Cardio,0.0,1.0,1.0,1.0,0.0,0.0,1.0
27.0,Female,51.0,1.59,20.18,23.9,190.3,113.2,67.5,1.44,424.6,4.8,2.0,3.3,Muscle Gain,Strength,1.0,1.0,1.0,0.0,0.0,0.0,0.0
27.0,Female,60.1,1.94,15.97,27.2,184.0,162.0,74.0,2.0,820.9,3.0,1.0,3.4,Strength,Strength,1.0,1.0,1.0,1.0,1.0,1.0,0.0
26.8,Male,94.0,1.84,27.84,9.2,206.1,165.9,50.1,0.6,758.8,4.3,1.0,3.0,General Fitness,Cardio,1.0,0.0,0.0,0.0,0.0,0.0,1.0
22.0,Male,65.0,1.8,20.16,19.4,194.3,116.0,58.8,0.96,244.2,4.7,3.0,3.51,Flexibility,Yoga,0.0,0.0,0.0,0.0,0.0,1.0,1.0
32.2,Male,72.3,1.77,23.0,,174.2,157.3,54.8,0.56,469.2,5.2,2.0,2.4,General Fitness,Cardio,0.0,1.0,1.0,1.0,0.0,1.0,1.0
21.0,Female,40.0,1.8,12.35,10.0,176.0,122.0,73.0,1.37,1171.0,3.0,1.0,3.7,Weight Loss,HIIT,0.0,0.0,0.0,0.0,1.0,1.0,1.0
26.0,Male,89.2,1.81,27.23,23.5,161.0,169.0,61.0,1.34,820.0,4.0,1.0,2.6,Strength,Strength,1.0,1.0,1.0,1.0,0.0,0.0,0.0
45.0,Female,60.7,1.63,22.85,10.0,170.0,139.0,74.0,1.18,1356.0,3.0,3.0,3.3,Muscle Gain,Strength,1.0,0.0,1.0,1.0,0.0,0.0,0.0
18.0,Male,71.9,1.88,20.34,10.0,177.0,159.0,57.0,2.0,1571.0,3.0,2.0,2.4,Muscle Gain,Strength,1.0,1.0,1.0,0.0,1.0,1.0,1.0
49.9,Female,81.9,1.74,27.18,21.2,182.9,152.5,45.0,1.58,1893.2,5.4,3.0,3.5,Weight Loss,Cardio,0.0,0.0,0.0,1.0,0.0,0.0,1.0
35.5,Female,69.9,1.65,25.71,16.2,177.5,168.0,51.9,0.99,668.1,3.9,3.0,3.5,Weight Loss,Cardio,0.0,0.0,0.0,1.0,0.0,0.0,0.0
34.7,Male,80.3,1.73,26.96,17.3,182.8,115.0,64.8,1.42,606.0,4.0,3.0,2.5,Strength,Strength,1.0,1.0,1.0,0.0,0.0,0.0,0.0
25.4,Female,52.0,1.46,24.52,20.9,199.2,149.0,47.1,0.79,497.9,3.1,3.0,2.9,Endurance,Cardio,0.0,0.0,0.0,0.0,0.0,0.0,1.0
43.5,Male,71.1,1.74,23.46,11.7,178.5,155.0,50.6,1.07,811.0,3.8,2.0,2.9,Endurance,HIIT,0.0,0.0,0.0,1.0,0.0,1.0,0.0
27.7,Male,61.8,1.71,21.08,14.1,206.8,188.0,57.9,1.0,922.0,3.5,3.0,4.0,General Fitness,HIIT,1.0,1.0,0.0,1.0,1.0,1.0,1.0
47.0,Male,49.9,1.74,16.48,29.4,190.0,120.0,65.0,1.97,406.0,5.0,2.0,1.5,General Fitness,HIIT,0.0,0.0,0.0,1.0,1.0,1.0,1.0
43.0,Male,56.9,1.68,20.16,26.5,161.0,154.0,61.0,2.0,742.0,3.0,1.0,2.0,Muscle Gain,Strength,1.0,1.0,1.0,0.0,0.0,0.0,0.0
25.8,Male,95.4,1.83,28.39,21.7,192.6,123.7,74.5,1.48,1184.5,3.3,2.0,2.3,Strength,Strength,1.0,1.0,1.0,0.0,0.0,0.0,0.0
28.0,Female,77.2,1.86,22.31,26.5,180.0,133.0,65.0,1.55,1710.0,4.0,3.0,1.6,Strength,Strength,1.0,1.0,1.0,0.0,1.0,0.0,1.0
27.0,Female,101.5,1.81,31.15,26.7,182.3,168.0,67.1,0.74,860.4,2.4,1.0,2.97,Endurance,HIIT,0.0,0.0,0.0,1.0,0.0,0.0,1.0
24.0,Female,84.5,1.84,24.96,32.0,171.0,128.0,63.0,0.7,1067.0,2.0,1.0,2.4,Muscle Gain,Strength,1.0,1.0,1.0,0.0,0.0,1.0,1.0
40.2,Male,70.1,1.74,23.05,15.8,189.8,144.7,66.5,1.53,900.8,5.0,2.0,3.6,Muscle Gain,Strength,1.0,1.0,0.0,1.0,1.0,0.0,1.0
38.8,Female,65.6,1.6,25.73,15.5,184.6,160.3,62.5,0.75,666.7,4.1,3.0,2.6,General Fitness,HIIT,1.0,0.0,0.0,0.0,0.0,0.0,1.0
23.5,Male,86.1,1.61,33.33,22.4,199.5,150.9,64.2,1.61,821.0,5.1,3.0,3.46,Strength,Strength,1.0,1.0,1.0,1.0,1.0,1.0,0.0
58.0,Female,73.3,1.69,25.66,25.4,180.0,156.0,72.0,1.6,1350.0,4.0,1.0,3.0,Muscle Gain,Strength,0.0,1.0,1.0,0.0,0.0,0.0,0.0
65.5,Male,53.8,1.77,17.24,19.0,169.0,119.2,71.4,1.2,162.7,3.3,1.0,1.7,Stress Relief,Yoga,1.0,0.0,0.0,0.0,0.0,0.0,1.0
27.7,Male,67.5,1.86,19.46,14.7,195.4,146.8,66.5,1.13,581.2,5.7,2.0,3.0,General Fitness,Cardio,0.0,1.0,1.0,0.0,0.0,0.0,1.0
66.5,Female,61.8,1.67,22.08,21.1,141.3,136.3,48.5,1.51,930.6,3.0,2.0,3.4,Weight Loss,Cardio,0.0,0.0,1.0,0.0,0.0,0.0,1.0
41.0,Male,45.0,1.75,14.73,23.9,184.9,145.9,61.0,1.08,340.7,2.0,1.0,4.29,Endurance,Cardio,0.0,0.0,0.0,1.0,0.0,0.0,1.0
18.7,Male,67.5,1.62,25.73,18.2,199.3,158.3,60.5,1.04,760.1,3.4,1.0,3.5,Muscle Gain,Functional,1.0,0.0,0.0,1.0,1.0,1.0,0.0
35.6,Male,79.0,1.7,27.19,21.0,185.1,148.2,69.7,1.12,1096.4,3.3,3.0,3.5,Muscle Gain,Functional,0.0,1.0,0.0,1.0,1.0,0.0,1.0
33.4,Male,65.6,1.63,24.76,13.2,176.9,169.5,49.2,1.09,1005.7,2.7,2.0,3.6,Endurance,HIIT,1.0,1.0,0.0,1.0,0.0,0.0,1.0
29.6,Male,55.6,1.93,14.89,17.4,189.6,164.7,72.1,1.07,421.5,4.3,2.0,2.79,Weight Loss,Cardio,1.0,0.0,0.0,0.0,0.0,0.0,1.0
20.3,Female,76.5,1.75,25.07,24.2,195.7,136.0,68.0,1.05,664.9,3.7,2.0,3.4,General Fitness,Strength,1.0,1.0,1.0,0.0,0.0,1.0,1.0
20.0,Male,59.1,1.62,22.52,26.2,191.0,127.0,54.0,1.02,995.0,3.0,2.0,3.4,Strength,Strength,1.0,1.0,1.0,0.0,1.0,0.0,1.0
57.4,Female,52.7,1.65,19.34,22.9,167.4,164.0,65.0,0.53,277.2,3.2,2.0,4.19,General Fitness,HIIT,0.0,1.0,0.0,1.0,1.0,0.0,1.0
16.0,Female,60.5,1.71,20.63,21.9,201.3,135.1,75.7,0.49,103.2,2.8,1.0,2.86,Stress Relief,Yoga,0.0,0.0,1.0,0.0,1.0,0.0,1.0
31.0,Female,62.3,1.62,23.62,19.0,205.3,180.7,68.7,1.05,1127.8,2.2,3.0,4.4,Endurance,HIIT,1.0,1.0,0.0,0.0,0.0,1.0,1.0
29.1,Female,50.1,1.53,21.53,16.8,202.8,162.6,58.5,1.04,725.5,4.8,2.0,3.1,Endurance,HIIT,0.0,0.0,0.0,1.0,0.0,0.0,1.0
58.7,Female,71.1,1.68,25.08,22.1,162.3,154.9,72.5,0.87,551.2,4.8,2.0,2.9,General Fitness,Functional,1.0,0.0,1.0,1.0,1.0,1.0,1.0
27.3,Male,58.5,1.63,21.98,21.7,199.3,156.0,65.8,1.33,461.0,2.7,1.0,3.04,General Fitness,Strength,,,,,,,
23.6,Male,64.6,1.74,21.45,12.2,208.6,169.5,57.1,0.48,496.4,2.5,3.0,3.5,Weight Loss,HIIT,1.0,0.0,0.0,0.0,0.0,0.0,1.0
35.1,Male,86.7,1.69,30.26,17.2,197.4,116.4,77.9,1.6,654.3,4.1,3.0,2.8,General Fitness,Strength,1.0,0.0,1.0,0.0,0.0,1.0,0.0
27.0,Female,62.9,1.73,21.02,27.9,187.0,157.0,54.0,0.99,569.0,4.0,1.0,2.4,Strength,Strength,1.0,1.0,1.0,0.0,1.0,1.0,1.0
41.7,Female,56.4,1.47,26.04,22.3,178.2,173.2,50.8,0.83,902.5,2.3,3.0,3.5,Endurance,HIIT,0.0,0.0,0.0,0.0,1.0,1.0,1.0
27.0,Female,66.5,1.53,28.41,20.0,192.0,177.8,71.3,0.78,569.2,4.1,2.0,3.06,Endurance,HIIT,0.0,0.0,1.0,1.0,0.0,1.0,1.0
22.6,Female,78.2,1.72,26.28,24.0,202.9,165.5,50.2,1.79,1573.6,3.6,1.0,3.5,Weight Loss,Cardio,1.0,0.0,0.0,1.0,1.0,1.0,1.0
36.8,Female,67.1,1.65,24.59,20.7,186.6,155.6,45.0,1.62,1590.4,4.5,3.0,3.6,Endurance,Cardio,0.0,0.0,1.0,1.0,1.0,0.0,1.0
33.7,Male,76.4,1.59,30.05,26.4,188.1,150.6,70.7,1.22,585.9,3.5,2.0,3.1,Muscle Gain,Strength,1.0,1.0,1.0,1.0,0.0,1.0,1.0
31.4,Female,73.3,1.59,29.11,26.3,190.0,129.8,66.2,1.19,535.8,3.7,2.0,2.9,Strength,Strength,1.0,1.0,1.0,1.0,0.0,0.0,0.0
55.7,Female,79.5,1.69,27.89,23.7,165.9,150.7,62.0,0.66,417.2,3.4,2.0,3.1,Muscle Gain,Functional,0.0,1.0,1.0,1.0,1.0,1.0,1.0
38.7,Female,64.7,1.57,26.24,16.6,177.1,159.9,57.1,1.3,1199.7,4.9,3.0,2.6,Weight Loss,Cardio,0.0,1.0,1.0,0.0,0.0,0.0,1.0
32.0,Female,104.3,1.83,31.14,22.1,160.0,112.0,64.0,1.83,1122.0,4.0,2.0,2.8,Muscle Gain,Strength,1.0,1.0,1.0,1.0,0.0,0.0,0.0
45.1,Male,60.7,1.64,22.45,29.5,172.4,140.6,71.0,1.41,516.8,3.3,3.0,3.55,Muscle Gain,Strength,1.0,1.0,1.0,1.0,0.0,0.0,1.0
48.0,Female,40.0,2.0,10.0,13.5,194.0,159.0,70.0,1.48,419.0,4.0,2.0,2.5,Weight Loss,Cardio,0.0,0.0,0.0,0.0,0.0,1.0,1.0
28.3,Female,57.1,1.57,23.24,25.3,179.5,107.5,60.9,2.45,905.1,4.8,2.0,2.4,Strength,Powerlifting,0.0,1.0,0.0,0.0,1.0,0.0,0.0
59.0,Female,60.6,1.92,16.44,24.6,180.0,168.0,55.0,1.46,1046.0,3.0,3.0,2.0,Strength,Strength,1.0,1.0,1.0,0.0,0.0,0.0,1.0
23.0,Female,65.6,1.6,25.74,32.0,190.1,107.3,64.3,1.29,419.5,3.8,3.0,2.3,General Fitness,Powerlifting,1.0,1.0,0.0,1.0,0.0,0.0,0.0
16.0,Male,45.0,1.58,18.03,20.7,202.5,153.1,64.4,1.23,369.0,1.9,2.0,2.73,Muscle Gain,Strength,1.0,1.0,1.0,0.0,0.0,0.0,0.0
23.0,Female,52.6,1.78,16.6,31.1,176.0,169.0,53.0,1.15,1384.0,3.0,2.0,2.4,Weight Loss,Cardio,0.0,0.0,1.0,0.0,1.0,0.0,1.0
22.7,Male,93.9,1.77,29.95,12.2,178.2,139.7,70.6,0.86,788.5,4.8,3.0,2.9,Strength,Strength,1.0,1.0,0.0,0.0,1.0,0.0,1.0
33.1,Male,67.0,1.73,22.37,15.6,185.2,100.5,54.2,1.42,168.5,2.8,3.0,1.6,Flexibility,Yoga,1.0,0.0,0.0,0.0,1.0,0.0,1.0
28.7,Male,103.3,1.8,31.82,31.8,183.0,145.0,60.8,1.56,1049.4,3.7,2.0,3.59,Muscle Gain,Strength,1.0,1.0,1.0,0.0,0.0,0.0,1.0
26.0,Female,72.4,1.53,30.87,22.6,195.9,118.3,68.3,2.13,854.4,4.8,3.0,3.4,General Fitness,Powerlifting,1.0,0.0,0.0,0.0,1.0,0.0,0.0
23.0,Male,73.0,1.62,27.89,17.9,210.0,110.1,59.6,1.35,722.1,4.8,2.0,2.0,Strength,Strength,0.0,1.0,1.0,0.0,0.0,0.0,1.0
37.6,Male,66.9,1.81,20.39,9.0,177.5,150.3,63.5,1.47,709.3,4.9,2.0,3.3,Weight Loss,Cardio,1.0,0.0,0.0,0.0,1.0,1.0,1.0
44.0,Male,94.4,1.82,28.5,20.7,182.0,140.0,57.0,1.38,1369.0,3.0,1.0,3.2,Weight Loss,HIIT,0.0,0.0,0.0,1.0,0.0,1.0,1.0
29.0,Female,60.9,1.92,16.52,18.0,192.0,151.0,67.0,1.5,1407.0,5.0,1.0,3.5,Endurance,Cardio,1.0,1.0,0.0,1.0,1.0,0.0,1.0
64.9,Male,64.3,1.72,21.68,14.8,157.2,152.2,71.3,0.76,550.2,4.9,2.0,2.8,Endurance,HIIT,0.0,1.0,0.0,1.0,1.0,1.0,1.0
18.3,Male,87.1,1.83,25.92,13.3,210.0,158.3,67.0,1.12,786.5,3.4,1.0,3.0,General Fitness,Functional,0.0,0.0,1.0,1.0,1.0,1.0,1.0
43.5,Male,125.5,1.61,48.26,39.7,167.0,136.2,67.5,1.02,933.4,4.3,3.0,3.18,Weight Loss,Cardio,1.0,0.0,0.0,0.0,0.0,0.0,1.0
41.0,Female,73.3,1.71,25.07,30.1,196.0,158.0,56.0,1.36,1234.0,4.0,3.0,3.2,Muscle Gain,Strength,1.0,0.0,1.0,1.0,0.0,1.0,1.0
26.0,Male,72.4,1.68,25.65,29.8,196.0,169.0,53.0,2.0,1082.0,2.0,3.0,2.5,Weight Loss,HIIT,0.0,1.0,0.0,0.0,1.0,0.0,1.0
34.5,Male,78.2,1.81,23.88,15.6,187.1,128.8,53.5,1.43,685.4,4.6,3.0,2.4,Muscle Gain,Functional,1.0,1.0,0.0,1.0,0.0,1.0,1.0
32.1,Female,50.9,1.58,20.27,21.8,187.8,154.3,50.1,0.31,173.1,4.3,3.0,2.1,Endurance,HIIT,1.0,1.0,1.0,1.0,1.0,0.0,1.0
45.0,Male,45.9,1.51,20.13,29.8,195.0,142.0,57.0,1.64,303.0,3.0,1.0,2.7,Endurance,Cardio,1.0,0.0,0.0,0.0,0.0,0.0,1.0
68.1,Male,68.0,1.76,21.96,10.1,151.4,146.4,55.6,1.55,1125.5,4.6,1.0,3.2,Weight Loss,Cardio,0.0,0.0,1.0,0.0,0.0,0.0,1.0
52.5,Male,45.0,1.65,16.45,18.5,177.1,138.9,68.0,2.3,695.9,2.2,2.0,3.65,Muscle Gain,Functional,,,,,,,
23.0,Male,77.4,1.74,25.41,11.9,210.0,100.3,67.9,1.07,157.7,4.1,2.0,1.8,Stress Relief,Yoga,0.0,0.0,0.0,0.0,1.0,0.0,1.0
38.7,Male,62.9,1.74,20.89,18.0,186.3,111.9,70.9,1.62,445.7,4.7,3.0,2.4,Muscle Gain,Strength,1.0,1.0,1.0,0.0,1.0,1.0,1.0
19.2,Male,113.0,1.83,33.7,15.6,199.2,131.2,60.4,1.21,1174.9,4.5,3.0,2.7,Strength,Powerlifting,1.0,1.0,1.0,0.0,0.0,0.0,0.0
52.9,Female,58.8,1.62,22.45,17.1,156.0,151.0,51.8,1.2,908.1,3.3,2.0,3.4,Weight Loss,Cardio,0.0,0.0,0.0,0.0,0.0,0.0,1.0
46.1,Female,78.0,1.79,24.27,30.0,179.6,154.1,57.0,1.16,661.7,2.9,2.0,3.5,Weight Loss,Cardio,0.0,0.0,0.0,1.0,0.0,0.0,1.0
51.2,Female,65.4,1.76,21.13,26.8,171.6,139.0,67.8,1.5,663.2,2.9,1.0,3.53,General Fitness,Functional,,,,,,,
25.3,Female,68.2,1.56,27.91,20.8,203.4,140.6,56.8,1.17,850.1,3.6,2.0,3.2,Athletic Performance,Functional,0.0,0.0,1.0,1.0,1.0,0.0,1.0
29.1,Male,70.5,1.62,27.01,15.7,201.4,101.5,62.9,1.36,227.8,3.3,3.0,2.6,General Fitness,Yoga,0.0,0.0,0.0,0.0,1.0,0.0,1.0
30.0,Male,70.7,1.64,26.29,13.0,196.0,136.0,65.0,1.38,1608.0,5.0,2.0,1.6,Weight Loss,Cardio,0.0,1.0,1.0,1.0,0.0,0.0,1.0
20.1,Female,53.3,1.55,22.25,18.4,205.5,105.3,59.6,1.06,173.7,4.4,2.0,2.1,General Fitness,Yoga,0.0,0.0,0.0,0.0,1.0,0.0,1.0
27.5,Female,49.2,1.61,19.0,26.6,210.0,131.3,72.5,1.2,419.3,4.4,3.0,1.9,General Fitness,Functional,0.0,1.0,1.0,1.0,1.0,1.0,0.0
36.5,Female,70.0,1.68,24.93,27.8,179.6,141.2,65.7,1.07,593.4,4.2,1.0,3.2,Strength,Strength,1.0,1.0,1.0,0.0,0.0,1.0,0.0
49.2,Male,82.2,1.79,25.6,17.0,165.4,140.5,54.2,1.02,751.6,4.6,3.0,3.3,Muscle Gain,Strength,0.0,1.0,1.0,0.0,0.0,0.0,1.0
26.6,Female,62.9,1.61,24.29,27.6,184.4,130.5,55.5,1.08,326.9,5.0,3.0,2.3,Strength,Powerlifting,1.0,1.0,0.0,0.0,0.0,0.0,1.0
27.0,Male,72.8,1.82,21.98,11.4,162.0,136.0,57.0,1.23,780.0,4.0,3.0,3.5,Endurance,HIIT,1.0,0.0,1.0,0.0,0.0,1.0,1.0
18.0,Male,62.7,1.87,17.93,10.3,184.0,141.0,59.0,1.59,708.0,2.0,2.0,1.5,Weight Loss,Cardio,0.0,0.0,0.0,0.0,1.0,0.0,0.0
43.4,Male,64.8,1.61,24.96,26.2,164.1,133.8,62.0,1.44,604.6,2.9,1.0,2.93,Muscle Gain,Strength,1.0,1.0,0.0,0.0,0.0,0.0,0.0
30.4,Female,60.8,1.56,24.85,20.7,203.9,175.4,62.9,1.24,857.7,3.5,2.0,3.2,General Fitness,Cardio,0.0,0.0,0.0,0.0,0.0,0.0,1.0
51.0,Male,76.6,1.79,24.0,18.9,160.3,123.4,78.2,1.8,745.8,3.7,3.0,3.6,General Fitness,Strength,1.0,1.0,1.0,0.0,1.0,0.0,1.0
52.0,Female,58.1,1.56,23.97,23.7,172.5,131.9,70.4,0.87,340.6,3.3,2.0,2.8,General Fitness,Functional,0.0,0.0,1.0,1.0,0.0,1.0,1.0
52.7,Female,71.5,1.65,26.16,27.4,166.1,132.8,65.1,1.42,1034.4,4.4,3.0,3.0,Muscle Gain,Functional,0.0,1.0,0.0,1.0,1.0,0.0,1.0
36.5,Female,65.2,1.56,26.95,26.5,183.3,106.2,74.8,1.87,607.5,4.2,2.0,2.2,Muscle Gain,Powerlifting,1.0,1.0,0.0,1.0,0.0,0.0,1.0
25.3,Male,91.6,1.76,29.44,13.7,193.2,138.8,74.4,1.6,1140.0,3.1,3.0,3.2,Strength,Strength,1.0,1.0,1.0,1.0,1.0,1.0,1.0
53.8,Female,45.0,1.68,16.03,18.5,164.2,101.1,62.4,0.69,111.7,3.0,1.0,3.03,General Fitness,Yoga,0.0,0.0,0.0,0.0,0.0,1.0,1.0
22.7,Male,89.4,1.82,27.09,19.1,205.8,151.2,61.0,1.08,748.1,3.7,3.0,2.9,General Fitness,Functional,1.0,0.0,1.0,1.0,0.0,0.0,0.0
32.2,Female,47.6,1.56,19.54,17.7,172.5,99.2,52.0,1.06,93.1,3.0,3.0,2.2,General Fitness,Yoga,0.0,0.0,0.0,0.0,1.0,0.0,1.0
38.0,Female,59.0,1.73,19.71,24.5,169.0,134.0,67.0,1.36,1783.0,3.0,1.0,2.4,Strength,Strength,1.0,0.0,1.0,0.0,0.0,1.0,1.0
29.6,Female,66.4,1.56,27.45,28.0,198.6,133.3,63.1,1.46,515.3,3.2,3.0,2.5,Muscle Gain,Powerlifting,1.0,1.0,1.0,0.0,0.0,1.0,0.0
26.2,Male,67.5,1.81,20.56,16.2,190.1,112.6,59.8,1.26,631.6,3.6,2.0,3.1,Muscle Gain,Strength,1.0,1.0,0.0,1.0,0.0,0.0,0.0
39.2,Male,63.8,1.76,20.66,14.1,180.4,171.3,53.4,1.48,880.0,3.6,2.0,4.6,Endurance,Cardio,0.0,0.0,0.0,0.0,0.0,0.0,1.0
39.9,Female,64.2,1.63,24.08,23.5,178.1,141.8,54.1,1.07,692.3,4.0,2.0,3.1,Weight Loss,Cardio,0.0,0.0,0.0,0.0,0.0,1.0,1.0
23.6,Male,84.0,1.85,24.46,16.8,185.0,102.8,59.2,0.55,132.1,4.7,3.0,2.1,Stress Relief,Yoga,0.0,0.0,0.0,0.0,1.0,0.0,1.0
18.9,Male,86.5,1.76,27.79,10.4,200.7,149.0,51.5,1.71,1193.3,4.1,1.0,3.0,General Fitness,Cardio,0.0,0.0,0.0,0.0,0.0,0.0,1.0
43.9,Female,101.3,1.85,29.53,,184.7,177.8,71.9,0.42,445.9,2.5,1.0,3.45,Weight Loss,HIIT,1.0,0.0,0.0,1.0,0.0,0.0,1.0
33.0,Female,58.3,1.77,18.61,29.5,167.0,153.0,74.0,1.41,969.0,2.0,1.0,,Muscle Gain,Strength,1.0,1.0,0.0,1.0,0.0,0.0,1.0
57.4,Male,69.7,1.73,23.4,21.4,160.0,138.5,60.3,0.73,512.9,4.1,1.0,2.4,General Fitness,Functional,1.0,0.0,0.0,1.0,1.0,0.0,1.0
39.8,Female,57.0,1.6,22.17,18.3,185.2,111.5,73.1,1.24,143.3,3.5,1.0,2.5,Flexibility,Yoga,0.0,0.0,0.0,0.0,1.0,0.0,1.0
26.4,Male,78.7,1.68,27.8,9.1,189.9,176.4,69.9,0.75,910.4,4.4,2.0,4.2,Weight Loss,Cardio,0.0,0.0,0.0,0.0,1.0,0.0,1.0
24.0,Male,79.0,1.62,30.1,25.0,177.0,169.0,73.0,1.0,887.0,2.0,3.0,3.5,Strength,Strength,1.0,1.0,1.0,0.0,1.0,0.0,1.0
54.2,Female,57.6,1.7,19.98,22.5,169.7,164.7,55.1,1.1,987.9,4.2,2.0,3.9,Endurance,HIIT,1.0,1.0,1.0,1.0,1.0,0.0,1.0
30.0,Male,71.7,1.86,20.71,26.8,177.3,137.3,71.1,1.66,725.9,4.0,2.0,3.22,Strength,Strength,1.0,1.0,1.0,0.0,0.0,0.0,0.0
46.0,Male,92.6,1.76,29.89,13.8,197.0,144.0,74.0,0.96,1291.0,2.0,2.0,3.3,Weight Loss,HIIT,1.0,1.0,1.0,0.0,0.0,0.0,1.0
28.4,Male,58.1,1.74,19.2,18.2,176.5,171.5,57.3,0.95,860.0,3.3,2.0,3.4,Weight Loss,Cardio,0.0,0.0,0.0,0.0,0.0,0.0,1.0
24.0,Female,45.7,1.63,17.2,19.6,199.0,144.0,71.0,0.94,1137.0,2.0,3.0,1.8,Muscle Gain,Strength,1.0,1.0,1.0,1.0,0.0,1.0,0.0
28.0,Female,91.2,1.77,29.11,25.4,164.0,162.0,55.0,1.28,648.0,2.0,2.0,3.3,Muscle Gain,Strength,1.0,0.0,0.0,0.0,1.0,0.0,1.0
29.8,Male,45.0,1.93,12.14,16.0,188.1,157.1,69.1,1.26,394.5,1.6,1.0,3.43,Endurance,Cardio,0.0,0.0,0.0,1.0,0.0,0.0,1.0
36.0,Female,55.5,1.69,19.52,20.5,180.1,146.2,65.9,0.84,366.3,3.1,3.0,2.3,General Fitness,Functional,1.0,0.0,1.0,1.0,0.0,1.0,1.0
23.9,Female,50.3,1.45,23.92,18.3,200.4,149.4,63.6,1.47,841.1,4.6,2.0,3.9,Muscle Gain,Functional,0.0,0.0,1.0,1.0,1.0,0.0,0.0
26.0,Male,60.9,1.78,19.13,10.5,207.9,183.9,45.0,0.72,763.0,4.1,3.0,3.9,Weight Loss,HIIT,0.0,0.0,0.0,0.0,1.0,0.0,0.0
30.5,Male,70.5,1.64,26.12,25.3,199.0,182.2,77.2,0.92,712.0,1.6,1.0,3.93,Weight Loss,HIIT,1.0,0.0,0.0,1.0,0.0,1.0,1.0
26.6,Female,70.1,1.69,24.62,26.4,200.3,131.0,72.6,1.31,573.6,4.8,3.0,2.3,Muscle Gain,Strength,1.0,1.0,0.0,0.0,1.0,0.0,1.0
20.0,Female,104.3,1.79,32.55,23.4,197.0,158.0,72.0,1.3,933.0,2.0,3.0,3.2,Muscle Gain,Strength,1.0,1.0,1.0,0.0,0.0,0.0,1.0
30.7,Female,89.1,1.81,27.08,26.5,196.6,161.4,53.6,2.25,1462.0,4.0,3.0,4.18,Weight Loss,Cardio,0.0,0.0,1.0,0.0,0.0,0.0,1.0
37.0,Male,60.2,1.76,19.43,31.4,194.0,169.0,72.0,1.7,1114.0,4.0,2.0,1.8,Strength,Strength,0.0,1.0,0.0,1.0,0.0,1.0,0.0
60.8,Female,56.0,1.7,19.44,25.0,164.1,121.4,66.6,0.92,317.4,2.3,1.0,2.98,Muscle Gain,Strength,1.0,1.0,1.0,0.0,1.0,0.0,1.0
33.0,Female,99.6,1.72,33.67,23.6,164.0,169.0,70.0,1.41,962.0,5.0,2.0,3.7,Weight Loss,HIIT,1.0,0.0,0.0,1.0,1.0,0.0,1.0
37.7,Female,65.0,1.6,25.36,27.2,197.0,125.5,58.7,1.23,546.6,3.5,2.0,1.8,General Fitness,Functional,0.0,0.0,0.0,1.0,0.0,0.0,1.0
42.6,Female,57.7,1.67,20.63,25.8,182.4,143.6,68.5,1.5,558.3,1.9,1.0,3.19,Muscle Gain,Strength,0.0,1.0,1.0,0.0,0.0,0.0,0.0
18.0,Male,63.9,1.71,21.85,30.2,164.0,140.0,66.0,1.48,785.0,4.0,2.0,,Muscle Gain,Strength,1.0,1.0,0.0,0.0,0.0,0.0,1.0
38.1,Female,71.4,1.65,26.39,18.4,195.4,150.5,65.5,0.9,713.2,4.2,3.0,3.4,General Fitness,Functional,0.0,0.0,0.0,1.0,1.0,1.0,1.0
29.3,Female,64.6,1.78,20.36,19.4,190.6,131.5,61.2,1.07,360.5,3.2,3.0,2.7,Muscle Gain,Strength,1.0,1.0,1.0,1.0,0.0,0.0,1.0
29.6,Female,54.7,1.62,20.8,17.6,184.1,179.1,56.0,0.59,322.5,2.5,2.0,3.6,Endurance,HIIT,1.0,0.0,0.0,1.0,0.0,0.0,0.0
27.6,Female,62.4,1.73,20.75,17.3,202.6,179.5,45.0,1.09,1102.0,4.5,3.0,4.1,Endurance,HIIT,1.0,1.0,0.0,0.0,1.0,0.0,1.0
22.3,Female,54.3,1.61,20.97,21.5,193.5,161.2,64.5,0.78,366.3,4.8,3.0,2.9,Endurance,HIIT,1.0,0.0,0.0,1.0,1.0,0.0,1.0
37.0,Female,63.1,1.84,18.64,31.9,185.0,158.0,56.0,1.3,1248.0,3.0,1.0,3.5,Endurance,HIIT,0.0,1.0,0.0,1.0,0.0,0.0,0.0
18.0,Female,65.3,1.72,22.07,22.8,169.0,136.0,66.0,2.0,945.0,4.0,2.0,3.3,Strength,Strength,1.0,0.0,1.0,1.0,0.0,0.0,1.0
46.0,Female,48.4,1.82,14.61,19.2,163.0,163.0,68.0,1.51,1221.0,5.0,2.0,3.7,Endurance,HIIT,0.0,0.0,1.0,0.0,0.0,0.0,1.0
26.0,Female,60.0,1.74,19.88,22.4,181.8,167.3,46.1,0.64,683.4,2.1,2.0,3.0,Weight Loss,HIIT,1.0,0.0,0.0,1.0,1.0,1.0,1.0
26.0,Male,62.0,1.65,22.77,35.0,199.0,142.0,56.0,1.61,1361.0,2.0,3.0,3.5,Endurance,HIIT,1.0,0.0,0.0,0.0,1.0,0.0,1.0
40.5,Female,46.4,1.77,14.84,19.6,186.1,156.8,80.0,1.44,388.3,3.1,2.0,3.44,General Fitness,Strength,1.0,1.0,0.0,1.0,0.0,0.0,1.0
50.9,Female,57.0,1.51,24.87,17.4,155.4,150.4,54.1,0.99,680.0,2.3,2.0,2.5,General Fitness,HIIT,1.0,0.0,0.0,0.0,0.0,1.0,1.0
42.3,Male,72.1,1.82,21.79,17.1,171.3,100.8,66.3,1.19,272.0,3.1,2.0,1.6,General Fitness,Powerlifting,0.0,1.0,1.0,0.0,1.0,0.0,0.0
30.5,Female,69.7,1.58,27.79,19.1,202.3,136.3,65.7,1.05,453.3,3.1,2.0,2.8,Athletic Performance,Functional,1.0,0.0,1.0,1.0,0.0,1.0,1.0
41.1,Male,62.8,1.64,23.35,18.7,168.3,159.5,52.7,0.74,499.6,3.8,3.0,3.3,General Fitness,HIIT,0.0,0.0,1.0,0.0,1.0,0.0,1.0
27.3,Male,64.8,1.71,22.21,16.5,200.8,142.7,53.3,0.79,327.4,4.7,1.0,3.1,Muscle Gain,Strength,1.0,1.0,1.0,1.0,0.0,1.0,0.0
19.0,Male,64.6,1.79,20.23,10.6,197.2,143.5,69.1,1.63,1240.0,5.9,2.0,3.1,Endurance,Cardio,0.0,0.0,1.0,0.0,0.0,0.0,1.0
18.4,Female,65.6,1.57,26.47,20.0,210.0,172.1,66.9,0.53,508.3,3.7,2.0,3.4,Endurance,HIIT,0.0,1.0,0.0,1.0,0.0,0.0,1.0
35.0,Female,62.8,1.68,22.35,20.6,182.3,159.2,60.9,1.72,767.0,2.8,2.0,3.54,General Fitness,Cardio,0.0,0.0,0.0,1.0,1.0,0.0,1.0
37.0,Female,94.5,1.84,27.91,26.6,160.0,158.0,61.0,1.2,1063.0,3.0,2.0,2.6,General Fitness,HIIT,1.0,0.0,0.0,1.0,0.0,0.0,1.0
26.0,Male,43.2,1.8,13.33,23.5,185.0,149.0,52.0,1.87,1019.0,4.0,2.0,2.1,General Fitness,Cardio,0.0,0.0,0.0,1.0,0.0,0.0,1.0
29.8,Female,63.8,1.64,23.64,23.5,192.3,151.9,61.4,1.3,1140.1,4.0,3.0,3.1,Weight Loss,Cardio,0.0,0.0,0.0,0.0,0.0,0.0,1.0
64.5,Female,54.5,1.65,20.05,24.0,163.8,158.8,51.5,0.6,455.8,5.3,3.0,3.4,Weight Loss,Cardio,0.0,0.0,0.0,0.0,1.0,0.0,1.0
49.0,Male,47.5,1.79,14.82,25.8,161.0,169.0,61.0,1.43,957.0,4.0,1.0,3.0,Muscle Gain,Strength,1.0,1.0,1.0,1.0,0.0,0.0,1.0
37.6,Male,85.6,1.69,29.99,18.1,189.6,140.5,70.7,0.99,502.3,3.0,3.0,3.3,Muscle Gain,Strength,1.0,0.0,1.0,1.0,1.0,0.0,0.0
29.0,Male,73.7,1.88,20.85,24.3,192.0,141.0,59.0,1.68,769.0,3.0,3.0,3.2,Endurance,Cardio,0.0,0.0,0.0,1.0,0.0,0.0,1.0
27.8,Female,54.6,1.59,21.52,15.5,192.3,179.4,45.0,1.01,602.9,2.8,3.0,4.0,Endurance,HIIT,1.0,0.0,0.0,1.0,1.0,0.0,1.0
24.9,Male,84.7,1.79,26.34,19.3,183.1,134.3,65.6,1.74,998.9,3.4,2.0,3.0,Strength,Strength,1.0,1.0,0.0,1.0,0.0,0.0,1.0
41.1,Female,43.8,1.51,19.22,17.9,181.5,104.0,53.7,1.35,133.1,4.3,3.0,2.4,Flexibility,Yoga,0.0,0.0,0.0,0.0,1.0,0.0,1.0
25.0,Female,74.6,1.63,28.08,14.8,182.0,160.0,60.0,0.93,1028.0,3.0,2.0,3.5,Endurance,HIIT,0.0,1.0,0.0,1.0,1.0,0.0,0.0
22.0,Male,47.4,1.91,12.99,26.6,161.0,164.0,73.0,2.0,1206.0,5.0,3.0,,Endurance,Cardio,0.0,0.0,0.0,0.0,0.0,0.0,1.0
37.9,Male,67.5,1.7,23.42,19.6,188.6,103.4,52.1,0.78,177.7,2.3,2.0,,Flexibility,Yoga,0.0,0.0,0.0,0.0,1.0,1.0,1.0
45.0,Male,98.7,1.77,31.5,19.5,183.0,132.0,74.0,1.32,400.0,4.0,2.0,2.0,General Fitness,Cardio,0.0,0.0,0.0,0.0,0.0,0.0,1.0
26.9,Male,73.2,1.84,21.55,11.4,198.6,164.7,46.7,0.37,396.8,2.6,3.0,2.5,Endurance,HIIT,1.0,0.0,0.0,1.0,0.0,0.0,1.0
30.0,Male,59.4,1.87,16.99,25.5,190.0,122.0,50.0,1.77,1337.0,4.0,1.0,2.8,Strength,Strength,1.0,1.0,1.0,0.0,1.0,0.0,0.0
26.1,Male,78.7,1.72,26.46,19.8,195.4,133.0,71.7,0.79,401.5,3.1,1.0,1.8,Athletic Performance,Functional,1.0,1.0,1.0,1.0,1.0,0.0,0.0
42.5,Male,59.8,1.82,18.07,17.1,175.5,137.9,68.7,1.54,557.2,3.8,1.0,3.4,Muscle Gain,Strength,1.0,1.0,0.0,0.0,0.0,0.0,1.0
19.0,Male,76.8,1.72,25.93,17.1,209.3,152.1,66.0,1.22,1058.8,4.2,3.0,3.3,Muscle Gain,Functional,1.0,1.0,1.0,1.0,1.0,0.0,1.0
19.0,Male,75.3,1.67,27.0,27.4,166.0,130.0,58.0,1.22,928.0,3.0,2.0,3.2,Endurance,HIIT,1.0,0.0,0.0,1.0,0.0,0.0,1.0
26.7,Female,68.0,1.75,22.09,26.7,179.2,124.3,61.3,1.9,859.7,4.9,2.0,2.9,General Fitness,Strength,1.0,1.0,1.0,1.0,0.0,0.0,1.0
37.0,Female,45.0,1.79,13.97,20.4,174.3,156.6,71.2,1.83,615.0,4.7,2.0,3.22,Endurance,Cardio,0.0,0.0,0.0,1.0,0.0,0.0,1.0
18.0,Male,65.3,1.8,20.15,26.1,197.0,165.0,56.0,0.74,1208.0,3.0,3.0,3.3,Endurance,HIIT,1.0,0.0,0.0,0.0,1.0,0.0,1.0
35.0,Female,54.6,1.65,20.18,22.9,191.4,113.6,81.7,0.52,59.7,3.7,2.0,1.5,General Fitness,Yoga,0.0,1.0,0.0,0.0,1.0,1.0,1.0
40.5,Male,74.0,1.66,26.77,12.7,185.5,180.5,59.2,1.18,1179.5,2.2,3.0,3.4,Endurance,HIIT,1.0,0.0,0.0,0.0,1.0,0.0,1.0
56.5,Female,50.7,1.66,18.32,25.5,158.3,113.7,76.4,0.66,123.0,2.4,1.0,2.97,General Fitness,Yoga,0.0,0.0,0.0,0.0,0.0,0.0,1.0
23.0,Female,68.0,1.74,22.46,24.5,175.0,120.0,68.0,1.01,694.0,5.0,2.0,3.5,Weight Loss,HIIT,1.0,0.0,1.0,0.0,1.0,0.0,1.0
18.6,Male,74.3,1.81,22.68,13.7,200.0,146.7,59.5,1.75,1078.2,3.9,3.0,3.5,Weight Loss,Cardio,1.0,0.0,0.0,0.0,1.0,0.0,1.0
35.5,Female,44.9,1.5,19.94,18.3,187.5,153.1,46.9,1.05,650.6,5.6,2.0,2.9,Weight Loss,Cardio,0.0,1.0,0.0,0.0,0.0,1.0,1.0
38.4,Male,82.8,1.67,29.85,16.2,185.8,118.2,67.8,1.24,424.3,3.4,2.0,2.3,Strength,Powerlifting,0.0,1.0,0.0,1.0,1.0,1.0,0.0
25.0,Male,85.5,1.8,26.39,15.7,168.0,156.0,69.0,1.39,644.0,2.0,1.0,3.3,Muscle Gain,Strength,1.0,1.0,1.0,0.0,1.0,0.0,0.0
19.8,Female,55.1,1.64,20.36,17.9,205.5,151.7,57.8,0.56,236.0,5.6,2.0,3.1,Weight Loss,Cardio,0.0,0.0,0.0,1.0,0.0,0.0,1.0
24.0,Female,44.0,1.79,13.73,26.3,193.0,164.0,62.0,1.84,622.0,4.0,2.0,3.5,Muscle Gain,Strength,1.0,1.0,0.0,1.0,0.0,0.0,1.0
33.9,Male,87.4,1.78,27.53,28.5,184.5,147.3,60.6,1.63,950.9,3.7,2.0,3.52,Muscle Gain,Strength,,,,,,,
22.5,Female,52.3,1.54,21.95,19.2,199.2,126.4,75.8,1.57,550.8,3.7,1.0,2.8,Strength,Strength,0.0,1.0,1.0,0.0,0.0,0.0,1.0
29.3,Female,58.6,1.62,22.38,24.2,198.1,123.7,64.1,0.9,201.1,2.6,2.0,3.12,Flexibility,Yoga,1.0,0.0,0.0,0.0,1.0,0.0,1.0
50.9,Female,69.9,1.58,28.09,29.2,163.5,103.8,57.5,1.61,600.8,3.2,2.0,2.4,Muscle Gain,Powerlifting,0.0,1.0,1.0,0.0,0.0,0.0,0.0
47.9,Male,53.6,2.01,13.26,18.1,171.9,138.3,81.6,1.52,550.6,2.9,1.0,3.74,Muscle Gain,Strength,1.0,1.0,1.0,0.0,0.0,0.0,1.0
34.7,Female,65.9,1.62,24.96,22.7,171.7,119.9,66.9,1.07,458.3,3.4,1.0,2.3,Strength,Strength,1.0,1.0,0.0,0.0,0.0,0.0,0.0
18.2,Male,67.2,1.64,24.94,21.0,199.7,115.9,68.2,1.46,266.8,4.3,2.0,2.6,General Fitness,Yoga,0.0,0.0,0.0,0.0,1.0,0.0,1.0
64.3,Female,77.0,1.67,27.56,26.1,168.6,137.0,70.1,1.24,690.2,3.1,1.0,2.9,Athletic Performance,Functional,0.0,1.0,0.0,1.0,1.0,0.0,1.0
32.9,Male,77.8,1.72,26.4,9.9,200.1,176.2,55.8,0.63,927.1,4.8,2.0,3.0,Endurance,HIIT,1.0,0.0,0.0,1.0,1.0,1.0,1.0
27.0,Female,55.4,1.88,15.67,16.3,187.0,134.0,53.0,2.0,855.0,5.0,1.0,2.6,Muscle Gain,Strength,1.0,1.0,1.0,0.0,0.0,1.0,0.0
25.3,Male,88.3,1.77,28.28,18.0,210.0,143.3,64.5,1.27,1000.4,3.9,3.0,3.6,Muscle Gain,Strength,1.0,1.0,1.0,1.0,0.0,0.0,1.0
52.0,Male,77.2,1.74,25.58,11.8,168.2,163.2,64.2,1.59,1535.9,5.6,1.0,4.0,Endurance,Cardio,0.0,0.0,0.0,0.0,0.0,1.0,1.0
23.5,Male,78.0,1.7,26.98,17.3,197.9,144.1,61.6,1.1,805.7,4.3,1.0,2.6,Muscle Gain,Strength,1.0,1.0,0.0,1.0,0.0,1.0,1.0
25.9,Female,68.7,1.64,25.59,14.1,194.9,151.1,55.9,0.96,671.8,5.2,1.0,3.0,Weight Loss,Cardio,0.0,1.0,0.0,1.0,0.0,0.0,1.0
32.7,Male,73.9,1.8,22.75,12.5,196.2,114.1,64.7,1.88,617.8,3.6,1.0,3.1,Strength,Strength,1.0,1.0,1.0,0.0,1.0,0.0,1.0
29.4,Female,61.9,1.67,22.1,16.1,192.0,99.7,67.7,0.67,114.3,3.6,2.0,2.2,Flexibility,Yoga,0.0,0.0,0.0,0.0,1.0,1.0,0.0
47.0,Male,40.0,1.91,10.96,24.3,185.0,129.5,74.0,1.41,608.0,3.0,1.0,2.9,Weight Loss,Cardio,0.0,0.0,0.0,0.0,0.0,0.0,1.0
27.0,Male,53.0,1.91,14.53,34.4,172.0,123.0,54.0,1.09,655.0,3.0,2.0,3.1,Strength,Strength,1.0,1.0,0.0,1.0,0.0,0.0,0.0
34.4,Female,67.5,1.68,23.97,17.9,181.6,167.3,52.0,1.19,795.4,4.5,3.0,3.2,Weight Loss,Cardio,0.0,0.0,0.0,0.0,0.0,0.0,1.0
48.0,Male,76.1,1.78,23.98,26.0,171.4,113.2,66.1,1.21,572.3,3.7,2.0,2.1,Muscle Gain,Powerlifting,0.0,1.0,0.0,0.0,0.0,0.0,1.0
40.0,Female,71.4,1.92,19.37,10.0,171.0,167.0,57.0,0.62,1412.0,3.0,1.0,1.8,Strength,Strength,1.0,1.0,1.0,0.0,0.0,0.0,0.0
28.7,Male,79.6,1.79,24.8,19.3,195.0,130.7,56.0,1.12,456.0,4.3,2.0,3.3,Strength,Powerlifting,1.0,1.0,0.0,0.0,0.0,0.0,0.0
25.7,Male,78.1,1.66,28.43,15.7,192.2,143.5,52.9,1.87,1455.6,3.9,2.0,2.8,General Fitness,Strength,1.0,1.0,1.0,0.0,1.0,1.0,0.0
43.6,Male,79.6,1.52,34.5,34.3,173.7,137.6,75.3,1.26,622.9,2.2,2.0,3.24,Muscle Gain,Strength,1.0,1.0,1.0,1.0,1.0,0.0,1.0
27.0,Female,58.6,1.72,19.9,17.2,192.2,165.7,58.3,0.93,530.5,4.1,1.0,3.3,Endurance,Cardio,0.0,1.0,1.0,0.0,0.0,0.0,1.0
52.0,Female,40.0,1.91,10.96,23.4,194.0,151.0,59.0,1.96,535.0,4.0,2.0,1.5,Weight Loss,HIIT,0.0,1.0,1.0,1.0,0.0,0.0,1.0
28.0,Male,59.6,1.65,21.81,23.3,188.4,170.8,55.7,0.68,444.2,5.1,2.0,2.51,Weight Loss,HIIT,0.0,0.0,0.0,1.0,1.0,1.0,1.0
31.0,Male,40.0,1.74,13.21,30.6,194.0,155.0,68.0,1.4,716.0,4.0,3.0,1.5,Endurance,HIIT,0.0,0.0,0.0,1.0,1.0,0.0,0.0
31.0,Female,71.0,1.81,21.67,29.6,199.0,158.0,68.0,1.87,1228.0,2.0,2.0,2.7,Muscle Gain,Strength,1.0,1.0,1.0,0.0,0.0,0.0,1.0
25.7,Male,78.6,1.78,24.68,12.0,194.6,147.8,51.6,1.14,861.0,5.3,3.0,2.4,Endurance,Cardio,0.0,0.0,0.0,1.0,0.0,0.0,1.0
42.5,Male,75.5,1.84,22.36,12.6,170.2,95.9,57.7,1.16,250.2,4.2,3.0,2.3,General Fitness,Yoga,0.0,0.0,0.0,0.0,1.0,1.0,1.0
33.0,Male,65.6,1.87,18.76,16.3,189.0,168.0,56.0,1.16,1437.0,2.0,1.0,3.5,Muscle Gain,Strength,0.0,1.0,0.0,1.0,0.0,0.0,0.0
16.0,Female,62.5,1.73,20.87,19.1,202.4,170.1,73.7,1.45,679.6,1.9,1.0,3.36,Endurance,Cardio,0.0,0.0,0.0,0.0,0.0,0.0,1.0
40.8,Male,85.2,1.71,28.99,15.6,174.5,121.7,61.4,1.24,618.2,4.4,2.0,2.2,Strength,Strength,1.0,1.0,1.0,1.0,0.0,0.0,1.0
32.6,Male,71.0,1.73,23.87,15.3,190.1,160.9,62.3,0.89,619.4,2.5,2.0,3.0,Weight Loss,HIIT,0.0,0.0,0.0,1.0,0.0,0.0,1.0
28.8,Female,73.5,1.65,26.91,23.6,194.2,115.4,70.8,1.32,735.2,4.2,3.0,2.4,General Fitness,Strength,1.0,1.0,1.0,0.0,1.0,0.0,0.0
48.0,Male,75.2,1.72,25.42,30.9,193.0,169.0,59.0,1.54,1726.0,2.0,2.0,1.9,Weight Loss,Cardio,1.0,0.0,1.0,0.0,0.0,0.0,1.0
49.0,Male,93.9,1.8,28.9,21.9,181.2,129.9,66.4,1.42,746.8,3.9,1.0,3.2,General Fitness,Strength,1.0,1.0,0.0,1.0,0.0,1.0,0.0
24.0,Female,60.5,1.65,22.28,,201.7,125.4,65.0,1.54,733.7,3.5,2.0,2.6,Muscle Gain,Strength,1.0,1.0,0.0,1.0,0.0,0.0,1.0
48.0,Male,45.8,1.73,15.3,24.5,167.0,135.0,53.0,1.28,1239.0,4.0,2.0,1.6,Strength,Strength,1.0,0.0,1.0,1.0,0.0,1.0,0.0
28.0,Male,69.3,1.99,17.5,14.4,183.0,154.0,62.0,1.97,827.0,4.0,2.0,1.5,Muscle Gain,Strength,1.0,1.0,1.0,1.0,1.0,0.0,1.0
29.4,Male,73.4,1.75,23.92,15.6,190.4,140.7,53.9,1.86,899.8,3.1,2.0,3.2,Muscle Gain,Strength,1.0,1.0,1.0,0.0,1.0,0.0,1.0
31.0,Male,79.1,1.74,26.13,18.7,192.0,167.0,74.0,0.93,1157.0,2.0,3.0,1.9,General Fitness,Cardio,0.0,0.0,0.0,0.0,0.0,0.0,1.0
29.2,Female,64.8,1.67,23.35,23.3,175.6,128.5,64.6,1.24,510.1,3.7,2.0,2.5,Athletic Performance,Functional,1.0,0.0,0.0,1.0,1.0,0.0,1.0
45.0,Female,40.0,1.69,14.01,25.2,162.0,147.0,68.0,1.19,979.0,4.0,2.0,2.4,Endurance,HIIT,0.0,0.0,0.0,1.0,1.0,0.0,1.0
18.0,Male,86.1,2.0,21.52,19.7,180.0,158.0,72.0,1.27,1173.0,2.0,3.0,3.5,Weight Loss,HIIT,0.0,0.0,0.0,1.0,1.0,1.0,1.0
58.1,Female,52.3,1.79,16.25,21.5,166.8,142.5,70.0,1.31,466.6,1.3,1.0,3.19,General Fitness,Functional,,,,,,,
59.6,Female,57.8,1.58,23.17,22.7,157.2,152.2,51.4,0.9,479.9,5.6,3.0,3.1,Weight Loss,Cardio,0.0,0.0,0.0,1.0,1.0,0.0,1.0
65.3,Male,65.0,1.73,21.59,15.8,152.7,142.4,50.8,1.34,961.0,5.9,3.0,2.1,Endurance,Cardio,0.0,0.0,0.0,0.0,0.0,1.0,0.0
31.1,Female,67.8,1.56,27.87,22.7,188.8,153.2,52.6,1.08,685.5,4.4,1.0,2.3,Athletic Performance,Functional,1.0,0.0,1.0,1.0,1.0,1.0,1.0
42.2,Female,105.6,1.74,34.92,28.0,174.6,98.9,48.9,1.0,401.2,3.8,2.0,2.98,Stress Relief,Yoga,0.0,0.0,0.0,0.0,0.0,1.0,1.0
36.6,Female,52.3,1.71,17.9,17.8,187.5,137.4,62.8,1.65,564.1,3.3,2.0,3.46,Muscle Gain,Strength,0.0,1.0,1.0,1.0,0.0,0.0,0.0
23.0,Female,73.2,1.58,29.32,25.0,175.0,169.0,65.0,1.54,1226.0,3.0,2.0,2.4,Endurance,HIIT,0.0,0.0,0.0,0.0,1.0,1.0,1.0
31.3,Female,61.5,1.67,21.94,18.2,195.3,159.7,60.4,1.4,1180.2,4.7,2.0,3.0,General Fitness,Functional,1.0,1.0,0.0,1.0,0.0,0.0,1.0
54.3,Male,68.4,1.6,26.66,19.2,168.6,163.6,59.3,0.86,671.2,5.0,2.0,3.6,Endurance,HIIT,0.0,1.0,0.0,1.0,1.0,0.0,0.0
25.7,Male,78.7,1.77,25.2,17.9,191.2,159.7,60.8,1.5,1503.1,3.1,1.0,4.1,Muscle Gain,Functional,0.0,0.0,1.0,0.0,0.0,0.0,1.0
28.5,Female,55.3,1.66,20.0,18.5,199.4,146.6,69.2,0.84,404.8,3.6,3.0,2.5,General Fitness,Functional,1.0,1.0,0.0,1.0,0.0,1.0,1.0
25.5,Male,82.4,1.74,27.22,10.1,191.1,146.3,53.8,1.46,1570.7,5.7,1.0,3.1,General Fitness,Cardio,0.0,0.0,0.0,0.0,0.0,0.0,1.0
53.7,Female,69.3,1.63,25.95,20.8,175.9,170.9,58.0,0.58,492.3,3.3,1.0,3.6,Weight Loss,Cardio,0.0,1.0,0.0,0.0,0.0,1.0,1.0
45.9,Male,72.2,1.73,24.1,16.3,180.4,117.8,57.1,0.95,324.9,3.2,2.0,2.1,General Fitness,Strength,1.0,1.0,1.0,1.0,1.0,0.0,0.0
50.0,Female,103.8,1.54,43.77,27.3,185.0,169.0,56.0,2.0,766.0,3.0,1.0,3.1,Weight Loss,HIIT,1.0,0.0,0.0,1.0,1.0,1.0,0.0
16.0,Female,63.6,1.76,20.51,21.8,198.4,122.9,65.1,0.58,132.9,3.9,3.0,2.94,Flexibility,Yoga,0.0,0.0,0.0,0.0,0.0,0.0,1.0
39.6,Male,72.8,1.55,30.18,31.0,177.6,143.3,68.2,1.11,519.1,1.6,1.0,2.81,Strength,Strength,1.0,0.0,1.0,1.0,1.0,0.0,1.0
40.0,Male,70.0,1.75,22.9,10.8,182.7,158.9,66.0,1.01,934.1,4.5,3.0,3.3,Weight Loss,Cardio,0.0,0.0,1.0,0.0,0.0,0.0,0.0
39.1,Male,74.8,1.73,24.94,24.8,180.6,138.6,56.1,1.64,880.1,4.6,2.0,3.7,General Fitness,Functional,,,,,,,
32.9,Male,78.0,1.71,26.65,21.1,189.2,117.5,51.6,1.63,648.6,4.0,2.0,2.9,Muscle Gain,Powerlifting,0.0,1.0,1.0,0.0,0.0,0.0,0.0
33.1,Female,95.8,1.78,30.09,29.8,185.8,129.8,69.8,2.31,1732.7,4.5,2.0,3.0,General Fitness,Powerlifting,1.0,1.0,1.0,0.0,0.0,0.0,1.0
28.4,Male,75.5,1.49,33.93,31.2,194.5,164.2,61.2,1.44,804.1,2.3,1.0,3.44,Weight Loss,Cardio,0.0,0.0,0.0,1.0,1.0,0.0,1.0
27.8,Male,73.4,1.68,25.89,16.5,193.3,144.9,65.7,1.3,1141.1,3.9,1.0,3.2,General Fitness,Functional,1.0,1.0,0.0,1.0,1.0,0.0,0.0
68.6,Female,65.8,1.59,25.89,15.7,163.7,156.3,57.5,0.91,575.9,4.6,2.0,3.3,Weight Loss,HIIT,1.0,1.0,0.0,1.0,1.0,0.0,1.0
29.0,Female,95.3,1.72,32.21,29.2,190.0,169.0,74.0,1.49,733.0,5.0,3.0,3.7,General Fitness,HIIT,1.0,0.0,0.0,1.0,0.0,0.0,0.0
20.5,Male,69.5,1.77,22.1,8.7,195.8,140.7,67.7,1.3,646.1,5.9,3.0,3.2,Endurance,Cardio,0.0,0.0,0.0,0.0,0.0,0.0,1.0
59.0,Male,82.0,1.51,35.96,28.5,185.0,121.0,70.0,1.82,625.0,4.0,3.0,2.2,Strength,Strength,1.0,1.0,1.0,1.0,0.0,1.0,1.0
18.2,Male,61.9,1.6,24.18,21.0,210.0,99.6,70.0,1.12,104.3,3.3,3.0,1.5,Stress Relief,Yoga,0.0,0.0,0.0,0.0,0.0,1.0,0.0
51.7,Male,71.3,1.84,21.14,16.5,169.4,98.5,55.5,1.49,251.6,3.2,3.0,2.6,Stress Relief,Yoga,0.0,0.0,0.0,0.0,0.0,1.0,1.0
25.6,Male,80.0,1.7,27.52,15.7,195.3,135.9,68.6,0.83,479.5,4.6,2.0,2.7,Strength,Strength,1.0,1.0,1.0,0.0,0.0,0.0,0.0
31.0,Male,64.8,1.71,22.16,26.2,174.0,164.0,57.0,1.64,857.0,4.0,2.0,2.7,Weight Loss,HIIT,0.0,0.0,0.0,1.0,0.0,0.0,1.0
44.9,Female,72.0,1.63,26.95,22.9,176.8,101.0,65.5,1.43,451.9,4.5,2.0,2.5,Strength,Powerlifting,0.0,1.0,1.0,0.0,0.0,0.0,1.0
46.1,Female,66.4,1.6,25.82,19.6,162.0,97.4,74.1,0.9,140.2,2.4,1.0,2.1,General Fitness,Yoga,0.0,0.0,0.0,1.0,1.0,0.0,1.0
32.6,Female,72.0,1.75,23.46,21.9,188.7,179.2,56.8,0.31,283.3,2.7,3.0,2.9,Weight Loss,HIIT,1.0,0.0,0.0,1.0,0.0,1.0,1.0
18.0,Female,57.1,1.61,22.03,31.7,198.0,129.0,66.0,0.94,1064.0,2.0,3.0,2.4,Endurance,Cardio,0.0,0.0,0.0,1.0,0.0,0.0,1.0
32.9,Male,61.8,1.6,24.15,16.5,194.4,155.6,76.2,0.7,332.8,3.8,3.0,2.5,Muscle Gain,Functional,0.0,0.0,0.0,1.0,1.0,1.0,1.0
56.7,Female,42.1,1.54,17.74,19.2,158.8,96.2,63.3,0.81,55.6,4.8,2.0,1.5,Stress Relief,Yoga,0.0,0.0,0.0,0.0,0.0,1.0,1.0
20.5,Male,79.2,1.7,27.31,10.6,210.0,152.6,51.8,0.34,243.4,4.8,2.0,3.3,Weight Loss,HIIT,0.0,1.0,0.0,1.0,1.0,0.0,1.0
59.0,Male,108.3,1.53,46.26,21.9,183.0,122.0,50.0,0.86,1071.0,3.0,1.0,3.3,Endurance,HIIT,1.0,0.0,0.0,1.0,1.0,0.0,1.0
32.1,Male,45.0,1.63,16.99,14.2,193.9,158.7,65.4,1.11,391.1,2.6,1.0,3.07,Weight Loss,Cardio,0.0,0.0,0.0,0.0,0.0,0.0,1.0
30.9,Female,73.4,1.62,27.99,18.5,201.4,157.8,60.6,1.69,1719.8,4.5,1.0,4.0,Weight Loss,Cardio,1.0,0.0,0.0,0.0,1.0,0.0,1.0
32.0,Male,58.4,2.0,14.6,23.3,179.0,139.0,60.0,1.21,1379.0,4.0,2.0,3.2,Strength,Strength,1.0,0.0,1.0,1.0,0.0,0.0,0.0
26.6,Female,57.1,1.54,24.09,23.1,201.5,156.0,59.5,1.12,760.4,3.3,2.0,3.3,General Fitness,Functional,1.0,0.0,1.0,0.0,0.0,0.0,1.0
53.6,Female,45.0,1.63,16.97,,167.5,135.0,75.1,1.18,365.4,1.8,1.0,3.11,Muscle Gain,Strength,1.0,1.0,1.0,1.0,0.0,0.0,1.0
18.0,Female,68.7,1.6,26.84,23.1,163.0,135.0,61.0,1.05,367.0,3.0,2.0,3.6,Muscle Gain,Strength,1.0,1.0,1.0,0.0,0.0,1.0,1.0
33.0,Female,68.6,1.7,23.73,20.2,184.3,119.6,73.3,1.39,677.0,3.1,1.0,3.3,Strength,Strength,1.0,0.0,1.0,0.0,1.0,0.0,0.0
43.5,Male,81.3,1.88,23.11,24.2,185.4,145.3,61.3,0.86,464.0,2.2,2.0,3.3,Muscle Gain,Functional,,,,,,,
35.6,Male,80.1,1.84,23.55,11.8,182.7,102.6,72.4,1.18,328.9,5.4,3.0,2.3,Flexibility,Yoga,0.0,1.0,0.0,0.0,0.0,1.0,1.0
25.5,Male,62.1,1.62,23.66,16.7,195.7,185.3,79.1,0.77,947.7,3.8,3.0,4.2,Weight Loss,HIIT,0.0,1.0,0.0,1.0,0.0,0.0,1.0
40.0,Male,45.4,1.84,13.41,11.5,167.0,156.0,50.0,1.13,771.0,4.0,2.0,3.5,Weight Loss,Cardio,0.0,0.0,0.0,0.0,0.0,0.0,1.0
26.0,Male,61.0,1.97,15.72,21.8,172.0,140.0,74.0,1.99,1298.0,3.0,2.0,2.6,Endurance,Cardio,0.0,0.0,0.0,0.0,0.0,0.0,1.0
28.9,Female,62.2,1.61,23.94,21.1,182.4,131.2,72.2,1.68,533.3,3.1,1.0,2.5,General Fitness,Strength,1.0,1.0,1.0,0.0,0.0,0.0,1.0
38.2,Female,46.4,1.59,18.41,20.6,184.9,101.5,61.5,1.0,125.6,4.6,2.0,2.0,Flexibility,Yoga,1.0,0.0,0.0,0.0,1.0,1.0,1.0
38.1,Female,45.0,1.63,16.95,16.0,177.6,150.1,60.5,1.23,400.4,3.7,2.0,2.95,Weight Loss,Cardio,0.0,0.0,0.0,0.0,0.0,0.0,1.0
27.5,Male,92.0,1.74,30.51,19.7,174.5,120.8,54.2,1.53,965.3,3.7,3.0,2.4,Strength,Strength,1.0,1.0,1.0,1.0,1.0,0.0,1.0
41.7,Male,61.0,1.71,20.83,11.9,169.4,164.4,52.1,0.53,377.1,3.3,2.0,3.4,General Fitness,HIIT,0.0,1.0,0.0,0.0,0.0,1.0,1.0
35.7,Male,45.0,2.0,11.25,17.6,183.8,152.6,66.6,2.05,582.5,3.8,1.0,3.52,General Fitness,Strength,,,,,,,
31.4,Female,71.6,1.59,28.21,23.7,188.3,105.6,62.2,0.62,158.4,2.8,2.0,3.12,Stress Relief,Yoga,0.0,0.0,0.0,0.0,1.0,1.0,1.0
26.0,Male,65.9,1.99,16.64,22.0,166.0,127.0,71.0,1.08,1218.0,4.0,2.0,2.6,Endurance,Cardio,0.0,0.0,0.0,0.0,0.0,0.0,1.0
36.2,Female,82.5,1.76,26.7,25.9,181.0,127.4,67.6,1.77,1045.7,5.0,3.0,2.9,Strength,Strength,1.0,1.0,1.0,0.0,0.0,0.0,1.0
54.5,Female,64.7,1.64,24.11,24.7,173.6,168.6,59.6,0.82,716.8,2.1,3.0,3.6,Weight Loss,HIIT,1.0,0.0,0.0,1.0,1.0,1.0,0.0
43.9,Male,62.0,1.79,19.42,9.8,185.5,155.1,45.0,0.82,812.5,4.5,2.0,2.8,Weight Loss,HIIT,1.0,0.0,0.0,1.0,0.0,0.0,1.0
25.9,Male,64.6,1.72,21.85,10.4,201.7,171.7,63.1,0.42,455.1,2.8,2.0,2.6,Endurance,HIIT,1.0,0.0,0.0,1.0,0.0,0.0,1.0
36.4,Female,45.0,1.67,16.2,27.6,175.1,113.7,62.9,1.02,178.4,2.7,2.0,2.94,Stress Relief,Yoga,0.0,0.0,0.0,0.0,0.0,0.0,0.0
26.0,Female,78.3,1.58,31.37,15.0,184.0,141.0,68.0,1.5,1436.0,3.0,1.0,3.7,Muscle Gain,Strength,1.0,1.0,1.0,0.0,0.0,1.0,1.0
25.9,Male,45.0,1.79,14.12,25.0,192.7,167.4,66.4,1.01,326.8,1.7,1.0,3.08,Weight Loss,Cardio,0.0,0.0,1.0,0.0,0.0,0.0,1.0
51.6,Male,57.9,1.7,19.95,19.6,147.7,131.7,71.5,0.99,447.4,3.4,2.0,2.5,Muscle Gain,Strength,1.0,1.0,1.0,1.0,0.0,0.0,1.0
32.1,Male,80.6,1.71,27.52,18.1,195.1,179.4,58.6,1.61,2000.0,4.8,2.0,4.1,General Fitness,Cardio,0.0,0.0,0.0,0.0,0.0,1.0,1.0
35.8,Female,75.6,1.68,26.89,16.2,173.0,151.6,61.2,0.72,582.7,3.7,2.0,3.1,Weight Loss,HIIT,0.0,1.0,0.0,1.0,1.0,1.0,1.0
35.8,Male,75.5,1.79,23.6,20.7,192.3,131.8,78.1,1.01,577.5,4.9,2.0,3.1,Muscle Gain,Powerlifting,0.0,1.0,0.0,0.0,0.0,0.0,0.0
47.1,Female,67.2,1.59,26.69,14.3,172.4,154.9,63.2,0.84,817.7,5.6,1.0,3.5,General Fitness,Cardio,0.0,0.0,0.0,0.0,0.0,0.0,1.0
47.0,Male,71.3,1.83,21.29,22.6,186.0,163.0,68.0,0.95,837.0,5.0,2.0,1.5,Muscle Gain,Strength,1.0,1.0,0.0,0.0,1.0,1.0,0.0
34.6,Male,71.7,1.77,22.92,,190.5,128.4,74.3,1.19,656.0,3.6,2.0,3.6,Strength,Strength,1.0,1.0,0.0,1.0,0.0,0.0,1.0
25.4,Male,62.5,1.7,21.71,17.2,191.4,127.2,68.9,1.34,679.4,4.6,3.0,2.4,Muscle Gain,Strength,1.0,1.0,1.0,1.0,1.0,0.0,1.0
18.6,Male,80.6,1.87,22.99,19.2,210.0,116.0,71.1,0.77,491.9,3.4,2.0,2.6,Strength,Strength,1.0,1.0,1.0,0.0,0.0,0.0,1.0
37.8,Male,88.7,1.82,26.66,17.2,197.3,149.3,71.9,0.89,950.6,4.2,3.0,3.0,General Fitness,Functional,1.0,0.0,1.0,1.0,1.0,0.0,1.0
23.5,Male,67.3,1.78,21.27,13.7,210.0,124.1,64.8,1.67,858.2,3.8,2.0,2.7,Muscle Gain,Strength,1.0,1.0,1.0,0.0,0.0,0.0,1.0
35.6,Male,75.8,1.76,24.57,16.1,172.2,128.2,53.7,0.81,415.0,4.8,2.0,2.7,Muscle Gain,Functional,0.0,0.0,0.0,1.0,1.0,1.0,1.0
22.8,Female,57.8,1.53,24.6,15.9,187.7,174.8,56.8,0.88,484.4,4.2,1.0,3.8,Weight Loss,Cardio,0.0,0.0,1.0,1.0,0.0,0.0,1.0
33.0,Female,76.3,1.88,21.59,24.2,169.0,161.0,69.0,1.37,1265.0,4.0,2.0,1.5,Weight Loss,Cardio,0.0,0.0,0.0,1.0,0.0,0.0,1.0
41.9,Male,85.9,1.95,22.55,12.1,171.1,142.2,69.5,1.96,1417.0,3.1,3.0,3.1,Muscle Gain,Strength,1.0,1.0,1.0,1.0,0.0,0.0,1.0
27.4,Male,78.5,1.84,23.15,15.3,175.8,130.3,73.1,1.53,1067.6,3.5,1.0,3.2,Strength,Strength,1.0,1.0,1.0,0.0,1.0,0.0,0.0
31.8,Male,62.0,1.74,20.58,12.0,190.8,149.5,57.6,1.16,645.3,6.0,2.0,3.0,General Fitness,Cardio,0.0,0.0,0.0,0.0,1.0,0.0,1.0
35.5,Female,52.4,1.54,22.21,13.8,195.3,183.3,59.2,1.05,878.6,4.6,3.0,3.7,Weight Loss,HIIT,0.0,0.0,0.0,1.0,1.0,0.0,1.0
26.3,Male,64.6,1.7,22.42,19.2,197.4,105.7,74.8,0.79,86.4,5.7,1.0,2.2,Flexibility,Yoga,0.0,0.0,0.0,0.0,0.0,0.0,1.0
26.7,Female,70.0,1.59,27.63,19.4,192.8,156.7,55.7,1.24,1070.2,4.8,1.0,3.6,Athletic Performance,Functional,1.0,0.0,0.0,1.0,1.0,0.0,1.0
48.0,Male,97.0,1.73,32.41,12.8,172.0,122.0,74.0,1.7,903.0,4.0,2.0,3.5,General Fitness,Cardio,1.0,0.0,0.0,0.0,0.0,1.0,1.0
39.0,Female,65.3,1.61,25.19,30.3,187.0,141.0,74.0,1.69,1783.0,3.0,3.0,3.4,Endurance,HIIT,1.0,0.0,0.0,1.0,1.0,0.0,1.0
42.0,Female,105.3,1.67,37.76,25.4,175.0,143.0,74.0,1.1,1115.0,3.0,1.0,3.3,Strength,Strength,1.0,1.0,1.0,0.0,0.0,0.0,0.0
25.1,Male,76.3,1.74,25.12,14.5,181.2,138.1,57.3,1.78,748.1,3.7,2.0,4.1,General Fitness,Strength,1.0,1.0,0.0,1.0,0.0,0.0,0.0
25.9,Male,83.0,1.83,24.91,27.7,184.2,114.9,69.4,1.23,479.3,4.8,3.0,2.8,Muscle Gain,Powerlifting,0.0,1.0,0.0,1.0,0.0,0.0,1.0
26.7,Male,64.8,1.75,21.14,18.6,186.4,139.9,67.9,1.25,618.6,3.7,3.0,3.5,Athletic Performance,Functional,1.0,0.0,1.0,1.0,1.0,1.0,1.0
22.8,Female,66.9,1.61,25.72,27.3,198.2,113.7,63.8,1.19,472.5,3.5,3.0,2.5,Strength,Strength,1.0,1.0,1.0,1.0,0.0,0.0,1.0
21.6,Male,74.3,1.75,24.27,14.1,203.2,110.1,63.0,1.71,751.4,3.8,2.0,2.8,Muscle Gain,Strength,1.0,1.0,0.0,0.0,0.0,0.0,0.0
68.9,Female,61.3,1.52,26.72,26.1,146.8,112.8,61.8,1.71,477.4,3.2,2.0,2.8,Muscle Gain,Strength,1.0,1.0,0.0,1.0,0.0,1.0,1.0
27.0,Male,57.4,1.89,16.07,22.4,193.0,128.0,51.0,0.92,1121.0,4.0,2.0,3.5,Muscle Gain,Strength,0.0,0.0,1.0,1.0,0.0,1.0,0.0
30.5,Male,75.4,1.82,22.72,19.8,179.2,121.0,53.5,1.47,876.4,3.6,3.0,2.8,Strength,Strength,1.0,1.0,1.0,1.0,0.0,0.0,0.0
27.1,Female,59.6,1.53,25.36,19.0,182.4,141.5,57.7,1.05,471.7,4.9,3.0,2.5,Muscle Gain,Functional,1.0,1.0,1.0,0.0,1.0,1.0,1.0
28.5,Female,66.1,1.59,26.13,24.8,185.7,113.7,66.9,1.45,218.7,5.9,2.0,2.7,General Fitness,Yoga,0.0,0.0,0.0,0.0,1.0,0.0,1.0
38.9,Male,64.6,1.7,22.28,17.0,182.4,91.7,61.7,0.63,63.2,4.8,2.0,1.5,Flexibility,Yoga,0.0,0.0,0.0,0.0,0.0,1.0,1.0
38.6,Female,55.1,1.65,20.22,25.5,176.4,125.3,81.9,0.8,272.5,5.0,1.0,1.7,Athletic Performance,Functional,1.0,0.0,0.0,1.0,0.0,1.0,1.0
30.3,Male,73.2,1.81,22.43,9.7,178.5,173.5,51.6,0.89,980.5,3.3,3.0,3.9,Weight Loss,HIIT,0.0,0.0,0.0,1.0,0.0,0.0,1.0
29.0,Female,40.2,1.7,13.91,13.2,184.0,152.0,70.0,1.82,744.0,3.0,2.0,2.6,Strength,Strength,1.0,0.0,0.0,0.0,1.0,1.0,0.0
29.1,Female,77.3,1.65,28.29,18.8,187.5,120.6,71.6,0.87,352.9,3.2,3.0,3.0,Muscle Gain,Strength,1.0,1.0,1.0,0.0,0.0,1.0,1.0
29.4,Female,73.3,1.57,29.68,23.6,188.7,116.9,67.2,1.31,649.3,4.9,3.0,3.1,General Fitness,Powerlifting,0.0,1.0,1.0,0.0,0.0,0.0,0.0
29.2,Female,72.5,1.72,24.62,25.0,179.3,136.2,50.1,1.85,825.9,3.6,1.0,4.1,General Fitness,Strength,1.0,1.0,0.0,1.0,0.0,0.0,1.0
25.1,Female,62.5,1.53,26.88,21.8,199.9,173.9,56.5,0.7,794.6,3.5,2.0,3.0,Endurance,HIIT,1.0,1.0,0.0,0.0,1.0,0.0,1.0
48.6,Male,69.7,1.64,25.86,14.5,180.6,173.8,60.9,0.76,895.7,5.5,1.0,3.1,Endurance,Cardio,1.0,0.0,0.0,0.0,0.0,1.0,1.0
18.6,Male,75.0,1.78,23.66,20.0,210.0,143.5,55.3,1.23,805.0,3.9,3.0,2.9,Muscle Gain,Strength,1.0,1.0,1.0,0.0,0.0,0.0,0.0
44.0,Female,52.8,1.71,18.06,21.7,198.0,132.0,63.0,2.0,1783.0,4.0,2.0,3.4,Weight Loss,HIIT,1.0,0.0,0.0,1.0,1.0,0.0,1.0
18.7,Male,45.0,1.75,14.73,24.1,192.4,159.5,66.1,1.4,437.3,4.0,2.0,3.09,Endurance,Cardio,0.0,0.0,1.0,0.0,1.0,0.0,1.0
46.0,Female,45.7,1.96,11.9,29.8,168.0,137.0,64.0,1.38,1303.0,2.0,2.0,3.3,Muscle Gain,Strength,1.0,1.0,1.0,0.0,1.0,0.0,1.0
39.1,Male,75.0,1.64,27.89,14.9,172.1,147.1,60.3,0.64,472.7,3.7,1.0,2.9,Weight Loss,Cardio,1.0,0.0,0.0,0.0,0.0,0.0,1.0
51.8,Male,67.0,1.72,22.52,22.0,166.2,132.0,53.0,1.39,490.4,3.9,1.0,2.3,Muscle Gain,Strength,1.0,1.0,0.0,1.0,1.0,0.0,0.0
35.0,Female,49.7,1.86,14.37,15.2,161.0,111.5,62.0,1.12,867.0,4.0,3.0,1.8,Strength,Strength,1.0,0.0,1.0,0.0,0.0,0.0,0.0
52.1,Male,62.3,1.65,22.9,16.5,185.1,127.4,77.4,1.43,889.1,4.0,1.0,3.1,Muscle Gain,Functional,0.0,1.0,1.0,1.0,1.0,1.0,1.0
24.8,Male,78.5,1.73,26.1,10.2,188.4,177.5,62.6,0.91,1317.6,2.8,2.0,3.7,Weight Loss,HIIT,1.0,1.0,0.0,1.0,1.0,0.0,1.0
59.2,Male,75.8,1.83,22.77,18.3,157.9,134.4,55.8,1.61,724.2,4.3,3.0,3.4,Muscle Gain,Strength,1.0,1.0,1.0,0.0,0.0,0.0,1.0
33.0,Female,71.8,1.51,31.49,26.6,190.0,167.0,59.0,1.84,1321.0,4.0,3.0,3.2,General Fitness,HIIT,1.0,0.0,0.0,1.0,1.0,0.0,0.0
28.3,Female,69.9,1.5,31.17,27.9,210.0,122.7,62.0,2.44,851.5,3.7,3.0,3.2,Muscle Gain,Powerlifting,0.0,1.0,1.0,0.0,1.0,0.0,0.0
41.5,Male,82.1,1.79,25.55,13.5,187.1,159.9,61.3,1.65,1338.1,4.7,3.0,3.6,General Fitness,Cardio,0.0,0.0,0.0,0.0,0.0,0.0,1.0
55.6,Female,66.1,1.8,20.34,26.0,161.7,134.6,66.3,1.42,616.3,2.7,2.0,3.41,General Fitness,Strength,,,,,,,
34.7,Female,65.2,1.58,26.03,22.7,188.4,100.9,59.2,1.03,178.4,5.3,2.0,2.1,General Fitness,Yoga,0.0,0.0,0.0,1.0,1.0,1.0,1.0
49.0,Female,88.3,1.66,31.96,29.8,161.3,134.3,70.0,2.45,1458.7,3.9,2.0,3.7,Muscle Gain,Powerlifting,0.0,1.0,0.0,0.0,0.0,0.0,0.0
36.0,Female,55.0,1.77,17.56,19.8,161.0,142.0,74.0,1.04,1564.0,2.0,2.0,3.2,General Fitness,Strength,1.0,1.0,1.0,0.0,1.0,1.0,1.0
23.9,Male,77.3,1.7,26.7,17.2,202.7,143.5,67.1,0.98,597.3,4.4,1.0,3.3,Strength,Strength,1.0,1.0,1.0,0.0,0.0,0.0,1.0
36.5,Male,49.1,1.91,13.49,23.0,183.0,121.7,74.9,0.54,97.5,2.2,1.0,2.97,General Fitness,Yoga,0.0,0.0,0.0,0.0,1.0,0.0,1.0
45.3,Male,72.8,1.79,22.62,19.3,177.0,142.3,67.0,1.78,859.7,4.4,1.0,3.3,Muscle Gain,Strength,1.0,1.0,1.0,0.0,0.0,0.0,0.0
36.0,Female,50.1,1.85,14.64,30.7,199.0,140.0,68.0,0.91,1243.0,4.0,2.0,2.8,Strength,Strength,1.0,1.0,0.0,0.0,0.0,0.0,1.0
19.2,Male,69.8,1.71,23.85,16.9,209.2,128.7,71.5,0.88,359.5,4.7,1.0,3.2,Athletic Performance,Functional,1.0,0.0,0.0,1.0,1.0,0.0,0.0
42.5,Male,83.6,1.73,27.91,15.9,182.7,130.4,64.0,1.15,670.2,4.3,3.0,2.9,General Fitness,Strength,1.0,1.0,1.0,0.0,1.0,0.0,0.0
26.7,Female,69.1,1.58,27.83,19.1,191.1,183.6,55.3,0.99,914.9,4.5,2.0,3.7,Endurance,HIIT,0.0,1.0,0.0,1.0,0.0,1.0,1.0
28.4,Male,58.4,1.66,21.27,20.8,178.1,121.9,69.5,0.77,252.3,4.9,3.0,1.8,Muscle Gain,Strength,1.0,1.0,1.0,0.0,0.0,0.0,0.0
41.3,Male,61.2,1.73,20.34,18.3,187.1,97.7,66.2,1.18,164.6,6.0,1.0,2.6,Stress Relief,Yoga,0.0,0.0,0.0,0.0,1.0,1.0,1.0
22.0,Female,53.3,1.73,17.81,22.8,172.0,144.0,71.0,1.1,1235.0,3.0,1.0,2.6,Muscle Gain,Strength,1.0,1.0,0.0,0.0,0.0,1.0,1.0
40.1,Male,91.9,1.74,30.39,20.1,183.1,125.6,65.6,0.79,374.3,4.1,2.0,2.5,Strength,Strength,0.0,1.0,0.0,1.0,0.0,0.0,0.0
29.0,Male,72.1,2.0,18.02,32.7,166.0,124.0,67.0,2.0,1582.0,3.0,2.0,3.4,Strength,Strength,1.0,0.0,1.0,0.0,0.0,1.0,1.0
25.7,Male,77.2,1.79,24.13,23.7,182.6,120.0,65.1,1.16,511.1,4.3,2.0,1.8,Strength,Powerlifting,0.0,1.0,1.0,0.0,0.0,0.0,1.0
47.0,Male,70.5,1.67,25.28,30.0,166.0,168.0,58.0,1.74,898.0,3.0,2.0,3.2,Strength,Strength,1.0,1.0,1.0,0.0,0.0,0.0,1.0
48.0,Female,61.9,1.59,24.34,,170.5,128.4,55.2,1.58,855.7,4.2,3.0,3.4,Muscle Gain,Strength,1.0,1.0,1.0,0.0,0.0,0.0,1.0
45.0,Male,65.3,1.7,22.6,31.7,162.0,120.0,63.0,1.79,731.0,4.0,3.0,2.8,Muscle Gain,Strength,1.0,1.0,1.0,0.0,1.0,1.0,0.0
43.2,Female,76.5,1.67,27.35,20.4,176.3,162.6,47.9,0.88,1088.4,3.5,1.0,3.5,Weight Loss,Cardio,0.0,0.0,0.0,0.0,0.0,1.0,1.0
42.0,Male,41.9,1.84,12.38,30.6,168.0,154.0,71.0,1.49,1029.0,4.0,2.0,2.6,General Fitness,Strength,1.0,1.0,0.0,0.0,0.0,0.0,0.0
21.5,Male,63.2,1.8,19.51,20.5,203.7,114.9,58.3,1.0,221.1,4.3,2.0,2.4,Flexibility,Yoga,0.0,0.0,0.0,0.0,0.0,0.0,1.0
24.1,Male,97.0,1.87,27.67,18.5,204.2,129.1,68.6,1.37,1214.0,4.9,3.0,2.6,Muscle Gain,Strength,1.0,0.0,1.0,0.0,0.0,0.0,1.0
27.5,Male,64.9,1.64,24.2,12.7,192.9,133.1,69.7,0.6,285.5,4.0,2.0,2.0,Athletic Performance,Functional,1.0,0.0,0.0,0.0,0.0,0.0,0.0
38.8,Male,71.3,1.67,25.57,17.9,189.6,154.4,72.5,1.33,1376.6,4.2,2.0,3.6,Endurance,Cardio,0.0,0.0,1.0,1.0,0.0,0.0,1.0
31.0,Female,49.1,1.7,16.99,23.5,162.0,167.0,63.0,1.1,891.0,3.0,1.0,2.9,General Fitness,Strength,1.0,1.0,1.0,1.0,1.0,0.0,0.0
35.2,Male,69.5,1.73,23.13,12.4,194.3,100.6,67.7,0.64,99.3,2.4,3.0,2.1,General Fitness,Yoga,0.0,0.0,0.0,1.0,1.0,1.0,1.0
26.7,Female,85.7,1.73,28.76,24.5,192.3,117.8,64.0,1.05,398.4,4.2,2.0,1.7,Muscle Gain,Powerlifting,1.0,1.0,0.0,1.0,0.0,0.0,1.0
29.9,Female,65.5,1.66,23.85,15.4,189.8,168.7,59.5,1.52,1476.3,5.2,1.0,3.1,General Fitness,Cardio,0.0,0.0,1.0,0.0,0.0,0.0,1.0
32.1,Female,59.9,1.62,22.77,19.2,178.1,166.0,58.5,1.51,803.4,4.9,1.0,4.3,Weight Loss,Cardio,0.0,0.0,1.0,0.0,1.0,1.0,1.0
39.1,Male,73.3,1.74,24.34,20.1,180.4,130.0,60.9,1.54,717.2,3.9,3.0,3.3,Muscle Gain,Powerlifting,0.0,1.0,0.0,0.0,0.0,0.0,0.0
46.0,Female,45.2,1.53,19.38,24.1,183.0,178.0,60.3,0.36,162.8,2.7,3.0,3.5,Weight Loss,HIIT,0.0,0.0,0.0,1.0,1.0,0.0,1.0
26.0,Male,40.0,1.72,13.52,17.0,164.0,169.0,58.0,0.89,1198.0,5.0,2.0,1.6,Endurance,HIIT,1.0,1.0,0.0,1.0,0.0,0.0,1.0
37.3,Male,71.1,1.66,25.87,21.8,200.7,133.8,72.7,1.7,651.0,4.9,2.0,3.5,Muscle Gain,Strength,1.0,1.0,1.0,1.0,1.0,0.0,0.0
42.6,Male,70.0,1.65,25.65,18.6,174.8,146.7,76.5,1.14,826.6,4.0,3.0,3.4,General Fitness,Functional,0.0,0.0,0.0,1.0,1.0,1.0,0.0
34.6,Female,53.1,1.6,20.65,22.2,184.5,126.7,62.3,1.27,554.4,3.6,1.0,2.5,Athletic Performance,Functional,1.0,0.0,0.0,1.0,0.0,0.0,0.0
24.9,Male,62.0,1.67,22.28,17.1,186.9,112.7,62.0,1.67,702.3,3.7,1.0,3.7,Muscle Gain,Strength,1.0,0.0,0.0,0.0,1.0,1.0,1.0
44.0,Female,106.8,1.65,39.23,17.1,171.0,143.0,71.0,1.54,1295.0,3.0,3.0,3.5,General Fitness,Cardio,1.0,0.0,0.0,1.0,0.0,0.0,1.0
16.0,Male,45.0,1.86,12.95,9.8,208.1,124.1,61.2,0.95,150.7,3.4,2.0,3.45,Stress Relief,Yoga,0.0,1.0,0.0,0.0,0.0,0.0,1.0
43.0,Female,40.0,1.55,16.65,19.9,172.0,159.0,59.0,1.28,1480.0,3.0,3.0,3.0,Muscle Gain,Strength,1.0,1.0,1.0,0.0,0.0,0.0,1.0
36.0,Male,71.0,1.66,25.77,20.3,168.0,131.0,74.0,1.1,567.0,4.0,1.0,3.7,Weight Loss,HIIT,0.0,1.0,0.0,1.0,1.0,0.0,1.0
25.8,Female,59.6,1.63,22.44,24.5,190.8,110.5,66.0,1.58,673.8,4.2,1.0,2.3,Strength,Strength,1.0,1.0,1.0,0.0,0.0,0.0,1.0
27.6,Female,66.5,1.59,26.39,22.8,203.7,170.0,52.0,0.88,913.4,3.9,1.0,3.5,Weight Loss,Cardio,0.0,0.0,0.0,0.0,1.0,0.0,1.0
20.5,Female,62.7,1.61,24.13,21.3,202.4,98.5,55.3,1.08,205.4,3.9,2.0,2.3,Flexibility,Yoga,0.0,0.0,0.0,0.0,1.0,0.0,1.0
33.0,Female,73.0,1.69,25.56,10.0,196.0,135.0,67.0,1.93,881.0,2.0,2.0,2.2,Muscle Gain,Strength,0.0,1.0,1.0,0.0,0.0,0.0,0.0
18.0,Female,63.4,1.85,18.52,21.4,191.0,148.0,69.0,0.89,1106.0,5.0,3.0,2.3,Muscle Gain,Strength,1.0,0.0,1.0,1.0,0.0,0.0,1.0
51.1,Male,67.8,1.75,22.0,20.5,184.3,117.0,74.9,1.96,599.8,4.1,1.0,3.0,Muscle Gain,Strength,1.0,1.0,1.0,0.0,0.0,0.0,1.0
48.9,Female,45.0,1.92,12.21,15.6,158.9,120.1,59.4,0.9,269.9,4.6,3.0,3.18,Muscle Gain,Strength,1.0,1.0,1.0,0.0,0.0,0.0,1.0
50.0,Female,92.6,1.91,25.38,25.2,171.0,137.0,54.0,1.6,303.0,3.0,1.0,2.3,Muscle Gain,Strength,1.0,0.0,1.0,1.0,1.0,0.0,1.0
33.7,Female,77.1,1.71,26.39,22.1,196.3,153.5,67.3,1.51,658.7,4.4,2.0,2.91,General Fitness,Strength,1.0,0.0,1.0,1.0,0.0,1.0,1.0
36.3,Male,75.2,1.6,29.23,19.9,195.0,123.8,69.4,1.22,472.8,4.7,2.0,2.8,Muscle Gain,Powerlifting,1.0,1.0,0.0,1.0,0.0,1.0,1.0
22.5,Female,74.5,1.66,27.07,31.1,201.1,132.0,59.7,2.0,1135.2,3.5,3.0,3.8,Strength,Powerlifting,0.0,1.0,1.0,0.0,0.0,0.0,1.0
26.2,Male,64.9,1.84,19.22,12.7,206.6,150.3,46.4,1.32,993.9,3.6,3.0,3.8,Athletic Performance,Functional,0.0,0.0,1.0,1.0,1.0,1.0,1.0
49.3,Male,95.3,1.95,25.11,13.1,171.3,113.0,67.9,1.1,508.6,3.4,3.0,1.9,Muscle Gain,Strength,1.0,0.0,1.0,0.0,0.0,0.0,0.0
35.5,Male,65.9,1.74,21.75,13.9,174.4,145.4,66.5,1.35,974.2,3.3,1.0,3.2,General Fitness,Functional,1.0,0.0,0.0,1.0,1.0,1.0,1.0
21.9,Female,75.5,1.77,24.22,15.6,206.1,159.4,52.6,1.1,608.2,4.2,2.0,2.89,Muscle Gain,Functional,,,,,,,
39.1,Male,69.6,1.71,23.75,21.8,165.9,111.4,61.0,1.37,589.5,4.6,1.0,2.6,Muscle Gain,Strength,1.0,0.0,1.0,0.0,0.0,0.0,0.0
34.3,Male,68.2,1.75,22.35,25.0,184.1,158.3,78.1,1.29,625.8,3.1,1.0,3.47,Weight Loss,Cardio,1.0,0.0,0.0,0.0,0.0,1.0,1.0
37.6,Female,70.8,1.75,23.25,16.7,172.8,132.1,66.1,0.64,290.9,4.7,3.0,2.82,Muscle Gain,Strength,1.0,1.0,1.0,0.0,0.0,0.0,0.0
25.0,Female,59.2,1.84,17.49,25.1,168.0,160.0,51.0,1.53,1476.0,4.0,2.0,3.7,General Fitness,Strength,1.0,1.0,1.0,1.0,0.0,1.0,1.0
37.0,Male,48.3,1.81,14.74,26.1,167.0,134.0,69.0,1.97,1276.0,3.0,2.0,1.8,Muscle Gain,Strength,1.0,1.0,0.0,0.0,1.0,1.0,1.0
18.2,Male,98.5,1.87,28.15,20.4,206.5,121.6,69.9,1.25,642.3,4.9,3.0,3.0,Strength,Powerlifting,1.0,1.0,0.0,0.0,1.0,0.0,0.0
47.0,Female,48.6,1.55,20.23,15.6,176.0,165.0,74.0,0.71,1305.0,2.0,1.0,2.7,Weight Loss,Cardio,0.0,0.0,0.0,0.0,1.0,0.0,1.0
26.0,Female,65.7,1.56,27.14,31.8,198.3,111.7,67.3,1.64,675.4,3.6,3.0,2.4,Strength,Powerlifting,0.0,1.0,0.0,0.0,1.0,0.0,0.0
16.0,Female,45.1,1.83,13.47,17.3,197.5,150.2,53.7,1.54,411.2,2.8,2.0,2.81,Strength,Strength,1.0,1.0,1.0,0.0,1.0,0.0,1.0
36.0,Male,64.7,1.63,24.36,15.0,188.3,137.9,61.1,1.18,799.7,4.6,3.0,2.4,General Fitness,Functional,1.0,0.0,1.0,1.0,1.0,0.0,0.0
19.8,Male,67.8,1.57,27.61,27.7,199.0,129.7,70.9,0.94,236.6,2.5,2.0,3.2,Flexibility,Yoga,0.0,0.0,0.0,0.0,1.0,0.0,1.0
18.8,Female,68.4,1.69,23.81,19.9,201.1,126.6,72.6,1.05,418.5,3.6,1.0,2.4,General Fitness,Functional,1.0,0.0,0.0,1.0,1.0,0.0,0.0
43.5,Male,86.7,1.79,27.01,27.0,182.5,137.5,61.5,1.16,659.2,5.0,2.0,2.65,Muscle Gain,Strength,1.0,0.0,1.0,1.0,0.0,1.0,0.0
37.7,Male,94.1,1.81,28.72,18.5,177.2,107.0,73.8,1.09,444.7,4.5,3.0,2.0,Muscle Gain,Powerlifting,1.0,1.0,0.0,0.0,1.0,0.0,0.0
39.3,Female,73.5,1.62,28.03,35.1,191.2,111.0,81.7,1.82,790.5,3.5,2.0,2.3,Strength,Powerlifting,1.0,1.0,1.0,0.0,0.0,0.0,1.0
27.0,Male,91.9,1.5,40.84,28.8,185.0,154.0,60.0,1.08,825.0,5.0,2.0,3.2,Endurance,HIIT,1.0,1.0,0.0,1.0,0.0,0.0,1.0
35.4,Male,63.0,1.63,23.86,21.9,175.6,138.2,76.2,0.72,285.3,2.7,2.0,3.12,Muscle Gain,Strength,1.0,1.0,1.0,0.0,1.0,0.0,1.0
28.0,Female,63.0,1.72,21.28,22.2,201.0,165.8,55.5,0.65,516.4,5.3,1.0,3.3,Endurance,Cardio,0.0,0.0,0.0,0.0,0.0,1.0,1.0
59.0,Male,62.4,1.71,21.34,32.0,197.0,135.5,74.0,1.47,705.0,4.0,2.0,2.4,Endurance,Cardio,1.0,0.0,0.0,0.0,0.0,0.0,1.0
35.6,Female,41.9,1.52,18.15,23.2,180.3,110.6,66.4,0.88,81.3,5.7,3.0,2.6,Flexibility,Yoga,0.0,1.0,0.0,0.0,1.0,0.0,1.0
35.1,Male,87.6,1.88,24.9,15.2,204.7,169.0,62.9,1.2,1179.8,3.8,1.0,4.1,Weight Loss,Cardio,0.0,0.0,0.0,0.0,0.0,0.0,1.0
45.9,Female,72.5,1.59,28.65,18.7,172.6,119.6,74.1,0.96,443.5,4.6,3.0,3.0,Muscle Gain,Strength,1.0,0.0,1.0,1.0,0.0,0.0,0.0
28.4,Male,63.1,1.64,23.46,8.4,201.2,176.6,66.6,1.59,973.4,3.9,1.0,3.8,Weight Loss,Cardio,0.0,0.0,0.0,0.0,0.0,0.0,1.0
67.3,Male,93.8,1.86,26.96,20.0,152.7,123.1,66.2,1.17,527.7,3.9,3.0,2.3,Muscle Gain,Strength,1.0,1.0,1.0,1.0,1.0,0.0,1.0
51.9,Female,55.7,1.67,19.89,20.0,180.3,118.6,65.2,0.65,72.0,3.1,2.0,2.0,Flexibility,Yoga,0.0,0.0,0.0,0.0,1.0,1.0,1.0
30.0,Male,40.0,1.67,14.34,18.2,176.0,120.0,55.0,1.39,1710.0,3.0,1.0,2.7,Endurance,Cardio,0.0,0.0,0.0,0.0,0.0,0.0,0.0
53.1,Male,83.5,1.79,26.14,17.3,172.9,102.2,71.3,1.68,535.6,4.5,3.0,2.9,General Fitness,Powerlifting,1.0,1.0,1.0,0.0,0.0,0.0,1.0
27.7,Male,73.7,1.8,22.65,15.2,187.6,142.9,58.6,1.24,700.0,3.3,2.0,3.2,Endurance,Cardio,1.0,0.0,0.0,0.0,0.0,0.0,1.0
18.0,Male,50.6,1.89,14.17,28.5,189.0,130.0,66.0,1.37,1278.0,4.0,2.0,3.7,Endurance,HIIT,0.0,0.0,1.0,1.0,0.0,0.0,1.0
42.0,Female,55.3,1.76,17.79,,175.5,143.0,56.8,0.87,328.2,2.1,1.0,2.77,Weight Loss,Cardio,0.0,0.0,0.0,1.0,1.0,0.0,1.0
32.0,Male,58.7,1.73,19.61,28.6,161.0,130.0,69.0,1.07,733.0,3.0,3.0,1.9,Muscle Gain,Strength,1.0,1.0,1.0,0.0,1.0,0.0,0.0
20.8,Male,66.0,1.82,19.87,8.7,197.3,184.7,48.7,0.4,522.7,2.8,3.0,3.7,Weight Loss,HIIT,1.0,0.0,0.0,1.0,0.0,0.0,1.0
33.9,Female,63.3,1.56,26.08,25.3,186.5,110.6,68.0,0.87,320.3,3.5,3.0,2.9,General Fitness,Strength,1.0,1.0,1.0,0.0,1.0,0.0,1.0
48.5,Male,57.5,1.61,22.23,17.1,168.1,143.2,59.7,1.51,704.2,3.2,3.0,3.1,Strength,Strength,0.0,1.0,1.0,0.0,0.0,1.0,0.0
29.4,Male,62.0,1.74,20.53,21.9,181.6,143.4,68.5,1.55,694.4,4.6,2.0,3.0,Strength,Strength,1.0,0.0,1.0,0.0,1.0,0.0,1.0
36.6,Male,55.4,1.8,17.14,22.6,184.0,141.4,64.4,1.18,405.1,2.2,1.0,3.54,Strength,Strength,1.0,0.0,1.0,1.0,0.0,0.0,1.0
39.8,Female,88.9,1.7,30.72,25.9,180.7,123.6,70.5,1.93,798.0,3.6,3.0,3.1,Muscle Gain,Powerlifting,0.0,0.0,0.0,0.0,0.0,0.0,0.0
19.8,Female,54.9,1.61,21.21,18.0,196.0,114.5,60.6,0.6,112.0,3.6,2.0,2.3,General Fitness,Yoga,0.0,0.0,0.0,0.0,1.0,0.0,1.0
41.6,Male,63.8,1.55,26.56,9.2,161.7,156.7,56.5,0.33,347.7,3.3,3.0,3.1,Endurance,HIIT,0.0,0.0,0.0,1.0,0.0,1.0,1.0
67.7,Female,70.5,1.61,27.28,22.4,163.1,158.1,59.7,1.2,917.6,4.8,3.0,3.4,Weight Loss,Cardio,0.0,0.0,0.0,0.0,0.0,0.0,1.0
55.0,Male,104.9,1.56,43.1,27.8,187.0,155.0,58.0,0.87,1260.0,3.0,1.0,3.5,Strength,Strength,0.0,1.0,0.0,1.0,0.0,0.0,1.0
19.6,Female,53.0,1.56,21.76,25.2,203.7,157.2,67.0,0.69,288.5,4.0,3.0,2.4,Weight Loss,Cardio,0.0,0.0,0.0,0.0,0.0,0.0,1.0
54.6,Female,58.8,1.65,21.5,14.3,159.2,154.2,64.3,0.96,545.4,4.6,3.0,2.5,Weight Loss,Cardio,0.0,0.0,1.0,0.0,0.0,0.0,1.0
25.8,Female,75.6,1.69,26.31,23.7,196.2,117.6,67.3,1.4,794.3,3.3,3.0,2.8,Strength,Strength,1.0,1.0,0.0,0.0,0.0,0.0,1.0
36.9,Male,89.4,1.76,28.93,24.0,188.1,100.2,69.7,2.1,857.1,4.2,2.0,3.6,Strength,Powerlifting,0.0,1.0,1.0,1.0,1.0,0.0,1.0
37.2,Male,64.4,1.78,20.27,9.7,191.2,145.4,49.3,1.17,861.1,6.0,3.0,,Weight Loss,Cardio,0.0,0.0,0.0,1.0,0.0,1.0,1.0
27.1,Male,61.2,1.64,22.67,18.1,182.8,125.3,62.4,1.74,731.6,4.7,1.0,2.6,Muscle Gain,Strength,1.0,1.0,1.0,0.0,1.0,0.0,1.0
35.4,Male,82.5,1.72,27.91,11.8,187.8,179.2,59.4,0.41,359.2,4.6,3.0,3.5,Weight Loss,HIIT,1.0,1.0,0.0,1.0,1.0,1.0,0.0
36.0,Female,77.7,1.66,28.2,11.3,193.0,120.0,72.0,1.21,1115.0,2.0,3.0,2.2,General Fitness,Strength,1.0,1.0,1.0,1.0,1.0,0.0,0.0
38.0,Male,82.7,2.0,20.68,25.8,178.0,138.0,72.0,1.46,1219.0,4.0,1.0,3.6,Muscle Gain,Strength,1.0,1.0,1.0,0.0,0.0,0.0,0.0
55.0,Female,63.2,1.59,25.0,19.0,161.0,168.0,69.0,1.49,1094.0,3.0,2.0,3.6,Strength,Strength,1.0,1.0,0.0,0.0,0.0,0.0,1.0
25.6,Female,60.1,1.57,24.25,20.3,184.0,179.0,65.8,0.58,498.6,4.1,3.0,3.5,General Fitness,HIIT,1.0,1.0,1.0,0.0,1.0,0.0,1.0
33.4,Female,64.3,1.64,24.02,15.5,188.3,158.5,55.9,1.12,592.5,3.4,3.0,2.7,Weight Loss,HIIT,1.0,0.0,0.0,0.0,0.0,0.0,0.0
23.6,Female,71.7,1.6,27.94,27.9,200.8,144.3,80.4,1.65,1182.6,3.8,3.0,3.4,Muscle Gain,Strength,1.0,1.0,1.0,0.0,1.0,0.0,1.0
23.1,Female,66.2,1.64,24.62,20.3,204.2,155.0,63.5,0.34,221.0,4.8,2.0,3.2,Endurance,HIIT,0.0,0.0,0.0,1.0,0.0,0.0,1.0
38.2,Female,68.3,1.72,22.97,19.3,190.6,142.7,71.7,1.08,494.0,3.9,3.0,3.3,Strength,Strength,1.0,1.0,1.0,0.0,0.0,1.0,0.0
21.9,Male,73.9,1.81,22.48,12.2,204.4,154.8,58.6,0.45,403.9,4.3,2.0,2.8,Endurance,HIIT,1.0,1.0,0.0,1.0,1.0,0.0,1.0
25.1,Male,84.1,1.77,26.83,16.3,184.3,137.7,59.3,1.66,1154.0,4.1,3.0,2.6,Muscle Gain,Strength,0.0,1.0,1.0,0.0,0.0,0.0,1.0
22.5,Male,76.9,1.81,23.53,15.7,204.3,126.7,68.2,0.68,471.4,3.6,2.0,3.2,General Fitness,Functional,1.0,0.0,1.0,1.0,1.0,0.0,1.0
48.0,Female,49.8,1.69,17.44,17.7,184.0,143.0,56.0,1.37,820.9,3.0,3.0,2.7,Muscle Gain,Strength,0.0,1.0,1.0,0.0,0.0,0.0,1.0
31.0,Male,84.2,1.81,25.68,21.2,178.3,128.8,72.9,1.31,729.7,4.3,2.0,3.1,General Fitness,Strength,1.0,0.0,1.0,0.0,1.0,1.0,1.0
18.0,Male,40.0,1.78,12.62,16.9,167.0,133.0,62.0,0.86,963.0,4.0,3.0,3.7,Strength,Strength,1.0,1.0,1.0,0.0,0.0,0.0,1.0
26.4,Male,55.6,1.64,20.61,15.5,207.7,163.3,55.6,1.14,580.9,5.1,2.0,3.8,General Fitness,Cardio,0.0,0.0,0.0,1.0,0.0,0.0,1.0
26.5,Male,82.1,1.82,24.72,19.2,188.6,119.2,68.1,1.3,768.8,3.2,1.0,2.6,Muscle Gain,Strength,1.0,1.0,1.0,1.0,0.0,0.0,1.0
52.0,Female,62.4,1.91,17.1,27.3,191.0,161.0,63.0,2.0,1783.0,2.0,1.0,3.2,Muscle Gain,Strength,1.0,1.0,1.0,0.0,0.0,1.0,0.0
23.0,Female,53.0,1.53,22.58,15.2,210.0,163.4,54.7,0.8,430.6,5.9,1.0,3.3,Weight Loss,Cardio,0.0,0.0,0.0,0.0,0.0,0.0,1.0
49.0,Female,59.2,1.55,24.64,25.1,185.0,169.0,63.0,1.32,1169.0,4.0,1.0,1.7,Muscle Gain,Strength,1.0,0.0,1.0,0.0,0.0,0.0,1.0
20.8,Male,73.4,1.72,24.89,20.5,191.5,102.9,61.8,2.04,835.7,4.7,2.0,3.0,Strength,Powerlifting,0.0,1.0,0.0,0.0,1.0,0.0,1.0
29.6,Female,69.2,1.63,26.08,16.8,195.6,156.2,48.2,1.31,1196.7,3.1,3.0,3.7,Weight Loss,Cardio,0.0,0.0,0.0,0.0,1.0,0.0,1.0
27.2,Female,83.8,1.71,28.75,20.7,197.3,123.0,65.1,1.51,626.3,4.3,1.0,3.1,Strength,Strength,1.0,1.0,1.0,0.0,1.0,1.0,0.0
30.0,Male,69.2,1.69,24.23,23.9,191.9,109.8,59.3,1.25,501.7,4.5,3.0,2.7,General Fitness,Powerlifting,0.0,1.0,1.0,0.0,0.0,0.0,1.0
48.8,Male,64.5,1.68,22.76,26.9,167.1,134.0,68.0,1.66,700.6,4.0,2.0,4.08,General Fitness,Strength,1.0,1.0,1.0,0.0,0.0,1.0,1.0
20.2,Female,54.3,1.62,20.73,23.8,208.0,178.6,51.5,1.02,631.7,4.4,2.0,3.4,Weight Loss,HIIT,0.0,0.0,0.0,1.0,0.0,0.0,1.0
20.0,Male,40.0,1.52,17.31,22.6,164.0,144.0,65.0,1.53,629.0,4.0,1.0,3.1,Strength,Strength,1.0,1.0,1.0,0.0,0.0,0.0,1.0
23.0,Female,74.2,1.71,25.38,34.5,199.0,150.0,57.0,1.05,1166.0,3.0,1.0,3.3,Weight Loss,Cardio,0.0,0.0,0.0,0.0,0.0,0.0,1.0
20.8,Male,84.1,1.77,26.85,18.4,207.2,159.2,48.5,0.57,528.7,5.4,3.0,2.9,Weight Loss,Cardio,0.0,0.0,0.0,1.0,0.0,0.0,1.0
33.2,Female,60.2,1.77,19.18,25.8,182.9,177.7,64.4,0.78,494.2,1.7,1.0,2.48,General Fitness,HIIT,1.0,0.0,0.0,1.0,0.0,0.0,1.0
25.0,Male,40.0,1.56,16.44,16.7,195.0,132.0,57.0,0.65,499.0,3.0,2.0,,Muscle Gain,Strength,1.0,1.0,1.0,1.0,0.0,1.0,1.0
36.9,Male,62.0,1.55,25.7,17.6,164.2,141.6,63.2,1.32,535.1,3.3,1.0,3.3,General Fitness,Functional,0.0,0.0,1.0,0.0,0.0,0.0,0.0
27.3,Male,127.6,1.87,36.53,33.5,199.4,195.6,77.5,0.71,1031.4,1.9,1.0,3.34,Weight Loss,HIIT,1.0,0.0,0.0,1.0,1.0,1.0,1.0
22.6,Female,40.0,1.45,19.02,25.1,194.7,103.4,64.9,1.24,85.5,3.6,1.0,2.6,Stress Relief,Yoga,0.0,0.0,0.0,0.0,1.0,1.0,1.0
55.6,Female,74.8,1.82,22.72,26.2,172.2,123.7,62.7,1.59,697.2,4.9,3.0,3.0,Muscle Gain,Strength,1.0,1.0,1.0,0.0,0.0,0.0,1.0
34.7,Female,66.5,1.62,25.31,20.7,192.3,132.3,66.2,1.96,1022.2,5.0,3.0,3.8,Muscle Gain,Strength,1.0,1.0,0.0,0.0,0.0,0.0,1.0
38.2,Female,54.0,1.64,20.1,22.0,181.7,129.6,64.2,1.9,693.4,4.9,2.0,2.9,Strength,Strength,1.0,1.0,1.0,0.0,0.0,1.0,0.0
29.5,Female,58.3,1.61,22.57,22.8,187.0,163.7,49.5,0.75,623.1,3.9,1.0,3.3,Weight Loss,Cardio,0.0,0.0,0.0,0.0,0.0,0.0,1.0
30.7,Female,48.1,1.53,20.41,24.8,188.6,147.5,63.5,1.01,605.1,4.5,3.0,3.0,Muscle Gain,Functional,0.0,0.0,1.0,1.0,1.0,0.0,0.0
34.0,Female,76.7,1.73,25.49,26.2,191.3,134.5,60.1,0.84,421.6,4.8,3.0,4.1,Strength,Strength,1.0,0.0,1.0,0.0,0.0,1.0,0.0
27.1,Female,81.4,1.6,31.62,24.1,191.7,109.8,68.7,2.08,623.5,4.2,3.0,2.5,Strength,Powerlifting,0.0,1.0,1.0,0.0,0.0,0.0,0.0
51.6,Male,102.2,1.69,35.6,33.5,165.8,139.5,74.2,1.21,940.7,2.6,1.0,3.97,Endurance,Cardio,0.0,0.0,0.0,0.0,0.0,0.0,1.0
21.4,Male,76.8,1.74,25.44,15.6,209.2,155.7,70.0,0.93,977.4,4.9,2.0,2.9,General Fitness,Cardio,1.0,0.0,1.0,0.0,0.0,1.0,1.0
53.2,Male,71.2,1.67,25.41,14.1,151.5,146.5,46.3,1.09,1083.3,4.0,2.0,3.3,General Fitness,Cardio,0.0,0.0,0.0,1.0,0.0,0.0,1.0
19.3,Male,65.1,1.77,20.85,8.0,210.0,163.4,73.9,0.75,565.7,3.1,1.0,2.6,Weight Loss,Cardio,1.0,0.0,0.0,0.0,0.0,1.0,1.0
40.1,Male,96.0,1.93,25.75,22.5,177.9,117.9,57.3,1.09,368.8,3.8,3.0,3.94,Stress Relief,Yoga,0.0,0.0,0.0,0.0,1.0,0.0,1.0
60.9,Male,52.4,1.73,17.61,24.5,151.0,125.0,65.1,0.54,186.6,4.2,2.0,3.21,Muscle Gain,Strength,1.0,1.0,1.0,0.0,0.0,0.0,0.0
18.9,Male,68.4,1.71,23.49,13.1,187.7,112.3,67.5,0.78,281.6,4.1,2.0,3.0,Muscle Gain,Strength,1.0,1.0,1.0,0.0,0.0,0.0,1.0
33.6,Female,55.8,1.58,22.39,27.0,195.0,126.7,56.5,0.79,326.1,4.8,1.0,2.3,Athletic Performance,Functional,0.0,0.0,1.0,0.0,0.0,0.0,1.0
25.5,Female,67.0,1.78,21.03,20.5,204.1,162.9,53.4,0.98,708.2,3.3,1.0,2.4,Endurance,Cardio,1.0,0.0,0.0,0.0,0.0,0.0,1.0
27.8,Male,60.8,1.74,20.01,17.1,195.4,126.4,58.1,1.41,847.6,3.7,3.0,2.7,General Fitness,Functional,1.0,0.0,0.0,1.0,0.0,0.0,1.0
29.1,Female,63.8,1.62,24.24,20.7,175.0,170.0,62.2,0.58,505.1,4.8,3.0,2.8,General Fitness,Cardio,0.0,1.0,0.0,0.0,0.0,0.0,0.0
18.0,Male,49.8,1.96,12.96,24.3,199.0,162.0,74.0,1.64,996.0,4.0,2.0,2.3,Muscle Gain,Strength,1.0,1.0,0.0,0.0,0.0,0.0,1.0
27.0,Male,40.0,1.76,12.91,21.9,183.0,125.0,60.0,1.04,1783.0,4.0,2.0,3.3,Strength,Strength,1.0,0.0,1.0,0.0,1.0,0.0,0.0
18.7,Female,43.8,1.5,19.46,23.8,198.8,103.6,53.2,0.86,86.3,5.8,3.0,1.9,Flexibility,Yoga,0.0,0.0,0.0,0.0,0.0,0.0,1.0
50.6,Male,86.2,1.78,27.16,15.5,169.3,164.3,60.6,1.66,1686.6,5.5,1.0,3.6,Endurance,Cardio,0.0,0.0,1.0,1.0,0.0,1.0,1.0
22.6,Male,86.1,1.76,27.7,14.4,192.3,128.4,73.0,1.55,959.3,4.2,1.0,2.6,Strength,Strength,1.0,0.0,1.0,0.0,1.0,0.0,0.0
26.0,Male,75.2,1.74,24.83,18.5,190.6,131.3,57.7,1.4,560.4,3.1,1.0,3.3,Muscle Gain,Strength,1.0,1.0,1.0,1.0,0.0,1.0,1.0
39.6,Female,64.7,1.65,23.82,22.8,175.4,167.4,60.1,1.03,840.2,3.7,1.0,3.0,Endurance,Cardio,0.0,0.0,0.0,1.0,0.0,0.0,1.0
18.8,Male,94.1,1.71,32.15,20.3,191.2,104.5,76.2,1.45,746.6,3.9,3.0,2.7,Muscle Gain,Powerlifting,0.0,1.0,0.0,1.0,1.0,0.0,0.0
37.7,Female,55.4,1.46,25.9,20.5,193.0,123.6,57.5,1.15,518.6,3.9,2.0,2.8,Muscle Gain,Strength,0.0,1.0,1.0,1.0,1.0,0.0,1.0
45.0,Male,40.0,1.75,13.06,28.8,194.0,120.0,50.0,1.67,1296.0,3.0,3.0,1.9,Muscle Gain,Strength,1.0,1.0,1.0,0.0,0.0,0.0,1.0
22.1,Male,57.4,1.73,19.18,17.3,194.9,188.0,71.8,0.32,213.9,4.7,2.0,3.5,General Fitness,HIIT,0.0,0.0,0.0,1.0,0.0,1.0,1.0
45.1,Female,72.8,1.63,27.34,22.0,184.2,119.1,62.4,1.61,566.5,4.2,1.0,2.7,Strength,Strength,1.0,1.0,1.0,0.0,0.0,0.0,0.0
30.0,Male,75.6,1.82,22.82,32.4,196.0,138.0,74.0,1.31,925.0,3.0,3.0,3.3,Weight Loss,Cardio,0.0,0.0,0.0,0.0,0.0,0.0,1.0
26.0,Female,51.9,1.9,14.38,32.2,182.0,129.0,55.0,2.0,1418.0,2.0,1.0,2.4,Weight Loss,Cardio,1.0,0.0,0.0,0.0,0.0,1.0,1.0
53.0,Male,95.5,1.52,41.33,21.8,164.0,169.0,52.0,1.31,1009.0,3.0,3.0,1.9,Muscle Gain,Strength,1.0,1.0,1.0,0.0,0.0,1.0,0.0
44.3,Female,56.0,1.8,17.2,19.2,180.0,159.7,65.3,0.98,595.9,2.3,1.0,2.94,General Fitness,HIIT,0.0,0.0,0.0,1.0,0.0,0.0,1.0
25.0,Male,70.7,1.7,24.46,23.5,165.0,160.0,53.0,0.99,808.0,3.0,1.0,2.1,Endurance,HIIT,1.0,1.0,1.0,1.0,0.0,0.0,1.0
16.0,Male,45.0,1.9,12.49,26.9,208.5,155.7,71.8,1.0,280.1,1.7,1.0,2.91,Strength,Strength,1.0,1.0,1.0,0.0,1.0,0.0,1.0
54.7,Male,80.9,1.75,26.51,20.9,163.5,112.0,52.4,1.98,1131.3,3.7,2.0,3.2,Muscle Gain,Strength,1.0,0.0,1.0,1.0,0.0,0.0,1.0
21.0,Female,121.6,1.78,38.38,21.0,182.0,151.0,50.0,1.81,1242.0,4.0,2.0,3.5,Muscle Gain,Strength,0.0,1.0,0.0,0.0,0.0,0.0,1.0
26.8,Female,95.6,1.67,34.33,32.2,194.4,155.7,63.7,1.96,1403.1,3.6,2.0,4.52,Weight Loss,Cardio,0.0,0.0,0.0,1.0,0.0,1.0,1.0
20.5,Female,62.4,1.67,22.4,19.3,197.5,149.6,58.8,1.23,533.2,5.3,2.0,3.7,Weight Loss,Cardio,1.0,0.0,1.0,0.0,1.0,0.0,1.0
27.6,Male,80.4,1.74,26.42,17.2,189.9,110.7,75.9,1.12,630.0,4.6,1.0,2.3,Strength,Strength,1.0,1.0,1.0,1.0,0.0,0.0,0.0
30.4,Female,63.4,1.74,21.06,23.2,195.7,152.5,62.6,1.24,513.5,3.6,2.0,3.96,General Fitness,Strength,,,,,,,
69.1,Male,92.0,1.79,28.78,18.3,147.7,122.5,65.1,1.48,1076.3,4.3,2.0,2.3,General Fitness,Strength,1.0,0.0,0.0,1.0,1.0,0.0,0.0
31.5,Male,97.3,1.92,26.28,27.2,198.1,150.0,61.0,0.72,401.2,2.6,2.0,2.61,Strength,Strength,1.0,1.0,1.0,0.0,0.0,0.0,1.0
24.6,Male,83.5,1.75,27.33,10.5,196.5,175.9,49.3,0.98,986.7,2.2,3.0,3.9,Endurance,HIIT,1.0,0.0,0.0,1.0,0.0,0.0,1.0
53.0,Male,80.1,1.69,28.05,13.0,188.0,167.0,74.0,2.0,1196.0,3.0,1.0,2.3,Muscle Gain,Strength,0.0,1.0,0.0,0.0,0.0,0.0,1.0
42.3,Male,80.6,1.7,27.97,16.6,187.4,124.9,69.8,1.1,441.7,4.9,1.0,1.6,Muscle Gain,Strength,1.0,1.0,1.0,1.0,1.0,0.0,0.0
23.0,Female,83.5,1.5,37.11,25.8,194.0,142.0,63.0,2.0,767.0,4.0,2.0,2.9,Muscle Gain,Strength,0.0,1.0,0.0,0.0,0.0,0.0,0.0
38.0,Female,85.0,1.83,25.44,22.2,189.0,158.7,65.5,1.42,926.2,1.5,1.0,4.04,General Fitness,Cardio,0.0,0.0,0.0,0.0,0.0,0.0,1.0
51.9,Male,75.1,1.68,26.6,20.6,168.8,126.3,63.6,2.27,1049.6,4.7,2.0,2.9,Muscle Gain,Powerlifting,0.0,1.0,0.0,0.0,1.0,0.0,1.0
36.5,Female,60.6,1.58,24.28,23.3,188.7,165.7,52.5,0.79,602.6,3.9,3.0,2.8,Endurance,HIIT,1.0,0.0,1.0,1.0,0.0,1.0,1.0
40.0,Male,73.8,1.85,21.56,27.9,185.0,165.0,59.0,1.99,1485.0,4.0,1.0,2.0,Muscle Gain,Strength,1.0,0.0,0.0,0.0,0.0,1.0,1.0
21.0,Male,66.7,1.93,17.91,27.8,175.0,166.0,63.0,1.26,949.0,2.0,2.0,3.4,Muscle Gain,Strength,1.0,1.0,1.0,0.0,0.0,0.0,1.0
18.0,Male,98.9,1.58,39.62,27.5,181.0,126.0,68.0,1.48,1330.0,3.0,2.0,3.1,Weight Loss,Cardio,0.0,0.0,0.0,0.0,0.0,0.0,1.0
50.0,Male,82.6,1.71,28.25,22.4,164.0,160.0,63.0,1.33,1011.0,5.0,2.0,3.6,Strength,Strength,1.0,0.0,1.0,0.0,1.0,1.0,1.0
18.6,Female,64.6,1.64,24.15,18.3,190.6,112.1,60.9,1.97,768.3,3.6,2.0,3.2,Strength,Strength,1.0,1.0,1.0,1.0,1.0,0.0,0.0
35.5,Male,76.9,1.66,27.91,19.8,189.5,153.1,62.6,1.09,712.7,4.0,3.0,4.0,Athletic Performance,Functional,1.0,1.0,1.0,1.0,1.0,1.0,1.0
41.1,Male,102.2,1.93,27.37,26.6,172.1,115.8,65.1,1.03,404.2,2.6,2.0,3.56,Flexibility,Yoga,0.0,0.0,0.0,0.0,1.0,1.0,1.0
21.1,Female,62.4,1.59,24.55,22.3,196.6,177.7,48.5,0.56,334.0,4.0,3.0,4.1,General Fitness,HIIT,0.0,0.0,0.0,0.0,1.0,0.0,0.0
25.9,Male,74.3,1.55,30.87,18.9,187.2,175.1,59.4,0.76,625.1,1.5,2.0,3.69,Endurance,HIIT,1.0,1.0,0.0,0.0,1.0,0.0,1.0
51.6,Male,95.8,1.76,30.79,28.9,159.9,124.4,70.5,1.44,893.8,5.0,2.0,3.94,General Fitness,Strength,1.0,1.0,1.0,0.0,0.0,0.0,0.0
18.6,Female,64.6,1.69,22.63,23.3,204.5,139.0,51.7,0.63,290.0,3.4,3.0,2.9,Athletic Performance,Functional,1.0,1.0,1.0,1.0,1.0,1.0,1.0
26.1,Male,68.6,1.73,22.81,20.0,182.8,143.6,64.8,1.06,793.8,4.2,1.0,2.7,General Fitness,Functional,1.0,0.0,0.0,1.0,0.0,1.0,1.0
42.0,Female,40.0,1.81,12.21,26.6,177.0,145.0,59.0,1.71,1065.0,3.0,1.0,1.5,Endurance,HIIT,1.0,0.0,0.0,1.0,1.0,0.0,0.0
34.5,Female,58.7,1.54,24.76,15.1,178.0,173.0,54.6,1.46,844.3,4.7,3.0,3.9,Endurance,Cardio,0.0,0.0,1.0,0.0,0.0,1.0,1.0
39.9,Male,75.9,1.74,25.08,13.5,168.9,163.9,65.6,1.02,1205.2,4.5,3.0,3.7,Endurance,HIIT,1.0,1.0,0.0,0.0,0.0,1.0,0.0
51.6,Female,60.8,1.67,21.82,24.1,172.5,116.4,62.7,1.41,493.2,4.3,3.0,3.0,Muscle Gain,Strength,1.0,1.0,1.0,1.0,1.0,1.0,1.0
40.4,Female,58.9,1.6,23.14,22.8,170.2,156.6,62.5,0.69,535.9,4.1,3.0,3.6,General Fitness,Functional,1.0,0.0,1.0,0.0,1.0,1.0,1.0
59.0,Female,50.2,1.6,19.61,24.3,174.0,169.0,55.0,1.33,820.9,4.0,2.0,1.5,Strength,Strength,1.0,1.0,1.0,1.0,0.0,0.0,0.0
18.0,Male,94.7,1.52,40.99,16.7,161.0,141.0,66.0,1.4,1446.0,3.0,2.0,2.6,Strength,Strength,1.0,1.0,1.0,0.0,0.0,0.0,1.0
26.8,Male,74.8,1.8,22.98,10.9,185.2,90.2,56.7,0.9,118.6,3.1,1.0,1.5,Flexibility,Yoga,0.0,0.0,0.0,0.0,1.0,1.0,1.0
37.7,Male,89.7,1.81,27.43,21.5,184.7,128.0,66.3,1.76,1358.9,3.2,1.0,2.7,Strength,Strength,1.0,1.0,0.0,0.0,1.0,0.0,0.0
47.0,Male,93.4,1.78,29.52,18.5,166.6,125.0,57.4,1.7,662.6,4.8,3.0,3.6,Muscle Gain,Powerlifting,1.0,1.0,0.0,0.0,0.0,1.0,0.0
48.3,Female,63.4,1.61,24.35,20.7,160.7,155.7,64.6,1.19,1229.0,2.7,2.0,,Weight Loss,HIIT,1.0,0.0,0.0,1.0,0.0,0.0,1.0
18.0,Female,50.1,1.8,15.46,30.8,174.0,125.0,50.0,1.38,1185.0,3.0,2.0,3.4,Weight Loss,HIIT,1.0,0.0,0.0,0.0,0.0,0.0,1.0
53.8,Female,65.6,1.68,23.21,27.9,161.0,127.6,69.1,1.68,546.9,4.3,2.0,3.3,Strength,Strength,1.0,1.0,0.0,0.0,0.0,0.0,1.0
25.8,Female,69.6,1.63,26.17,23.1,196.7,113.0,65.6,1.92,1001.2,4.7,2.0,2.8,Strength,Strength,1.0,1.0,1.0,1.0,1.0,0.0,1.0
25.6,Female,71.2,1.66,25.82,23.2,191.5,123.0,69.3,0.77,270.9,4.6,1.0,1.6,Strength,Strength,1.0,1.0,0.0,0.0,0.0,0.0,1.0
40.7,Male,45.0,1.78,14.2,14.6,179.0,147.8,60.4,1.71,562.9,4.5,3.0,3.32,Weight Loss,Cardio,0.0,0.0,1.0,0.0,0.0,0.0,1.0
32.1,Female,61.6,1.62,23.58,,179.9,143.2,65.3,1.01,377.0,4.5,3.0,3.03,Muscle Gain,Functional,,,,,,,
43.0,Female,40.0,1.69,14.01,28.0,187.0,162.0,66.0,0.9,886.0,2.0,1.0,2.2,General Fitness,Strength,1.0,1.0,1.0,1.0,1.0,0.0,1.0
21.1,Female,48.4,1.54,20.44,25.3,175.9,137.3,61.7,1.89,657.0,4.8,2.0,,Strength,Strength,1.0,1.0,1.0,1.0,1.0,1.0,1.0
25.2,Male,75.1,1.77,23.98,10.0,191.8,154.4,52.3,0.57,586.4,3.9,3.0,3.8,Weight Loss,Cardio,0.0,0.0,0.0,1.0,0.0,0.0,1.0
27.5,Male,69.5,1.74,23.01,9.1,195.8,173.9,55.7,1.52,1661.0,5.0,3.0,3.5,General Fitness,Cardio,1.0,0.0,0.0,1.0,0.0,0.0,1.0
25.7,Male,84.9,1.77,27.17,17.1,197.8,127.3,70.5,1.13,757.1,4.6,3.0,2.7,Muscle Gain,Functional,0.0,0.0,0.0,0.0,1.0,1.0,1.0
42.0,Female,73.6,1.73,24.59,23.2,182.0,159.0,66.0,1.65,1265.0,2.0,2.0,2.4,Endurance,Cardio,0.0,0.0,0.0,1.0,1.0,0.0,1.0
27.9,Male,99.5,1.86,28.86,13.7,177.3,115.6,57.9,1.97,1116.6,4.3,2.0,2.2,Muscle Gain,Strength,1.0,1.0,1.0,0.0,0.0,1.0,1.0
21.7,Male,83.7,1.79,26.1,21.4,190.3,176.6,60.5,0.87,724.7,4.8,3.0,2.96,General Fitness,HIIT,0.0,1.0,0.0,1.0,1.0,0.0,1.0
39.7,Male,82.6,1.87,23.53,19.3,188.6,106.1,75.9,1.01,218.5,5.4,3.0,2.4,Stress Relief,Yoga,0.0,0.0,0.0,0.0,1.0,0.0,0.0
18.0,Male,73.7,1.78,23.26,27.4,192.0,154.0,73.0,1.18,851.0,2.0,2.0,2.6,Muscle Gain,Strength,1.0,1.0,0.0,0.0,1.0,0.0,0.0
31.8,Female,56.1,1.64,20.98,17.3,187.5,114.7,55.2,1.37,192.9,3.2,1.0,2.6,Flexibility,Yoga,0.0,0.0,0.0,1.0,0.0,0.0,1.0
20.6,Female,59.3,1.62,22.6,16.3,210.0,155.3,60.5,1.14,583.9,2.9,3.0,3.4,Weight Loss,HIIT,1.0,0.0,0.0,1.0,1.0,0.0,1.0
37.5,Female,56.6,1.68,19.99,16.8,174.7,169.7,45.0,0.44,302.7,4.3,3.0,2.9,Weight Loss,HIIT,1.0,1.0,0.0,1.0,0.0,1.0,1.0
35.5,Female,63.8,1.64,23.87,23.0,177.9,147.5,55.9,0.93,465.9,4.0,3.0,3.25,Weight Loss,Cardio,1.0,1.0,0.0,0.0,1.0,0.0,1.0
23.0,Female,64.1,1.64,23.95,25.6,194.4,142.0,61.2,1.29,906.2,4.1,1.0,3.3,Muscle Gain,Functional,1.0,0.0,0.0,1.0,1.0,0.0,0.0
18.6,Female,56.8,1.55,23.54,23.9,206.5,123.4,58.5,1.05,282.9,3.1,3.0,2.1,Strength,Strength,1.0,1.0,1.0,0.0,1.0,0.0,0.0
49.0,Male,54.2,1.64,20.15,19.0,182.0,147.0,64.0,0.95,914.0,2.0,2.0,3.2,Muscle Gain,Strength,1.0,1.0,1.0,0.0,1.0,0.0,1.0
39.0,Female,70.1,1.72,23.7,22.4,182.6,141.3,78.3,1.95,1389.5,5.0,3.0,2.7,Strength,Strength,1.0,1.0,1.0,1.0,1.0,1.0,0.0
35.3,Male,63.4,1.67,22.84,26.5,188.9,141.3,69.3,0.86,323.9,2.3,2.0,2.6,Muscle Gain,Strength,1.0,1.0,1.0,0.0,0.0,0.0,0.0
33.5,Male,68.6,1.69,24.0,16.3,178.6,153.8,63.9,1.1,672.2,4.1,1.0,3.4,General Fitness,Functional,1.0,1.0,0.0,0.0,1.0,0.0,1.0
21.7,Male,61.6,1.74,20.27,9.4,202.9,155.5,54.8,0.72,347.1,3.8,3.0,2.7,Weight Loss,Cardio,0.0,0.0,0.0,0.0,0.0,0.0,1.0
33.6,Female,68.0,1.63,25.67,21.0,200.4,171.8,57.2,0.98,826.5,4.1,3.0,3.4,General Fitness,HIIT,0.0,0.0,0.0,1.0,1.0,0.0,1.0
32.4,Female,60.0,1.52,26.15,16.3,176.9,171.9,57.3,0.52,427.4,4.0,3.0,3.4,General Fitness,HIIT,1.0,0.0,1.0,1.0,0.0,1.0,1.0
54.6,Male,74.3,1.67,26.62,15.4,163.5,151.4,50.7,1.02,578.9,4.0,2.0,3.0,General Fitness,Functional,1.0,1.0,1.0,1.0,1.0,0.0,1.0
35.7,Female,53.6,1.64,19.81,25.7,186.4,144.0,55.1,0.76,472.5,3.5,1.0,3.9,Athletic Performance,Functional,0.0,0.0,0.0,1.0,1.0,0.0,1.0
29.0,Male,60.6,1.76,19.56,30.2,188.0,148.0,50.0,1.38,676.0,3.0,2.0,2.5,Strength,Strength,1.0,1.0,1.0,0.0,0.0,1.0,0.0
27.5,Female,54.7,1.61,21.15,27.1,194.0,138.2,63.9,0.76,355.3,3.5,2.0,2.4,Strength,Strength,1.0,1.0,1.0,0.0,0.0,1.0,0.0
18.0,Female,44.9,1.77,14.33,12.3,168.0,127.0,57.0,1.66,512.0,3.0,1.0,3.7,Muscle Gain,Strength,1.0,1.0,1.0,0.0,1.0,0.0,1.0
30.8,Female,79.8,1.8,24.61,19.5,182.3,150.8,62.8,2.27,1454.4,4.8,3.0,2.97,Weight Loss,Cardio,0.0,0.0,0.0,0.0,0.0,0.0,1.0
34.0,Male,91.2,1.5,40.53,24.0,193.0,165.0,61.0,1.13,905.0,4.0,1.0,3.4,Muscle Gain,Strength,1.0,1.0,0.0,1.0,1.0,0.0,1.0
27.8,Female,49.3,1.61,19.11,17.5,188.4,168.8,58.7,1.31,904.3,5.3,3.0,4.0,Endurance,Cardio,0.0,0.0,0.0,1.0,0.0,0.0,1.0
26.7,Female,68.5,1.58,27.55,14.1,191.1,140.7,51.4,0.95,481.7,3.8,2.0,2.6,General Fitness,Cardio,0.0,0.0,0.0,0.0,0.0,0.0,1.0
28.7,Male,69.5,1.78,21.97,23.7,188.7,134.6,62.9,1.5,655.9,4.7,3.0,3.1,General Fitness,Powerlifting,1.0,1.0,0.0,1.0,0.0,0.0,0.0
26.0,Female,65.9,1.7,22.8,15.2,186.7,177.6,49.0,0.83,540.1,4.1,3.0,3.6,Weight Loss,HIIT,1.0,0.0,1.0,0.0,1.0,0.0,1.0
29.0,Female,72.0,1.66,26.13,,167.0,144.0,68.0,0.87,1248.0,4.0,3.0,3.6,Weight Loss,HIIT,0.0,1.0,0.0,1.0,1.0,1.0,1.0
31.0,Female,50.1,1.69,17.54,27.4,185.0,169.0,64.0,1.68,1001.0,4.0,1.0,1.6,Strength,Strength,0.0,0.0,1.0,1.0,0.0,1.0,0.0
35.3,Male,71.3,1.69,24.96,12.5,206.1,91.9,68.5,1.08,160.7,3.2,2.0,2.0,General Fitness,Yoga,0.0,0.0,0.0,1.0,1.0,1.0,1.0
43.3,Male,69.2,1.82,20.84,10.3,174.4,156.1,66.1,0.72,379.1,4.2,3.0,2.7,Endurance,Cardio,0.0,0.0,0.0,0.0,0.0,0.0,1.0
18.0,Female,67.1,1.71,22.95,27.1,174.0,165.0,74.0,1.84,577.0,4.0,3.0,2.7,General Fitness,Strength,1.0,1.0,1.0,0.0,1.0,0.0,0.0
22.8,Female,60.8,1.55,25.33,26.4,203.5,109.1,59.5,0.79,123.9,3.8,1.0,1.8,Flexibility,Yoga,1.0,1.0,0.0,0.0,1.0,1.0,1.0
38.8,Female,55.4,1.61,21.49,20.1,180.4,175.4,64.7,0.73,497.6,2.3,3.0,3.3,Endurance,HIIT,0.0,1.0,1.0,1.0,1.0,1.0,1.0
21.0,Female,49.2,1.64,18.29,23.3,177.0,164.0,53.0,0.58,1114.0,3.0,1.0,2.9,Endurance,HIIT,0.0,0.0,0.0,1.0,1.0,0.0,0.0
39.6,Female,64.5,1.61,25.03,27.3,186.5,132.9,63.9,1.64,842.7,4.8,2.0,2.5,Muscle Gain,Strength,1.0,0.0,1.0,0.0,1.0,0.0,0.0
44.6,Male,68.4,1.8,21.03,20.1,185.8,122.7,66.7,0.91,239.1,2.5,2.0,2.88,Flexibility,Yoga,0.0,0.0,0.0,0.0,1.0,1.0,1.0
28.9,Male,75.7,1.65,27.66,18.7,192.5,141.6,61.1,1.24,878.2,3.8,2.0,3.0,Athletic Performance,Functional,0.0,0.0,0.0,0.0,1.0,1.0,1.0
49.4,Female,61.6,1.65,22.52,17.9,162.9,154.5,55.1,1.3,828.9,4.2,1.0,3.0,Weight Loss,Cardio,0.0,1.0,0.0,0.0,0.0,0.0,1.0
21.9,Female,79.6,1.72,26.76,23.4,208.6,197.0,60.1,0.58,509.5,4.7,2.0,3.56,General Fitness,HIIT,1.0,0.0,0.0,1.0,1.0,0.0,1.0
19.1,Male,56.8,1.64,21.13,19.8,187.8,103.4,69.7,1.05,167.3,2.9,1.0,2.7,General Fitness,Yoga,0.0,0.0,0.0,0.0,0.0,1.0,1.0
24.6,Male,70.8,1.79,22.06,12.5,171.2,163.4,54.0,1.35,1435.7,5.3,1.0,3.0,General Fitness,Cardio,0.0,0.0,0.0,1.0,0.0,0.0,1.0
31.1,Male,94.1,1.8,29.18,32.0,193.5,131.5,78.3,0.93,335.1,3.1,1.0,3.32,Flexibility,Yoga,0.0,0.0,0.0,0.0,0.0,1.0,1.0
45.5,Female,49.8,1.69,17.48,22.8,165.5,110.3,63.8,0.44,83.6,1.9,1.0,2.82,General Fitness,Yoga,0.0,0.0,0.0,0.0,1.0,0.0,1.0
28.3,Male,69.4,1.84,20.4,20.9,187.7,154.3,51.7,1.19,930.3,4.3,3.0,3.6,Muscle Gain,Functional,1.0,0.0,1.0,1.0,1.0,1.0,1.0
35.8,Male,59.4,1.46,27.71,30.0,186.5,180.1,74.5,1.02,686.2,2.3,1.0,4.08,Endurance,HIIT,0.0,1.0,1.0,1.0,1.0,0.0,1.0
51.9,Male,59.7,1.71,20.44,17.0,166.4,117.2,68.0,0.72,81.8,4.0,3.0,2.5,Flexibility,Yoga,1.0,0.0,0.0,0.0,1.0,0.0,1.0
27.8,Female,61.9,1.61,23.83,16.8,187.2,160.3,45.4,1.76,1176.4,5.5,1.0,3.9,General Fitness,Cardio,0.0,0.0,0.0,1.0,1.0,0.0,1.0
27.3,Female,63.4,1.58,25.43,29.5,202.4,118.8,68.6,2.45,1168.7,3.0,2.0,2.6,Muscle Gain,Powerlifting,1.0,1.0,1.0,0.0,0.0,0.0,1.0
30.0,Female,40.0,1.83,11.94,26.9,188.0,137.0,71.0,1.47,1783.0,5.0,3.0,3.6,Strength,Strength,1.0,0.0,1.0,1.0,1.0,1.0,1.0
30.9,Female,43.9,1.57,17.75,24.3,187.1,114.9,58.0,0.74,131.4,3.6,3.0,2.0,Flexibility,Yoga,0.0,0.0,0.0,0.0,1.0,1.0,1.0
49.0,Female,74.7,1.81,22.8,23.9,176.0,132.0,65.0,1.81,758.0,3.0,2.0,1.7,Strength,Strength,1.0,1.0,1.0,1.0,0.0,0.0,1.0
34.5,Male,100.3,1.83,30.04,26.8,190.6,107.0,64.6,2.44,1539.6,4.5,3.0,3.1,Muscle Gain,Powerlifting,1.0,1.0,1.0,0.0,0.0,0.0,0.0
38.6,Female,65.0,1.66,23.64,17.0,161.7,144.9,60.2,0.72,385.8,5.2,1.0,3.1,Endurance,Cardio,1.0,0.0,0.0,1.0,1.0,1.0,1.0
33.6,Female,60.2,1.71,20.52,20.3,189.5,175.1,52.4,1.01,996.5,4.8,1.0,3.9,Weight Loss,Cardio,0.0,0.0,0.0,0.0,0.0,0.0,1.0
29.7,Male,78.5,1.8,24.3,24.7,200.1,119.4,79.2,1.55,926.0,4.2,3.0,2.5,General Fitness,Powerlifting,1.0,1.0,1.0,0.0,1.0,0.0,1.0
38.1,Female,63.6,1.62,24.19,24.3,162.2,140.4,69.0,1.85,818.3,3.2,2.0,3.6,Muscle Gain,Strength,1.0,1.0,1.0,1.0,0.0,0.0,0.0
35.6,Female,54.1,1.65,19.84,19.5,180.3,166.0,66.1,0.9,885.3,2.6,3.0,3.5,Endurance,HIIT,0.0,1.0,1.0,1.0,1.0,0.0,0.0
39.4,Female,71.4,1.53,30.65,23.1,187.6,113.1,68.3,1.65,746.8,4.6,1.0,3.0,General Fitness,Strength,1.0,1.0,1.0,0.0,0.0,0.0,0.0
28.0,Male,59.3,1.79,18.51,24.8,189.0,128.0,69.0,0.91,877.0,4.0,1.0,2.1,Strength,Strength,1.0,1.0,0.0,0.0,1.0,0.0,0.0
18.0,Male,56.5,1.86,16.33,20.6,193.0,129.0,54.0,1.4,901.0,4.0,2.0,3.5,Weight Loss,HIIT,1.0,1.0,1.0,1.0,1.0,1.0,1.0
28.3,Female,59.4,1.68,21.16,24.8,210.0,132.5,65.7,1.1,464.7,3.8,2.0,2.9,General Fitness,Functional,0.0,1.0,0.0,1.0,1.0,1.0,1.0
29.9,Male,61.3,1.79,19.19,24.6,199.6,181.2,62.2,0.65,423.4,3.2,1.0,2.58,General Fitness,HIIT,1.0,0.0,0.0,1.0,0.0,0.0,1.0
32.0,Male,47.2,1.81,14.41,30.5,187.0,129.0,65.0,1.19,919.0,4.0,2.0,1.9,Weight Loss,HIIT,1.0,1.0,0.0,1.0,1.0,0.0,1.0
38.0,Male,53.6,1.7,18.55,30.4,188.0,126.0,73.0,0.97,1083.0,4.0,2.0,3.4,Muscle Gain,Strength,1.0,1.0,1.0,1.0,0.0,1.0,0.0
28.9,Female,54.7,1.56,22.44,23.6,205.3,142.2,62.4,1.07,547.1,4.8,2.0,3.1,Strength,Strength,1.0,1.0,1.0,0.0,0.0,0.0,1.0
22.0,Male,43.3,1.69,15.16,23.7,176.0,158.0,53.0,1.31,500.0,2.0,2.0,1.5,Strength,Strength,1.0,1.0,1.0,0.0,0.0,0.0,0.0
50.0,Male,40.0,2.0,10.0,24.6,192.0,155.0,56.0,0.82,829.0,3.0,2.0,2.4,Strength,Strength,1.0,1.0,1.0,1.0,1.0,0.0,1.0
44.9,Male,81.7,1.84,24.03,13.9,168.6,151.6,82.5,0.83,721.4,3.3,3.0,2.8,Muscle Gain,Functional,0.0,0.0,0.0,1.0,0.0,1.0,1.0
30.0,Male,40.0,1.63,15.06,10.0,192.0,157.0,64.0,1.31,1078.0,3.0,1.0,2.8,General Fitness,HIIT,0.0,0.0,0.0,1.0,1.0,1.0,0.0
32.2,Male,104.1,1.78,32.71,18.6,193.3,122.4,69.7,2.46,1457.2,3.7,3.0,3.8,Strength,Powerlifting,1.0,1.0,1.0,0.0,0.0,0.0,0.0
27.9,Male,79.4,1.78,25.16,29.0,189.9,102.9,61.9,2.44,636.8,4.1,3.0,3.4,Muscle Gain,Powerlifting,1.0,1.0,1.0,0.0,0.0,0.0,0.0
39.6,Female,70.4,1.65,25.94,26.6,189.1,112.4,74.4,1.24,567.3,3.3,2.0,2.8,Muscle Gain,Strength,1.0,1.0,0.0,1.0,0.0,0.0,0.0
23.0,Female,55.0,1.61,21.26,18.7,192.6,105.3,67.5,1.1,224.2,2.1,3.0,2.4,General Fitness,Yoga,0.0,0.0,0.0,0.0,1.0,0.0,1.0
40.0,Female,62.8,1.64,23.24,23.9,179.8,142.0,59.4,0.7,340.0,3.6,2.0,3.1,General Fitness,Functional,0.0,0.0,1.0,1.0,0.0,0.0,1.0
42.3,Male,82.6,1.8,25.48,17.9,202.2,141.2,73.5,1.24,816.1,4.2,2.0,3.3,General Fitness,Strength,1.0,1.0,1.0,1.0,1.0,0.0,1.0
43.9,Male,55.0,1.69,19.33,14.1,176.3,129.5,63.3,1.22,530.5,4.7,3.0,3.2,Athletic Performance,Functional,1.0,1.0,1.0,1.0,0.0,1.0,1.0
20.0,Female,65.7,1.81,20.05,35.0,189.0,165.0,55.0,1.66,733.0,4.0,2.0,3.5,General Fitness,Strength,1.0,1.0,1.0,0.0,0.0,0.0,0.0
35.7,Male,86.8,1.79,27.15,18.7,190.2,150.7,63.3,1.53,1847.7,4.6,1.0,3.0,General Fitness,Cardio,0.0,0.0,0.0,0.0,0.0,0.0,1.0
31.4,Male,61.9,1.79,19.3,12.2,182.4,154.3,50.1,0.43,415.4,4.7,3.0,2.5,General Fitness,HIIT,0.0,0.0,0.0,0.0,0.0,0.0,1.0
23.2,Male,65.4,1.78,20.69,13.3,194.1,156.9,62.5,0.31,208.6,4.6,3.0,3.0,Weight Loss,HIIT,1.0,0.0,0.0,1.0,1.0,0.0,0.0
29.3,Female,51.4,1.56,21.08,21.6,187.6,92.4,58.8,1.09,109.0,4.0,3.0,2.0,General Fitness,Yoga,0.0,0.0,0.0,0.0,1.0,0.0,1.0
24.0,Male,85.4,1.9,23.79,23.6,193.1,112.0,62.0,1.59,674.7,3.8,2.0,2.9,Muscle Gain,Powerlifting,1.0,1.0,0.0,0.0,1.0,0.0,0.0
58.0,Male,87.4,1.64,32.5,10.0,188.0,148.0,57.0,0.56,1249.0,3.0,3.0,3.5,Muscle Gain,Strength,1.0,1.0,0.0,1.0,0.0,0.0,0.0
29.4,Male,69.1,1.79,21.66,14.2,193.6,157.0,63.3,1.46,951.3,3.4,1.0,,Athletic Performance,Functional,1.0,0.0,1.0,1.0,1.0,0.0,1.0
52.0,Male,57.0,1.63,21.5,8.8,176.8,145.5,59.9,1.0,629.8,3.9,3.0,3.0,Weight Loss,Cardio,0.0,0.0,0.0,1.0,0.0,0.0,1.0
23.6,Male,69.9,1.61,26.93,21.7,199.1,119.0,57.4,0.37,94.5,3.3,2.0,2.59,General Fitness,Yoga,0.0,0.0,0.0,0.0,1.0,0.0,1.0
38.2,Female,61.1,1.6,23.76,20.5,192.7,143.6,49.8,1.23,1000.4,5.1,2.0,2.9,Weight Loss,Cardio,1.0,0.0,0.0,1.0,1.0,0.0,1.0
56.9,Male,71.1,1.76,23.05,24.6,161.5,128.7,65.1,1.87,1101.1,3.2,3.0,3.2,Strength,Powerlifting,1.0,1.0,1.0,0.0,0.0,0.0,1.0
49.9,Male,67.0,1.71,22.78,14.7,162.3,157.3,60.2,1.53,761.8,5.8,2.0,3.8,Endurance,Cardio,0.0,0.0,0.0,0.0,0.0,0.0,1.0
27.5,Male,83.9,1.78,26.35,19.6,180.5,141.2,70.1,1.31,990.2,4.1,2.0,2.4,Strength,Strength,1.0,1.0,1.0,1.0,0.0,0.0,1.0
46.5,Male,71.7,1.64,26.79,,188.0,110.2,69.5,2.45,1186.6,3.8,3.0,2.5,Strength,Powerlifting,0.0,1.0,1.0,1.0,0.0,0.0,1.0
31.4,Female,77.4,1.62,29.45,23.5,201.8,125.1,72.7,2.34,872.0,4.3,2.0,,Strength,Powerlifting,1.0,1.0,0.0,0.0,1.0,0.0,0.0
41.4,Male,103.8,1.89,28.94,22.9,189.6,131.4,60.3,2.13,1884.0,4.7,3.0,3.9,Muscle Gain,Powerlifting,0.0,1.0,0.0,0.0,1.0,0.0,0.0
27.6,Female,63.1,1.82,19.07,21.4,187.8,136.4,61.6,1.16,482.8,5.2,2.0,3.25,Strength,Strength,1.0,1.0,1.0,0.0,0.0,0.0,0.0
33.1,Female,51.2,1.57,20.67,26.6,197.7,99.0,64.4,0.68,118.5,2.1,1.0,1.8,General Fitness,Yoga,0.0,0.0,0.0,0.0,0.0,1.0,1.0
28.2,Male,72.9,1.78,22.91,13.2,205.8,161.6,56.8,1.51,1070.2,4.2,1.0,4.2,Endurance,Cardio,1.0,0.0,1.0,0.0,1.0,0.0,1.0
32.1,Female,60.4,1.58,24.07,26.0,188.5,128.2,68.0,1.37,648.7,3.8,2.0,3.4,Muscle Gain,Strength,1.0,1.0,1.0,1.0,0.0,0.0,0.0
34.0,Male,90.0,1.74,29.73,25.0,194.0,167.0,57.0,1.36,764.0,4.0,2.0,2.6,General Fitness,Cardio,1.0,0.0,0.0,1.0,0.0,0.0,1.0
16.5,Male,89.9,1.63,33.97,29.6,200.0,158.6,64.3,1.9,1107.9,4.6,2.0,2.78,General Fitness,Functional,,,,,,,
51.8,Male,64.7,1.67,23.28,18.5,158.8,134.0,62.6,1.36,633.4,4.2,2.0,2.6,Athletic Performance,Functional,1.0,0.0,0.0,1.0,1.0,1.0,1.0
19.6,Male,81.6,1.75,26.7,15.5,209.3,97.3,75.6,0.91,175.1,4.4,2.0,1.5,Flexibility,Yoga,0.0,0.0,0.0,0.0,1.0,1.0,1.0
42.9,Male,95.2,1.91,26.01,27.6,170.6,136.2,48.1,1.38,928.8,3.0,2.0,3.46,General Fitness,Functional,,,,,,,
29.4,Male,70.3,1.74,23.21,15.3,182.1,146.5,50.8,0.61,426.8,3.3,2.0,2.4,Endurance,Cardio,0.0,0.0,0.0,0.0,1.0,0.0,1.0
27.2,Male,64.3,1.62,24.6,12.3,190.7,149.9,56.0,0.84,654.9,3.8,1.0,2.5,General Fitness,Cardio,1.0,0.0,0.0,0.0,0.0,0.0,1.0
25.9,Female,71.1,1.66,25.76,28.4,176.3,117.1,79.7,2.15,1031.0,3.9,3.0,3.3,Strength,Powerlifting,1.0,1.0,0.0,1.0,1.0,0.0,0.0
64.6,Female,66.5,1.56,27.2,25.4,160.5,119.5,62.2,1.88,807.6,3.6,1.0,2.3,Muscle Gain,Strength,1.0,1.0,1.0,0.0,1.0,0.0,0.0
53.9,Male,75.2,1.77,23.88,12.9,175.9,170.9,51.8,1.11,933.2,3.0,2.0,3.0,Weight Loss,Cardio,0.0,0.0,0.0,0.0,0.0,0.0,1.0
67.0,Male,81.0,1.8,24.94,17.8,173.8,110.7,64.4,1.34,613.2,4.2,2.0,2.5,Strength,Strength,1.0,1.0,1.0,1.0,0.0,0.0,0.0
64.0,Male,80.1,1.74,26.38,13.0,185.3,95.0,61.7,1.5,316.4,2.4,1.0,2.3,General Fitness,Yoga,0.0,0.0,0.0,1.0,1.0,0.0,1.0
50.8,Female,56.8,1.96,14.79,20.5,171.3,133.2,67.0,1.23,435.1,3.4,2.0,3.36,Strength,Strength,1.0,0.0,1.0,1.0,1.0,1.0,1.0
25.4,Male,56.5,1.62,21.63,18.0,191.1,171.6,59.8,0.73,503.7,3.6,2.0,3.6,Endurance,HIIT,1.0,0.0,0.0,1.0,0.0,0.0,1.0
36.5,Female,62.4,1.64,23.17,26.5,181.3,134.9,73.9,1.02,567.8,4.0,3.0,1.7,Muscle Gain,Strength,1.0,1.0,1.0,1.0,0.0,0.0,1.0
24.0,Male,80.9,1.74,26.72,10.0,181.0,128.0,61.0,1.19,1705.0,4.0,1.0,2.7,Weight Loss,HIIT,1.0,0.0,0.0,1.0,0.0,0.0,1.0
23.0,Male,78.6,1.85,23.03,27.9,179.3,115.6,65.9,1.4,523.8,4.9,2.0,3.0,Strength,Powerlifting,0.0,1.0,1.0,0.0,0.0,0.0,0.0
18.0,Male,40.0,1.72,13.52,18.6,195.0,137.0,52.0,2.0,1783.0,4.0,1.0,1.5,Endurance,Cardio,0.0,0.0,0.0,1.0,0.0,0.0,1.0
20.4,Male,83.7,1.75,27.38,18.8,209.5,127.4,64.6,0.65,545.8,4.1,3.0,2.2,Athletic Performance,Functional,1.0,1.0,0.0,1.0,1.0,1.0,1.0
54.1,Female,64.8,1.56,26.52,21.2,168.8,116.0,67.0,1.56,493.5,4.9,3.0,3.1,Strength,Strength,1.0,1.0,1.0,1.0,0.0,0.0,0.0
33.0,Male,82.8,1.83,24.84,19.9,188.5,146.6,66.0,1.11,999.9,4.0,3.0,3.4,Athletic Performance,Functional,1.0,0.0,0.0,1.0,0.0,0.0,1.0
31.0,Male,79.4,1.7,27.54,11.1,189.0,167.7,62.0,0.75,714.0,5.2,2.0,3.0,Weight Loss,Cardio,0.0,0.0,0.0,0.0,0.0,0.0,1.0
46.0,Male,55.1,1.62,21.0,34.4,170.0,166.0,52.0,1.03,1370.0,2.0,1.0,,Endurance,Cardio,1.0,0.0,0.0,0.0,1.0,0.0,1.0
29.5,Female,52.4,1.54,22.19,20.8,190.4,153.9,57.2,1.41,939.8,5.6,3.0,3.4,General Fitness,Cardio,0.0,0.0,0.0,1.0,0.0,0.0,1.0
29.5,Male,62.0,1.68,21.87,16.7,193.7,139.9,72.7,1.62,745.2,4.0,2.0,3.5,Muscle Gain,Strength,1.0,1.0,1.0,0.0,0.0,0.0,0.0
48.8,Male,89.1,1.8,27.49,9.3,170.4,165.4,61.5,0.33,400.8,3.9,3.0,3.3,Endurance,HIIT,1.0,0.0,0.0,1.0,0.0,1.0,1.0
41.7,Female,80.5,1.65,29.57,16.7,170.8,104.5,64.1,1.28,346.1,4.7,3.0,3.12,General Fitness,Yoga,0.0,0.0,0.0,0.0,1.0,1.0,1.0
24.0,Female,51.3,1.69,17.96,16.1,174.0,153.0,74.0,1.18,828.0,3.0,2.0,2.6,Strength,Strength,1.0,1.0,1.0,0.0,1.0,1.0,0.0
22.2,Female,57.8,1.69,20.34,14.9,199.5,157.7,54.1,1.16,862.7,3.7,2.0,3.4,Weight Loss,HIIT,1.0,0.0,0.0,1.0,1.0,0.0,1.0
37.1,Male,65.9,1.82,19.93,21.6,194.8,162.6,65.8,1.53,746.5,4.0,2.0,3.06,Endurance,Cardio,0.0,0.0,1.0,0.0,0.0,1.0,1.0
29.3,Male,66.6,1.65,24.62,23.3,178.1,131.4,72.9,1.69,616.9,3.7,3.0,3.7,General Fitness,Powerlifting,0.0,1.0,1.0,0.0,1.0,0.0,0.0
16.0,Male,72.2,1.72,24.44,26.1,210.0,164.6,61.0,1.22,526.0,4.8,3.0,3.74,Muscle Gain,Strength,1.0,1.0,1.0,1.0,0.0,0.0,1.0
68.0,Female,52.7,1.61,20.24,23.1,152.3,112.1,59.0,1.02,354.0,4.1,3.0,2.2,Muscle Gain,Strength,1.0,1.0,0.0,1.0,0.0,0.0,1.0
38.2,Male,90.1,1.89,25.13,16.9,187.6,158.2,66.1,0.7,477.2,3.5,2.0,3.2,General Fitness,Functional,1.0,0.0,0.0,1.0,1.0,1.0,1.0
22.5,Male,99.5,1.86,28.73,19.7,193.2,141.4,54.5,1.9,1771.5,3.4,3.0,3.4,Strength,Strength,1.0,1.0,1.0,1.0,1.0,0.0,0.0
23.1,Male,81.7,1.74,27.03,15.2,188.0,137.9,65.3,0.95,646.7,4.9,2.0,3.6,Muscle Gain,Functional,1.0,0.0,0.0,1.0,1.0,0.0,1.0
29.8,Male,76.1,1.62,28.93,19.1,173.8,123.0,73.8,1.46,565.1,3.1,2.0,1.8,Muscle Gain,Powerlifting,0.0,1.0,0.0,0.0,0.0,0.0,0.0
36.3,Female,88.1,1.75,28.74,28.6,186.0,155.3,65.8,1.27,820.0,2.6,2.0,3.78,General Fitness,Cardio,0.0,0.0,0.0,0.0,0.0,0.0,1.0
38.2,Male,65.8,1.74,21.79,10.8,182.0,146.1,61.7,1.11,559.4,4.1,2.0,2.7,Weight Loss,Cardio,1.0,0.0,0.0,1.0,0.0,0.0,1.0
21.0,Male,66.9,1.69,23.42,16.6,197.0,149.0,74.0,1.37,872.0,5.0,2.0,2.6,Strength,Strength,1.0,1.0,0.0,0.0,0.0,0.0,0.0
18.3,Female,58.5,1.53,24.84,18.3,203.8,159.5,64.5,0.98,629.4,4.7,2.0,3.9,Athletic Performance,Functional,0.0,0.0,1.0,1.0,0.0,0.0,0.0
22.0,Female,75.7,1.56,31.11,28.8,194.0,142.0,61.0,1.23,643.0,3.0,3.0,2.3,General Fitness,Strength,1.0,1.0,1.0,0.0,0.0,0.0,0.0
54.8,Male,57.2,1.65,20.89,14.2,163.1,98.5,56.6,1.12,213.3,5.6,1.0,1.8,Stress Relief,Yoga,0.0,0.0,0.0,0.0,0.0,1.0,1.0
29.4,Female,55.5,1.7,19.15,17.0,193.2,158.5,61.6,0.89,331.6,3.3,2.0,2.36,Athletic Performance,Functional,,,,,,,
38.7,Male,84.3,1.63,31.65,29.6,179.2,172.8,77.6,0.49,416.2,1.4,1.0,3.27,General Fitness,HIIT,0.0,1.0,0.0,1.0,1.0,0.0,1.0
39.1,Female,71.3,1.63,26.68,26.8,188.1,142.6,55.8,1.34,806.0,3.9,2.0,2.4,Strength,Strength,1.0,1.0,1.0,0.0,1.0,1.0,1.0
35.9,Female,62.7,1.52,27.03,21.6,184.5,153.5,63.1,1.0,671.2,4.9,2.0,3.2,General Fitness,Functional,1.0,0.0,0.0,0.0,1.0,1.0,1.0
20.3,Male,82.1,1.8,25.26,17.8,193.6,135.7,63.7,1.41,725.6,4.7,2.0,2.8,Muscle Gain,Functional,1.0,0.0,1.0,1.0,0.0,1.0,1.0
37.9,Female,70.6,1.63,26.75,25.0,188.9,160.4,57.7,1.55,859.9,2.2,2.0,3.37,Weight Loss,Cardio,0.0,0.0,0.0,0.0,1.0,0.0,1.0
27.1,Male,103.0,1.81,31.33,22.5,189.2,130.1,61.0,1.42,1037.7,5.0,2.0,3.5,Muscle Gain,Powerlifting,1.0,1.0,1.0,0.0,0.0,0.0,0.0
31.0,Female,70.6,1.58,28.16,28.8,182.1,110.5,62.5,1.13,276.1,4.6,3.0,2.8,Muscle Gain,Powerlifting,1.0,1.0,0.0,0.0,0.0,0.0,1.0
43.6,Male,48.6,1.73,16.21,,171.7,129.2,54.5,1.23,347.2,4.2,3.0,3.53,Strength,Strength,1.0,1.0,1.0,0.0,0.0,0.0,1.0
27.8,Male,66.0,1.63,24.87,18.3,186.1,136.6,70.2,0.95,434.6,3.2,1.0,2.8,Athletic Performance,Functional,1.0,0.0,0.0,1.0,0.0,0.0,1.0
35.0,Female,40.4,1.71,13.82,17.0,176.0,130.0,70.0,1.97,1110.0,4.0,3.0,3.6,Endurance,HIIT,1.0,0.0,1.0,1.0,0.0,1.0,0.0
30.4,Male,90.9,1.8,28.11,32.7,183.8,116.0,63.4,0.62,199.8,1.6,1.0,2.6,Flexibility,Yoga,0.0,0.0,0.0,0.0,1.0,0.0,1.0
23.1,Male,62.5,1.75,20.28,15.6,194.2,163.3,48.1,0.65,419.4,5.5,2.0,3.3,Weight Loss,Cardio,0.0,0.0,0.0,0.0,0.0,0.0,1.0
35.4,Male,65.3,1.76,21.21,21.2,188.5,147.4,65.5,1.33,503.1,2.4,1.0,3.94,Muscle Gain,Strength,1.0,1.0,0.0,1.0,0.0,0.0,1.0
37.7,Male,63.4,1.65,23.36,10.0,189.9,158.6,59.0,1.73,1098.6,3.6,3.0,3.5,General Fitness,Cardio,0.0,0.0,0.0,1.0,0.0,0.0,1.0
27.0,Female,67.3,1.62,25.61,24.7,206.5,128.1,64.8,1.79,810.3,3.9,3.0,3.3,Strength,Strength,1.0,1.0,0.0,1.0,0.0,1.0,1.0
32.0,Male,67.3,1.82,20.37,21.8,177.5,143.4,58.1,1.01,667.2,5.0,1.0,2.8,Athletic Performance,Functional,1.0,0.0,0.0,0.0,1.0,1.0,1.0
30.0,Female,44.7,1.55,18.71,26.5,188.2,97.0,58.4,1.25,91.5,5.6,1.0,2.7,General Fitness,Yoga,0.0,0.0,0.0,0.0,1.0,0.0,1.0
45.0,Female,106.3,1.84,31.4,16.9,172.0,123.0,61.0,1.15,1177.0,4.0,3.0,2.6,General Fitness,Strength,0.0,1.0,0.0,0.0,0.0,0.0,0.0
23.6,Male,78.7,1.71,27.01,13.2,190.7,168.8,62.3,1.02,1057.2,5.3,1.0,4.5,Weight Loss,Cardio,0.0,0.0,0.0,0.0,1.0,1.0,1.0
22.5,Female,49.5,1.54,20.97,16.0,209.9,176.2,67.5,1.03,634.0,3.2,2.0,3.9,Weight Loss,Cardio,0.0,1.0,0.0,1.0,0.0,0.0,1.0
19.3,Male,52.7,1.87,15.0,18.6,192.1,149.0,74.5,0.39,122.5,3.9,3.0,2.9,Muscle Gain,Strength,1.0,1.0,0.0,0.0,0.0,1.0,0.0
28.1,Male,69.1,1.83,20.58,20.3,189.0,130.3,60.9,1.17,478.4,3.5,1.0,2.3,Athletic Performance,Functional,0.0,1.0,0.0,1.0,1.0,1.0,1.0
38.7,Male,85.6,1.69,30.04,26.3,187.8,126.7,58.2,1.24,733.9,3.7,3.0,3.3,Muscle Gain,Powerlifting,0.0,1.0,0.0,0.0,0.0,0.0,0.0
35.0,Female,47.5,1.81,14.5,26.4,181.0,124.0,69.0,1.78,533.0,3.0,2.0,3.2,General Fitness,Strength,1.0,1.0,1.0,0.0,1.0,0.0,1.0
58.7,Male,93.0,1.77,29.8,,168.2,122.5,60.8,1.55,1094.2,4.1,3.0,3.3,Muscle Gain,Powerlifting,1.0,1.0,0.0,0.0,0.0,1.0,0.0
28.2,Male,61.1,1.68,21.52,18.5,189.2,143.4,68.1,0.81,298.4,3.2,2.0,2.6,Muscle Gain,Strength,1.0,1.0,0.0,0.0,0.0,0.0,1.0
25.3,Female,65.3,1.64,24.31,20.9,197.0,177.8,60.1,1.59,1177.9,4.4,3.0,3.5,Weight Loss,Cardio,1.0,0.0,1.0,0.0,0.0,0.0,1.0
35.8,Male,95.9,1.9,26.46,10.0,180.6,109.1,64.9,0.92,181.3,5.3,1.0,2.6,General Fitness,Yoga,0.0,0.0,0.0,0.0,1.0,0.0,1.0
22.1,Male,73.6,1.79,23.02,12.6,204.2,169.2,45.0,1.75,1341.2,4.6,3.0,3.5,Endurance,Cardio,0.0,0.0,0.0,0.0,0.0,0.0,0.0
29.3,Male,62.1,1.77,19.75,18.5,177.2,151.4,52.2,1.44,1143.0,5.0,3.0,3.6,Weight Loss,Cardio,0.0,0.0,1.0,0.0,1.0,1.0,1.0
34.0,Male,80.2,1.74,26.56,20.3,177.3,129.8,54.9,1.05,632.5,3.7,3.0,2.9,Muscle Gain,Strength,1.0,1.0,1.0,0.0,0.0,0.0,1.0
69.4,Female,64.8,1.65,23.82,16.7,140.0,135.0,62.4,1.68,1336.6,3.6,3.0,2.8,Endurance,Cardio,1.0,0.0,0.0,0.0,1.0,0.0,1.0
35.0,Male,40.0,1.72,13.52,14.6,182.0,120.0,70.0,1.22,1178.0,4.0,2.0,1.9,General Fitness,HIIT,0.0,0.0,1.0,1.0,0.0,0.0,1.0
26.0,Male,94.2,1.74,31.04,26.5,186.2,128.7,72.3,0.56,212.8,3.9,3.0,3.12,Flexibility,Yoga,0.0,0.0,0.0,0.0,0.0,0.0,1.0
54.1,Male,76.2,1.8,23.57,20.9,173.6,136.3,59.8,1.58,831.1,4.4,3.0,4.29,Weight Loss,Cardio,1.0,0.0,0.0,0.0,0.0,0.0,1.0
19.5,Female,85.0,1.76,27.31,17.5,203.2,161.3,45.0,0.42,307.9,4.2,2.0,2.5,General Fitness,HIIT,1.0,0.0,0.0,1.0,0.0,0.0,1.0
52.0,Female,50.8,1.8,15.68,24.9,199.0,159.0,63.0,1.51,1153.0,4.0,2.0,2.4,Endurance,HIIT,1.0,1.0,0.0,1.0,0.0,1.0,1.0
51.1,Female,64.7,1.81,19.82,15.0,156.9,127.0,64.6,1.06,457.0,3.6,3.0,3.25,Strength,Strength,1.0,1.0,1.0,0.0,0.0,0.0,0.0
24.4,Female,53.4,1.74,17.65,22.9,200.4,151.8,70.8,1.46,509.4,4.4,2.0,3.26,Muscle Gain,Strength,1.0,1.0,1.0,0.0,0.0,1.0,0.0
26.3,Female,85.5,1.72,28.97,27.2,191.7,141.1,64.5,0.87,601.9,4.0,3.0,2.7,Muscle Gain,Strength,1.0,1.0,1.0,0.0,0.0,0.0,1.0
52.3,Male,65.0,1.67,23.36,28.1,175.0,140.4,74.5,0.8,343.2,2.5,1.0,3.65,General Fitness,Strength,1.0,1.0,1.0,0.0,0.0,0.0,1.0
35.4,Male,74.7,1.69,26.17,10.9,191.1,168.6,59.5,1.19,1253.4,3.3,2.0,3.2,Endurance,HIIT,1.0,0.0,1.0,1.0,0.0,0.0,1.0
54.0,Male,71.2,1.7,24.64,14.4,190.0,120.0,58.0,1.21,708.0,4.0,2.0,3.1,Strength,Strength,0.0,1.0,1.0,1.0,0.0,1.0,1.0
30.0,Female,76.3,2.0,19.08,34.9,193.0,132.0,59.0,1.11,548.0,3.0,1.0,3.2,Weight Loss,HIIT,1.0,0.0,0.0,1.0,1.0,0.0,1.0
33.0,Female,63.1,1.58,25.15,20.8,197.3,150.1,47.5,0.6,283.6,3.7,1.0,2.9,Muscle Gain,Functional,1.0,0.0,0.0,1.0,1.0,1.0,1.0
44.7,Male,51.5,1.55,21.42,12.7,175.8,118.1,66.7,1.38,565.3,4.8,2.0,2.3,Strength,Strength,1.0,0.0,1.0,1.0,0.0,0.0,1.0
66.2,Male,63.6,1.69,22.38,19.1,160.6,143.7,69.2,1.51,810.4,4.7,2.0,3.3,Strength,Strength,1.0,1.0,1.0,0.0,0.0,0.0,0.0
26.7,Female,58.5,1.56,23.94,22.1,210.0,143.4,64.5,1.56,784.9,4.2,3.0,2.8,Muscle Gain,Strength,1.0,1.0,1.0,1.0,1.0,0.0,1.0
20.5,Male,73.5,1.81,22.46,12.2,209.9,138.6,71.4,1.47,792.4,4.3,3.0,3.6,Strength,Strength,0.0,1.0,1.0,1.0,0.0,0.0,0.0
46.5,Female,65.4,1.59,25.8,23.9,162.1,144.5,51.4,1.47,998.4,3.1,2.0,3.2,Weight Loss,Cardio,0.0,0.0,0.0,1.0,0.0,0.0,1.0
28.7,Female,51.9,1.56,21.28,18.8,197.2,140.6,47.2,0.98,528.3,5.0,1.0,3.6,Weight Loss,Cardio,0.0,0.0,0.0,1.0,0.0,1.0,1.0
28.6,Female,62.9,1.68,22.32,30.9,194.6,162.2,65.3,1.72,718.0,2.8,2.0,3.35,General Fitness,Strength,,,,,,,
28.3,Male,72.9,1.68,25.87,18.1,192.1,119.5,66.6,1.07,189.8,2.5,3.0,2.7,General Fitness,Yoga,0.0,0.0,1.0,0.0,1.0,0.0,1.0
33.2,Female,63.6,1.78,20.0,24.1,196.2,149.3,68.2,1.29,522.8,2.2,1.0,3.56,Strength,Strength,1.0,1.0,1.0,0.0,0.0,0.0,1.0
43.0,Female,57.8,1.57,23.45,21.3,190.0,142.0,56.0,1.39,698.0,4.0,1.0,1.6,Muscle Gain,Strength,1.0,1.0,1.0,1.0,0.0,0.0,0.0
35.3,Female,45.0,1.65,16.44,14.4,175.8,152.7,65.1,1.35,439.5,4.1,3.0,3.45,Weight Loss,Cardio,0.0,0.0,0.0,0.0,1.0,0.0,1.0
58.9,Male,62.8,1.62,23.91,15.1,148.7,143.7,53.8,0.59,372.1,5.5,2.0,3.1,General Fitness,Cardio,0.0,0.0,0.0,1.0,0.0,0.0,1.0
29.5,Female,80.7,1.69,28.2,20.5,193.1,100.7,60.5,2.19,851.4,4.2,3.0,2.9,Muscle Gain,Powerlifting,0.0,1.0,0.0,0.0,0.0,0.0,0.0
32.0,Female,66.1,1.66,23.95,18.8,180.2,129.0,57.1,0.88,447.4,3.5,2.0,2.3,Muscle Gain,Strength,0.0,1.0,1.0,0.0,0.0,0.0,1.0
24.0,Male,83.4,1.7,28.86,26.4,162.0,169.0,51.0,1.87,879.0,4.0,1.0,3.3,Muscle Gain,Strength,1.0,1.0,1.0,0.0,1.0,0.0,1.0
33.0,Male,97.2,1.73,32.48,14.3,175.0,165.0,72.0,1.15,707.0,3.0,2.0,1.5,Muscle Gain,Strength,1.0,1.0,0.0,0.0,0.0,0.0,0.0
24.4,Female,56.0,1.6,21.9,17.2,205.4,174.8,51.5,0.58,406.1,2.2,2.0,3.3,Weight Loss,HIIT,1.0,0.0,1.0,1.0,0.0,1.0,1.0
35.1,Female,64.6,1.59,25.55,18.9,196.1,152.6,61.6,1.26,703.7,4.7,2.0,2.6,General Fitness,Functional,0.0,0.0,1.0,1.0,0.0,0.0,1.0
39.9,Female,76.1,1.71,25.96,27.5,184.6,140.1,56.2,1.22,552.8,1.4,2.0,3.58,Muscle Gain,Strength,1.0,1.0,1.0,1.0,1.0,0.0,1.0
37.8,Male,98.5,1.72,33.37,28.6,184.6,169.7,59.0,0.7,801.8,3.7,2.0,3.34,Weight Loss,HIIT,0.0,0.0,0.0,0.0,0.0,0.0,1.0
39.9,Male,96.9,1.82,29.21,16.9,182.8,131.2,56.0,1.25,951.1,4.0,3.0,2.8,Strength,Powerlifting,1.0,1.0,1.0,0.0,0.0,0.0,1.0
20.1,Male,85.5,1.85,25.04,13.2,199.3,112.8,66.6,1.73,928.2,4.4,2.0,2.3,Strength,Strength,1.0,1.0,0.0,1.0,0.0,0.0,0.0
32.6,Male,64.1,1.76,20.77,15.6,182.5,90.0,65.6,0.75,91.9,4.2,3.0,1.5,Stress Relief,Yoga,0.0,0.0,0.0,0.0,1.0,1.0,0.0
23.0,Male,87.6,1.87,25.08,10.2,194.9,153.1,64.8,0.36,334.7,2.2,3.0,3.8,Weight Loss,HIIT,0.0,1.0,0.0,1.0,1.0,0.0,1.0
20.1,Female,70.7,1.59,27.83,27.7,204.0,114.7,71.6,1.74,829.0,3.8,1.0,2.1,Muscle Gain,Strength,1.0,1.0,1.0,1.0,0.0,0.0,1.0
23.3,Male,67.2,1.73,22.59,26.4,199.0,123.8,77.5,2.05,1031.1,3.1,3.0,3.4,General Fitness,Powerlifting,0.0,1.0,1.0,0.0,0.0,1.0,1.0
31.7,Male,81.1,1.8,24.93,15.1,190.3,117.5,73.7,1.4,756.9,4.3,2.0,2.7,Strength,Strength,1.0,0.0,0.0,0.0,0.0,0.0,1.0
53.5,Female,59.4,1.63,22.27,18.3,175.3,170.3,70.5,1.74,1150.2,3.4,2.0,3.5,Weight Loss,Cardio,0.0,1.0,0.0,0.0,0.0,1.0,1.0
21.0,Female,68.5,1.61,26.43,19.9,191.0,169.0,74.0,1.18,1278.0,3.0,2.0,3.1,Muscle Gain,Strength,1.0,1.0,1.0,0.0,1.0,1.0,1.0
19.0,Female,74.7,1.85,21.83,19.4,194.0,127.0,74.0,0.65,1105.0,2.0,2.0,3.6,General Fitness,Cardio,0.0,0.0,0.0,0.0,0.0,0.0,1.0
28.0,Female,55.1,1.52,23.79,26.5,197.8,136.0,59.6,0.65,298.8,4.3,3.0,2.5,General Fitness,Functional,0.0,0.0,1.0,1.0,0.0,1.0,1.0
29.4,Female,75.7,1.72,25.67,25.2,197.0,134.9,64.3,0.71,437.4,4.1,2.0,3.0,General Fitness,Functional,1.0,0.0,0.0,1.0,1.0,1.0,1.0
24.0,Male,102.9,1.8,31.87,22.9,191.2,124.0,69.5,1.36,866.8,4.4,2.0,3.0,Strength,Powerlifting,1.0,1.0,1.0,1.0,1.0,0.0,0.0
54.0,Male,67.7,1.77,21.69,16.1,165.8,111.6,75.0,0.51,75.5,5.3,2.0,2.1,General Fitness,Yoga,0.0,0.0,0.0,0.0,1.0,1.0,1.0
28.7,Male,72.4,1.72,24.6,,196.0,143.0,51.5,1.49,863.3,4.3,3.0,3.2,Endurance,Cardio,0.0,0.0,0.0,0.0,0.0,0.0,1.0
35.0,Male,80.4,1.84,23.79,10.4,188.9,165.5,57.8,0.39,333.4,2.3,3.0,3.0,Endurance,HIIT,0.0,1.0,1.0,1.0,1.0,0.0,1.0
50.6,Male,82.1,1.77,26.17,17.4,172.8,126.5,60.3,1.27,736.0,4.6,2.0,3.4,General Fitness,Functional,1.0,1.0,1.0,1.0,1.0,1.0,1.0
38.1,Female,43.1,1.48,19.67,22.9,165.1,130.1,61.8,1.01,284.3,3.3,2.0,2.4,Muscle Gain,Strength,1.0,0.0,1.0,1.0,0.0,1.0,0.0
32.6,Female,60.0,1.61,23.23,24.9,185.9,175.6,66.5,0.89,512.4,3.1,1.0,2.8,Weight Loss,Cardio,0.0,0.0,0.0,0.0,1.0,0.0,1.0
39.0,Male,75.4,1.7,26.06,17.3,177.3,167.9,45.1,0.83,840.6,3.8,3.0,3.2,General Fitness,HIIT,1.0,0.0,0.0,1.0,1.0,0.0,1.0
21.0,Female,59.8,1.63,22.46,19.2,195.7,159.6,64.4,1.08,572.5,4.3,2.0,3.5,Endurance,HIIT,1.0,0.0,0.0,0.0,0.0,0.0,0.0
25.1,Female,59.4,1.6,23.16,19.7,196.6,95.8,69.3,1.17,204.2,4.4,3.0,2.4,Stress Relief,Yoga,1.0,0.0,0.0,0.0,0.0,1.0,1.0
26.9,Female,51.3,1.58,20.56,22.5,202.0,114.9,69.4,1.37,408.0,3.3,2.0,2.1,Strength,Strength,1.0,1.0,1.0,1.0,0.0,0.0,1.0
27.5,Female,73.2,1.71,25.17,23.4,187.6,111.0,73.6,1.01,273.9,4.4,2.0,2.8,General Fitness,Yoga,0.0,0.0,0.0,0.0,1.0,0.0,1.0
23.9,Female,66.1,1.66,24.0,26.8,203.2,170.3,66.7,1.26,632.8,1.2,2.0,3.19,Weight Loss,Cardio,0.0,0.0,0.0,0.0,0.0,0.0,1.0
40.0,Male,90.5,1.71,31.08,16.4,185.3,107.3,53.5,1.73,598.6,4.5,3.0,3.0,Strength,Powerlifting,1.0,1.0,1.0,0.0,0.0,0.0,0.0
35.6,Male,69.2,1.79,21.68,17.2,182.5,140.8,66.4,1.16,714.4,4.5,3.0,3.4,Endurance,Cardio,0.0,0.0,0.0,1.0,0.0,0.0,1.0
19.2,Female,73.7,1.78,23.28,26.1,205.8,101.0,85.0,1.5,196.1,5.9,1.0,2.4,Flexibility,Yoga,0.0,0.0,0.0,0.0,1.0,1.0,1.0
35.2,Female,67.6,1.65,24.76,18.4,191.4,144.2,45.0,1.64,1511.3,5.4,2.0,3.2,Weight Loss,Cardio,1.0,0.0,1.0,1.0,1.0,0.0,1.0
38.4,Male,106.4,1.81,32.59,25.0,167.0,109.4,62.2,1.35,748.8,3.9,3.0,2.9,Muscle Gain,Powerlifting,1.0,1.0,1.0,1.0,0.0,0.0,1.0
28.4,Male,54.6,1.63,20.47,17.4,195.5,116.7,60.2,0.56,79.6,4.3,3.0,2.6,General Fitness,Yoga,0.0,0.0,1.0,0.0,0.0,0.0,1.0
54.1,Male,79.5,1.86,23.01,19.0,165.5,134.9,58.4,0.76,320.5,4.8,3.0,2.4,Muscle Gain,Strength,0.0,1.0,1.0,1.0,0.0,0.0,1.0
21.1,Male,74.2,1.77,23.56,20.1,193.8,129.7,67.5,0.91,653.4,3.9,2.0,2.0,Athletic Performance,Functional,1.0,0.0,1.0,1.0,1.0,1.0,1.0
20.4,Female,64.0,1.77,20.42,22.6,194.0,138.5,65.1,1.06,636.4,3.4,3.0,2.6,General Fitness,Functional,0.0,1.0,0.0,1.0,1.0,0.0,1.0
26.7,Female,67.2,1.65,24.7,26.2,190.8,108.3,74.0,1.99,571.5,3.7,2.0,2.7,Strength,Powerlifting,1.0,1.0,1.0,0.0,0.0,0.0,1.0
39.6,Male,81.9,1.73,27.5,15.5,191.7,104.4,67.7,0.71,171.4,2.3,2.0,1.9,General Fitness,Yoga,0.0,1.0,0.0,0.0,1.0,1.0,1.0
19.7,Female,57.4,1.61,22.0,17.4,210.0,141.4,62.1,1.31,947.9,5.0,1.0,3.1,Weight Loss,Cardio,1.0,0.0,0.0,1.0,1.0,0.0,1.0
24.9,Male,72.9,1.73,24.32,9.6,189.0,104.3,69.6,1.31,213.4,3.2,2.0,2.3,Flexibility,Yoga,0.0,0.0,0.0,1.0,1.0,0.0,1.0
20.6,Female,72.4,1.7,25.03,24.2,197.0,153.6,71.4,1.05,691.9,4.0,3.0,2.9,General Fitness,HIIT,0.0,0.0,0.0,1.0,0.0,1.0,1.0
28.8,Male,89.3,1.81,27.34,16.4,201.8,151.6,59.4,0.84,970.9,3.0,2.0,2.1,Weight Loss,HIIT,0.0,0.0,0.0,1.0,0.0,0.0,1.0
21.6,Female,53.5,1.55,22.19,17.1,200.2,93.2,63.3,1.44,207.3,4.5,1.0,1.5,Flexibility,Yoga,1.0,1.0,0.0,1.0,1.0,1.0,1.0
39.5,Male,79.9,1.72,27.03,14.6,177.5,143.0,58.9,1.96,1614.5,3.9,2.0,3.1,Muscle Gain,Strength,1.0,1.0,1.0,1.0,0.0,1.0,1.0
36.9,Female,79.6,1.65,29.33,25.5,181.1,139.3,48.9,0.89,436.9,4.4,3.0,3.6,Muscle Gain,Strength,1.0,1.0,0.0,0.0,0.0,0.0,0.0
24.3,Female,56.9,1.56,23.44,17.8,203.4,162.6,64.4,1.63,802.3,5.0,1.0,2.9,General Fitness,Cardio,0.0,0.0,0.0,0.0,1.0,0.0,1.0
52.0,Male,54.9,1.67,19.69,16.4,167.0,144.0,69.0,2.0,997.0,4.0,2.0,2.5,Strength,Strength,0.0,1.0,1.0,0.0,0.0,1.0,0.0
25.2,Male,98.8,1.93,26.62,17.4,189.9,155.6,60.4,1.18,1739.8,4.7,2.0,3.7,Weight Loss,Cardio,0.0,1.0,0.0,0.0,1.0,1.0,1.0
22.6,Male,83.9,1.79,26.04,18.7,181.2,126.3,69.8,1.83,1247.1,3.9,1.0,3.6,Strength,Strength,1.0,1.0,0.0,0.0,0.0,0.0,0.0
26.8,Female,52.8,1.61,20.26,24.1,193.0,142.8,56.5,0.56,393.1,4.7,1.0,2.6,Endurance,Cardio,0.0,0.0,1.0,0.0,0.0,0.0,1.0
18.8,Male,45.0,1.85,13.14,20.3,203.3,150.7,52.7,1.26,349.7,4.1,2.0,3.44,Strength,Strength,1.0,1.0,1.0,1.0,1.0,0.0,0.0
27.7,Female,60.3,1.53,25.79,22.9,194.6,106.0,85.0,1.37,143.8,4.6,1.0,2.2,General Fitness,Yoga,1.0,0.0,0.0,0.0,1.0,0.0,1.0
26.0,Male,98.8,1.76,31.77,21.6,203.9,113.9,57.4,2.06,778.8,4.8,2.0,2.5,Muscle Gain,Powerlifting,0.0,1.0,1.0,1.0,1.0,0.0,1.0
34.0,Male,80.7,1.8,24.91,27.2,193.0,153.0,57.0,1.18,930.0,3.0,1.0,2.3,Muscle Gain,Strength,1.0,1.0,1.0,0.0,0.0,0.0,1.0
49.0,Female,70.0,1.64,26.03,29.2,182.0,134.0,71.0,1.5,1132.0,4.0,3.0,2.8,Endurance,Cardio,0.0,0.0,0.0,0.0,1.0,0.0,1.0
51.2,Male,69.0,1.8,21.36,12.6,163.1,121.1,74.5,1.67,954.9,3.5,1.0,2.8,Strength,Strength,1.0,0.0,1.0,0.0,0.0,1.0,0.0
55.9,Male,94.7,1.7,32.97,20.5,168.0,125.6,57.7,2.49,1200.6,4.6,3.0,2.6,Strength,Powerlifting,1.0,1.0,0.0,0.0,0.0,0.0,0.0
35.6,Female,53.8,1.61,20.76,23.4,184.0,163.2,46.4,1.16,1105.9,2.6,3.0,3.2,Weight Loss,HIIT,1.0,0.0,0.0,0.0,0.0,0.0,1.0
51.0,Female,97.0,1.51,42.65,39.4,167.9,128.1,61.2,1.43,831.6,4.1,2.0,3.58,General Fitness,Strength,1.0,1.0,1.0,1.0,0.0,1.0,1.0
30.9,Male,58.8,1.61,22.6,20.4,198.7,113.1,69.2,1.94,529.1,3.4,2.0,2.9,Strength,Strength,1.0,1.0,1.0,0.0,1.0,0.0,1.0
35.4,Male,68.6,1.66,24.84,13.8,174.6,162.6,50.9,1.03,1176.3,3.9,3.0,4.2,Weight Loss,HIIT,0.0,1.0,0.0,0.0,1.0,0.0,1.0
36.0,Male,75.8,1.71,25.9,8.6,192.1,162.9,47.9,0.84,802.7,4.8,3.0,3.5,Weight Loss,Cardio,0.0,0.0,0.0,0.0,0.0,0.0,1.0
51.0,Female,55.7,1.5,24.76,27.7,188.0,143.0,58.0,1.19,1302.0,3.0,1.0,2.0,Weight Loss,HIIT,0.0,0.0,1.0,1.0,0.0,1.0,1.0
38.8,Male,81.7,1.78,25.79,21.9,191.3,126.5,78.7,1.02,724.4,4.0,1.0,2.7,Muscle Gain,Functional,0.0,1.0,1.0,0.0,1.0,0.0,1.0
36.7,Female,62.5,1.66,22.57,27.6,186.2,141.8,54.7,1.44,631.8,4.0,3.0,3.5,Muscle Gain,Strength,1.0,1.0,0.0,1.0,1.0,1.0,0.0
46.8,Female,72.2,1.83,21.48,22.2,164.1,138.0,65.9,1.14,515.9,2.6,1.0,3.17,Strength,Strength,1.0,1.0,0.0,1.0,0.0,0.0,1.0
53.0,Female,71.9,2.0,17.98,29.0,191.0,161.0,74.0,1.6,1286.0,5.0,2.0,3.7,General Fitness,Cardio,0.0,0.0,0.0,0.0,0.0,0.0,1.0
60.1,Male,63.4,1.67,22.67,14.8,164.1,156.2,60.5,1.16,782.1,5.0,2.0,3.2,General Fitness,Functional,1.0,1.0,0.0,1.0,1.0,0.0,1.0
24.3,Male,68.9,1.66,24.97,15.9,197.3,133.9,70.6,1.91,1182.9,3.8,2.0,2.7,Strength,Strength,1.0,1.0,0.0,0.0,1.0,0.0,0.0
28.9,Male,61.0,1.66,22.04,26.2,197.8,171.9,68.6,1.75,811.6,1.8,1.0,3.43,General Fitness,Cardio,0.0,0.0,1.0,0.0,0.0,0.0,1.0
38.1,Female,42.1,1.47,19.45,26.3,178.0,105.3,61.2,1.39,116.3,2.6,1.0,1.9,General Fitness,Yoga,0.0,0.0,0.0,0.0,1.0,1.0,1.0
29.7,Female,43.9,1.51,19.11,17.5,191.3,151.4,60.3,1.48,624.9,4.5,2.0,3.1,Endurance,Cardio,0.0,0.0,0.0,0.0,0.0,1.0,1.0
59.0,Male,71.8,1.5,31.91,28.9,165.0,152.0,74.0,1.94,758.0,3.0,1.0,3.3,General Fitness,Strength,0.0,0.0,1.0,0.0,1.0,0.0,0.0
44.7,Male,95.1,1.91,26.07,18.0,171.3,125.0,66.2,1.46,1000.5,3.7,3.0,3.5,Strength,Powerlifting,1.0,1.0,0.0,0.0,1.0,1.0,0.0
41.4,Female,58.5,1.74,19.42,22.4,173.8,146.8,80.8,1.31,529.2,1.9,1.0,2.6,Athletic Performance,Functional,,,,,,,
29.7,Female,63.3,1.7,22.05,22.6,198.4,126.9,63.1,1.05,530.5,3.2,2.0,3.0,Strength,Strength,1.0,0.0,1.0,1.0,0.0,1.0,1.0
24.0,Male,92.2,1.71,31.53,32.9,194.0,141.0,59.0,2.0,1580.0,4.0,2.0,2.4,Endurance,HIIT,1.0,0.0,0.0,1.0,1.0,0.0,1.0
47.4,Male,81.7,1.82,24.53,25.4,176.9,104.8,68.9,1.14,335.8,3.8,3.0,2.6,Strength,Powerlifting,1.0,1.0,0.0,0.0,0.0,0.0,0.0
34.8,Female,71.2,1.61,27.48,25.0,176.2,171.2,52.6,1.07,845.5,4.0,2.0,3.4,Endurance,HIIT,0.0,0.0,0.0,1.0,1.0,1.0,1.0
40.9,Female,73.8,1.63,27.85,23.6,183.3,116.6,68.9,0.84,393.3,3.5,1.0,3.0,General Fitness,Strength,1.0,0.0,1.0,0.0,0.0,1.0,1.0
18.9,Female,78.0,1.64,29.19,22.8,199.8,116.5,56.4,1.21,753.8,3.2,2.0,2.5,General Fitness,Strength,1.0,1.0,1.0,0.0,1.0,0.0,1.0
44.0,Female,65.0,1.57,26.37,27.9,165.0,168.0,70.0,1.02,1232.0,3.0,1.0,3.6,Weight Loss,Cardio,0.0,0.0,0.0,1.0,0.0,0.0,1.0
24.1,Male,73.2,1.73,24.35,22.6,197.8,159.1,79.8,1.15,524.1,2.7,1.0,3.42,Muscle Gain,Strength,1.0,1.0,0.0,0.0,0.0,1.0,0.0
41.7,Female,69.2,1.87,19.79,14.0,192.1,143.7,57.9,1.79,769.3,5.1,3.0,3.14,Muscle Gain,Strength,1.0,0.0,1.0,0.0,1.0,0.0,0.0
29.3,Male,71.8,1.7,24.99,13.6,191.0,166.9,51.1,0.52,679.6,3.7,3.0,2.6,Weight Loss,HIIT,1.0,0.0,0.0,1.0,1.0,1.0,1.0
29.2,Male,76.3,1.61,29.31,24.8,181.9,104.3,82.1,2.27,771.6,4.1,2.0,3.3,Muscle Gain,Powerlifting,1.0,1.0,1.0,1.0,0.0,0.0,0.0
23.9,Male,63.0,1.74,20.78,16.4,195.1,156.5,69.1,0.75,522.0,5.4,2.0,2.7,Endurance,Cardio,0.0,0.0,0.0,0.0,1.0,0.0,1.0
25.9,Female,67.3,1.67,24.04,16.2,193.8,171.0,57.3,0.97,620.2,3.0,2.0,3.3,General Fitness,HIIT,1.0,0.0,0.0,1.0,0.0,0.0,0.0
39.5,Female,57.1,1.52,24.62,19.9,167.2,154.2,58.7,0.67,351.7,4.6,2.0,2.8,Weight Loss,Cardio,0.0,0.0,0.0,0.0,0.0,0.0,1.0
38.0,Male,87.9,1.75,28.7,24.2,183.0,130.0,74.0,1.54,1273.0,3.0,1.0,1.6,Weight Loss,HIIT,1.0,0.0,0.0,0.0,1.0,0.0,1.0
26.0,Male,67.4,1.63,25.53,13.9,210.0,118.3,66.2,1.58,692.2,3.4,2.0,2.4,Muscle Gain,Strength,1.0,1.0,0.0,0.0,0.0,1.0,0.0
26.0,Female,63.8,1.52,27.66,19.8,191.7,167.9,68.5,0.8,792.3,4.2,2.0,3.4,Weight Loss,HIIT,1.0,0.0,0.0,1.0,1.0,0.0,1.0
21.5,Male,86.7,1.94,22.99,8.6,206.1,172.0,45.0,0.98,1031.7,2.9,2.0,3.6,Endurance,HIIT,1.0,1.0,0.0,0.0,0.0,0.0,1.0
27.1,Male,72.9,1.77,23.27,12.6,190.1,95.2,74.7,0.52,84.7,2.0,3.0,2.5,General Fitness,Yoga,0.0,0.0,0.0,1.0,0.0,0.0,1.0
30.4,Male,86.2,1.89,24.06,16.6,207.5,128.4,70.7,1.69,1113.8,4.3,1.0,2.3,Muscle Gain,Strength,1.0,1.0,1.0,0.0,0.0,0.0,1.0
45.0,Female,40.0,1.93,10.74,24.0,177.0,141.0,56.0,1.44,820.9,4.0,1.0,3.6,Strength,Strength,1.0,1.0,1.0,0.0,0.0,1.0,0.0
51.0,Male,57.3,1.71,19.6,28.1,188.0,169.0,50.0,1.09,1375.0,2.0,3.0,3.6,Strength,Strength,1.0,0.0,1.0,1.0,0.0,0.0,0.0
33.0,Male,72.4,1.85,21.15,15.5,189.3,141.3,69.8,1.38,624.7,4.5,3.0,2.3,Muscle Gain,Strength,1.0,1.0,1.0,0.0,0.0,0.0,0.0
53.1,Female,68.0,1.6,26.39,24.8,169.1,130.4,62.7,0.77,478.0,3.8,1.0,1.9,Muscle Gain,Strength,1.0,1.0,1.0,0.0,1.0,1.0,1.0
25.7,Female,60.7,1.62,23.21,21.4,191.9,110.1,70.5,1.09,355.0,4.1,3.0,2.6,Strength,Strength,1.0,1.0,1.0,0.0,0.0,0.0,1.0
32.4,Male,73.3,1.95,19.23,19.4,184.8,154.5,45.7,0.7,486.4,4.6,3.0,3.0,Athletic Performance,Functional,1.0,0.0,0.0,1.0,0.0,1.0,1.0
52.7,Male,74.3,1.89,20.77,26.9,168.2,123.9,63.4,1.57,780.3,2.0,1.0,2.76,Muscle Gain,Strength,1.0,0.0,1.0,0.0,0.0,0.0,0.0
21.2,Female,70.6,1.77,22.51,25.8,184.5,143.2,57.6,1.55,1006.0,4.4,3.0,3.6,Muscle Gain,Strength,1.0,1.0,1.0,1.0,0.0,0.0,1.0
49.0,Male,110.8,1.62,42.22,11.5,162.0,169.0,59.0,1.34,1783.0,4.0,2.0,1.7,Weight Loss,Cardio,1.0,1.0,0.0,1.0,1.0,0.0,1.0
28.0,Male,87.3,1.51,38.29,32.0,190.0,168.0,56.0,2.0,1306.0,4.0,2.0,2.3,Strength,Strength,1.0,1.0,0.0,1.0,0.0,1.0,0.0
44.3,Male,67.5,1.63,25.24,16.2,155.6,111.6,66.6,1.47,492.4,3.1,3.0,3.2,Muscle Gain,Powerlifting,0.0,1.0,1.0,1.0,1.0,1.0,0.0
29.9,Male,79.4,1.8,24.47,19.0,186.0,113.5,64.6,1.05,583.8,3.1,2.0,2.4,Muscle Gain,Strength,1.0,1.0,1.0,1.0,1.0,0.0,0.0
38.1,Female,76.6,1.96,19.86,14.6,182.3,158.0,73.8,1.63,993.2,3.1,2.0,4.07,Endurance,Cardio,0.0,0.0,0.0,0.0,0.0,0.0,1.0
33.8,Male,52.3,1.71,17.89,26.6,192.2,153.2,77.6,1.52,495.8,1.8,1.0,3.57,Muscle Gain,Strength,0.0,1.0,1.0,0.0,0.0,0.0,0.0
34.3,Male,62.3,1.72,21.17,15.9,185.0,113.1,71.1,1.28,512.7,3.8,2.0,2.7,Strength,Strength,1.0,0.0,1.0,0.0,1.0,1.0,1.0
44.0,Female,45.0,1.53,19.22,21.9,199.0,158.0,50.0,0.7,930.0,4.0,1.0,3.6,General Fitness,Strength,1.0,1.0,1.0,0.0,0.0,0.0,0.0
44.5,Male,77.7,1.75,25.34,19.5,175.3,150.0,64.4,0.68,605.5,4.5,3.0,3.3,General Fitness,Functional,0.0,1.0,0.0,0.0,0.0,0.0,1.0
26.1,Female,49.9,1.58,19.89,18.0,203.8,142.4,73.5,1.92,775.4,3.5,1.0,3.8,Muscle Gain,Strength,0.0,1.0,1.0,1.0,0.0,0.0,0.0
37.5,Female,77.3,1.69,27.22,18.1,181.9,148.3,67.3,0.95,574.3,3.3,3.0,2.3,Muscle Gain,Functional,0.0,0.0,0.0,1.0,1.0,1.0,1.0
19.0,Male,41.9,1.69,14.67,27.9,176.0,138.0,74.0,1.89,1010.0,2.0,2.0,2.6,Strength,Strength,1.0,1.0,1.0,0.0,1.0,0.0,0.0
51.8,Female,66.3,1.74,21.77,26.5,173.3,164.3,76.2,0.99,738.1,2.5,2.0,3.84,Endurance,HIIT,1.0,0.0,0.0,1.0,1.0,0.0,1.0
34.7,Male,91.5,1.69,32.09,31.7,180.4,155.2,58.2,1.04,667.5,2.8,2.0,3.43,General Fitness,Cardio,0.0,0.0,0.0,0.0,0.0,1.0,1.0
30.1,Male,74.4,1.61,28.61,13.0,188.1,118.1,66.0,1.53,895.4,3.1,2.0,3.0,Muscle Gain,Strength,1.0,1.0,1.0,0.0,1.0,0.0,1.0
26.0,Male,97.6,1.85,28.37,14.6,201.7,142.8,69.6,1.63,950.6,4.0,1.0,2.9,Muscle Gain,Strength,1.0,1.0,1.0,1.0,0.0,0.0,1.0
27.5,Female,70.0,1.63,26.35,18.9,184.8,130.4,82.0,0.89,422.9,4.0,1.0,2.9,General Fitness,Functional,1.0,0.0,1.0,1.0,1.0,1.0,1.0
22.3,Female,76.6,1.71,26.24,19.8,197.1,125.6,56.9,0.74,532.6,3.3,1.0,2.3,Muscle Gain,Functional,0.0,1.0,0.0,1.0,1.0,1.0,1.0
24.5,Male,90.0,1.85,26.33,17.4,184.3,142.2,49.7,1.36,1496.2,4.5,3.0,3.3,Endurance,Cardio,0.0,0.0,0.0,0.0,1.0,0.0,1.0
18.2,Female,67.9,1.67,24.25,21.6,206.7,151.3,52.9,1.09,642.9,4.2,3.0,2.7,Weight Loss,HIIT,1.0,1.0,0.0,0.0,1.0,0.0,1.0
53.4,Male,74.6,1.66,26.96,15.9,170.8,139.0,59.7,1.16,477.1,3.2,1.0,3.3,Strength,Strength,1.0,1.0,1.0,1.0,0.0,0.0,0.0
27.3,Female,67.2,1.62,25.47,16.6,183.5,162.6,71.2,0.39,222.9,2.3,3.0,3.9,Weight Loss,HIIT,1.0,0.0,0.0,1.0,1.0,0.0,1.0
36.3,Male,91.3,1.84,27.0,12.9,181.6,113.6,65.2,1.31,910.4,4.8,3.0,2.5,Muscle Gain,Strength,1.0,1.0,1.0,1.0,0.0,0.0,1.0
20.4,Male,65.6,1.71,22.3,16.7,188.6,170.3,62.2,1.1,934.7,3.7,3.0,3.5,Weight Loss,HIIT,0.0,0.0,0.0,1.0,0.0,0.0,1.0
19.4,Male,84.3,1.71,28.77,20.5,202.6,124.0,54.6,0.95,431.0,4.2,1.0,2.8,General Fitness,Strength,1.0,1.0,1.0,1.0,0.0,0.0,0.0
33.8,Male,84.6,1.83,25.17,21.7,181.2,143.3,61.3,1.42,885.7,4.7,3.0,3.34,Athletic Performance,Functional,,,,,,,
31.4,Male,89.9,1.83,26.92,16.6,193.7,154.3,53.5,1.76,1344.0,5.3,1.0,3.4,Endurance,Cardio,0.0,0.0,1.0,0.0,0.0,1.0,1.0
33.0,Female,95.0,1.85,27.76,20.5,168.0,140.0,56.0,1.3,958.0,3.0,2.0,3.3,Strength,Strength,1.0,0.0,1.0,1.0,0.0,0.0,0.0
42.0,Female,40.5,1.64,15.06,13.4,196.0,137.0,59.0,1.12,1150.0,5.0,2.0,3.7,Strength,Strength,1.0,1.0,1.0,1.0,0.0,1.0,1.0
32.9,Male,73.6,1.69,25.77,18.0,171.9,161.0,47.0,1.06,824.2,3.0,3.0,3.9,Weight Loss,Cardio,0.0,0.0,0.0,0.0,1.0,0.0,1.0
29.8,Female,69.9,1.57,28.21,,191.7,103.3,64.5,1.5,444.9,3.1,2.0,2.2,General Fitness,Powerlifting,0.0,1.0,1.0,0.0,0.0,0.0,1.0
21.9,Female,66.9,1.57,27.15,27.8,183.4,138.8,70.6,1.39,868.6,4.7,2.0,3.4,Muscle Gain,Functional,1.0,1.0,0.0,0.0,1.0,0.0,1.0
32.6,Female,57.2,1.7,19.85,21.8,191.6,164.6,60.4,0.88,855.5,4.9,2.0,3.3,Endurance,HIIT,0.0,1.0,0.0,1.0,1.0,0.0,1.0
60.9,Male,61.7,1.56,25.23,15.5,159.2,107.7,55.5,0.95,159.3,5.4,1.0,2.5,Stress Relief,Yoga,0.0,0.0,0.0,0.0,1.0,1.0,1.0
36.8,Female,52.2,1.45,24.84,25.2,174.5,96.5,65.0,0.99,115.6,3.6,2.0,1.5,General Fitness,Yoga,0.0,1.0,0.0,0.0,0.0,0.0,1.0
45.0,Male,76.3,1.67,27.36,11.6,177.0,168.0,50.0,1.41,1013.0,3.0,3.0,3.1,Endurance,Cardio,0.0,0.0,0.0,1.0,0.0,0.0,1.0
29.6,Male,70.0,1.65,25.6,12.8,194.5,121.2,58.6,1.33,425.2,3.0,2.0,2.4,Strength,Strength,1.0,1.0,1.0,0.0,0.0,0.0,0.0
65.4,Male,93.8,1.82,28.45,18.0,170.3,126.9,72.2,1.81,1231.5,3.1,1.0,3.3,Muscle Gain,Strength,1.0,1.0,1.0,0.0,0.0,0.0,0.0
50.0,Female,109.5,1.87,31.43,34.8,172.6,164.3,58.3,0.51,545.5,2.6,2.0,2.63,Weight Loss,HIIT,1.0,0.0,0.0,0.0,1.0,0.0,1.0
63.1,Female,59.4,1.62,22.66,24.7,151.5,146.5,54.0,0.35,239.5,2.8,2.0,2.9,Weight Loss,HIIT,0.0,0.0,1.0,0.0,1.0,0.0,1.0
27.3,Female,62.5,1.58,24.95,18.0,198.4,94.6,81.4,1.11,181.6,5.4,1.0,2.1,General Fitness,Yoga,0.0,0.0,0.0,0.0,0.0,0.0,1.0
18.5,Female,65.7,1.58,26.35,28.9,203.9,123.1,68.1,1.87,586.1,3.8,3.0,3.4,Muscle Gain,Powerlifting,0.0,1.0,0.0,0.0,1.0,1.0,1.0
53.7,Female,59.1,1.59,23.25,14.8,150.0,145.0,60.2,0.75,438.3,3.0,3.0,2.7,Endurance,HIIT,0.0,0.0,0.0,0.0,0.0,0.0,0.0
27.1,Male,45.0,1.78,14.25,9.6,197.8,161.1,59.6,1.14,389.1,4.7,3.0,2.34,Endurance,Cardio,0.0,0.0,1.0,0.0,0.0,0.0,1.0
21.1,Female,60.6,1.56,25.07,23.3,198.9,157.3,68.5,0.96,582.9,3.8,1.0,3.5,Muscle Gain,Functional,1.0,1.0,0.0,1.0,0.0,1.0,1.0
25.3,Male,73.0,1.79,22.76,24.3,201.3,167.0,72.8,0.9,497.9,1.9,1.0,3.49,Weight Loss,Cardio,0.0,0.0,0.0,1.0,0.0,0.0,1.0
58.4,Female,51.1,1.56,20.92,20.3,160.7,155.7,60.5,1.39,790.6,5.3,2.0,3.7,Endurance,Cardio,0.0,0.0,0.0,1.0,1.0,0.0,1.0
28.0,Male,59.2,1.68,20.98,27.3,187.0,127.0,54.0,1.53,466.0,2.0,3.0,2.9,Muscle Gain,Strength,1.0,1.0,1.0,0.0,0.0,0.0,0.0
28.2,Female,41.7,1.48,19.04,17.2,191.4,155.6,56.7,1.04,399.4,5.6,3.0,,General Fitness,Cardio,0.0,0.0,1.0,0.0,0.0,1.0,1.0
44.4,Male,67.4,1.82,20.29,21.1,179.2,142.5,63.7,0.76,388.0,3.0,3.0,2.6,Muscle Gain,Strength,1.0,1.0,0.0,0.0,0.0,0.0,1.0
47.8,Male,76.4,1.81,23.36,15.0,188.8,93.2,63.8,1.25,251.6,3.8,2.0,3.2,Stress Relief,Yoga,0.0,0.0,0.0,0.0,1.0,1.0,1.0
18.0,Male,82.3,1.74,27.18,26.0,198.0,155.0,55.0,1.38,1368.0,2.0,3.0,3.3,General Fitness,Strength,1.0,1.0,1.0,0.0,0.0,0.0,0.0
59.0,Female,73.6,1.6,28.75,30.0,164.0,158.0,58.0,1.35,1216.0,5.0,2.0,2.3,Strength,Strength,1.0,1.0,1.0,0.0,1.0,0.0,1.0
32.1,Female,66.6,1.59,26.42,25.0,188.4,109.0,57.8,1.16,297.4,3.3,3.0,3.1,Strength,Powerlifting,0.0,1.0,0.0,0.0,0.0,0.0,0.0
39.9,Female,69.6,1.68,24.51,24.3,181.9,131.9,65.5,0.94,413.9,3.9,2.0,2.6,Strength,Strength,1.0,1.0,1.0,0.0,0.0,1.0,0.0
60.9,Female,41.0,1.45,19.5,21.5,165.1,160.1,45.0,0.86,532.9,3.7,2.0,3.2,General Fitness,HIIT,1.0,0.0,0.0,0.0,1.0,0.0,0.0
23.2,Female,62.4,1.61,24.07,22.9,194.5,156.4,56.8,1.18,902.9,5.6,3.0,3.2,Endurance,Cardio,0.0,0.0,0.0,0.0,0.0,0.0,1.0
45.0,Male,70.9,2.0,17.73,27.8,198.0,128.0,73.0,1.19,1064.0,3.0,1.0,1.5,Weight Loss,HIIT,1.0,0.0,0.0,0.0,0.0,1.0,1.0
19.6,Female,68.9,1.59,27.19,23.3,210.0,188.3,64.3,0.76,722.8,2.3,3.0,4.0,Weight Loss,HIIT,0.0,0.0,1.0,1.0,1.0,0.0,1.0
19.7,Male,74.6,1.69,26.26,11.9,201.4,153.9,58.0,0.67,391.5,3.7,1.0,2.6,General Fitness,Cardio,0.0,0.0,0.0,0.0,0.0,0.0,1.0
22.0,Male,52.3,1.66,18.98,21.4,190.0,146.0,59.0,0.76,1186.0,2.0,2.0,3.3,Muscle Gain,Strength,1.0,1.0,1.0,0.0,0.0,0.0,1.0
48.0,Male,52.6,1.63,19.8,25.1,182.0,129.0,54.0,2.0,1310.0,3.0,1.0,1.5,Strength,Strength,1.0,1.0,1.0,0.0,0.0,1.0,1.0
41.1,Male,82.6,1.74,27.41,26.1,174.1,148.8,71.2,0.98,557.8,3.2,2.0,3.72,General Fitness,Cardio,0.0,0.0,1.0,1.0,0.0,0.0,1.0
29.7,Male,48.5,1.71,16.63,18.3,197.7,164.8,66.6,1.98,683.8,3.7,3.0,2.85,Weight Loss,Cardio,0.0,1.0,0.0,0.0,0.0,1.0,0.0
29.4,Female,66.5,1.73,22.13,20.2,188.4,110.4,59.6,1.16,253.2,5.2,2.0,2.4,Flexibility,Yoga,0.0,0.0,0.0,0.0,0.0,0.0,1.0
16.0,Female,65.9,1.61,25.44,28.3,205.7,167.7,67.7,1.51,723.5,1.7,1.0,4.01,Weight Loss,Cardio,1.0,0.0,0.0,0.0,1.0,0.0,1.0
57.3,Male,69.0,1.58,27.63,29.9,169.1,160.6,60.6,0.91,690.6,1.9,1.0,3.07,General Fitness,HIIT,0.0,1.0,0.0,0.0,1.0,0.0,1.0
22.2,Male,72.9,1.8,22.5,17.9,191.3,114.9,65.3,1.49,523.9,4.9,2.0,2.6,Muscle Gain,Strength,1.0,0.0,1.0,1.0,1.0,0.0,0.0
47.4,Female,54.6,1.62,20.71,22.4,183.8,128.7,63.2,0.88,387.5,4.9,1.0,2.4,Muscle Gain,Strength,1.0,0.0,1.0,1.0,0.0,0.0,1.0
36.8,Female,66.9,1.67,23.88,23.9,190.0,148.8,77.6,1.57,682.1,4.4,3.0,3.12,Strength,Strength,1.0,1.0,1.0,1.0,0.0,1.0,1.0
44.0,Female,59.4,1.67,21.3,24.8,197.0,164.0,53.0,1.31,676.0,3.0,2.0,2.8,General Fitness,Cardio,0.0,0.0,0.0,0.0,0.0,0.0,1.0
25.7,Female,80.6,1.77,25.87,26.8,198.2,170.3,65.3,1.0,601.2,4.1,3.0,3.32,General Fitness,Cardio,0.0,0.0,0.0,0.0,0.0,0.0,1.0
38.3,Male,82.8,1.86,23.84,17.1,170.9,165.9,64.8,0.84,909.8,3.8,2.0,3.2,Endurance,HIIT,0.0,0.0,1.0,0.0,0.0,1.0,1.0
69.0,Female,66.8,1.53,28.36,26.3,157.1,139.4,74.6,1.84,915.6,4.7,1.0,3.0,General Fitness,Strength,1.0,1.0,1.0,0.0,0.0,0.0,0.0
25.4,Male,75.7,1.77,24.06,19.1,191.1,91.6,60.4,0.68,128.1,3.9,2.0,1.5,Stress Relief,Yoga,0.0,0.0,0.0,0.0,1.0,1.0,1.0
50.1,Male,80.7,1.74,26.65,8.9,168.1,144.3,63.3,1.28,817.7,5.4,3.0,3.4,Weight Loss,Cardio,0.0,0.0,1.0,0.0,1.0,0.0,0.0
22.0,Female,48.9,1.84,14.44,27.0,185.0,164.0,73.0,1.13,820.9,3.0,3.0,1.5,Muscle Gain,Strength,1.0,1.0,1.0,0.0,1.0,1.0,1.0
46.4,Female,56.6,1.54,23.71,13.7,177.8,172.8,68.9,0.58,466.2,2.2,3.0,3.2,Endurance,HIIT,0.0,1.0,0.0,1.0,0.0,0.0,1.0
39.0,Female,62.5,1.74,20.64,24.2,162.0,141.0,58.0,1.27,699.0,3.0,1.0,1.8,Strength,Strength,1.0,1.0,0.0,1.0,0.0,0.0,1.0
23.0,Male,71.2,1.56,29.26,21.8,170.0,140.0,68.0,0.79,1014.0,4.0,1.0,3.5,Muscle Gain,Strength,1.0,1.0,1.0,0.0,0.0,0.0,1.0
27.8,Female,68.4,1.6,26.75,26.1,186.7,157.8,69.7,1.5,731.0,2.5,1.0,3.18,Endurance,Cardio,0.0,0.0,1.0,1.0,0.0,0.0,0.0
30.1,Male,79.4,1.76,25.58,12.8,190.9,142.3,61.0,1.41,989.0,4.7,2.0,3.1,Weight Loss,Cardio,1.0,0.0,0.0,0.0,0.0,0.0,1.0
40.0,Male,123.8,1.68,43.77,42.1,180.8,169.2,61.6,0.66,901.4,3.2,2.0,3.0,Endurance,HIIT,0.0,0.0,0.0,1.0,1.0,0.0,1.0
41.1,Male,47.8,1.58,19.27,15.2,185.4,180.4,58.8,0.9,560.0,3.1,2.0,3.7,Endurance,HIIT,1.0,0.0,1.0,1.0,1.0,0.0,1.0
42.0,Male,45.3,1.53,19.35,21.1,193.0,128.0,74.0,1.05,810.0,2.0,2.0,2.4,Muscle Gain,Strength,1.0,1.0,1.0,0.0,0.0,1.0,0.0
25.7,Male,78.6,1.78,24.91,12.7,203.7,140.6,72.9,1.14,614.9,4.8,2.0,2.4,General Fitness,Strength,1.0,1.0,0.0,1.0,0.0,0.0,1.0
53.9,Male,72.9,1.7,25.09,13.6,160.0,119.6,65.4,1.06,153.5,5.1,1.0,2.7,Flexibility,Yoga,0.0,0.0,0.0,1.0,1.0,0.0,0.0
22.6,Female,76.6,1.67,27.59,19.5,199.8,137.2,59.9,1.71,1287.2,5.0,2.0,3.5,Muscle Gain,Strength,1.0,0.0,1.0,0.0,0.0,0.0,1.0
37.1,Male,68.0,1.69,23.9,22.8,183.4,127.1,67.1,2.05,988.9,3.5,3.0,3.4,General Fitness,Powerlifting,0.0,1.0,1.0,0.0,0.0,0.0,1.0
39.0,Female,72.1,1.52,31.21,28.2,172.0,151.0,65.0,1.09,1093.0,2.0,1.0,2.7,Weight Loss,HIIT,1.0,0.0,0.0,1.0,1.0,0.0,1.0
26.3,Female,49.4,1.61,18.96,21.0,198.9,94.6,57.0,0.92,134.7,2.8,1.0,1.7,General Fitness,Yoga,0.0,0.0,0.0,0.0,1.0,1.0,1.0
38.5,Female,81.6,1.7,28.32,20.2,180.7,115.7,65.8,0.98,416.2,3.2,1.0,2.0,General Fitness,Strength,1.0,1.0,1.0,0.0,1.0,0.0,0.0
39.7,Female,49.5,1.53,21.1,,163.2,144.5,55.1,1.04,321.5,4.4,2.0,3.3,Muscle Gain,Strength,1.0,1.0,1.0,0.0,0.0,0.0,0.0
26.2,Female,70.7,1.57,28.55,21.3,192.7,121.3,67.3,1.4,837.4,3.3,2.0,3.0,Muscle Gain,Strength,1.0,1.0,1.0,0.0,0.0,1.0,0.0
28.3,Male,66.8,1.86,19.38,11.9,194.1,164.9,56.2,1.7,1285.0,4.2,3.0,4.0,Endurance,Cardio,0.0,1.0,1.0,0.0,0.0,0.0,1.0
28.9,Female,66.4,1.68,23.57,16.3,192.9,170.0,60.7,1.08,1296.3,2.6,2.0,3.3,Endurance,HIIT,1.0,0.0,0.0,0.0,0.0,0.0,1.0
18.3,Male,63.6,1.73,21.29,28.6,207.4,160.7,68.3,1.32,522.1,3.0,1.0,2.87,Muscle Gain,Strength,1.0,0.0,0.0,1.0,0.0,1.0,1.0
31.9,Female,84.9,1.69,29.74,27.4,188.0,110.1,63.8,2.38,1006.4,4.7,2.0,3.6,General Fitness,Powerlifting,1.0,1.0,0.0,0.0,0.0,0.0,0.0
21.8,Male,63.3,1.74,21.0,10.8,204.5,149.9,68.1,1.47,883.6,4.5,3.0,3.5,Weight Loss,Cardio,1.0,0.0,1.0,1.0,0.0,0.0,1.0
32.9,Female,77.4,1.65,28.25,24.5,171.2,141.9,49.1,1.62,801.6,4.7,2.0,3.3,Strength,Strength,1.0,0.0,0.0,1.0,0.0,1.0,1.0
47.5,Male,112.1,1.76,36.24,31.6,176.1,117.8,65.7,0.92,363.9,4.5,2.0,3.51,General Fitness,Yoga,1.0,0.0,0.0,0.0,1.0,0.0,1.0
27.9,Male,88.7,1.79,27.77,21.5,203.0,128.2,70.0,2.41,1458.1,3.1,2.0,2.9,Muscle Gain,Powerlifting,0.0,1.0,0.0,0.0,0.0,0.0,1.0
40.2,Female,79.6,1.79,24.98,26.2,177.8,152.2,67.1,1.56,899.3,4.9,3.0,3.22,General Fitness,Cardio,0.0,1.0,0.0,0.0,0.0,0.0,1.0
23.0,Female,51.4,2.0,12.85,31.7,182.0,158.0,65.0,1.07,738.0,4.0,2.0,2.6,Muscle Gain,Strength,1.0,1.0,0.0,1.0,1.0,0.0,1.0
37.5,Male,107.4,1.82,32.58,23.0,177.9,111.8,67.0,2.33,1360.6,3.6,2.0,3.1,Muscle Gain,Powerlifting,1.0,1.0,0.0,1.0,0.0,0.0,0.0
35.0,Male,40.3,1.79,12.58,14.5,183.0,120.0,68.0,1.24,1420.0,5.0,1.0,1.7,Muscle Gain,Strength,1.0,1.0,1.0,0.0,1.0,0.0,0.0
34.1,Female,71.4,1.74,23.71,26.0,190.5,134.8,67.5,0.82,589.2,3.9,2.0,3.2,Muscle Gain,Functional,1.0,0.0,0.0,1.0,1.0,0.0,1.0
35.7,Male,70.4,1.8,21.8,21.6,180.9,157.1,54.9,0.62,484.7,4.1,3.0,2.7,General Fitness,Functional,1.0,0.0,1.0,0.0,0.0,0.0,1.0
53.9,Male,72.6,1.67,25.99,19.1,173.9,103.1,58.9,2.45,691.5,3.5,2.0,2.8,Muscle Gain,Powerlifting,1.0,1.0,1.0,0.0,1.0,1.0,1.0
35.0,Male,73.4,1.57,29.78,32.4,169.0,138.0,67.0,1.14,977.0,4.0,3.0,3.0,Muscle Gain,Strength,1.0,1.0,1.0,0.0,0.0,1.0,0.0
25.9,Female,45.0,1.79,14.08,20.8,188.3,140.2,64.4,1.18,358.4,3.6,3.0,3.51,Strength,Strength,1.0,0.0,1.0,0.0,0.0,1.0,1.0
19.0,Male,129.9,1.82,39.22,20.2,182.0,158.0,70.0,1.44,1155.0,3.0,1.0,3.6,Weight Loss,Cardio,0.0,0.0,0.0,1.0,0.0,0.0,1.0
33.2,Female,72.4,1.61,28.08,22.7,184.3,133.5,63.9,1.91,1297.2,4.4,1.0,3.5,Strength,Strength,1.0,0.0,1.0,0.0,0.0,1.0,1.0
44.9,Female,45.0,1.99,11.38,8.3,173.4,159.5,59.3,0.68,317.6,4.2,3.0,2.84,Endurance,HIIT,0.0,1.0,1.0,0.0,1.0,0.0,1.0
35.3,Female,76.3,1.68,27.08,27.6,194.6,148.5,61.7,0.93,690.5,4.9,2.0,2.8,Athletic Performance,Functional,1.0,1.0,0.0,0.0,1.0,1.0,0.0
25.8,Female,59.0,1.66,21.5,19.7,194.6,117.3,58.5,1.52,503.7,4.6,2.0,2.8,Strength,Strength,1.0,1.0,1.0,0.0,0.0,0.0,0.0
54.7,Male,68.2,1.65,25.14,14.4,163.0,158.0,55.3,0.37,309.1,3.4,3.0,2.9,General Fitness,HIIT,0.0,0.0,0.0,1.0,0.0,0.0,1.0
26.2,Female,75.5,1.65,27.59,23.3,196.9,167.4,52.7,0.95,1222.9,4.1,2.0,3.3,General Fitness,HIIT,0.0,0.0,0.0,1.0,1.0,0.0,1.0
46.0,Female,53.7,1.5,23.87,26.8,177.0,169.0,54.0,1.62,1245.0,4.0,3.0,3.7,Muscle Gain,Strength,1.0,1.0,1.0,1.0,1.0,0.0,0.0
22.9,Female,87.1,1.71,29.76,29.3,200.1,129.9,68.7,2.14,1294.6,3.8,3.0,3.4,Muscle Gain,Powerlifting,0.0,1.0,0.0,0.0,0.0,0.0,0.0
26.5,Female,65.2,1.62,25.0,29.1,188.1,128.9,56.2,1.92,977.1,3.9,3.0,3.0,Muscle Gain,Powerlifting,0.0,1.0,0.0,1.0,0.0,0.0,1.0
65.8,Female,56.2,1.67,20.04,22.8,140.0,135.0,55.8,0.76,534.1,2.6,3.0,,Endurance,HIIT,1.0,0.0,0.0,1.0,0.0,1.0,1.0
20.0,Female,96.2,1.59,38.05,,170.0,142.0,52.0,1.57,1305.0,3.0,1.0,2.8,Strength,Strength,1.0,1.0,1.0,1.0,0.0,1.0,1.0
20.9,Male,60.2,1.73,20.23,14.8,202.7,153.4,55.3,0.75,561.3,5.9,2.0,3.2,Weight Loss,Cardio,0.0,0.0,0.0,0.0,0.0,1.0,1.0
52.0,Male,58.7,1.58,23.51,28.5,169.0,131.0,53.0,1.14,900.0,3.0,2.0,3.3,Endurance,HIIT,1.0,0.0,0.0,0.0,0.0,1.0,1.0
48.1,Male,74.7,1.72,25.22,12.5,175.9,141.5,49.4,1.63,1341.0,3.5,1.0,2.7,General Fitness,Cardio,0.0,0.0,0.0,0.0,0.0,0.0,0.0
23.9,Male,79.3,1.81,24.21,15.2,184.2,179.2,64.9,0.59,690.2,4.5,3.0,3.7,Endurance,HIIT,1.0,0.0,0.0,0.0,1.0,1.0,1.0
18.0,Male,40.0,1.73,13.36,29.9,168.0,121.0,73.0,0.64,1153.0,2.0,3.0,3.1,General Fitness,HIIT,1.0,0.0,0.0,1.0,0.0,0.0,1.0
45.0,Male,64.5,1.65,23.76,17.0,192.2,169.4,46.7,1.0,622.9,5.5,3.0,4.4,Endurance,Cardio,1.0,0.0,0.0,0.0,0.0,0.0,1.0
31.0,Female,48.4,1.81,14.77,23.1,178.0,120.0,71.0,1.45,1004.0,3.0,1.0,1.5,Muscle Gain,Strength,1.0,1.0,1.0,0.0,0.0,0.0,0.0
48.0,Male,119.9,1.73,40.06,18.5,165.0,156.0,66.0,0.99,781.0,3.0,1.0,3.6,Endurance,Cardio,0.0,0.0,0.0,1.0,0.0,0.0,1.0
31.6,Male,81.2,1.72,27.6,12.9,187.1,172.6,53.1,0.52,406.0,5.1,2.0,3.3,Weight Loss,Cardio,0.0,0.0,0.0,0.0,1.0,0.0,1.0
22.4,Male,68.6,1.77,21.91,10.6,186.8,115.5,75.1,1.12,153.3,2.7,2.0,2.6,Flexibility,Yoga,1.0,0.0,0.0,0.0,1.0,1.0,1.0
45.0,Female,68.4,1.57,27.83,18.8,175.2,152.8,61.6,1.66,1570.6,5.5,2.0,3.5,Endurance,Cardio,0.0,0.0,0.0,0.0,0.0,1.0,1.0
62.0,Female,87.9,1.74,29.16,18.7,153.7,125.2,64.9,1.15,754.6,4.0,1.0,2.2,Strength,Strength,1.0,1.0,0.0,0.0,0.0,0.0,1.0
30.8,Male,68.4,1.78,21.57,17.2,187.3,161.8,61.6,0.6,597.9,3.8,1.0,2.6,Weight Loss,Cardio,0.0,0.0,0.0,0.0,1.0,0.0,1.0
60.2,Female,58.1,1.74,19.15,22.1,169.8,141.5,66.9,1.56,694.2,3.6,3.0,2.72,Weight Loss,Cardio,0.0,0.0,1.0,0.0,0.0,0.0,1.0
53.0,Female,82.9,1.6,32.38,17.8,170.0,148.0,55.0,1.93,541.0,3.0,2.0,2.5,Endurance,HIIT,1.0,0.0,1.0,1.0,0.0,1.0,1.0
47.0,Female,79.8,1.73,26.8,17.2,185.5,162.2,65.9,1.03,835.9,4.4,3.0,3.0,Weight Loss,HIIT,1.0,0.0,0.0,1.0,0.0,1.0,1.0
24.2,Female,67.3,1.56,27.73,20.5,205.4,128.9,60.6,0.92,445.2,4.4,2.0,2.5,General Fitness,Strength,1.0,1.0,0.0,0.0,0.0,0.0,1.0
28.0,Female,77.8,1.62,29.64,23.1,164.0,161.0,70.0,1.52,1095.0,5.0,2.0,3.5,Muscle Gain,Strength,1.0,1.0,1.0,1.0,0.0,0.0,1.0
40.0,Female,78.5,1.79,24.42,24.4,169.7,133.8,72.8,0.43,214.4,3.2,2.0,2.48,Strength,Strength,1.0,1.0,0.0,1.0,0.0,0.0,1.0
38.0,Female,71.4,1.72,24.05,23.5,168.4,128.8,56.0,1.11,487.5,3.7,1.0,2.7,Muscle Gain,Functional,1.0,0.0,1.0,1.0,0.0,0.0,0.0
52.8,Male,73.5,1.68,26.01,16.0,161.8,156.8,57.1,1.14,1343.4,3.6,2.0,3.0,Endurance,HIIT,1.0,0.0,0.0,1.0,0.0,0.0,1.0
26.3,Male,64.8,1.84,19.2,10.9,194.4,176.4,51.3,0.58,568.2,3.2,3.0,3.5,Endurance,HIIT,1.0,0.0,0.0,0.0,0.0,1.0,1.0
19.0,Male,97.4,1.75,31.8,27.1,173.0,144.0,56.0,1.27,917.0,4.0,2.0,3.2,Weight Loss,HIIT,0.0,0.0,1.0,1.0,0.0,0.0,1.0
43.0,Male,57.8,1.78,18.24,28.6,197.0,163.0,52.0,1.42,1418.0,2.0,1.0,1.6,Strength,Strength,1.0,1.0,1.0,0.0,1.0,1.0,1.0
27.7,Male,83.1,1.88,23.64,25.6,195.0,161.2,68.2,1.11,698.0,1.8,2.0,2.96,Weight Loss,Cardio,0.0,0.0,0.0,0.0,0.0,0.0,1.0
22.5,Female,69.1,1.54,29.0,31.4,196.5,188.5,72.3,0.73,523.5,2.7,1.0,3.03,Endurance,HIIT,0.0,0.0,0.0,1.0,0.0,0.0,1.0
40.6,Female,72.8,1.62,27.81,32.9,171.6,124.5,69.0,1.16,508.6,3.1,3.0,2.7,Muscle Gain,Powerlifting,1.0,1.0,0.0,0.0,0.0,0.0,0.0
26.3,Female,68.3,1.65,25.11,27.3,202.2,112.5,68.1,1.19,372.6,4.2,2.0,3.2,Muscle Gain,Powerlifting,1.0,1.0,1.0,0.0,0.0,0.0,1.0
46.0,Male,69.0,1.88,19.52,23.4,177.0,120.0,74.0,1.63,1183.0,4.0,2.0,3.6,Muscle Gain,Strength,1.0,1.0,1.0,0.0,0.0,0.0,1.0
29.0,Female,55.8,1.67,20.04,23.8,199.7,161.9,61.4,1.38,737.5,4.3,2.0,,Weight Loss,Cardio,1.0,0.0,0.0,0.0,0.0,0.0,1.0
34.3,Female,61.1,1.63,22.94,24.5,177.8,169.0,67.7,0.67,459.7,3.3,2.0,2.63,Endurance,HIIT,0.0,1.0,1.0,1.0,1.0,0.0,1.0
28.1,Female,72.4,1.55,30.14,25.1,176.2,103.7,69.3,1.86,819.6,4.5,3.0,2.0,Strength,Powerlifting,1.0,1.0,1.0,0.0,0.0,0.0,0.0
51.1,Male,65.0,1.69,22.83,15.7,165.2,138.5,71.9,1.26,819.2,3.7,3.0,2.5,Muscle Gain,Functional,0.0,0.0,1.0,1.0,0.0,1.0,1.0
24.1,Female,67.3,1.59,26.52,29.3,194.6,111.6,80.2,1.72,692.6,3.2,2.0,2.7,Strength,Powerlifting,0.0,1.0,0.0,0.0,0.0,0.0,0.0
47.1,Male,77.5,1.74,25.5,32.0,166.9,123.8,71.5,0.83,245.8,2.8,1.0,2.88,Flexibility,Yoga,0.0,0.0,0.0,0.0,1.0,1.0,1.0
38.1,Male,51.5,1.84,15.22,12.1,185.9,140.5,62.6,1.07,355.0,3.6,2.0,2.64,General Fitness,Strength,1.0,1.0,0.0,0.0,0.0,0.0,0.0
51.0,Female,63.3,1.62,24.07,26.8,175.3,150.4,59.6,1.02,575.4,4.1,2.0,3.0,General Fitness,Functional,1.0,1.0,0.0,1.0,1.0,1.0,1.0
34.2,Female,52.2,1.49,23.44,14.1,182.9,165.4,56.1,0.53,296.6,2.8,3.0,3.0,Endurance,HIIT,0.0,0.0,1.0,0.0,0.0,0.0,1.0
51.0,Male,75.7,1.73,25.29,21.8,163.0,147.0,57.0,1.02,406.0,3.0,3.0,1.5,General Fitness,Strength,1.0,1.0,1.0,0.0,1.0,0.0,1.0
32.7,Female,63.5,1.58,25.41,23.2,194.0,170.1,59.7,1.27,956.5,4.7,1.0,3.3,General Fitness,Cardio,0.0,0.0,0.0,0.0,0.0,1.0,1.0
30.8,Female,65.9,1.56,27.0,25.0,192.7,144.9,58.4,1.16,746.3,3.2,2.0,2.3,Strength,Strength,1.0,1.0,1.0,1.0,1.0,0.0,0.0
29.4,Female,56.3,1.58,22.54,18.3,175.8,134.1,63.4,1.08,451.7,3.9,3.0,3.1,Strength,Strength,1.0,1.0,1.0,0.0,0.0,0.0,0.0
25.0,Female,55.3,1.59,21.84,18.1,189.2,165.3,54.8,0.98,885.0,3.7,2.0,3.6,Endurance,HIIT,0.0,0.0,1.0,1.0,0.0,1.0,1.0
18.0,Male,52.6,1.76,16.98,21.0,175.0,154.0,50.0,1.17,1783.0,3.0,2.0,3.0,Strength,Strength,0.0,1.0,1.0,0.0,0.0,1.0,0.0
20.5,Male,97.7,1.89,27.39,10.3,183.9,178.7,66.7,1.07,1770.8,4.5,3.0,3.8,General Fitness,Cardio,0.0,0.0,0.0,0.0,0.0,0.0,1.0
54.0,Female,74.9,1.69,26.22,14.4,195.0,153.0,62.0,1.1,1389.0,3.0,1.0,3.1,Strength,Strength,1.0,1.0,1.0,0.0,1.0,0.0,1.0
20.0,Male,84.2,1.83,25.06,20.9,210.0,126.2,72.0,1.14,831.0,3.6,1.0,2.6,Muscle Gain,Strength,1.0,1.0,0.0,1.0,0.0,1.0,0.0
30.8,Female,66.2,1.76,21.41,26.5,182.8,130.4,70.2,1.78,1091.1,3.5,2.0,3.3,Muscle Gain,Strength,1.0,1.0,1.0,0.0,0.0,0.0,1.0
36.8,Male,73.6,1.77,23.38,18.1,192.7,101.3,76.6,1.41,350.1,5.4,3.0,3.0,General Fitness,Yoga,0.0,0.0,0.0,0.0,0.0,1.0,1.0
27.6,Male,75.5,1.82,22.7,9.8,197.5,188.1,56.4,1.03,1438.8,4.6,2.0,4.1,General Fitness,HIIT,1.0,0.0,1.0,0.0,0.0,1.0,0.0
35.8,Female,63.4,1.54,26.59,21.2,177.1,172.1,53.3,0.63,488.6,5.0,1.0,3.3,Weight Loss,Cardio,0.0,0.0,0.0,0.0,0.0,0.0,1.0
18.0,Female,65.3,1.76,21.08,28.4,176.0,167.0,58.0,1.21,912.0,2.0,2.0,,General Fitness,Strength,1.0,1.0,1.0,0.0,1.0,1.0,1.0
38.8,Female,68.5,1.61,26.5,21.6,200.7,145.8,54.9,0.55,443.0,4.9,2.0,2.8,Weight Loss,Cardio,0.0,0.0,0.0,0.0,1.0,1.0,1.0
27.9,Male,76.4,1.7,26.49,10.6,190.2,112.9,70.3,1.01,149.7,3.9,2.0,1.5,General Fitness,Yoga,0.0,0.0,0.0,1.0,1.0,1.0,1.0
20.7,Male,46.2,1.74,15.19,22.3,186.4,142.8,62.1,0.72,224.8,1.9,2.0,2.64,Strength,Strength,1.0,1.0,1.0,1.0,0.0,0.0,1.0
21.0,Male,62.2,1.71,21.27,18.5,190.0,142.0,58.0,2.0,1757.0,3.0,2.0,3.1,Strength,Strength,1.0,1.0,1.0,0.0,0.0,0.0,0.0
27.3,Male,74.3,1.74,24.49,10.9,189.3,179.1,51.7,0.68,486.9,4.5,3.0,3.6,General Fitness,Cardio,0.0,0.0,0.0,0.0,0.0,0.0,1.0
27.1,Male,59.3,1.58,23.65,15.8,189.9,118.2,64.7,2.04,835.4,3.9,3.0,2.6,Muscle Gain,Powerlifting,1.0,1.0,1.0,0.0,0.0,0.0,1.0
30.0,Female,57.8,1.89,16.18,25.6,168.0,165.0,67.0,1.38,1099.0,3.0,1.0,1.5,Muscle Gain,Strength,1.0,1.0,1.0,0.0,0.0,0.0,1.0
25.0,Male,57.2,1.82,17.27,26.9,184.0,140.0,74.0,1.15,888.0,4.0,2.0,2.6,Muscle Gain,Strength,1.0,1.0,1.0,0.0,0.0,1.0,1.0
50.0,Male,63.4,1.75,20.61,14.0,178.8,151.3,68.4,0.95,463.3,4.9,2.0,3.9,General Fitness,Functional,1.0,0.0,1.0,1.0,1.0,0.0,1.0
30.0,Female,40.0,1.93,10.74,17.2,180.0,143.0,74.0,1.94,916.0,2.0,1.0,2.3,Muscle Gain,Strength,1.0,1.0,1.0,0.0,0.0,0.0,0.0
36.9,Male,77.0,1.78,24.33,17.5,175.6,131.6,62.2,1.79,832.4,3.3,3.0,2.85,Muscle Gain,Strength,1.0,1.0,1.0,1.0,1.0,0.0,1.0
39.7,Female,51.6,1.62,19.62,16.5,178.1,155.8,67.3,0.55,307.2,3.2,1.0,2.8,Weight Loss,Cardio,0.0,0.0,0.0,0.0,0.0,0.0,1.0
41.4,Female,70.1,1.65,25.86,20.5,174.6,121.7,68.9,0.77,260.3,4.1,2.0,2.0,Muscle Gain,Strength,1.0,0.0,1.0,1.0,0.0,0.0,0.0
55.8,Male,74.6,1.69,26.0,17.1,170.4,142.2,72.0,1.88,968.2,4.9,2.0,4.6,Muscle Gain,Strength,1.0,1.0,1.0,1.0,0.0,0.0,1.0
47.0,Female,50.5,1.59,19.98,23.0,169.2,126.3,70.5,1.41,734.5,4.4,2.0,2.7,General Fitness,Functional,0.0,1.0,0.0,1.0,1.0,1.0,1.0
40.8,Male,92.8,1.8,28.58,17.3,172.5,135.0,50.7,1.41,934.3,5.1,3.0,2.61,Weight Loss,Cardio,0.0,0.0,1.0,0.0,0.0,0.0,1.0
39.4,Male,50.2,1.64,18.71,,170.4,161.7,50.3,0.67,366.1,3.9,3.0,2.85,General Fitness,HIIT,0.0,1.0,0.0,1.0,0.0,1.0,1.0
41.7,Female,76.8,1.66,27.84,22.9,190.6,127.3,59.4,1.26,547.9,4.2,3.0,3.3,General Fitness,Functional,1.0,1.0,0.0,0.0,0.0,1.0,1.0
29.8,Male,55.5,1.74,18.34,14.5,184.3,106.1,82.6,0.97,195.7,4.6,2.0,2.1,Stress Relief,Yoga,0.0,0.0,0.0,1.0,0.0,0.0,1.0
38.7,Male,60.4,1.64,22.51,13.7,176.5,128.4,61.3,1.78,824.8,4.4,2.0,3.5,Strength,Strength,1.0,0.0,1.0,1.0,0.0,1.0,1.0
36.0,Female,90.0,1.69,31.51,20.6,180.0,160.0,72.0,2.0,717.0,4.0,1.0,3.3,Endurance,HIIT,1.0,0.0,0.0,0.0,1.0,1.0,1.0
35.0,Female,81.0,1.78,25.56,10.0,196.0,151.0,67.0,2.0,1246.0,3.0,1.0,3.3,Endurance,HIIT,1.0,1.0,0.0,1.0,0.0,0.0,1.0
51.0,Female,64.3,1.53,27.5,23.5,158.8,153.8,63.5,0.94,651.2,4.6,3.0,2.9,Endurance,Cardio,0.0,1.0,0.0,1.0,0.0,0.0,1.0
38.8,Male,57.7,1.63,21.79,18.9,195.6,111.2,60.7,1.62,595.9,3.6,1.0,2.4,Muscle Gain,Strength,1.0,0.0,1.0,1.0,0.0,1.0,1.0
34.0,Female,44.3,1.76,14.3,25.8,180.0,129.0,58.0,1.85,494.0,4.0,3.0,3.2,Muscle Gain,Strength,1.0,1.0,1.0,1.0,0.0,0.0,1.0
36.1,Female,86.9,1.48,39.65,35.0,181.8,146.1,80.6,1.06,534.6,1.6,1.0,3.22,Muscle Gain,Strength,1.0,1.0,1.0,0.0,0.0,0.0,1.0
18.0,Female,61.1,1.74,20.18,15.6,191.0,159.0,69.0,1.36,1311.0,2.0,2.0,3.4,Weight Loss,HIIT,0.0,0.0,0.0,1.0,1.0,1.0,0.0
38.0,Male,84.5,1.76,27.23,15.9,195.5,171.1,57.8,1.01,878.4,5.0,2.0,3.4,General Fitness,Cardio,0.0,1.0,0.0,0.0,0.0,0.0,1.0
37.3,Female,60.6,1.6,23.79,18.3,165.8,154.4,68.0,0.82,582.1,4.0,3.0,2.7,Muscle Gain,Functional,1.0,1.0,1.0,1.0,1.0,1.0,1.0
27.6,Male,67.7,1.82,20.35,21.4,199.6,145.0,56.0,1.08,816.5,4.1,2.0,2.8,General Fitness,Functional,1.0,0.0,0.0,1.0,1.0,1.0,1.0
21.9,Female,81.0,1.62,31.03,29.1,208.3,108.8,57.7,2.25,1092.2,3.9,2.0,2.6,Strength,Powerlifting,0.0,1.0,0.0,0.0,0.0,0.0,1.0
22.3,Male,68.4,1.87,19.61,15.5,195.2,165.0,53.5,1.07,1313.3,4.7,3.0,4.3,General Fitness,HIIT,1.0,1.0,0.0,1.0,0.0,0.0,1.0
29.5,Female,55.4,1.52,24.0,16.9,206.3,112.2,54.5,0.69,92.8,2.3,1.0,2.1,Flexibility,Yoga,0.0,0.0,0.0,0.0,0.0,1.0,1.0
37.3,Female,72.2,1.68,25.68,,192.1,100.7,65.8,0.88,148.3,3.5,3.0,2.2,Flexibility,Yoga,1.0,0.0,0.0,0.0,1.0,0.0,1.0
18.9,Female,66.5,1.58,26.48,23.4,193.3,143.4,52.9,1.22,678.3,4.2,2.0,3.0,General Fitness,Cardio,0.0,0.0,0.0,0.0,0.0,0.0,1.0
52.0,Female,81.1,1.74,26.79,23.6,184.0,168.0,74.0,1.37,1080.0,5.0,1.0,3.4,Muscle Gain,Strength,1.0,1.0,1.0,0.0,0.0,1.0,0.0
49.0,Male,85.6,1.89,23.86,21.3,170.9,140.2,69.0,1.53,1030.9,1.8,2.0,3.15,General Fitness,Functional,,,,,,,
48.5,Female,67.4,1.56,27.71,17.9,160.5,150.5,63.1,0.95,836.4,2.7,3.0,2.9,Weight Loss,HIIT,0.0,0.0,0.0,1.0,1.0,0.0,1.0
29.5,Male,87.9,1.8,27.06,11.9,186.7,165.4,61.4,1.57,1540.5,3.5,1.0,3.5,Endurance,Cardio,0.0,0.0,0.0,1.0,1.0,0.0,1.0
41.0,Female,72.3,1.66,26.24,25.6,165.0,142.0,74.0,1.4,758.0,4.0,1.0,3.6,General Fitness,Cardio,0.0,0.0,0.0,1.0,0.0,0.0,1.0
39.0,Female,59.0,1.65,21.7,22.7,180.2,155.4,57.9,1.3,792.2,4.9,2.0,3.6,Muscle Gain,Functional,0.0,0.0,0.0,1.0,0.0,1.0,0.0
30.7,Female,68.9,1.64,25.74,21.9,183.4,111.5,66.3,1.37,510.0,3.8,1.0,3.0,Muscle Gain,Strength,1.0,1.0,1.0,0.0,0.0,0.0,1.0
26.7,Female,125.1,1.71,42.82,44.3,200.1,157.1,73.9,1.03,942.0,1.9,1.0,3.71,Muscle Gain,Functional,,,,,,,
47.0,Male,87.3,1.9,24.18,23.7,194.0,164.0,74.0,1.87,1073.0,5.0,2.0,3.5,General Fitness,HIIT,0.0,0.0,0.0,1.0,1.0,0.0,1.0
28.6,Female,69.6,1.63,26.12,18.3,193.7,99.9,68.2,1.06,136.8,4.5,1.0,2.0,Flexibility,Yoga,0.0,0.0,0.0,0.0,0.0,1.0,1.0
28.3,Male,63.4,1.78,20.08,13.3,187.6,103.3,59.3,0.67,127.8,3.2,1.0,2.2,Flexibility,Yoga,0.0,0.0,0.0,0.0,1.0,1.0,1.0
45.7,Male,87.4,1.87,24.99,17.9,174.3,127.2,61.5,0.82,543.9,3.5,3.0,3.1,Strength,Strength,1.0,1.0,1.0,1.0,0.0,0.0,0.0
65.0,Male,61.3,1.67,21.91,13.7,140.0,135.0,69.6,0.57,343.5,3.1,2.0,2.5,Endurance,Cardio,0.0,0.0,0.0,0.0,0.0,0.0,1.0
43.4,Male,60.7,1.77,19.33,16.4,181.0,163.6,66.6,0.92,830.1,4.6,1.0,3.3,Weight Loss,Cardio,0.0,0.0,0.0,1.0,0.0,1.0,1.0
30.3,Female,71.2,1.63,26.73,20.2,188.5,151.6,62.2,0.62,395.5,3.8,2.0,3.3,Athletic Performance,Functional,1.0,0.0,0.0,0.0,1.0,0.0,0.0
23.1,Female,77.9,1.72,26.4,23.7,194.5,151.8,70.4,1.37,686.6,3.7,1.0,3.25,Strength,Strength,0.0,1.0,1.0,0.0,1.0,1.0,1.0
37.9,Male,88.6,1.77,28.25,12.8,186.8,136.8,74.7,1.28,677.6,3.1,3.0,3.5,Muscle Gain,Strength,1.0,1.0,1.0,1.0,1.0,0.0,1.0
38.0,Female,63.6,1.64,23.76,23.4,175.4,127.5,68.0,1.09,687.7,3.8,2.0,3.2,Muscle Gain,Functional,1.0,0.0,1.0,1.0,1.0,1.0,1.0
39.8,Male,59.5,1.69,20.89,18.7,184.5,131.4,62.2,1.47,879.1,3.5,1.0,,General Fitness,Functional,0.0,0.0,1.0,1.0,1.0,0.0,1.0
64.7,Male,82.9,1.73,27.8,12.2,160.7,114.9,69.8,1.22,483.1,3.4,1.0,2.2,Muscle Gain,Strength,1.0,1.0,1.0,1.0,0.0,1.0,0.0
35.3,Male,74.5,1.78,23.51,12.1,188.6,116.4,78.3,1.22,651.9,3.1,3.0,2.7,Strength,Strength,1.0,1.0,1.0,0.0,0.0,0.0,0.0
54.0,Male,95.2,1.76,30.72,13.3,160.1,115.7,60.7,0.95,544.9,4.8,2.0,2.7,Muscle Gain,Strength,1.0,1.0,1.0,0.0,0.0,0.0,1.0
22.3,Female,67.7,1.59,26.6,20.4,195.9,125.8,62.3,1.4,618.0,4.0,1.0,2.9,General Fitness,Functional,0.0,0.0,0.0,0.0,1.0,0.0,1.0
16.0,Male,45.0,1.87,12.83,16.0,202.6,160.5,76.1,1.35,389.7,3.0,1.0,3.02,Muscle Gain,Strength,1.0,1.0,1.0,0.0,0.0,1.0,1.0
28.4,Male,59.5,1.55,24.78,24.7,191.4,106.6,55.7,1.58,434.3,4.5,3.0,2.7,Strength,Powerlifting,0.0,1.0,0.0,1.0,0.0,0.0,1.0
24.9,Male,85.4,1.76,27.54,19.4,196.5,124.5,64.6,1.81,1208.0,4.9,1.0,2.9,Muscle Gain,Strength,1.0,1.0,1.0,0.0,0.0,0.0,0.0
24.0,Male,72.7,2.0,18.18,12.6,190.0,131.0,56.0,1.33,1126.0,2.0,2.0,3.6,Endurance,Cardio,1.0,0.0,0.0,1.0,1.0,0.0,1.0
36.6,Female,72.1,1.67,25.77,21.6,192.0,131.7,64.5,1.24,779.2,4.2,1.0,2.8,General Fitness,Functional,1.0,0.0,1.0,1.0,1.0,0.0,0.0
36.3,Male,61.8,1.86,17.89,20.3,190.9,156.4,66.5,1.65,732.4,2.2,2.0,3.15,Athletic Performance,Strength,,,,,,,
33.1,Female,53.9,1.67,19.36,24.2,198.3,150.2,51.0,0.98,743.2,4.4,2.0,3.0,Weight Loss,HIIT,0.0,0.0,0.0,0.0,1.0,0.0,1.0
36.0,Male,68.2,1.91,18.69,33.1,188.0,131.0,69.0,2.0,1162.0,3.0,3.0,1.5,Muscle Gain,Strength,1.0,1.0,0.0,1.0,0.0,0.0,0.0
18.7,Male,76.0,1.8,23.52,19.1,194.7,130.5,71.7,0.75,454.7,3.0,1.0,2.7,Athletic Performance,Functional,1.0,1.0,0.0,0.0,0.0,1.0,0.0
50.0,Female,69.6,1.9,19.28,26.2,172.0,127.0,74.0,1.37,303.0,3.0,1.0,1.5,Muscle Gain,Strength,1.0,1.0,1.0,0.0,0.0,1.0,1.0
39.3,Female,56.3,1.64,20.99,23.1,179.4,144.1,50.4,0.99,663.4,4.1,1.0,2.2,General Fitness,Cardio,0.0,0.0,0.0,1.0,0.0,0.0,1.0
28.8,Female,78.8,1.73,26.32,16.8,201.2,178.3,63.6,0.72,753.2,3.4,3.0,3.1,Weight Loss,Cardio,0.0,0.0,0.0,0.0,0.0,0.0,1.0
21.0,Male,47.8,1.62,18.21,25.8,173.0,129.0,74.0,1.59,1638.0,3.0,2.0,2.4,Endurance,HIIT,1.0,0.0,0.0,0.0,0.0,1.0,1.0
40.8,Male,97.7,1.86,28.14,22.0,186.0,111.6,62.9,1.11,806.9,4.2,3.0,2.3,Strength,Strength,1.0,1.0,1.0,1.0,1.0,0.0,0.0
53.5,Male,69.3,1.82,20.99,16.8,163.7,125.0,64.1,0.95,463.4,3.0,2.0,2.2,Muscle Gain,Strength,1.0,1.0,1.0,1.0,1.0,0.0,0.0
19.9,Female,59.1,1.7,20.34,20.6,208.1,178.8,64.1,0.77,905.9,3.6,3.0,3.3,Endurance,HIIT,1.0,0.0,0.0,0.0,0.0,0.0,1.0
36.8,Female,82.6,1.66,29.81,26.2,181.2,135.0,58.7,1.58,758.2,4.3,1.0,2.6,Strength,Strength,1.0,1.0,0.0,0.0,0.0,0.0,1.0
26.0,Female,64.3,1.55,26.8,23.2,190.0,123.1,63.6,1.88,723.0,3.1,2.0,3.0,Muscle Gain,Strength,1.0,1.0,1.0,0.0,1.0,1.0,1.0
41.8,Male,59.4,1.73,19.86,18.0,170.1,159.8,66.7,0.44,347.3,3.7,3.0,2.3,Weight Loss,HIIT,0.0,0.0,0.0,1.0,0.0,0.0,1.0
36.4,Male,83.9,1.79,26.3,13.7,175.7,161.5,54.8,0.68,627.9,4.9,2.0,3.3,Weight Loss,HIIT,1.0,0.0,0.0,1.0,0.0,1.0,1.0
33.0,Female,129.9,1.69,45.48,27.5,168.0,152.0,74.0,1.61,810.0,3.0,2.0,3.5,Muscle Gain,Strength,1.0,0.0,1.0,0.0,0.0,0.0,0.0
55.0,Female,129.9,1.89,36.37,15.2,177.0,157.0,66.0,0.81,1154.0,4.0,2.0,2.4,Weight Loss,Cardio,0.0,0.0,0.0,1.0,0.0,0.0,1.0
24.6,Female,65.5,1.56,26.82,22.0,196.0,115.3,78.8,0.93,277.6,4.9,1.0,1.8,Strength,Strength,1.0,1.0,0.0,1.0,0.0,0.0,0.0
38.8,Female,69.8,1.62,26.58,22.8,188.7,92.8,66.4,1.05,213.3,2.5,1.0,2.2,Flexibility,Yoga,0.0,0.0,0.0,0.0,1.0,0.0,1.0
37.4,Male,66.6,1.69,23.44,22.0,186.8,110.5,62.9,1.73,748.8,4.2,3.0,2.7,Strength,Powerlifting,1.0,1.0,0.0,0.0,0.0,0.0,0.0
50.1,Female,67.1,1.77,21.32,24.4,173.2,144.7,59.1,1.23,654.6,3.3,2.0,3.16,Endurance,Cardio,1.0,0.0,0.0,0.0,0.0,1.0,1.0
27.0,Male,65.0,1.74,21.38,16.8,189.0,131.9,65.4,1.14,435.7,4.7,1.0,2.8,Muscle Gain,Functional,1.0,1.0,0.0,0.0,0.0,0.0,1.0
24.9,Male,87.3,1.7,30.07,27.9,194.6,107.8,68.3,2.34,1099.7,4.6,2.0,2.9,Muscle Gain,Powerlifting,1.0,1.0,0.0,0.0,0.0,0.0,0.0
37.0,Female,58.0,1.89,16.24,26.0,182.0,163.0,72.0,1.39,1156.0,5.0,2.0,3.4,Strength,Strength,1.0,1.0,1.0,0.0,0.0,0.0,1.0
52.7,Male,62.2,1.75,20.36,16.8,192.9,187.9,63.2,0.85,810.8,2.3,2.0,3.5,Weight Loss,HIIT,1.0,0.0,1.0,1.0,0.0,0.0,1.0
28.8,Male,49.8,1.58,20.04,15.1,188.4,178.7,65.9,1.42,1094.8,3.4,2.0,3.8,General Fitness,Cardio,0.0,0.0,0.0,0.0,0.0,1.0,1.0
47.0,Male,100.2,1.67,35.93,24.5,196.0,151.0,73.0,1.48,953.0,3.0,2.0,3.2,Strength,Strength,1.0,1.0,1.0,0.0,0.0,1.0,0.0
51.6,Male,70.1,1.81,21.47,8.8,167.9,162.9,49.1,0.99,1120.3,5.9,2.0,4.2,General Fitness,Cardio,0.0,0.0,0.0,0.0,0.0,0.0,1.0
45.6,Female,73.1,1.7,25.2,28.3,178.8,130.3,55.9,1.38,626.3,3.5,2.0,4.22,Strength,Strength,1.0,1.0,1.0,0.0,0.0,0.0,0.0
34.9,Male,76.8,1.71,26.25,21.9,185.6,129.4,61.5,1.67,923.5,3.2,3.0,,Muscle Gain,Powerlifting,0.0,1.0,0.0,0.0,1.0,0.0,0.0
20.0,Male,67.7,1.84,20.0,13.7,193.0,122.0,66.0,1.19,900.0,5.0,2.0,3.4,General Fitness,Cardio,1.0,0.0,0.0,0.0,0.0,0.0,1.0
33.3,Male,76.2,1.73,25.35,20.7,196.6,137.8,70.5,0.79,380.9,4.1,3.0,2.8,Muscle Gain,Functional,1.0,0.0,0.0,1.0,0.0,1.0,1.0
50.2,Female,61.8,1.52,26.71,19.1,183.5,171.4,53.4,0.43,315.6,4.3,2.0,3.2,Weight Loss,HIIT,1.0,0.0,0.0,0.0,0.0,1.0,1.0
28.2,Male,62.1,1.67,22.17,19.3,194.8,152.1,73.3,0.77,525.1,4.1,3.0,2.8,Muscle Gain,Functional,1.0,0.0,1.0,1.0,0.0,1.0,1.0
41.4,Female,89.0,1.91,24.33,25.5,174.3,130.1,67.5,1.08,593.2,3.4,2.0,3.44,Muscle Gain,Strength,1.0,1.0,1.0,0.0,0.0,1.0,1.0
54.0,Male,47.2,1.75,15.41,23.9,160.0,134.0,68.0,1.18,1001.0,4.0,1.0,1.9,Strength,Strength,1.0,1.0,1.0,0.0,0.0,0.0,0.0
47.0,Female,40.0,1.85,11.69,25.2,192.0,139.0,57.0,1.2,697.0,4.0,1.0,3.5,Endurance,Cardio,0.0,0.0,1.0,0.0,0.0,0.0,1.0
32.0,Female,51.2,1.9,14.18,21.6,162.0,160.0,60.0,1.25,988.0,3.0,2.0,2.5,Endurance,Cardio,0.0,0.0,0.0,0.0,0.0,0.0,1.0
51.1,Female,54.9,1.53,23.41,21.2,177.1,151.3,60.3,1.35,842.3,5.7,3.0,2.4,Weight Loss,Cardio,1.0,0.0,0.0,0.0,0.0,0.0,1.0
55.0,Female,60.6,1.68,21.47,24.0,185.0,124.0,70.0,1.35,1447.0,4.0,1.0,2.0,Weight Loss,HIIT,1.0,0.0,1.0,1.0,0.0,1.0,1.0
56.0,Female,45.7,1.96,11.9,11.4,192.0,153.0,71.0,2.0,868.0,4.0,2.0,2.0,Strength,Strength,0.0,1.0,1.0,0.0,0.0,0.0,0.0
32.0,Female,79.0,1.6,30.86,24.3,165.0,149.0,65.0,1.59,1245.0,3.0,2.0,2.2,Muscle Gain,Strength,1.0,0.0,1.0,0.0,0.0,1.0,1.0
19.0,Male,51.4,1.78,16.22,,167.0,154.0,70.0,2.0,1218.0,3.0,2.0,2.1,Muscle Gain,Strength,1.0,1.0,1.0,0.0,0.0,0.0,0.0
52.0,Male,66.6,1.56,27.37,15.4,175.0,152.0,60.0,1.04,1783.0,4.0,2.0,2.7,Strength,Strength,1.0,1.0,0.0,1.0,0.0,0.0,0.0
18.0,Male,74.6,1.88,21.11,18.0,177.0,166.0,53.0,2.0,1010.0,5.0,1.0,2.2,General Fitness,Cardio,0.0,0.0,1.0,1.0,0.0,1.0,1.0
21.2,Male,75.3,1.75,24.47,15.8,194.8,155.3,59.2,0.49,399.8,2.5,2.0,2.8,Endurance,HIIT,1.0,0.0,0.0,0.0,1.0,0.0,1.0
25.7,Female,55.3,1.62,21.17,20.3,181.8,160.5,47.6,1.08,794.6,5.9,3.0,3.2,Weight Loss,Cardio,0.0,0.0,0.0,1.0,1.0,0.0,1.0
27.6,Male,62.7,1.67,22.39,18.5,193.3,148.2,62.3,1.45,1076.7,3.4,3.0,3.5,General Fitness,Functional,0.0,1.0,0.0,1.0,1.0,1.0,1.0
33.7,Female,80.2,1.71,27.58,21.3,189.4,184.4,58.5,0.99,1646.8,4.0,2.0,4.3,Endurance,HIIT,0.0,1.0,0.0,1.0,1.0,1.0,1.0
67.0,Female,63.3,1.58,25.22,20.6,150.1,140.7,57.6,1.45,952.6,3.5,3.0,3.2,Weight Loss,Cardio,0.0,1.0,0.0,0.0,0.0,0.0,1.0
19.4,Male,61.0,1.76,19.64,18.7,203.4,139.2,60.2,1.01,468.9,4.6,3.0,2.5,General Fitness,Functional,1.0,0.0,1.0,1.0,0.0,1.0,0.0
25.1,Male,72.5,1.71,24.77,11.7,201.5,176.2,55.8,0.32,389.7,2.9,2.0,3.3,Endurance,HIIT,0.0,0.0,0.0,1.0,0.0,0.0,0.0
32.6,Male,90.4,1.91,24.88,29.1,186.4,100.2,74.2,1.65,506.8,4.6,3.0,2.2,Muscle Gain,Powerlifting,1.0,1.0,1.0,0.0,0.0,0.0,0.0
16.0,Male,97.8,1.93,26.34,32.4,200.3,165.0,72.0,1.74,1254.1,2.1,1.0,4.09,Weight Loss,Cardio,1.0,0.0,0.0,0.0,1.0,1.0,1.0
35.5,Male,51.6,1.8,15.97,23.1,189.2,153.3,56.5,1.45,538.3,2.8,2.0,3.61,General Fitness,Functional,,,,,,,
25.4,Female,59.7,1.7,20.64,17.9,199.8,153.8,57.4,1.41,967.7,3.3,3.0,3.7,Endurance,Cardio,0.0,0.0,1.0,0.0,0.0,0.0,1.0
34.3,Female,72.1,1.68,25.65,27.4,187.2,120.9,60.5,1.91,638.7,3.0,3.0,4.1,Strength,Powerlifting,0.0,1.0,0.0,0.0,1.0,0.0,1.0
20.3,Male,90.2,1.71,30.67,25.5,204.1,130.9,67.9,2.32,1195.0,3.9,2.0,4.3,Muscle Gain,Powerlifting,1.0,1.0,1.0,1.0,0.0,0.0,0.0
39.9,Male,79.0,1.87,22.6,19.0,186.0,123.4,53.0,1.79,888.4,3.3,3.0,3.5,General Fitness,Strength,1.0,1.0,1.0,0.0,0.0,0.0,1.0
37.6,Male,93.8,1.79,29.42,17.1,184.1,132.1,62.5,1.54,1250.2,3.6,3.0,3.0,Strength,Powerlifting,1.0,1.0,0.0,0.0,1.0,1.0,1.0
49.5,Male,85.9,1.82,25.92,17.6,175.1,144.0,58.3,1.71,1053.9,4.9,1.0,3.6,Muscle Gain,Strength,1.0,1.0,1.0,1.0,0.0,0.0,1.0
66.6,Female,60.7,1.5,26.81,23.9,164.1,118.1,48.2,2.28,862.3,3.4,2.0,3.0,Muscle Gain,Powerlifting,1.0,0.0,0.0,0.0,1.0,0.0,1.0
25.0,Male,54.2,1.67,19.36,11.8,190.3,163.4,65.6,0.65,578.1,3.1,3.0,2.7,Endurance,HIIT,0.0,0.0,0.0,1.0,0.0,1.0,1.0
19.9,Male,73.5,1.67,26.43,15.9,204.5,113.4,56.2,1.76,988.6,3.1,2.0,2.5,Muscle Gain,Strength,1.0,1.0,0.0,1.0,1.0,0.0,1.0
18.6,Male,82.2,1.78,25.85,20.9,192.7,137.9,56.4,1.52,856.7,3.9,2.0,2.4,Strength,Strength,1.0,1.0,0.0,0.0,0.0,1.0,0.0
38.0,Female,89.3,1.58,35.77,24.0,184.0,135.0,58.0,1.58,995.0,4.0,3.0,2.9,Weight Loss,HIIT,0.0,1.0,1.0,1.0,1.0,0.0,1.0
16.0,Female,45.4,1.89,12.66,17.1,198.2,186.4,75.0,1.07,546.6,5.1,3.0,3.23,Endurance,HIIT,1.0,1.0,0.0,1.0,1.0,0.0,1.0
47.0,Female,108.3,1.67,38.83,27.6,176.0,169.0,69.0,1.07,1204.0,2.0,2.0,3.7,Muscle Gain,Strength,1.0,1.0,1.0,0.0,1.0,0.0,1.0
41.4,Female,66.5,1.55,27.65,19.2,190.0,138.1,65.8,1.07,607.5,4.5,1.0,2.8,Muscle Gain,Strength,1.0,1.0,1.0,1.0,1.0,0.0,1.0
54.0,Male,84.0,1.94,22.32,30.7,178.0,133.0,53.0,1.47,942.0,4.0,1.0,1.5,Muscle Gain,Strength,1.0,1.0,0.0,0.0,0.0,0.0,1.0
46.7,Female,90.9,1.52,39.11,31.4,174.3,143.4,70.8,2.05,1410.1,2.5,2.0,4.25,Endurance,Cardio,0.0,1.0,1.0,1.0,0.0,0.0,1.0
57.7,Female,43.8,1.47,20.21,14.1,160.6,155.6,52.5,1.18,506.9,2.7,3.0,3.1,Endurance,HIIT,0.0,0.0,1.0,1.0,1.0,1.0,0.0
43.9,Male,67.9,1.71,23.18,11.5,174.4,169.4,65.2,0.61,647.1,3.6,2.0,3.0,General Fitness,HIIT,1.0,0.0,0.0,1.0,1.0,1.0,1.0
19.6,Female,62.5,1.56,25.78,16.4,208.0,140.0,48.7,0.6,373.7,5.9,3.0,2.3,General Fitness,Cardio,1.0,0.0,0.0,0.0,0.0,0.0,1.0
27.0,Male,75.4,1.58,30.2,16.9,192.0,169.0,63.0,1.3,1386.0,3.0,1.0,3.6,Strength,Strength,0.0,1.0,0.0,1.0,0.0,0.0,0.0
48.0,Male,45.0,1.7,15.53,22.3,175.4,136.1,70.5,1.11,322.8,2.3,1.0,3.07,Muscle Gain,Strength,1.0,1.0,0.0,0.0,1.0,0.0,0.0
57.2,Female,57.5,1.62,21.98,23.8,161.4,115.7,61.8,1.15,283.2,5.0,1.0,2.4,Stress Relief,Yoga,0.0,0.0,0.0,0.0,0.0,1.0,1.0
18.4,Male,71.1,1.77,22.63,19.9,204.9,135.4,70.3,1.67,714.9,3.5,3.0,3.1,Muscle Gain,Strength,1.0,1.0,1.0,1.0,1.0,1.0,1.0
18.0,Male,47.8,1.85,13.97,30.8,161.0,156.0,50.0,1.02,1265.0,5.0,1.0,3.2,Strength,Strength,1.0,1.0,1.0,0.0,0.0,1.0,1.0
57.0,Male,70.4,1.72,23.8,29.9,181.0,161.0,57.0,1.3,983.0,3.0,2.0,3.6,Muscle Gain,Strength,0.0,1.0,1.0,1.0,0.0,1.0,1.0
27.4,Female,76.2,1.68,26.9,,201.3,125.3,63.1,1.21,680.3,3.4,2.0,3.8,Strength,Strength,1.0,1.0,1.0,0.0,0.0,0.0,0.0
31.0,Female,47.4,1.73,15.84,28.8,178.0,150.0,57.0,1.64,962.0,4.0,3.0,2.0,Weight Loss,Cardio,0.0,0.0,0.0,0.0,0.0,0.0,1.0
26.1,Male,67.3,1.8,20.86,14.5,196.7,156.8,62.2,0.61,356.7,4.7,1.0,3.3,Muscle Gain,Functional,1.0,0.0,0.0,1.0,0.0,1.0,1.0
27.0,Male,44.1,1.56,18.12,10.0,169.0,120.5,72.0,1.34,1124.0,2.0,1.0,3.1,Strength,Strength,1.0,1.0,1.0,0.0,0.0,0.0,1.0
53.0,Female,46.8,1.69,16.39,27.6,163.0,169.0,56.0,1.32,1017.0,4.0,2.0,2.4,Weight Loss,HIIT,0.0,0.0,1.0,1.0,0.0,0.0,1.0
30.6,Male,77.7,1.92,21.09,8.7,183.4,140.1,53.3,1.3,883.2,5.3,1.0,3.4,Endurance,Cardio,0.0,0.0,0.0,0.0,0.0,0.0,1.0
50.0,Female,99.4,1.7,34.39,30.5,181.0,120.0,58.0,0.88,694.0,3.0,2.0,1.5,Muscle Gain,Strength,1.0,1.0,0.0,0.0,1.0,1.0,0.0
33.3,Male,98.0,1.84,29.02,15.5,200.9,114.5,53.4,1.55,1129.7,3.1,2.0,2.5,Muscle Gain,Strength,0.0,1.0,1.0,0.0,1.0,0.0,1.0
23.9,Female,46.4,1.52,20.03,,198.4,126.4,64.0,1.04,438.2,4.8,3.0,3.1,General Fitness,Functional,1.0,0.0,1.0,1.0,1.0,1.0,1.0
62.0,Male,73.0,1.74,24.12,17.4,162.9,144.1,64.4,2.0,1538.3,3.9,2.0,3.6,Muscle Gain,Strength,1.0,1.0,1.0,0.0,0.0,0.0,0.0
32.9,Female,67.4,1.7,23.32,24.2,183.8,127.9,74.9,1.83,964.4,4.2,1.0,2.4,Muscle Gain,Strength,0.0,1.0,0.0,0.0,0.0,0.0,1.0
43.0,Male,76.3,1.66,27.69,25.7,188.0,164.0,58.0,0.84,606.0,3.0,1.0,1.8,Muscle Gain,Strength,1.0,1.0,1.0,1.0,0.0,0.0,1.0
28.6,Male,55.5,1.7,19.27,15.4,195.3,177.0,58.5,1.08,954.9,5.0,3.0,3.9,Weight Loss,HIIT,0.0,0.0,0.0,0.0,0.0,0.0,1.0
34.4,Male,97.6,1.81,29.96,28.1,191.1,153.6,62.0,1.46,859.5,3.0,2.0,3.19,Muscle Gain,Strength,1.0,1.0,1.0,1.0,0.0,1.0,0.0
56.0,Female,70.8,1.67,25.37,25.0,162.0,157.0,70.9,1.33,1116.2,3.2,1.0,3.4,General Fitness,Functional,1.0,0.0,1.0,1.0,0.0,0.0,0.0
55.7,Female,58.2,1.59,23.14,20.8,159.8,154.8,58.6,0.57,280.4,5.3,2.0,2.4,Weight Loss,Cardio,0.0,0.0,0.0,1.0,0.0,0.0,1.0
32.6,Female,75.7,1.71,25.96,24.2,179.2,130.4,75.2,1.75,839.5,4.5,3.0,3.1,General Fitness,Powerlifting,1.0,1.0,0.0,0.0,0.0,0.0,0.0
33.6,Male,84.9,1.85,24.7,21.5,187.1,151.8,58.9,1.2,971.1,3.6,2.0,3.3,Athletic Performance,Functional,1.0,1.0,1.0,1.0,0.0,1.0,1.0
20.0,Male,79.9,1.78,25.26,20.3,204.1,115.6,63.5,1.62,866.7,4.3,3.0,2.4,General Fitness,Powerlifting,1.0,1.0,0.0,0.0,0.0,0.0,1.0
38.3,Male,91.6,1.87,26.23,23.2,187.3,157.0,69.6,1.79,1220.7,3.7,2.0,4.16,General Fitness,Cardio,0.0,0.0,0.0,0.0,1.0,0.0,1.0
26.8,Female,57.9,1.68,20.44,26.8,196.5,154.4,68.4,1.49,995.8,4.3,3.0,2.8,Athletic Performance,Functional,1.0,0.0,1.0,0.0,1.0,1.0,0.0
38.6,Female,67.4,1.67,24.23,23.9,186.5,174.3,45.0,0.63,592.8,4.0,2.0,3.7,General Fitness,HIIT,0.0,0.0,0.0,1.0,1.0,0.0,1.0
23.6,Female,67.2,1.74,22.07,21.9,200.5,117.5,70.7,0.6,141.0,3.0,1.0,1.7,General Fitness,Yoga,0.0,0.0,0.0,1.0,1.0,1.0,1.0
16.0,Female,59.3,1.8,18.33,15.2,203.5,122.8,56.7,1.2,254.2,4.7,3.0,3.38,General Fitness,Yoga,0.0,0.0,0.0,0.0,1.0,1.0,1.0
26.0,Male,74.6,1.79,23.29,17.3,199.0,133.7,67.5,0.88,545.2,3.0,1.0,2.3,General Fitness,Strength,1.0,0.0,1.0,0.0,1.0,0.0,1.0
33.4,Female,54.8,1.63,20.61,25.0,193.6,138.9,63.2,1.07,542.5,4.9,3.0,2.5,General Fitness,Functional,1.0,0.0,1.0,0.0,1.0,1.0,1.0
41.1,Female,82.7,1.67,29.84,28.0,175.3,105.2,65.9,1.48,437.0,3.9,2.0,3.0,General Fitness,Powerlifting,1.0,1.0,0.0,0.0,0.0,0.0,0.0
44.0,Female,46.5,1.81,14.19,11.9,191.0,142.0,74.0,1.46,1238.0,2.0,2.0,3.7,Weight Loss,Cardio,0.0,0.0,0.0,0.0,0.0,0.0,1.0
41.8,Female,68.2,1.75,22.21,21.6,171.5,131.6,57.7,1.49,665.9,5.6,3.0,,Strength,Strength,1.0,1.0,1.0,0.0,1.0,0.0,1.0
31.1,Male,64.9,1.7,22.49,17.0,200.8,116.6,65.3,0.82,385.4,3.5,2.0,2.7,Muscle Gain,Strength,1.0,1.0,0.0,1.0,1.0,1.0,0.0
28.4,Female,83.2,1.78,26.23,25.6,185.1,139.4,64.0,1.71,922.0,3.9,3.0,3.45,Strength,Strength,1.0,1.0,1.0,0.0,0.0,0.0,1.0
38.7,Male,71.7,1.86,20.68,17.6,189.5,93.0,66.9,0.63,92.0,3.4,2.0,2.2,General Fitness,Yoga,0.0,0.0,1.0,0.0,0.0,0.0,1.0
48.6,Female,75.9,1.67,27.27,28.2,169.5,120.4,55.9,2.05,632.8,3.2,2.0,3.9,Strength,Powerlifting,1.0,1.0,0.0,0.0,0.0,0.0,1.0
53.6,Male,77.3,1.78,24.34,12.3,164.5,158.1,76.5,0.73,727.9,4.6,3.0,3.3,General Fitness,Functional,1.0,1.0,1.0,1.0,0.0,1.0,1.0
64.4,Male,64.8,1.71,22.24,13.8,146.6,141.6,51.4,1.31,656.2,4.4,2.0,2.9,General Fitness,Functional,1.0,0.0,0.0,1.0,1.0,1.0,1.0
48.6,Male,79.6,1.72,27.03,12.7,167.9,147.6,67.5,0.8,762.2,3.9,3.0,2.0,Muscle Gain,Functional,0.0,1.0,0.0,1.0,0.0,1.0,1.0
29.6,Male,98.6,1.91,26.94,23.6,185.3,120.7,52.5,1.7,1253.9,4.5,2.0,3.1,Muscle Gain,Powerlifting,0.0,1.0,1.0,0.0,1.0,0.0,1.0
33.5,Male,72.5,1.78,22.93,12.8,178.5,123.8,58.0,1.98,883.5,3.4,3.0,3.5,Strength,Strength,1.0,1.0,0.0,0.0,1.0,1.0,1.0
19.8,Female,72.6,1.63,27.42,13.5,197.9,145.8,57.8,1.45,838.5,3.2,1.0,3.0,Endurance,Cardio,0.0,0.0,0.0,0.0,0.0,0.0,1.0
39.5,Female,55.8,1.83,16.74,21.4,185.8,120.2,59.2,0.96,188.9,4.1,2.0,2.75,Stress Relief,Yoga,1.0,0.0,0.0,0.0,1.0,1.0,1.0
39.0,Female,69.9,1.85,20.42,27.7,164.0,147.0,50.0,1.3,1562.0,3.0,3.0,3.7,Muscle Gain,Strength,1.0,1.0,1.0,0.0,1.0,1.0,0.0
28.9,Female,61.7,1.64,22.92,19.1,188.9,162.9,64.9,1.2,849.2,4.4,2.0,3.7,Weight Loss,HIIT,1.0,0.0,0.0,1.0,1.0,1.0,1.0
32.1,Male,77.7,1.67,27.75,29.9,187.8,164.3,65.7,2.01,1163.0,2.3,2.0,4.13,Endurance,Cardio,1.0,0.0,0.0,0.0,0.0,0.0,1.0
37.3,Male,81.4,1.73,27.07,12.0,191.1,136.4,62.0,0.88,407.5,3.6,3.0,2.1,Muscle Gain,Strength,1.0,1.0,1.0,0.0,0.0,0.0,1.0
33.4,Male,78.8,1.72,26.75,8.0,180.0,171.7,73.8,1.08,1302.2,3.6,1.0,3.9,Endurance,Cardio,0.0,0.0,0.0,0.0,0.0,0.0,1.0
23.9,Male,89.6,1.82,26.95,19.1,195.1,112.3,51.2,1.08,640.7,4.4,2.0,2.5,Strength,Strength,1.0,1.0,1.0,0.0,1.0,1.0,1.0
33.9,Female,73.9,1.94,19.58,19.4,179.5,147.8,76.5,1.12,601.1,5.3,3.0,3.34,Endurance,Cardio,0.0,0.0,0.0,0.0,0.0,1.0,1.0
59.6,Female,58.8,1.62,22.45,25.8,162.0,121.4,62.1,0.77,229.7,3.6,2.0,2.4,Muscle Gain,Strength,1.0,0.0,1.0,0.0,1.0,1.0,0.0
36.9,Female,62.8,1.59,24.93,20.5,192.9,153.6,77.5,1.39,1130.1,3.1,2.0,3.7,Muscle Gain,Functional,1.0,0.0,1.0,1.0,1.0,0.0,1.0
42.7,Female,76.9,1.74,25.45,15.8,159.7,154.7,47.6,0.38,456.0,2.1,3.0,3.4,Weight Loss,HIIT,0.0,0.0,0.0,0.0,1.0,0.0,1.0
42.3,Female,51.6,1.59,20.52,18.7,170.9,128.0,53.6,0.68,237.6,3.0,2.0,2.5,General Fitness,Functional,1.0,1.0,1.0,1.0,1.0,1.0,1.0
44.5,Female,86.3,1.69,30.35,31.1,180.8,152.7,71.2,1.59,1046.7,1.4,1.0,3.02,Endurance,Cardio,0.0,1.0,0.0,0.0,0.0,0.0,1.0
54.0,Female,41.4,1.6,16.17,10.0,163.0,169.0,71.0,1.62,1385.0,5.0,3.0,1.6,Muscle Gain,Strength,1.0,1.0,1.0,0.0,0.0,0.0,0.0
19.1,Male,74.1,1.67,26.67,18.7,201.5,167.5,52.4,1.27,940.5,5.0,3.0,4.0,Endurance,Cardio,0.0,0.0,0.0,0.0,0.0,0.0,1.0
50.2,Male,62.3,1.71,21.41,25.4,174.0,100.1,73.9,2.33,564.1,4.0,3.0,2.7,General Fitness,Powerlifting,1.0,1.0,0.0,0.0,1.0,0.0,0.0
22.4,Male,70.6,1.66,25.55,17.4,199.0,168.8,49.5,1.71,1522.9,5.4,2.0,3.0,Endurance,Cardio,0.0,0.0,0.0,1.0,0.0,0.0,1.0
53.0,Male,73.4,1.72,24.79,13.5,170.6,141.7,53.2,1.33,801.2,4.4,3.0,3.0,Weight Loss,Cardio,1.0,1.0,0.0,1.0,0.0,0.0,1.0
32.2,Male,85.5,1.83,25.61,17.2,189.5,92.2,67.1,0.88,163.9,5.8,2.0,1.8,Stress Relief,Yoga,0.0,0.0,0.0,0.0,0.0,1.0,1.0
63.6,Female,66.1,1.53,28.23,26.1,148.9,136.2,64.2,1.3,472.1,4.3,2.0,2.5,Muscle Gain,Strength,1.0,1.0,0.0,0.0,1.0,0.0,1.0
18.0,Female,83.3,1.59,32.95,25.7,165.0,169.0,72.0,1.19,997.0,3.0,1.0,3.3,Strength,Strength,1.0,1.0,1.0,1.0,1.0,0.0,1.0
37.4,Male,54.8,1.69,19.1,11.5,172.3,102.9,82.1,1.04,94.3,4.5,2.0,2.6,Flexibility,Yoga,0.0,0.0,0.0,0.0,1.0,1.0,0.0
57.7,Male,75.6,1.73,25.36,23.2,151.4,115.9,58.8,2.22,661.5,4.5,3.0,3.5,Muscle Gain,Powerlifting,0.0,1.0,1.0,0.0,0.0,0.0,0.0
37.3,Female,90.6,1.73,30.42,28.4,197.9,157.8,59.1,1.55,906.8,4.0,2.0,3.04,Muscle Gain,Strength,1.0,1.0,1.0,0.0,0.0,1.0,0.0
22.1,Male,81.8,1.8,25.38,16.2,203.5,189.0,68.4,0.63,1041.5,3.7,2.0,4.4,Weight Loss,HIIT,1.0,1.0,0.0,0.0,1.0,1.0,1.0
29.0,Male,78.8,1.72,26.48,23.7,203.7,133.2,59.4,1.24,506.3,4.2,2.0,2.6,Strength,Powerlifting,1.0,1.0,0.0,1.0,1.0,0.0,1.0
32.8,Female,62.4,1.66,22.57,19.3,183.2,120.3,72.2,1.02,482.1,3.4,1.0,3.0,Muscle Gain,Strength,1.0,1.0,1.0,1.0,0.0,1.0,1.0
40.0,Male,78.0,1.8,23.95,16.1,184.8,150.0,52.3,0.89,500.6,5.0,2.0,3.0,Weight Loss,Cardio,0.0,0.0,0.0,0.0,0.0,0.0,1.0
18.9,Female,54.5,1.57,22.1,27.5,189.4,126.6,58.8,1.61,583.9,4.1,2.0,2.4,Strength,Powerlifting,1.0,1.0,0.0,0.0,0.0,0.0,0.0
46.0,Male,65.7,1.75,21.45,10.0,192.0,135.0,59.0,1.31,881.0,2.0,1.0,2.7,Muscle Gain,Strength,1.0,1.0,1.0,1.0,0.0,0.0,0.0
43.0,Male,40.0,1.95,10.52,26.4,162.0,138.0,58.0,2.0,918.0,4.0,2.0,1.8,Strength,Strength,1.0,1.0,1.0,1.0,0.0,1.0,1.0
24.8,Male,79.2,1.75,25.75,18.4,190.4,129.7,58.7,1.44,740.9,4.7,3.0,3.3,Strength,Strength,1.0,1.0,1.0,0.0,0.0,0.0,0.0
37.8,Male,64.0,1.65,23.44,19.2,172.8,140.6,59.0,1.62,724.3,3.9,3.0,3.88,General Fitness,Functional,,,,,,,
18.8,Male,68.8,1.71,23.41,21.2,210.0,124.3,72.0,2.23,1037.6,4.7,2.0,3.1,Muscle Gain,Powerlifting,0.0,1.0,0.0,0.0,0.0,0.0,1.0
18.5,Male,91.1,1.84,26.87,18.1,210.0,140.4,66.6,1.22,1216.3,3.2,1.0,3.1,Athletic Performance,Functional,1.0,0.0,0.0,1.0,0.0,1.0,1.0
28.8,Female,73.1,1.61,28.2,28.2,196.9,134.6,71.4,2.4,1571.0,3.0,2.0,3.3,Strength,Powerlifting,1.0,1.0,1.0,0.0,1.0,0.0,0.0
24.7,Male,78.8,1.66,28.67,19.9,202.7,116.9,69.4,1.54,916.7,4.3,1.0,2.0,Strength,Strength,1.0,0.0,1.0,0.0,0.0,1.0,1.0
43.1,Female,66.3,1.72,22.31,14.5,169.2,164.2,56.6,1.36,1454.4,3.7,1.0,4.0,Weight Loss,Cardio,0.0,0.0,0.0,0.0,0.0,0.0,1.0
33.0,Male,78.7,1.61,30.36,24.5,193.0,137.0,55.0,0.93,1668.0,3.0,2.0,2.3,Muscle Gain,Strength,1.0,1.0,0.0,0.0,1.0,1.0,1.0
37.1,Female,50.8,1.58,20.43,24.6,185.4,138.7,69.5,0.93,321.8,3.7,2.0,3.2,General Fitness,Functional,0.0,0.0,0.0,1.0,1.0,1.0,1.0
32.6,Male,70.1,1.58,27.99,25.4,185.6,135.3,56.7,1.31,515.1,1.8,2.0,3.35,General Fitness,Strength,1.0,1.0,1.0,0.0,0.0,1.0,1.0
27.8,Female,52.2,1.54,22.05,14.1,195.3,129.1,63.2,0.95,185.4,3.8,2.0,2.95,Stress Relief,Yoga,0.0,0.0,0.0,1.0,0.0,0.0,1.0
34.5,Female,77.7,1.98,19.91,20.9,188.2,153.5,76.8,1.55,764.5,2.0,1.0,3.46,Muscle Gain,Strength,1.0,0.0,1.0,1.0,0.0,0.0,0.0
33.0,Female,63.0,1.63,23.58,20.2,179.3,143.5,58.0,1.45,881.5,4.8,3.0,3.1,Athletic Performance,Functional,1.0,1.0,1.0,0.0,1.0,0.0,1.0
38.8,Female,60.8,1.77,19.34,15.5,171.5,159.1,50.8,1.13,634.1,3.4,2.0,3.4,Endurance,Cardio,0.0,0.0,0.0,0.0,1.0,0.0,1.0
52.3,Male,76.4,1.73,25.66,13.3,164.6,147.5,57.7,0.56,441.4,4.6,2.0,2.3,Endurance,Cardio,0.0,0.0,0.0,0.0,0.0,0.0,1.0
26.8,Male,63.2,1.6,24.75,14.1,191.7,126.3,60.1,1.58,685.8,4.4,3.0,2.8,Strength,Strength,1.0,1.0,1.0,1.0,0.0,1.0,0.0
22.5,Female,82.5,1.6,32.24,26.4,199.7,182.9,62.5,0.76,625.8,3.5,3.0,3.25,General Fitness,HIIT,1.0,0.0,0.0,0.0,1.0,1.0,0.0
25.4,Male,68.9,1.75,22.37,15.9,180.7,152.6,68.0,0.8,411.6,3.4,2.0,2.5,Athletic Performance,Functional,0.0,0.0,0.0,1.0,1.0,1.0,1.0
18.0,Male,54.6,1.66,19.81,34.7,189.0,142.0,64.0,1.19,523.0,2.0,1.0,2.6,General Fitness,HIIT,0.0,0.0,0.0,1.0,1.0,1.0,1.0
31.1,Male,79.3,1.69,27.8,16.0,184.0,176.6,49.6,1.78,1690.8,5.9,3.0,3.6,General Fitness,Cardio,0.0,0.0,0.0,0.0,0.0,0.0,1.0
18.3,Female,47.5,1.58,19.11,15.9,205.5,98.1,57.1,1.14,170.2,5.7,2.0,1.6,Flexibility,Yoga,0.0,0.0,0.0,0.0,1.0,0.0,1.0
40.7,Male,104.3,1.75,33.9,32.5,185.3,174.3,71.5,0.98,1114.9,3.8,2.0,3.25,Weight Loss,HIIT,0.0,0.0,1.0,1.0,1.0,0.0,1.0
28.0,Female,93.2,1.71,31.87,27.2,176.0,149.0,60.0,1.4,1348.0,3.0,2.0,2.1,Weight Loss,HIIT,1.0,0.0,0.0,1.0,1.0,0.0,1.0
31.8,Male,57.8,1.7,19.91,10.6,173.7,141.8,45.5,1.6,911.7,5.9,3.0,2.4,Weight Loss,Cardio,1.0,0.0,0.0,0.0,0.0,1.0,1.0
53.2,Female,75.9,1.8,23.43,18.3,181.8,168.7,60.9,0.73,689.2,2.9,2.0,3.2,Endurance,HIIT,0.0,0.0,0.0,1.0,1.0,1.0,0.0
58.3,Female,74.8,1.8,23.2,27.1,151.8,131.8,78.4,2.23,1148.0,2.3,1.0,4.42,Endurance,Cardio,0.0,0.0,1.0,0.0,0.0,0.0,1.0
27.1,Female,66.7,1.7,23.04,26.4,191.2,147.0,66.7,0.7,329.1,3.8,1.0,3.1,General Fitness,Functional,0.0,1.0,0.0,1.0,1.0,0.0,1.0
22.7,Male,68.4,1.76,22.07,13.4,206.1,128.1,65.7,0.76,385.4,3.7,1.0,2.0,General Fitness,Functional,0.0,0.0,0.0,1.0,1.0,0.0,1.0
39.1,Female,85.3,1.65,31.52,22.7,190.7,114.5,65.2,1.04,497.5,3.3,3.0,2.0,Strength,Powerlifting,0.0,1.0,0.0,0.0,0.0,0.0,0.0
18.7,Female,47.4,1.56,19.43,15.9,196.1,164.6,56.8,1.08,644.1,4.5,2.0,3.8,Endurance,HIIT,0.0,1.0,1.0,1.0,0.0,0.0,1.0
68.9,Female,84.6,1.66,30.88,33.8,152.2,115.1,64.7,1.51,625.3,4.8,3.0,2.2,Strength,Powerlifting,1.0,1.0,0.0,0.0,0.0,0.0,0.0
36.9,Female,54.5,1.67,19.5,21.7,195.6,148.1,62.2,1.43,840.0,3.8,1.0,2.9,Athletic Performance,Functional,0.0,0.0,0.0,1.0,1.0,1.0,1.0
32.0,Male,63.3,1.78,20.06,11.2,195.0,189.2,72.6,0.75,621.3,4.5,3.0,3.0,General Fitness,HIIT,0.0,0.0,0.0,1.0,0.0,1.0,1.0
24.8,Female,55.6,1.55,23.0,21.4,194.9,143.2,56.4,1.17,535.6,4.4,1.0,3.3,Athletic Performance,Functional,1.0,0.0,0.0,0.0,0.0,0.0,1.0
31.0,Female,51.0,1.56,20.96,28.6,193.0,140.0,64.0,1.41,1347.0,2.0,2.0,3.5,General Fitness,Cardio,0.0,0.0,0.0,0.0,1.0,0.0,1.0
25.3,Male,88.4,1.83,26.3,20.0,194.1,121.7,68.5,1.49,1045.0,3.2,3.0,3.0,Muscle Gain,Strength,0.0,0.0,1.0,1.0,1.0,0.0,1.0
33.9,Male,79.0,1.77,25.11,16.0,184.8,141.1,63.1,0.7,499.2,4.3,3.0,2.8,General Fitness,Functional,0.0,1.0,0.0,1.0,1.0,1.0,0.0
54.8,Female,62.2,1.62,23.57,25.4,168.8,115.2,70.7,1.22,430.7,4.7,1.0,2.6,Muscle Gain,Strength,1.0,1.0,1.0,1.0,0.0,1.0,0.0
25.5,Male,69.9,1.75,22.86,18.5,205.3,124.8,62.6,1.39,591.4,5.0,2.0,2.8,Strength,Strength,1.0,1.0,1.0,0.0,0.0,1.0,1.0
27.5,Female,74.5,1.65,27.42,14.9,190.8,146.5,55.3,1.56,1301.2,5.3,1.0,3.2,Weight Loss,Cardio,0.0,0.0,1.0,0.0,0.0,0.0,1.0
45.8,Female,74.3,1.64,27.67,23.0,164.8,135.0,60.4,2.28,845.9,4.4,2.0,3.8,Strength,Powerlifting,0.0,1.0,0.0,1.0,0.0,0.0,0.0
29.4,Male,83.0,1.79,25.9,16.1,191.9,118.7,61.6,1.28,420.7,3.8,2.0,3.5,General Fitness,Yoga,0.0,0.0,0.0,0.0,0.0,0.0,1.0
29.0,Female,45.5,1.46,21.23,19.9,192.5,184.3,54.0,0.64,416.3,3.9,2.0,4.0,Endurance,HIIT,0.0,1.0,0.0,0.0,1.0,0.0,1.0
27.1,Male,74.2,1.81,22.61,20.9,183.9,115.8,66.3,1.81,1063.6,4.1,3.0,3.5,Muscle Gain,Strength,1.0,1.0,1.0,0.0,0.0,0.0,0.0
54.0,Female,47.7,1.56,19.6,26.5,181.0,128.0,74.0,1.5,853.0,3.0,1.0,1.5,Muscle Gain,Strength,1.0,1.0,1.0,0.0,0.0,0.0,1.0
29.9,Male,80.4,1.9,22.18,13.9,195.6,143.2,73.5,1.63,1288.5,3.8,3.0,2.8,Strength,Strength,0.0,1.0,1.0,0.0,0.0,1.0,1.0
59.3,Female,55.7,1.54,23.35,24.6,154.4,132.7,69.6,0.98,418.0,3.6,3.0,2.8,Athletic Performance,Functional,0.0,1.0,0.0,1.0,1.0,0.0,0.0
32.4,Male,76.9,1.69,27.01,18.2,194.4,112.3,59.0,1.92,838.4,3.5,1.0,2.8,Strength,Strength,0.0,1.0,1.0,0.0,1.0,0.0,0.0
38.2,Female,56.8,1.54,24.1,19.5,181.5,112.2,74.8,1.38,382.2,4.1,3.0,2.6,Strength,Strength,1.0,1.0,1.0,0.0,0.0,0.0,0.0
20.3,Male,104.8,1.98,26.61,12.2,199.7,125.4,71.0,1.29,1233.5,4.5,2.0,3.0,Muscle Gain,Functional,1.0,1.0,1.0,1.0,0.0,1.0,0.0
34.7,Male,51.7,1.68,18.25,20.8,191.8,178.9,72.2,0.86,453.9,2.5,1.0,2.69,Endurance,HIIT,1.0,0.0,0.0,0.0,0.0,1.0,1.0
49.0,Female,50.2,1.7,17.37,28.0,164.0,169.0,73.0,0.75,622.0,2.0,1.0,1.6,Endurance,Cardio,0.0,0.0,0.0,0.0,0.0,0.0,1.0
42.9,Female,54.9,1.48,25.09,20.4,187.6,155.0,64.4,0.59,358.4,4.7,2.0,2.9,Endurance,Cardio,1.0,0.0,0.0,0.0,0.0,0.0,1.0
53.7,Female,70.3,1.57,28.55,23.1,163.8,111.8,62.1,1.6,537.1,3.6,2.0,2.3,Muscle Gain,Powerlifting,0.0,1.0,1.0,0.0,1.0,0.0,0.0
33.4,Male,73.5,1.81,22.53,20.4,193.4,144.0,54.4,1.63,1094.4,4.6,2.0,3.2,Strength,Strength,1.0,0.0,1.0,0.0,0.0,0.0,1.0
54.0,Female,63.5,1.51,27.85,28.3,192.0,147.0,70.0,1.23,526.0,3.0,3.0,2.2,Strength,Strength,1.0,1.0,1.0,0.0,0.0,1.0,1.0
39.1,Male,65.6,1.65,23.98,17.1,175.7,130.9,66.5,0.77,510.6,4.8,2.0,3.1,Muscle Gain,Functional,1.0,0.0,0.0,1.0,1.0,1.0,1.0
35.8,Female,62.4,1.68,22.06,21.8,178.3,146.8,75.6,1.14,840.0,4.5,3.0,2.9,Muscle Gain,Functional,1.0,0.0,1.0,1.0,1.0,0.0,1.0
35.2,Male,45.0,1.85,13.21,20.1,181.2,144.0,71.4,1.26,381.5,4.3,2.0,3.27,Strength,Strength,1.0,1.0,1.0,0.0,0.0,0.0,0.0
32.3,Female,69.8,1.62,26.57,20.5,181.2,169.6,55.0,1.02,930.9,5.4,3.0,3.7,Weight Loss,Cardio,0.0,0.0,0.0,1.0,0.0,0.0,1.0
40.6,Male,64.8,1.6,25.26,21.3,185.5,154.7,71.7,1.2,593.9,2.5,1.0,3.08,Weight Loss,Cardio,0.0,0.0,0.0,0.0,1.0,0.0,1.0
29.1,Female,86.2,1.76,27.73,28.4,190.3,181.3,69.7,0.74,709.7,4.0,2.0,3.06,Weight Loss,HIIT,1.0,0.0,0.0,1.0,0.0,1.0,1.0
47.7,Male,67.7,1.65,24.97,17.2,176.0,140.5,62.3,1.12,786.8,3.0,2.0,2.7,Muscle Gain,Functional,1.0,1.0,1.0,1.0,1.0,0.0,1.0
43.0,Female,45.5,1.59,17.92,20.2,167.4,112.0,64.8,1.34,223.6,4.9,3.0,2.1,General Fitness,Yoga,0.0,0.0,0.0,0.0,0.0,0.0,1.0
44.8,Male,58.7,1.67,20.98,19.6,167.0,109.1,65.5,0.95,114.7,4.1,2.0,2.0,General Fitness,Yoga,0.0,0.0,0.0,0.0,1.0,1.0,1.0
53.5,Male,89.3,1.8,27.46,10.2,167.2,162.2,62.9,0.55,416.8,3.2,3.0,3.1,Endurance,HIIT,0.0,0.0,1.0,1.0,0.0,1.0,1.0
50.6,Male,72.7,1.72,24.56,12.6,173.8,168.8,51.1,0.34,462.2,4.1,2.0,2.3,General Fitness,HIIT,1.0,0.0,1.0,1.0,0.0,0.0,1.0
27.5,Female,52.2,1.59,20.63,19.0,202.4,113.4,63.1,0.7,88.9,3.8,1.0,,Stress Relief,Yoga,0.0,0.0,0.0,1.0,1.0,1.0,1.0
52.0,Male,63.0,1.72,21.3,21.5,184.0,131.0,54.0,1.48,804.0,4.0,3.0,1.5,Weight Loss,Cardio,0.0,0.0,0.0,0.0,0.0,0.0,1.0
22.0,Male,88.9,1.6,34.73,28.9,182.0,148.0,74.0,1.39,1386.0,3.0,3.0,2.5,Endurance,HIIT,0.0,0.0,0.0,1.0,0.0,0.0,0.0
27.0,Male,72.5,1.88,20.51,34.6,181.0,162.0,69.0,1.21,1120.0,4.0,1.0,3.4,Weight Loss,HIIT,1.0,0.0,0.0,1.0,0.0,0.0,1.0
38.2,Female,58.6,1.6,22.95,17.2,185.2,144.7,59.6,1.69,1355.6,4.7,1.0,3.4,Weight Loss,Cardio,0.0,0.0,0.0,1.0,0.0,0.0,1.0
24.0,Male,62.5,1.58,25.04,32.2,175.0,137.0,51.0,2.0,1231.0,4.0,1.0,3.6,Muscle Gain,Strength,1.0,1.0,1.0,1.0,1.0,0.0,0.0
26.4,Male,74.4,1.73,24.76,13.8,190.9,159.5,45.0,0.75,816.6,4.6,2.0,3.5,Endurance,Cardio,0.0,1.0,0.0,0.0,0.0,0.0,1.0
23.3,Male,60.5,1.66,21.96,14.2,198.5,149.1,57.4,0.78,456.6,3.6,3.0,2.5,Muscle Gain,Functional,0.0,0.0,1.0,1.0,1.0,0.0,1.0
31.0,Female,75.8,1.7,26.23,24.2,199.0,129.0,60.0,0.87,922.0,2.0,1.0,1.9,Weight Loss,HIIT,0.0,1.0,0.0,1.0,1.0,0.0,1.0
18.2,Female,82.8,1.7,28.54,25.2,205.8,188.0,71.8,0.72,648.4,3.0,2.0,3.25,Weight Loss,HIIT,0.0,0.0,0.0,0.0,1.0,1.0,1.0
47.2,Male,75.5,1.73,25.32,15.8,164.3,147.0,61.7,0.63,578.8,5.1,3.0,3.2,General Fitness,Cardio,0.0,0.0,0.0,0.0,0.0,1.0,1.0
53.7,Male,64.0,1.65,23.64,12.8,176.0,149.4,57.8,1.13,712.7,5.1,1.0,3.1,Endurance,Cardio,0.0,0.0,0.0,0.0,1.0,0.0,1.0
32.0,Female,73.7,1.63,27.92,27.7,193.7,153.3,66.2,0.63,537.8,4.0,3.0,3.4,Athletic Performance,Functional,0.0,0.0,1.0,1.0,1.0,1.0,1.0
30.0,Female,52.4,1.53,22.46,22.3,194.7,146.9,64.1,1.77,1189.4,3.6,2.0,3.0,Endurance,Cardio,0.0,0.0,0.0,0.0,0.0,0.0,1.0
28.0,Female,40.0,1.57,16.23,30.2,165.0,169.0,68.0,1.04,669.0,2.0,2.0,2.6,Endurance,Cardio,0.0,0.0,0.0,0.0,0.0,0.0,1.0
30.9,Male,64.7,1.7,22.28,13.1,176.3,144.3,57.9,0.51,405.7,5.6,3.0,3.1,General Fitness,Cardio,0.0,0.0,0.0,0.0,0.0,0.0,0.0
27.9,Male,45.0,1.69,15.83,13.4,199.0,156.8,74.3,1.2,358.0,3.2,2.0,2.62,Athletic Performance,Strength,,,,,,,
64.0,Male,74.0,1.7,25.58,16.6,159.2,140.2,60.5,1.15,533.0,3.7,2.0,3.2,Strength,Strength,1.0,0.0,1.0,0.0,0.0,0.0,0.0
27.5,Female,56.0,1.65,20.56,19.9,187.5,91.2,58.3,0.63,104.9,2.4,3.0,1.6,Flexibility,Yoga,0.0,0.0,0.0,0.0,1.0,0.0,1.0
33.5,Male,85.9,1.72,29.04,21.9,183.3,105.2,70.6,2.17,866.9,3.4,3.0,2.5,Muscle Gain,Powerlifting,1.0,1.0,1.0,1.0,1.0,0.0,0.0
32.1,Female,56.4,1.46,26.39,28.2,187.8,106.7,57.0,1.03,366.0,4.4,3.0,2.4,Muscle Gain,Powerlifting,0.0,1.0,0.0,1.0,0.0,0.0,1.0
43.0,Female,80.5,1.68,28.52,21.7,190.0,135.0,58.0,1.1,1099.0,5.0,1.0,2.1,General Fitness,Strength,1.0,1.0,1.0,0.0,0.0,0.0,1.0
46.5,Male,72.6,1.83,21.69,,182.5,146.2,66.0,1.03,613.6,3.7,3.0,3.4,Athletic Performance,Functional,0.0,0.0,0.0,1.0,1.0,0.0,1.0
55.9,Male,67.1,1.66,24.32,31.5,150.4,103.7,63.8,0.79,185.7,2.5,1.0,3.18,Flexibility,Yoga,0.0,0.0,0.0,1.0,0.0,1.0,1.0
35.5,Female,53.2,1.96,13.9,22.4,177.4,126.8,72.5,0.51,106.7,2.7,1.0,2.6,Flexibility,Yoga,1.0,0.0,1.0,0.0,0.0,0.0,1.0
54.0,Male,42.7,1.72,14.43,13.6,191.0,153.0,74.0,2.0,987.0,5.0,2.0,1.5,General Fitness,Strength,1.0,1.0,1.0,1.0,1.0,0.0,1.0
39.6,Female,91.2,1.85,26.66,24.8,191.8,140.9,57.2,1.53,853.5,3.3,2.0,3.82,Muscle Gain,Strength,1.0,0.0,0.0,0.0,1.0,1.0,0.0
19.0,Female,82.8,1.79,25.84,10.0,192.0,127.0,74.0,1.18,1140.0,4.0,3.0,2.4,Weight Loss,Cardio,1.0,0.0,1.0,0.0,0.0,0.0,1.0
19.6,Male,98.2,1.92,26.75,14.0,199.5,92.1,72.3,0.91,275.7,4.5,1.0,1.5,Flexibility,Yoga,0.0,1.0,0.0,0.0,0.0,1.0,1.0
48.0,Female,84.1,1.69,29.45,22.2,187.0,136.0,56.0,1.68,758.0,3.0,3.0,2.3,Muscle Gain,Strength,1.0,1.0,0.0,1.0,0.0,0.0,0.0
31.0,Female,79.4,1.56,32.63,21.3,171.0,126.0,69.0,1.42,963.0,3.0,3.0,3.1,Weight Loss,Cardio,0.0,0.0,0.0,1.0,1.0,0.0,1.0
45.2,Female,64.2,1.72,21.67,11.7,169.3,106.9,55.2,0.56,136.4,4.4,3.0,3.48,Flexibility,Yoga,0.0,0.0,0.0,0.0,1.0,0.0,1.0
35.7,Male,54.6,1.72,18.52,13.4,186.2,96.4,66.6,1.46,129.4,3.9,3.0,2.7,General Fitness,Yoga,0.0,0.0,0.0,0.0,1.0,0.0,1.0
46.0,Female,57.4,1.57,23.39,26.4,181.7,151.2,63.7,1.44,634.4,2.6,1.0,2.77,General Fitness,Cardio,1.0,0.0,0.0,1.0,1.0,0.0,1.0
29.5,Female,57.6,1.57,23.41,22.2,187.9,131.9,60.7,1.18,535.9,4.0,1.0,3.2,Muscle Gain,Functional,0.0,1.0,1.0,1.0,1.0,1.0,1.0
37.1,Female,61.9,1.53,26.37,19.0,185.8,168.1,50.7,1.16,969.7,5.3,1.0,3.8,Weight Loss,Cardio,0.0,0.0,0.0,1.0,0.0,0.0,1.0
27.4,Female,50.1,1.52,21.58,23.9,183.4,128.3,55.6,1.02,402.5,5.0,1.0,3.1,Muscle Gain,Strength,1.0,1.0,1.0,1.0,0.0,1.0,0.0
22.5,Male,55.8,1.68,19.82,14.3,200.3,175.7,57.0,1.8,1272.5,5.3,1.0,3.6,General Fitness,Cardio,1.0,0.0,0.0,0.0,1.0,1.0,1.0
21.8,Female,59.4,1.71,20.39,21.8,202.1,158.5,69.5,1.16,949.5,4.1,1.0,4.1,Muscle Gain,Functional,0.0,1.0,0.0,1.0,1.0,1.0,1.0
25.3,Male,63.0,1.76,20.33,12.9,206.3,125.5,72.7,0.71,439.5,4.2,2.0,2.6,General Fitness,Functional,0.0,0.0,0.0,1.0,1.0,1.0,1.0
34.1,Male,45.0,1.62,17.17,22.9,173.4,162.2,68.5,0.74,329.6,1.9,2.0,2.19,Endurance,HIIT,1.0,1.0,1.0,1.0,1.0,1.0,1.0
49.0,Male,118.7,1.64,44.12,37.1,173.1,161.8,72.8,0.68,824.8,4.7,3.0,3.53,Endurance,HIIT,0.0,0.0,0.0,1.0,0.0,1.0,1.0
33.6,Female,68.6,1.58,27.62,15.6,195.3,177.3,52.6,1.03,1196.3,2.1,2.0,3.0,Weight Loss,HIIT,1.0,0.0,0.0,1.0,0.0,1.0,1.0
26.0,Male,65.8,1.68,23.34,17.6,203.3,140.5,69.2,1.93,1002.9,4.2,3.0,3.2,Strength,Strength,1.0,1.0,1.0,0.0,0.0,0.0,1.0
16.0,Male,45.0,1.66,16.4,20.3,207.4,164.8,66.7,1.14,352.6,2.6,1.0,3.18,Athletic Performance,Strength,,,,,,,
22.0,Female,69.6,1.8,21.48,28.6,186.0,136.0,73.0,1.37,1081.0,5.0,3.0,2.0,Endurance,Cardio,0.0,0.0,0.0,0.0,0.0,0.0,1.0
22.0,Male,62.8,1.71,21.48,15.8,182.0,153.0,70.0,2.0,816.0,3.0,2.0,2.8,Muscle Gain,Strength,1.0,1.0,0.0,0.0,0.0,0.0,0.0
29.9,Male,85.6,1.74,28.14,21.8,183.9,122.5,65.3,1.74,1147.6,3.1,3.0,2.8,Strength,Powerlifting,1.0,1.0,1.0,0.0,0.0,0.0,0.0
43.7,Female,132.4,1.84,39.3,27.3,177.2,136.8,60.6,0.72,591.6,4.8,3.0,3.38,Strength,Strength,1.0,0.0,1.0,0.0,0.0,0.0,1.0
31.0,Female,91.7,1.74,30.29,19.8,172.0,166.0,56.0,1.28,892.0,4.0,3.0,3.1,Strength,Strength,1.0,1.0,1.0,0.0,0.0,1.0,0.0
24.9,Female,63.9,1.54,27.07,24.2,193.6,164.1,63.3,1.02,928.7,4.9,2.0,3.0,General Fitness,Cardio,0.0,0.0,0.0,0.0,0.0,0.0,1.0
18.0,Female,100.3,1.83,29.95,23.3,168.0,125.0,74.0,1.21,746.0,5.0,1.0,3.4,Muscle Gain,Strength,1.0,1.0,1.0,1.0,0.0,0.0,1.0
26.1,Female,61.6,1.75,20.21,25.1,199.0,162.9,53.2,0.97,604.0,4.9,3.0,3.5,General Fitness,HIIT,1.0,1.0,0.0,0.0,0.0,1.0,1.0
19.6,Female,74.9,1.64,27.94,24.4,210.0,133.7,58.9,1.99,826.1,3.6,2.0,3.5,Muscle Gain,Strength,1.0,1.0,1.0,0.0,0.0,0.0,1.0
43.4,Male,78.2,1.76,25.14,20.1,176.3,153.5,61.9,1.24,929.1,3.9,3.0,3.4,General Fitness,Functional,1.0,0.0,0.0,1.0,1.0,1.0,1.0
19.1,Female,66.7,1.73,22.37,19.7,199.4,112.6,63.8,0.9,139.7,4.8,2.0,2.0,Stress Relief,Yoga,0.0,0.0,0.0,0.0,0.0,1.0,1.0
24.4,Male,88.7,1.75,28.98,20.6,183.8,138.2,66.0,1.56,1215.3,4.8,3.0,3.3,General Fitness,Strength,0.0,1.0,1.0,0.0,0.0,0.0,0.0
25.0,Female,58.2,1.64,21.64,20.8,165.0,169.0,71.0,1.92,984.0,4.0,3.0,3.3,Muscle Gain,Strength,1.0,1.0,1.0,1.0,0.0,0.0,1.0
25.2,Male,74.5,1.64,27.56,19.9,195.1,128.0,65.2,2.28,723.0,4.8,3.0,3.5,Strength,Powerlifting,1.0,1.0,0.0,0.0,1.0,0.0,1.0
49.0,Female,40.0,1.89,11.2,29.4,192.0,168.0,50.0,1.51,837.0,3.0,1.0,3.5,Muscle Gain,Strength,1.0,1.0,1.0,1.0,0.0,1.0,1.0
37.0,Male,116.2,1.65,42.68,22.1,194.0,160.0,74.0,1.98,1036.0,4.0,1.0,2.4,Muscle Gain,Strength,1.0,1.0,1.0,0.0,1.0,0.0,1.0
21.4,Male,87.9,1.8,27.23,13.7,194.8,173.7,69.4,0.74,1074.3,3.7,2.0,3.0,Endurance,HIIT,1.0,1.0,0.0,1.0,1.0,0.0,0.0
27.2,Female,58.1,1.62,22.05,17.8,175.1,163.4,60.1,0.77,741.4,2.3,3.0,3.1,Weight Loss,HIIT,1.0,0.0,0.0,1.0,0.0,0.0,0.0
28.1,Male,72.3,1.8,22.38,16.7,189.4,167.6,49.2,0.42,403.6,4.9,3.0,3.5,Weight Loss,HIIT,0.0,0.0,0.0,1.0,1.0,0.0,1.0
26.6,Female,65.6,1.84,19.37,26.6,202.5,166.3,64.9,1.98,961.7,1.9,2.0,4.21,Endurance,Cardio,1.0,1.0,0.0,1.0,0.0,1.0,1.0
28.0,Female,52.2,1.69,18.3,24.6,195.5,108.4,71.6,0.97,153.3,5.7,1.0,2.0,Flexibility,Yoga,0.0,0.0,0.0,1.0,1.0,0.0,1.0
24.5,Female,76.1,1.6,29.76,25.1,192.0,102.4,62.3,2.22,639.2,4.0,3.0,2.9,Muscle Gain,Powerlifting,1.0,0.0,0.0,0.0,0.0,0.0,0.0
44.0,Male,63.7,1.62,24.27,23.0,176.0,166.0,54.0,1.16,1142.0,5.0,2.0,3.2,Weight Loss,Cardio,1.0,0.0,0.0,0.0,0.0,0.0,1.0
52.8,Male,77.6,1.9,21.55,21.2,163.8,96.0,64.2,1.3,232.4,3.0,3.0,2.5,Flexibility,Yoga,0.0,0.0,0.0,0.0,1.0,0.0,1.0
58.9,Male,98.2,1.88,27.79,22.0,159.9,111.1,69.4,0.89,420.7,3.3,1.0,2.4,Strength,Strength,1.0,1.0,1.0,0.0,0.0,0.0,0.0
26.1,Female,72.3,1.69,25.31,16.6,183.6,169.2,54.9,1.12,1139.3,2.6,3.0,4.0,Weight Loss,HIIT,0.0,0.0,0.0,0.0,1.0,0.0,1.0
37.2,Female,61.5,1.6,23.95,17.6,183.7,159.8,67.1,1.14,968.2,3.9,2.0,3.6,Weight Loss,HIIT,0.0,1.0,1.0,1.0,1.0,1.0,1.0
47.0,Male,77.5,1.72,26.2,13.3,176.0,151.0,56.0,1.39,679.0,2.0,3.0,3.5,Endurance,Cardio,0.0,0.0,0.0,0.0,0.0,0.0,1.0
21.7,Male,75.8,1.74,24.94,19.1,203.8,144.6,70.3,1.14,613.6,4.7,1.0,3.2,Athletic Performance,Functional,1.0,1.0,0.0,1.0,1.0,1.0,0.0
31.4,Male,58.3,1.88,16.54,23.3,169.1,141.7,73.7,1.6,655.6,1.8,2.0,3.76,General Fitness,Functional,,,,,,,
26.4,Male,88.0,1.79,27.35,11.9,202.3,188.3,60.5,1.1,1535.8,3.4,2.0,3.3,Endurance,HIIT,0.0,1.0,0.0,1.0,0.0,0.0,1.0
27.3,Female,63.9,1.61,24.68,18.8,187.6,158.3,59.0,1.47,823.8,3.6,1.0,3.7,General Fitness,Functional,1.0,0.0,0.0,1.0,1.0,1.0,0.0
66.9,Female,58.8,1.66,21.45,21.8,150.7,139.5,76.0,1.03,469.6,4.9,3.0,2.5,Athletic Performance,Functional,1.0,1.0,0.0,1.0,1.0,1.0,1.0
28.3,Female,59.8,1.6,23.36,22.0,188.2,125.5,63.3,1.19,478.7,4.1,1.0,2.1,General Fitness,Strength,1.0,1.0,1.0,0.0,1.0,0.0,0.0
24.1,Male,86.0,1.78,27.01,28.4,199.7,195.2,61.7,0.87,821.5,2.9,2.0,3.35,General Fitness,HIIT,1.0,0.0,1.0,1.0,1.0,0.0,1.0
36.3,Female,56.7,1.49,25.49,20.2,182.0,175.5,63.8,1.61,1182.6,4.1,2.0,3.9,General Fitness,Cardio,0.0,0.0,0.0,1.0,1.0,1.0,1.0
38.8,Male,80.1,1.59,31.52,16.5,187.6,124.8,60.1,1.12,583.7,4.9,3.0,2.0,Muscle Gain,Powerlifting,0.0,1.0,0.0,0.0,1.0,0.0,0.0
24.0,Female,106.3,1.59,42.11,27.7,194.9,179.1,53.6,0.69,792.8,3.5,3.0,2.39,Endurance,HIIT,0.0,0.0,0.0,0.0,1.0,0.0,1.0
26.8,Male,102.5,1.92,27.95,28.5,192.9,166.2,67.4,1.21,944.4,2.9,1.0,3.17,General Fitness,Cardio,0.0,0.0,0.0,0.0,0.0,0.0,1.0
23.9,Female,87.2,1.74,28.98,23.8,194.2,128.8,62.2,2.33,930.3,4.6,2.0,3.5,Strength,Powerlifting,0.0,1.0,0.0,0.0,1.0,0.0,0.0
28.9,Male,64.2,1.83,19.07,12.9,176.5,171.5,51.5,1.04,1146.0,3.8,2.0,3.6,Endurance,HIIT,1.0,0.0,1.0,1.0,1.0,1.0,1.0
19.0,Male,72.5,1.73,24.22,11.9,184.0,135.0,71.0,1.12,1392.0,3.0,1.0,3.5,General Fitness,HIIT,0.0,1.0,1.0,1.0,1.0,1.0,1.0
21.6,Female,44.2,1.55,18.46,26.8,203.0,98.2,79.0,1.49,96.2,3.4,3.0,2.2,General Fitness,Yoga,0.0,1.0,1.0,0.0,1.0,1.0,1.0
21.2,Male,62.7,1.69,22.05,18.4,203.4,130.1,74.6,0.6,392.4,3.3,2.0,3.1,General Fitness,Functional,1.0,0.0,0.0,0.0,1.0,1.0,1.0
22.0,Male,77.4,1.85,22.61,22.8,202.6,121.3,66.8,2.08,1257.1,4.0,3.0,3.4,General Fitness,Powerlifting,1.0,1.0,1.0,0.0,0.0,0.0,0.0
27.4,Male,89.5,1.76,28.95,23.0,193.4,111.9,75.4,1.18,632.9,4.1,2.0,2.0,Muscle Gain,Powerlifting,1.0,1.0,0.0,0.0,0.0,0.0,1.0
51.1,Male,99.5,1.87,28.55,16.3,180.7,119.2,59.7,1.04,840.9,3.6,3.0,3.1,Strength,Strength,1.0,1.0,1.0,0.0,1.0,0.0,0.0
40.1,Male,45.0,1.88,12.73,15.6,177.2,134.1,65.6,2.02,537.9,2.6,1.0,3.32,Muscle Gain,Strength,1.0,1.0,1.0,0.0,0.0,0.0,1.0
25.7,Female,59.0,1.58,23.71,25.7,210.0,161.8,75.1,1.8,693.3,1.7,1.0,2.7,General Fitness,Strength,1.0,1.0,1.0,0.0,0.0,0.0,0.0
36.2,Male,78.3,1.76,25.14,13.9,190.4,161.9,70.6,0.85,1134.6,4.6,2.0,3.1,General Fitness,HIIT,1.0,0.0,0.0,1.0,1.0,1.0,1.0
28.4,Female,54.0,1.65,19.81,20.7,194.4,148.2,61.9,1.15,784.7,3.1,2.0,2.7,General Fitness,Functional,1.0,1.0,1.0,1.0,0.0,0.0,1.0
29.0,Male,76.6,1.71,26.27,17.4,198.9,115.2,72.6,1.11,237.2,5.7,3.0,2.5,General Fitness,Yoga,0.0,0.0,0.0,0.0,1.0,0.0,1.0
24.9,Male,81.9,1.78,25.89,15.2,208.0,122.2,65.7,1.36,884.5,4.5,2.0,3.0,Strength,Strength,1.0,1.0,1.0,0.0,0.0,1.0,1.0
16.5,Male,84.7,1.68,29.91,27.5,208.7,178.7,65.2,1.17,710.4,4.5,3.0,3.26,Weight Loss,Cardio,0.0,0.0,0.0,0.0,0.0,1.0,0.0
26.6,Female,75.6,1.69,26.46,20.7,190.7,148.4,74.9,0.71,501.6,3.8,3.0,3.3,General Fitness,Functional,0.0,0.0,1.0,1.0,0.0,0.0,1.0
27.0,Male,77.3,1.77,24.77,20.7,191.0,124.5,64.7,1.48,834.4,3.1,2.0,2.3,General Fitness,Powerlifting,0.0,1.0,0.0,0.0,0.0,0.0,1.0
33.1,Female,69.1,1.69,24.12,18.2,177.9,152.5,52.7,1.16,1059.7,5.4,2.0,3.6,Endurance,Cardio,0.0,0.0,1.0,1.0,1.0,0.0,1.0
21.0,Female,70.5,1.84,20.82,26.7,173.0,127.0,66.0,0.97,1013.0,5.0,3.0,1.6,Weight Loss,Cardio,0.0,0.0,0.0,1.0,0.0,1.0,1.0
32.1,Male,101.3,1.86,29.35,20.4,205.8,116.7,54.8,1.39,796.3,4.7,3.0,3.0,Strength,Powerlifting,1.0,1.0,0.0,0.0,0.0,0.0,0.0
38.4,Female,94.0,1.79,29.5,,183.2,153.0,60.7,0.59,380.7,3.2,2.0,3.49,General Fitness,Cardio,0.0,0.0,0.0,1.0,0.0,1.0,1.0
45.6,Male,73.1,1.8,22.53,20.0,175.0,110.0,69.6,1.46,519.3,3.6,2.0,2.6,Strength,Powerlifting,1.0,1.0,0.0,0.0,0.0,0.0,0.0
27.5,Female,70.4,1.62,26.77,27.5,208.7,115.2,69.0,0.79,283.0,4.9,2.0,2.0,Muscle Gain,Strength,1.0,1.0,1.0,0.0,0.0,0.0,0.0
59.7,Male,56.5,1.67,20.15,19.4,168.9,144.5,62.5,1.39,570.6,3.2,2.0,2.7,Strength,Strength,1.0,1.0,1.0,1.0,0.0,0.0,0.0
37.0,Female,58.0,1.6,22.66,21.0,168.0,143.0,52.0,1.28,834.0,4.0,2.0,3.6,Strength,Strength,1.0,0.0,1.0,0.0,0.0,0.0,1.0
26.0,Male,92.3,1.83,27.64,11.0,174.7,169.7,59.1,0.63,567.5,5.3,1.0,3.1,Weight Loss,Cardio,0.0,0.0,0.0,0.0,0.0,1.0,1.0
26.2,Female,63.6,1.51,27.89,22.9,200.0,174.2,49.0,1.61,1519.2,3.3,1.0,3.9,Weight Loss,Cardio,0.0,0.0,0.0,0.0,0.0,0.0,1.0
45.0,Female,68.3,1.75,22.3,29.1,185.0,133.0,65.0,1.31,1595.0,4.0,2.0,2.5,Muscle Gain,Strength,1.0,1.0,1.0,0.0,0.0,0.0,1.0
37.9,Female,69.0,1.59,27.14,23.3,176.9,132.4,67.4,1.29,624.1,4.6,2.0,2.9,Athletic Performance,Functional,0.0,1.0,1.0,1.0,1.0,0.0,1.0
23.0,Female,88.0,2.0,22.0,23.9,193.0,128.0,70.0,1.24,399.0,3.0,1.0,2.8,Weight Loss,HIIT,1.0,1.0,0.0,0.0,0.0,0.0,1.0
26.8,Male,67.8,1.74,22.51,13.9,204.5,116.0,63.6,0.94,414.7,3.7,3.0,2.1,Strength,Strength,1.0,1.0,1.0,0.0,1.0,1.0,0.0
27.7,Male,70.8,1.67,25.52,17.8,194.7,146.6,65.0,0.75,417.6,3.4,3.0,2.5,General Fitness,Functional,1.0,0.0,0.0,1.0,0.0,1.0,1.0
20.8,Male,64.8,1.89,18.09,10.8,193.3,97.5,68.7,1.15,117.8,5.5,1.0,2.0,Stress Relief,Yoga,0.0,1.0,0.0,0.0,1.0,0.0,1.0
26.5,Male,95.6,1.82,28.92,12.7,199.2,129.7,75.1,0.98,700.3,3.4,2.0,3.2,General Fitness,Strength,1.0,1.0,1.0,0.0,0.0,0.0,0.0
51.0,Female,72.1,1.73,24.09,17.6,162.0,160.0,70.0,1.21,1186.0,3.0,2.0,3.2,Weight Loss,Cardio,0.0,1.0,0.0,0.0,0.0,0.0,1.0
44.1,Female,52.2,1.83,15.59,17.8,173.5,145.1,63.6,1.42,514.2,2.1,1.0,3.57,Athletic Performance,Functional,,,,,,,
23.0,Female,41.5,1.89,11.62,27.6,188.0,129.0,59.0,1.35,532.0,3.0,2.0,3.4,Weight Loss,HIIT,0.0,0.0,0.0,0.0,1.0,0.0,1.0
44.0,Female,53.6,1.66,19.38,19.6,195.1,121.8,68.9,1.25,464.7,3.9,3.0,3.5,Muscle Gain,Strength,1.0,0.0,1.0,0.0,0.0,0.0,1.0
18.4,Male,91.5,1.83,27.45,15.5,196.4,178.8,53.5,0.31,289.2,3.1,2.0,2.9,Endurance,HIIT,0.0,0.0,1.0,1.0,0.0,1.0,0.0
36.1,Male,98.5,1.78,31.02,26.9,177.6,101.3,65.3,2.34,1080.7,5.0,3.0,2.7,General Fitness,Powerlifting,1.0,0.0,1.0,0.0,1.0,0.0,0.0
19.0,Male,42.1,1.6,16.45,12.7,194.0,148.0,73.0,1.27,1305.0,2.0,2.0,3.3,Weight Loss,Cardio,0.0,0.0,1.0,0.0,0.0,0.0,1.0
30.9,Male,70.2,1.74,23.08,18.4,179.6,121.6,71.4,1.87,551.7,3.4,2.0,3.9,General Fitness,Powerlifting,0.0,1.0,0.0,0.0,1.0,0.0,1.0
25.0,Female,64.6,1.51,28.33,26.9,194.0,127.0,55.0,1.4,1155.0,2.0,3.0,3.5,Weight Loss,Cardio,0.0,0.0,0.0,0.0,0.0,0.0,1.0
26.7,Female,62.1,1.61,23.86,25.1,184.2,126.3,72.2,1.39,534.7,3.5,3.0,2.7,Muscle Gain,Strength,1.0,1.0,0.0,1.0,0.0,1.0,1.0
52.0,Female,45.1,1.65,16.57,21.5,165.0,164.0,71.0,1.76,1380.0,5.0,1.0,3.3,Muscle Gain,Strength,1.0,0.0,1.0,0.0,0.0,0.0,1.0
28.6,Female,55.4,1.68,19.51,22.5,187.0,169.0,56.4,1.61,1072.3,3.4,1.0,,Endurance,Cardio,0.0,0.0,0.0,0.0,0.0,0.0,1.0
30.6,Male,62.1,1.69,21.64,17.0,194.4,93.0,65.6,0.73,122.2,2.5,1.0,1.8,General Fitness,Yoga,0.0,0.0,0.0,0.0,1.0,1.0,1.0
32.0,Male,40.0,1.61,15.43,15.1,176.0,156.0,59.0,1.37,582.0,4.0,1.0,3.4,General Fitness,Strength,1.0,1.0,1.0,0.0,1.0,0.0,1.0
24.6,Female,57.6,1.75,18.76,27.3,188.5,153.7,69.2,1.03,401.5,1.9,2.0,2.8,Muscle Gain,Functional,,,,,,,
20.0,Female,43.6,1.6,17.03,16.9,165.0,141.0,60.0,1.37,1783.0,4.0,1.0,1.5,Strength,Strength,1.0,1.0,1.0,0.0,0.0,0.0,1.0
31.3,Female,63.5,1.64,23.64,23.8,202.5,115.6,62.5,1.01,118.0,4.0,3.0,2.7,Flexibility,Yoga,0.0,0.0,0.0,0.0,1.0,1.0,1.0
37.1,Female,66.6,1.53,28.36,25.9,182.5,121.9,68.9,1.35,543.4,3.8,2.0,2.9,Muscle Gain,Strength,1.0,0.0,1.0,1.0,1.0,1.0,1.0
69.8,Female,49.6,1.53,21.18,16.1,152.7,147.7,50.2,0.74,581.8,4.3,2.0,3.0,Endurance,HIIT,0.0,0.0,1.0,1.0,1.0,0.0,1.0
25.3,Male,79.1,1.77,25.17,19.1,191.8,106.6,60.2,0.9,219.1,3.7,1.0,2.0,Flexibility,Yoga,0.0,0.0,0.0,0.0,1.0,1.0,1.0
18.3,Female,84.2,1.61,32.29,31.9,195.0,123.5,69.3,1.08,553.2,4.2,3.0,2.3,Strength,Powerlifting,1.0,1.0,0.0,0.0,0.0,1.0,0.0
27.0,Female,53.7,1.75,17.53,13.3,167.0,137.0,74.0,2.0,788.0,3.0,2.0,2.6,Muscle Gain,Strength,1.0,1.0,1.0,0.0,0.0,0.0,1.0
23.0,Female,78.7,1.68,27.88,21.1,191.0,132.0,70.0,1.28,1319.0,2.0,2.0,3.5,Strength,Strength,1.0,1.0,1.0,0.0,1.0,0.0,0.0
32.1,Male,45.6,1.6,17.92,15.0,191.0,152.5,71.0,1.48,416.8,2.1,1.0,3.18,General Fitness,Functional,,,,,,,
41.4,Female,67.1,1.61,25.73,20.4,165.7,160.7,63.9,0.81,701.0,3.9,3.0,3.3,Weight Loss,HIIT,1.0,0.0,0.0,1.0,1.0,0.0,1.0
39.6,Male,71.0,1.67,25.55,14.2,173.4,160.9,64.8,1.0,560.7,4.9,3.0,3.4,Weight Loss,Cardio,0.0,0.0,0.0,1.0,0.0,1.0,1.0
25.0,Female,68.8,1.73,22.99,28.8,182.0,133.0,74.0,1.65,851.0,3.0,3.0,1.8,Strength,Strength,1.0,1.0,1.0,1.0,0.0,0.0,1.0
38.7,Female,68.9,1.83,20.64,18.5,179.1,170.0,62.6,0.52,404.6,4.0,2.0,2.66,Endurance,HIIT,0.0,1.0,0.0,0.0,1.0,1.0,1.0
42.3,Male,67.9,1.69,23.65,19.8,180.5,125.0,75.3,0.98,397.8,4.3,1.0,1.8,General Fitness,Functional,1.0,0.0,0.0,1.0,0.0,0.0,1.0
35.6,Female,63.6,1.71,21.83,21.8,178.7,145.6,66.9,1.8,1418.9,3.1,1.0,2.9,Weight Loss,Cardio,0.0,0.0,1.0,0.0,0.0,0.0,1.0
31.0,Female,85.9,1.7,29.72,28.0,162.0,143.0,56.0,2.0,1455.0,3.0,3.0,3.3,Muscle Gain,Strength,1.0,1.0,1.0,0.0,1.0,0.0,1.0
16.0,Male,77.8,1.66,28.23,27.3,210.0,192.2,72.1,0.69,529.9,2.2,2.0,3.62,Endurance,HIIT,0.0,0.0,0.0,0.0,0.0,0.0,0.0
26.1,Female,49.8,1.61,19.23,16.4,190.7,164.1,45.0,0.7,386.0,4.1,3.0,4.0,Endurance,Cardio,0.0,0.0,0.0,0.0,0.0,0.0,1.0
26.9,Male,50.9,1.72,17.19,10.6,183.8,104.8,61.4,0.83,92.3,2.0,3.0,2.2,General Fitness,Yoga,0.0,0.0,0.0,0.0,1.0,1.0,1.0
26.6,Male,76.8,1.66,27.94,15.2,199.5,110.3,70.6,1.48,600.7,3.1,1.0,2.9,Muscle Gain,Strength,1.0,0.0,1.0,1.0,1.0,0.0,1.0
21.0,Male,99.9,1.82,30.31,19.0,195.9,114.6,53.5,1.41,579.5,3.3,3.0,2.4,Strength,Powerlifting,1.0,1.0,1.0,0.0,1.0,0.0,0.0
41.8,Female,58.0,1.68,20.56,26.1,186.9,148.2,59.5,0.95,446.3,4.2,1.0,2.9,General Fitness,Functional,1.0,0.0,1.0,1.0,1.0,0.0,1.0
29.2,Male,93.0,1.88,26.22,21.0,205.1,108.3,61.2,1.59,974.1,3.2,2.0,2.8,General Fitness,Powerlifting,1.0,1.0,1.0,0.0,0.0,0.0,0.0
52.4,Female,95.8,1.74,31.68,27.0,172.9,129.2,64.1,1.37,987.7,3.5,3.0,2.6,Muscle Gain,Powerlifting,1.0,1.0,0.0,0.0,0.0,0.0,1.0
34.7,Female,55.5,1.46,26.2,26.0,186.8,122.2,59.5,1.54,480.1,3.3,2.0,2.5,Muscle Gain,Powerlifting,1.0,1.0,1.0,0.0,0.0,0.0,0.0
26.6,Female,59.8,1.64,22.17,16.4,189.1,104.4,72.0,1.03,194.2,2.8,2.0,1.9,Stress Relief,Yoga,1.0,0.0,0.0,0.0,0.0,1.0,1.0
58.0,Male,47.6,1.84,14.06,11.2,182.0,155.0,66.0,1.59,635.0,4.0,3.0,2.6,Muscle Gain,Strength,1.0,1.0,0.0,1.0,0.0,0.0,0.0
66.5,Female,65.6,1.63,24.59,26.7,171.5,99.4,53.4,0.76,112.0,3.1,1.0,1.8,Stress Relief,Yoga,0.0,0.0,0.0,0.0,0.0,0.0,1.0
38.0,Female,65.2,1.61,25.08,23.8,188.5,108.9,60.8,0.61,109.0,4.5,3.0,2.0,General Fitness,Yoga,0.0,0.0,0.0,0.0,1.0,1.0,1.0
38.8,Female,57.0,1.58,22.76,19.8,179.6,151.2,48.4,0.47,273.5,4.1,3.0,2.7,Endurance,HIIT,0.0,0.0,0.0,0.0,0.0,0.0,0.0
25.9,Male,66.3,1.79,20.75,14.8,202.0,136.2,72.1,1.34,604.4,3.9,2.0,2.7,Muscle Gain,Strength,1.0,0.0,1.0,1.0,0.0,0.0,1.0
22.9,Female,88.6,1.72,30.03,28.0,204.3,115.5,68.8,2.23,1348.3,3.2,2.0,2.7,General Fitness,Powerlifting,0.0,1.0,0.0,0.0,0.0,0.0,1.0
32.7,Male,65.0,1.75,21.17,13.2,196.4,113.9,55.5,0.88,221.1,4.6,1.0,2.3,Stress Relief,Yoga,0.0,0.0,0.0,0.0,0.0,0.0,1.0
56.0,Female,59.1,2.0,14.78,14.1,177.0,117.5,58.0,0.94,1277.0,3.0,2.0,3.4,Strength,Strength,1.0,1.0,1.0,0.0,1.0,0.0,1.0
34.4,Female,73.9,1.64,27.58,30.8,189.7,145.0,66.5,1.26,600.1,3.8,2.0,3.71,Strength,Strength,1.0,1.0,1.0,1.0,1.0,0.0,0.0
33.0,Male,110.1,1.86,31.74,26.1,179.2,132.4,76.0,1.99,1443.6,4.7,3.0,3.4,Muscle Gain,Powerlifting,1.0,1.0,1.0,0.0,0.0,0.0,0.0
37.0,Female,85.3,1.69,29.87,22.8,162.0,136.0,71.0,1.49,859.0,4.0,2.0,3.4,General Fitness,HIIT,1.0,0.0,0.0,1.0,0.0,0.0,1.0
31.8,Female,62.2,1.62,23.77,18.2,180.9,101.2,71.5,1.46,307.1,5.1,3.0,2.4,General Fitness,Yoga,0.0,0.0,0.0,0.0,1.0,0.0,1.0
37.8,Male,80.5,1.77,25.57,19.3,182.9,155.2,48.6,0.41,365.1,2.6,3.0,2.8,Endurance,HIIT,0.0,0.0,0.0,0.0,0.0,0.0,0.0
36.5,Female,81.3,1.66,29.59,22.7,178.5,133.0,61.2,1.63,795.6,4.2,2.0,3.4,Muscle Gain,Powerlifting,1.0,1.0,0.0,0.0,1.0,0.0,0.0
25.8,Female,55.8,1.55,23.2,26.5,180.4,104.4,68.2,1.11,178.9,3.4,2.0,2.3,Flexibility,Yoga,0.0,0.0,0.0,0.0,1.0,1.0,1.0
26.3,Male,69.8,1.67,25.02,19.1,202.3,132.3,72.3,0.9,385.9,3.2,3.0,2.6,Athletic Performance,Functional,0.0,0.0,0.0,1.0,1.0,0.0,1.0
35.4,Male,67.3,1.79,20.94,14.3,162.2,157.2,79.2,0.89,625.3,4.0,1.0,2.7,General Fitness,Functional,0.0,1.0,1.0,1.0,1.0,0.0,1.0
48.7,Male,76.4,1.67,27.41,12.4,172.9,121.1,53.4,1.68,640.2,4.8,2.0,2.9,Muscle Gain,Strength,1.0,1.0,1.0,1.0,0.0,0.0,1.0
21.0,Male,90.1,1.72,30.46,27.1,184.0,138.0,68.0,1.35,1043.0,4.0,3.0,2.1,Muscle Gain,Strength,0.0,1.0,0.0,1.0,0.0,1.0,1.0
19.0,Female,90.6,1.85,26.47,27.5,187.0,131.0,68.0,1.67,607.0,2.0,2.0,3.3,Endurance,HIIT,0.0,0.0,0.0,1.0,0.0,1.0,0.0
36.0,Male,70.4,1.72,23.75,20.5,182.3,128.0,59.4,1.54,913.5,4.4,3.0,3.5,General Fitness,Strength,1.0,1.0,0.0,1.0,0.0,0.0,1.0
26.2,Male,53.3,1.65,19.66,16.8,194.1,158.6,70.0,1.04,459.5,4.2,3.0,4.3,Endurance,HIIT,1.0,0.0,1.0,0.0,1.0,1.0,1.0
26.8,Male,75.5,1.71,25.9,25.0,196.4,126.0,64.2,1.1,506.5,4.7,2.0,3.0,General Fitness,Powerlifting,1.0,1.0,0.0,0.0,0.0,0.0,0.0
29.3,Male,85.7,1.74,28.44,21.1,192.2,121.5,61.2,2.34,1567.1,4.6,2.0,3.9,Muscle Gain,Powerlifting,0.0,1.0,1.0,0.0,0.0,0.0,0.0
38.1,Female,52.3,1.59,20.69,24.3,167.0,124.4,65.4,1.2,481.3,3.0,2.0,3.2,Muscle Gain,Strength,1.0,0.0,1.0,1.0,0.0,0.0,1.0
19.9,Female,41.5,1.46,19.58,18.6,202.8,141.3,61.0,1.27,414.8,3.1,1.0,3.1,Muscle Gain,Functional,0.0,0.0,1.0,1.0,0.0,0.0,0.0
22.3,Male,90.3,1.65,33.14,22.9,194.1,182.3,63.0,0.73,697.9,5.4,3.0,2.85,Endurance,HIIT,1.0,1.0,0.0,0.0,0.0,1.0,1.0
28.7,Male,84.7,1.74,27.81,13.2,193.1,159.1,57.5,0.99,1016.9,4.8,2.0,3.0,Athletic Performance,Functional,0.0,0.0,1.0,1.0,0.0,1.0,1.0
28.7,Female,61.7,1.63,23.11,20.5,176.9,117.8,59.0,1.58,434.4,4.8,1.0,2.7,Strength,Strength,1.0,1.0,0.0,0.0,0.0,0.0,1.0
51.0,Male,100.7,1.75,32.88,25.5,185.0,138.0,73.0,1.5,703.0,4.0,3.0,1.8,Muscle Gain,Strength,1.0,1.0,1.0,1.0,0.0,0.0,1.0
51.0,Female,80.4,1.64,29.89,26.4,181.0,127.5,74.0,1.07,913.0,5.0,3.0,1.5,Endurance,Cardio,0.0,0.0,0.0,0.0,0.0,0.0,1.0
28.5,Male,75.7,1.79,23.72,11.5,198.6,107.5,61.3,1.26,260.8,5.6,2.0,2.2,Stress Relief,Yoga,0.0,0.0,0.0,0.0,0.0,0.0,1.0
29.1,Female,80.6,1.74,26.7,15.9,186.2,155.4,55.6,0.93,794.0,3.9,3.0,2.5,General Fitness,HIIT,0.0,0.0,1.0,0.0,1.0,0.0,1.0
26.0,Female,62.9,1.69,22.02,28.8,192.0,139.0,69.0,1.77,820.9,4.0,2.0,3.4,General Fitness,Strength,1.0,0.0,1.0,0.0,0.0,0.0,1.0
66.3,Female,49.8,1.45,23.7,17.6,167.3,162.3,55.1,0.97,847.1,4.7,3.0,3.4,General Fitness,HIIT,1.0,1.0,0.0,1.0,1.0,0.0,1.0
35.2,Female,62.1,1.69,21.68,18.6,184.4,90.0,61.1,0.61,50.0,3.8,1.0,1.5,Stress Relief,Yoga,0.0,0.0,0.0,0.0,1.0,1.0,1.0
28.0,Female,62.1,1.68,22.0,13.9,191.0,130.0,74.0,0.85,1098.0,4.0,2.0,2.8,Muscle Gain,Strength,1.0,1.0,1.0,1.0,0.0,1.0,0.0
27.6,Male,64.0,1.65,23.6,18.8,184.4,117.9,68.2,1.88,774.1,4.4,2.0,3.6,Strength,Strength,1.0,1.0,1.0,1.0,0.0,0.0,1.0
43.0,Male,61.0,1.55,25.39,24.7,169.9,121.8,71.1,1.11,232.5,1.4,1.0,3.22,Flexibility,Yoga,1.0,0.0,0.0,0.0,1.0,0.0,1.0
34.0,Female,70.1,1.61,27.22,18.2,179.0,147.6,48.4,0.69,401.4,4.3,2.0,3.0,General Fitness,Functional,1.0,0.0,1.0,1.0,0.0,0.0,1.0
26.9,Male,70.3,1.75,22.88,15.7,176.5,132.9,60.5,1.5,553.6,3.2,2.0,2.6,Strength,Strength,1.0,1.0,1.0,0.0,1.0,0.0,1.0
25.5,Male,67.4,1.83,20.01,24.0,194.7,129.2,72.2,0.88,224.2,2.9,1.0,2.72,Flexibility,Yoga,0.0,0.0,0.0,0.0,1.0,1.0,1.0
36.1,Female,85.4,1.73,28.51,21.3,184.7,171.2,48.6,0.97,915.5,4.5,3.0,3.18,Endurance,HIIT,0.0,0.0,0.0,1.0,1.0,1.0,1.0
51.0,Male,47.1,2.0,11.78,21.9,177.0,163.0,65.0,1.29,1140.0,5.0,1.0,2.8,Muscle Gain,Strength,1.0,1.0,1.0,0.0,0.0,1.0,0.0
28.9,Female,86.4,1.69,30.33,26.7,203.4,133.7,57.8,1.75,1330.3,4.6,3.0,3.2,Muscle Gain,Strength,1.0,1.0,1.0,1.0,1.0,1.0,1.0
16.0,Male,56.8,1.57,22.95,21.3,199.8,162.9,67.4,1.26,493.1,3.7,2.0,3.51,Athletic Performance,Functional,,,,,,,
36.6,Female,55.8,1.56,22.98,21.8,194.8,173.4,66.3,0.72,559.3,5.6,2.0,3.8,Endurance,Cardio,0.0,0.0,0.0,1.0,0.0,0.0,1.0
38.4,Female,67.8,1.68,23.94,27.1,183.7,123.1,70.4,1.22,387.4,3.7,1.0,3.0,Strength,Strength,1.0,1.0,1.0,0.0,1.0,0.0,1.0
36.0,Female,47.1,1.72,15.92,21.8,194.0,145.0,50.0,1.37,843.0,3.0,1.0,1.9,Muscle Gain,Strength,1.0,1.0,1.0,0.0,1.0,0.0,1.0
57.0,Male,67.9,1.78,21.43,23.9,187.0,163.0,59.0,2.0,1168.0,3.0,2.0,3.7,Muscle Gain,Strength,1.0,1.0,1.0,0.0,0.0,0.0,0.0
43.6,Male,77.8,1.78,24.5,16.8,178.5,141.8,64.5,1.39,1091.8,3.1,2.0,3.7,General Fitness,Strength,0.0,1.0,1.0,0.0,1.0,0.0,1.0
66.8,Female,49.6,1.81,15.1,17.3,159.7,134.0,57.1,1.62,576.3,2.9,2.0,2.74,Endurance,Cardio,0.0,0.0,0.0,0.0,0.0,0.0,0.0
50.5,Female,51.6,1.53,21.89,22.6,171.2,116.4,56.0,1.36,236.5,3.2,2.0,2.9,General Fitness,Yoga,1.0,0.0,0.0,0.0,1.0,0.0,1.0
37.0,Male,93.9,1.72,31.68,26.2,180.0,125.0,58.0,2.24,1552.3,5.0,3.0,2.5,Muscle Gain,Powerlifting,1.0,1.0,1.0,1.0,0.0,1.0,0.0
28.8,Female,71.5,1.69,25.06,25.2,197.3,145.1,70.3,1.63,691.3,4.7,3.0,3.57,Strength,Strength,1.0,1.0,1.0,1.0,0.0,0.0,1.0
49.1,Female,61.2,1.63,23.09,20.1,168.5,161.1,63.8,0.43,459.0,4.3,3.0,3.3,Weight Loss,HIIT,1.0,1.0,0.0,1.0,1.0,0.0,1.0
18.0,Female,96.0,1.82,28.98,23.8,198.0,144.0,58.0,1.19,323.0,3.0,1.0,1.8,General Fitness,Strength,1.0,1.0,1.0,0.0,1.0,0.0,0.0
68.7,Female,87.0,1.83,26.08,27.2,153.0,132.7,65.2,0.94,506.0,2.0,1.0,3.31,Muscle Gain,Strength,0.0,1.0,1.0,1.0,1.0,0.0,1.0
45.4,Female,64.4,1.68,22.74,21.8,177.8,166.2,68.1,0.88,562.4,2.9,2.0,2.81,Weight Loss,HIIT,1.0,1.0,0.0,1.0,0.0,0.0,1.0
30.1,Female,48.4,1.56,19.91,20.5,178.6,131.6,53.8,1.71,667.6,4.6,3.0,3.4,Muscle Gain,Strength,1.0,1.0,1.0,0.0,0.0,0.0,1.0
28.7,Male,82.0,1.73,27.36,14.8,189.8,133.9,71.1,1.61,705.8,3.4,2.0,3.8,General Fitness,Strength,1.0,1.0,1.0,1.0,0.0,1.0,1.0
21.2,Female,50.5,1.61,19.45,24.6,186.8,153.9,55.2,1.0,389.4,5.9,2.0,3.4,Endurance,Cardio,1.0,0.0,0.0,1.0,1.0,0.0,1.0
16.0,Male,50.5,1.93,13.5,16.5,209.9,128.7,64.9,0.57,113.3,2.1,2.0,2.69,General Fitness,Yoga,0.0,0.0,0.0,0.0,0.0,0.0,1.0
26.9,Male,78.8,1.86,22.73,14.1,181.3,153.2,74.5,0.72,523.8,3.0,1.0,3.5,Athletic Performance,Functional,1.0,0.0,0.0,1.0,0.0,1.0,1.0
58.0,Female,76.3,1.56,31.35,24.3,190.0,145.0,72.0,2.0,913.0,3.0,3.0,3.3,Strength,Strength,1.0,1.0,1.0,1.0,1.0,0.0,0.0
38.2,Male,81.1,1.83,24.22,22.0,188.8,140.4,59.4,1.1,526.0,2.8,2.0,3.25,Muscle Gain,Strength,1.0,0.0,1.0,0.0,0.0,1.0,1.0
48.5,Female,63.3,1.54,26.58,21.1,196.1,159.8,52.4,1.39,1379.9,4.1,1.0,3.2,Weight Loss,Cardio,1.0,0.0,0.0,0.0,0.0,0.0,1.0
30.9,Male,85.3,1.72,28.87,32.1,189.8,147.4,66.1,1.53,960.4,2.6,2.0,3.84,Athletic Performance,Strength,,,,,,,
50.0,Female,88.5,1.63,33.31,,181.0,136.0,63.0,1.63,829.0,4.0,2.0,1.8,Strength,Strength,1.0,1.0,1.0,0.0,0.0,1.0,1.0
64.6,Female,64.0,1.67,23.02,24.4,162.8,134.3,64.5,1.37,552.4,4.2,1.0,3.0,Muscle Gain,Strength,1.0,1.0,1.0,0.0,0.0,1.0,1.0
47.2,Female,69.6,1.62,26.42,24.7,172.4,142.7,61.7,1.21,596.9,3.5,2.0,3.6,General Fitness,Functional,1.0,0.0,1.0,1.0,1.0,0.0,0.0
39.4,Female,46.1,1.54,19.5,16.5,180.4,158.9,58.5,1.43,529.8,5.5,1.0,4.1,Weight Loss,Cardio,0.0,0.0,0.0,1.0,0.0,0.0,1.0
37.5,Male,46.5,1.7,15.99,19.5,188.9,150.6,62.4,1.09,393.2,4.0,3.0,3.39,Endurance,Cardio,0.0,0.0,0.0,0.0,0.0,1.0,1.0
35.0,Male,54.7,1.91,15.05,10.4,181.2,139.9,68.3,0.97,338.6,4.8,3.0,,General Fitness,Strength,1.0,1.0,1.0,0.0,1.0,0.0,0.0
48.2,Male,72.1,1.79,22.53,20.9,167.9,127.0,65.9,1.64,700.7,2.7,2.0,3.59,Muscle Gain,Strength,1.0,1.0,1.0,0.0,0.0,0.0,1.0
26.0,Female,63.6,1.77,20.3,18.9,173.0,145.0,55.0,1.29,1586.0,3.0,1.0,2.8,Muscle Gain,Strength,1.0,1.0,1.0,1.0,0.0,0.0,0.0
19.4,Female,55.3,1.66,20.09,25.6,195.8,126.3,65.3,1.18,469.1,4.7,2.0,3.1,Athletic Performance,Functional,0.0,1.0,1.0,1.0,0.0,0.0,1.0
59.0,Female,65.3,1.56,26.83,29.4,164.0,124.0,56.0,0.85,917.0,2.0,2.0,3.7,Endurance,Cardio,0.0,0.0,0.0,0.0,0.0,1.0,1.0
44.4,Male,47.3,1.89,13.24,16.6,179.7,138.1,62.5,1.13,332.9,4.7,2.0,2.29,Muscle Gain,Strength,1.0,1.0,1.0,1.0,0.0,1.0,1.0
30.2,Female,62.9,1.58,25.11,21.0,191.4,118.5,72.0,1.12,424.2,3.6,3.0,2.3,Strength,Strength,1.0,1.0,0.0,0.0,1.0,1.0,0.0
48.6,Male,81.8,1.71,27.86,13.3,184.7,155.7,58.9,0.44,445.5,3.8,2.0,2.8,Weight Loss,HIIT,0.0,0.0,0.0,1.0,1.0,1.0,0.0
45.9,Female,51.9,1.52,22.31,31.2,175.7,106.6,70.4,2.34,780.2,3.3,3.0,2.6,Muscle Gain,Powerlifting,1.0,1.0,1.0,1.0,1.0,0.0,1.0
56.5,Male,87.0,1.74,28.68,19.1,176.1,137.7,66.2,1.64,1363.5,3.3,1.0,3.4,Strength,Strength,1.0,1.0,1.0,0.0,0.0,0.0,1.0
39.8,Female,78.1,1.66,28.5,29.5,194.5,132.4,64.2,2.35,1411.6,3.8,3.0,3.0,Muscle Gain,Powerlifting,1.0,1.0,0.0,0.0,0.0,0.0,0.0
25.2,Female,83.2,1.69,29.08,18.4,186.1,115.1,66.1,1.69,606.6,4.0,2.0,2.4,Muscle Gain,Strength,1.0,1.0,1.0,0.0,1.0,0.0,0.0
19.0,Female,64.8,1.6,25.31,22.3,189.0,149.0,59.0,0.5,880.0,4.0,2.0,1.9,General Fitness,Strength,1.0,1.0,1.0,0.0,0.0,1.0,1.0
29.7,Male,65.3,1.74,21.67,18.2,194.9,110.9,71.0,0.58,107.3,2.7,3.0,1.8,General Fitness,Yoga,0.0,0.0,0.0,0.0,1.0,1.0,1.0
41.0,Female,85.7,1.66,31.1,11.1,170.0,134.0,74.0,1.69,475.0,4.0,1.0,1.5,Muscle Gain,Strength,1.0,1.0,1.0,0.0,1.0,0.0,1.0
43.3,Female,96.2,1.73,32.32,25.4,184.9,149.7,63.7,1.28,901.7,5.4,2.0,4.06,General Fitness,Functional,,,,,,,
53.0,Female,68.9,1.6,26.91,10.2,191.0,155.0,70.0,0.89,874.0,3.0,2.0,1.6,Muscle Gain,Strength,1.0,1.0,1.0,1.0,1.0,0.0,1.0
30.5,Female,60.3,1.51,26.57,18.0,191.5,185.3,50.4,0.88,769.8,4.1,3.0,3.6,Endurance,HIIT,0.0,1.0,0.0,1.0,1.0,0.0,1.0
24.9,Male,74.6,1.74,24.53,17.7,201.1,147.1,56.0,1.37,795.5,3.7,2.0,3.2,General Fitness,Functional,1.0,0.0,1.0,1.0,1.0,0.0,1.0
30.4,Male,77.5,1.63,29.15,18.9,181.4,107.4,66.4,2.43,896.2,3.7,2.0,2.6,Muscle Gain,Powerlifting,0.0,1.0,1.0,0.0,0.0,0.0,0.0
19.2,Male,64.4,1.8,19.78,13.6,195.3,133.6,62.7,1.33,729.0,3.6,3.0,2.8,Muscle Gain,Functional,0.0,0.0,0.0,1.0,1.0,0.0,1.0
36.3,Female,45.0,1.92,12.15,16.3,184.6,139.8,68.1,1.0,275.0,3.5,2.0,3.39,Muscle Gain,Strength,1.0,1.0,1.0,0.0,0.0,0.0,1.0
68.6,Male,65.6,1.75,21.45,18.4,140.0,135.0,66.8,0.64,432.6,3.6,1.0,2.7,General Fitness,Functional,0.0,0.0,0.0,1.0,0.0,0.0,1.0
35.5,Female,90.8,1.7,31.43,29.7,187.4,147.7,70.5,1.68,929.6,1.8,1.0,3.68,Strength,Strength,1.0,0.0,1.0,0.0,1.0,0.0,0.0
18.0,Male,78.0,1.51,34.21,31.4,182.0,169.0,64.0,1.06,990.0,3.0,2.0,3.1,Strength,Strength,1.0,1.0,1.0,1.0,0.0,0.0,1.0
52.0,Female,75.7,1.61,29.2,24.6,181.0,139.0,64.0,2.0,1783.0,2.0,2.0,2.8,Strength,Strength,1.0,1.0,1.0,0.0,1.0,1.0,1.0
31.4,Female,67.3,1.57,27.32,13.4,189.6,151.5,51.3,0.96,949.1,5.5,2.0,3.5,Endurance,Cardio,0.0,0.0,0.0,0.0,1.0,0.0,1.0
26.0,Female,122.7,1.73,41.0,24.3,191.0,151.0,72.0,1.14,524.0,2.0,3.0,1.5,Strength,Strength,1.0,1.0,1.0,0.0,0.0,0.0,1.0
32.4,Male,68.2,1.87,19.54,14.0,188.7,183.7,56.3,0.87,1193.5,2.5,2.0,3.7,Endurance,HIIT,0.0,0.0,0.0,1.0,0.0,1.0,1.0
37.7,Male,56.9,1.65,20.79,14.1,190.9,150.4,73.1,1.3,713.9,4.9,1.0,2.2,Muscle Gain,Functional,1.0,0.0,1.0,1.0,1.0,0.0,1.0
23.0,Female,52.9,1.52,22.91,21.3,201.4,113.9,61.7,1.18,294.5,3.5,2.0,2.5,Muscle Gain,Strength,1.0,1.0,1.0,0.0,1.0,0.0,0.0
25.2,Female,66.3,1.58,26.6,32.4,195.6,109.6,70.8,1.28,510.6,4.2,3.0,2.4,General Fitness,Powerlifting,0.0,1.0,0.0,0.0,0.0,0.0,0.0
32.3,Female,58.6,1.52,25.41,32.1,183.4,111.9,51.9,1.39,372.9,4.7,2.0,2.7,Strength,Powerlifting,1.0,1.0,0.0,0.0,0.0,0.0,0.0
33.6,Female,62.0,1.61,23.97,20.0,196.4,131.5,66.7,1.01,502.8,3.4,3.0,2.1,Strength,Strength,1.0,1.0,1.0,0.0,0.0,0.0,1.0
32.0,Male,56.6,2.0,14.15,14.7,190.0,123.0,65.0,1.25,1309.0,4.0,3.0,3.5,Endurance,HIIT,1.0,0.0,0.0,1.0,1.0,0.0,1.0
29.8,Female,56.0,1.55,23.26,19.1,175.0,170.0,52.8,1.77,845.0,4.4,3.0,4.5,Weight Loss,Cardio,0.0,0.0,0.0,0.0,0.0,0.0,1.0
36.0,Male,53.4,1.75,17.44,26.7,177.0,120.0,70.0,0.68,1257.0,5.0,2.0,2.7,Strength,Strength,0.0,1.0,1.0,1.0,1.0,1.0,1.0
29.0,Female,77.5,1.67,27.72,20.3,196.4,137.5,71.0,1.44,747.4,4.2,3.0,2.6,General Fitness,Strength,1.0,1.0,1.0,1.0,0.0,0.0,1.0
22.9,Male,73.8,1.65,27.11,17.0,184.2,127.4,55.4,1.29,649.8,3.4,3.0,3.0,Muscle Gain,Strength,1.0,1.0,1.0,0.0,1.0,0.0,1.0
43.3,Female,69.0,1.67,24.73,26.4,182.3,135.1,60.8,0.72,401.8,4.0,1.0,2.6,General Fitness,Functional,1.0,0.0,1.0,1.0,0.0,1.0,1.0
58.9,Male,62.2,1.65,22.96,10.8,162.0,157.0,55.6,0.87,683.7,5.3,2.0,2.9,Weight Loss,Cardio,0.0,0.0,0.0,0.0,0.0,0.0,1.0
34.0,Female,79.1,1.73,26.43,30.7,188.0,151.0,58.0,1.32,1191.0,3.0,2.0,3.6,Muscle Gain,Strength,1.0,0.0,1.0,1.0,0.0,1.0,0.0
28.3,Male,95.7,1.84,28.21,23.9,183.7,108.4,68.3,2.39,1328.7,4.9,2.0,2.5,Strength,Powerlifting,1.0,1.0,0.0,0.0,0.0,0.0,0.0
37.0,Male,73.3,1.75,23.99,11.9,183.0,144.1,62.1,0.93,788.6,5.2,2.0,2.6,Endurance,Cardio,0.0,0.0,0.0,0.0,0.0,0.0,1.0
38.3,Male,62.8,1.77,19.96,17.1,182.6,168.5,54.9,0.98,616.9,5.9,2.0,3.7,Weight Loss,Cardio,0.0,0.0,0.0,0.0,1.0,0.0,1.0
46.5,Male,84.5,1.76,27.27,18.3,169.2,131.5,58.8,1.99,1582.7,4.1,3.0,3.2,Strength,Strength,1.0,1.0,1.0,0.0,1.0,1.0,1.0
34.9,Male,99.3,1.65,36.3,34.3,190.5,153.0,65.4,1.82,1041.7,2.3,1.0,3.71,General Fitness,Strength,0.0,1.0,1.0,0.0,1.0,0.0,1.0
59.0,Female,57.4,1.56,23.59,18.5,190.0,156.0,72.0,1.15,813.0,3.0,2.0,2.7,Weight Loss,Cardio,1.0,0.0,0.0,0.0,0.0,0.0,1.0
35.3,Male,92.1,1.72,31.2,22.3,181.2,129.7,73.1,1.63,1056.3,4.8,3.0,3.1,Strength,Powerlifting,0.0,1.0,0.0,0.0,0.0,0.0,1.0
54.2,Male,61.9,1.7,21.43,11.4,170.0,100.7,72.6,1.44,197.5,4.9,3.0,2.2,Flexibility,Yoga,0.0,0.0,0.0,0.0,0.0,1.0,1.0
62.7,Male,56.2,1.68,20.01,17.8,156.3,128.8,52.5,0.69,385.1,3.7,3.0,1.7,Athletic Performance,Functional,0.0,0.0,1.0,1.0,1.0,1.0,1.0
21.6,Female,62.2,1.57,25.32,20.6,204.7,131.3,56.3,1.83,608.0,3.2,3.0,3.2,Muscle Gain,Strength,1.0,1.0,1.0,1.0,1.0,0.0,0.0
27.6,Female,66.8,1.55,27.84,14.9,184.6,166.8,52.1,1.11,1225.8,4.5,2.0,4.0,Weight Loss,Cardio,0.0,0.0,0.0,0.0,0.0,0.0,1.0
39.7,Female,53.5,1.65,19.68,19.8,171.9,166.9,53.0,1.05,763.6,3.4,2.0,3.5,General Fitness,HIIT,1.0,0.0,1.0,0.0,0.0,1.0,0.0
50.9,Female,62.3,1.63,23.34,15.3,154.2,149.2,58.6,0.62,610.6,2.4,2.0,3.3,Endurance,HIIT,0.0,1.0,0.0,1.0,0.0,0.0,1.0
30.2,Female,80.8,1.71,27.58,21.2,185.6,161.2,65.9,0.61,508.1,2.5,3.0,3.2,Weight Loss,HIIT,1.0,1.0,1.0,1.0,1.0,0.0,1.0
19.8,Female,67.2,1.6,26.28,20.5,186.0,181.0,62.5,0.78,962.9,2.9,2.0,3.8,Weight Loss,HIIT,1.0,1.0,0.0,1.0,1.0,0.0,0.0
24.1,Male,61.3,1.72,20.8,13.6,185.5,167.6,59.2,1.34,840.2,3.4,2.0,3.6,Weight Loss,Cardio,0.0,1.0,0.0,0.0,0.0,0.0,1.0
21.0,Male,76.8,1.52,33.24,21.0,191.0,140.0,66.0,1.08,702.0,3.0,2.0,3.6,Weight Loss,Cardio,0.0,0.0,0.0,1.0,1.0,0.0,1.0
27.8,Male,62.2,1.92,16.82,23.6,198.3,161.7,77.1,1.73,858.9,3.1,1.0,3.11,General Fitness,Cardio,0.0,0.0,1.0,1.0,0.0,0.0,1.0
28.2,Male,76.6,1.75,25.01,8.2,201.3,180.4,48.0,0.96,1062.1,2.0,3.0,4.3,Weight Loss,HIIT,1.0,1.0,0.0,1.0,1.0,0.0,1.0
19.0,Male,88.9,1.75,29.07,22.0,193.4,104.7,67.0,1.14,490.5,4.1,3.0,2.7,Strength,Powerlifting,1.0,1.0,0.0,0.0,0.0,0.0,1.0
26.2,Male,83.2,1.83,24.92,14.6,186.4,137.4,70.2,0.94,755.5,3.2,1.0,3.1,Muscle Gain,Strength,1.0,1.0,0.0,0.0,0.0,1.0,0.0
52.3,Male,77.0,1.75,25.23,21.8,169.0,125.7,67.8,1.97,1036.4,3.1,1.0,3.9,Strength,Strength,1.0,0.0,1.0,0.0,0.0,0.0,1.0
44.1,Female,83.8,1.78,26.44,29.6,175.6,140.9,72.2,0.81,408.3,3.2,1.0,2.67,Strength,Strength,1.0,1.0,1.0,0.0,0.0,0.0,0.0
44.9,Male,62.2,1.75,20.42,15.2,166.4,161.4,53.2,1.43,1300.5,4.8,2.0,3.7,Endurance,Cardio,0.0,0.0,0.0,1.0,1.0,0.0,1.0
36.0,Male,91.5,1.76,29.48,22.5,209.2,112.8,67.0,2.33,1107.5,3.1,3.0,2.3,General Fitness,Powerlifting,1.0,1.0,0.0,0.0,0.0,0.0,0.0
23.4,Female,82.6,1.68,29.36,32.2,197.2,134.7,57.0,1.99,1306.0,3.7,2.0,3.4,Muscle Gain,Powerlifting,1.0,1.0,0.0,1.0,0.0,0.0,0.0
26.1,Female,55.1,1.55,23.09,26.7,193.3,114.8,58.1,1.57,367.4,3.1,2.0,2.2,General Fitness,Strength,1.0,1.0,1.0,1.0,0.0,0.0,1.0
22.4,Male,68.7,1.77,21.82,15.9,205.7,161.6,69.7,1.21,923.0,5.5,2.0,3.2,Endurance,Cardio,0.0,0.0,0.0,1.0,0.0,0.0,1.0
25.3,Female,55.4,1.68,19.52,17.3,197.4,164.4,51.1,1.19,1172.3,2.5,3.0,3.9,General Fitness,HIIT,1.0,1.0,0.0,1.0,0.0,0.0,1.0
32.5,Male,61.0,1.73,20.43,15.9,180.5,170.7,67.4,0.55,595.5,4.4,3.0,3.7,Endurance,HIIT,1.0,0.0,0.0,1.0,0.0,0.0,1.0
33.0,Female,108.7,1.75,35.49,24.1,199.0,131.0,74.0,0.86,1080.0,3.0,1.0,1.9,Muscle Gain,Strength,1.0,1.0,1.0,0.0,1.0,0.0,1.0
29.5,Female,61.6,1.61,23.84,18.0,195.9,105.5,64.9,1.25,150.6,3.1,1.0,2.1,Stress Relief,Yoga,0.0,0.0,0.0,0.0,1.0,0.0,1.0
57.0,Female,79.4,1.55,33.05,32.2,160.0,164.0,50.0,1.55,1116.0,2.0,2.0,3.6,General Fitness,Strength,1.0,1.0,1.0,0.0,0.0,0.0,1.0
69.3,Male,98.6,1.8,30.53,23.9,143.5,106.5,72.8,1.86,715.1,3.8,2.0,2.4,General Fitness,Powerlifting,1.0,1.0,0.0,0.0,0.0,0.0,1.0
27.6,Female,67.7,1.61,26.17,32.2,199.4,130.8,64.8,2.02,685.7,4.3,3.0,2.9,General Fitness,Powerlifting,1.0,1.0,0.0,0.0,0.0,1.0,0.0
22.3,Male,71.7,1.64,26.65,15.4,202.9,184.8,52.4,0.64,957.0,3.6,2.0,3.8,Endurance,HIIT,0.0,1.0,0.0,1.0,1.0,0.0,1.0
45.0,Female,99.3,1.93,26.66,24.3,182.0,137.0,50.0,1.23,686.0,3.0,3.0,2.4,Strength,Strength,1.0,1.0,1.0,1.0,0.0,1.0,1.0
22.4,Female,75.2,1.84,22.27,16.2,195.5,154.5,68.1,1.42,674.6,4.3,2.0,3.73,Muscle Gain,Strength,1.0,1.0,1.0,0.0,1.0,0.0,1.0
52.1,Male,81.3,1.45,38.68,30.9,174.9,144.3,74.9,1.6,850.6,3.7,1.0,3.59,Athletic Performance,Strength,,,,,,,
25.3,Female,57.3,1.51,25.09,35.3,204.4,111.7,62.5,1.93,658.5,4.6,2.0,2.8,Strength,Powerlifting,0.0,1.0,0.0,1.0,0.0,0.0,0.0
27.0,Female,45.6,1.73,15.24,18.0,177.0,146.0,74.0,2.0,1108.0,4.0,2.0,2.9,Muscle Gain,Strength,0.0,1.0,1.0,0.0,0.0,0.0,0.0
30.0,Female,61.9,1.55,25.76,27.1,181.0,150.0,72.0,1.93,1117.0,3.0,2.0,3.6,Weight Loss,HIIT,0.0,0.0,1.0,1.0,1.0,0.0,1.0
23.0,Female,69.1,1.63,26.01,21.4,198.0,138.0,57.0,2.0,1549.0,2.0,1.0,3.3,Muscle Gain,Strength,1.0,1.0,1.0,0.0,1.0,0.0,1.0
23.0,Female,62.1,1.83,18.54,26.1,168.0,149.0,51.0,1.39,1135.0,3.0,2.0,2.0,Strength,Strength,1.0,1.0,1.0,0.0,1.0,0.0,0.0
22.2,Female,64.0,1.59,25.4,31.4,195.0,179.8,65.4,0.91,602.5,1.9,2.0,3.13,Endurance,HIIT,0.0,0.0,0.0,1.0,0.0,0.0,1.0
21.5,Male,100.2,1.91,27.43,,203.0,114.6,57.9,1.02,607.2,4.2,2.0,2.7,Strength,Strength,1.0,0.0,1.0,1.0,0.0,0.0,1.0
31.7,Male,95.8,1.79,30.05,19.5,201.0,127.0,63.0,2.13,983.7,4.3,3.0,3.1,Muscle Gain,Powerlifting,1.0,1.0,0.0,0.0,1.0,0.0,1.0
29.0,Male,82.5,1.79,25.75,10.0,190.0,132.0,69.0,0.9,664.0,2.0,1.0,2.3,General Fitness,Strength,1.0,1.0,1.0,0.0,0.0,0.0,0.0
55.0,Female,65.3,1.83,19.5,27.6,194.0,162.0,72.0,1.99,1374.0,3.0,1.0,2.0,Endurance,HIIT,0.0,0.0,0.0,1.0,1.0,0.0,1.0
39.0,Male,59.3,1.62,22.61,17.1,171.7,166.7,52.7,0.41,255.4,2.2,3.0,2.9,Endurance,HIIT,0.0,1.0,1.0,1.0,1.0,0.0,1.0
28.6,Male,70.2,1.85,20.58,19.9,196.2,137.7,72.8,0.84,446.5,4.5,2.0,2.4,Athletic Performance,Functional,1.0,0.0,0.0,1.0,1.0,0.0,1.0
27.3,Female,72.0,1.47,33.3,,201.0,184.3,52.6,0.91,682.1,5.0,3.0,3.02,Endurance,HIIT,0.0,0.0,0.0,0.0,0.0,1.0,1.0
22.0,Female,40.0,1.75,13.06,27.0,181.0,155.0,50.0,2.0,998.0,3.0,1.0,1.8,Strength,Strength,1.0,1.0,1.0,0.0,0.0,0.0,0.0
43.8,Female,69.7,1.6,27.2,19.6,173.2,168.2,52.6,0.83,651.9,4.3,3.0,3.9,General Fitness,HIIT,0.0,0.0,0.0,1.0,0.0,0.0,1.0
68.0,Female,63.5,1.61,24.4,28.4,148.3,102.4,63.3,1.25,380.2,3.0,3.0,2.0,Muscle Gain,Powerlifting,0.0,1.0,0.0,1.0,1.0,0.0,0.0
20.0,Male,75.5,1.71,25.9,9.4,207.4,163.6,57.7,0.87,615.9,4.3,2.0,4.2,General Fitness,Cardio,0.0,0.0,0.0,0.0,0.0,0.0,1.0
19.9,Male,75.3,1.77,24.02,14.3,188.4,142.1,47.1,1.4,1273.0,3.5,1.0,3.3,General Fitness,Cardio,0.0,0.0,0.0,1.0,1.0,0.0,0.0
18.0,Male,89.2,1.88,25.24,29.7,189.0,167.0,58.0,2.0,1126.0,4.0,2.0,3.5,General Fitness,Cardio,0.0,0.0,0.0,0.0,0.0,0.0,1.0
28.0,Male,58.0,1.77,18.51,21.3,179.0,157.0,74.0,1.59,1145.0,2.0,3.0,1.5,Muscle Gain,Strength,1.0,0.0,1.0,0.0,1.0,1.0,0.0
33.4,Male,48.8,1.57,19.86,16.7,176.7,166.9,61.5,0.85,531.0,3.8,2.0,3.9,General Fitness,Cardio,0.0,0.0,0.0,0.0,0.0,0.0,1.0
33.5,Male,78.5,1.74,25.83,12.7,181.4,132.5,65.4,1.14,777.4,4.8,3.0,2.9,Muscle Gain,Functional,1.0,0.0,1.0,1.0,0.0,0.0,1.0
21.6,Male,62.6,1.55,26.07,16.1,188.0,150.4,57.6,0.62,373.4,3.6,3.0,2.7,General Fitness,Cardio,0.0,0.0,0.0,0.0,0.0,0.0,1.0
26.6,Female,57.4,1.64,21.4,23.3,191.4,182.3,59.3,1.18,681.1,4.2,2.0,3.6,General Fitness,HIIT,1.0,0.0,0.0,1.0,0.0,0.0,1.0
18.8,Female,66.9,2.05,15.92,19.4,194.2,146.9,66.2,0.9,381.0,5.0,3.0,3.46,Muscle Gain,Strength,1.0,1.0,0.0,1.0,0.0,0.0,0.0
47.5,Female,90.3,1.53,38.8,38.3,164.7,145.6,69.5,1.22,756.3,2.6,1.0,3.19,Endurance,Cardio,0.0,0.0,0.0,0.0,0.0,1.0,1.0
19.8,Female,78.6,1.95,20.59,18.7,193.4,146.3,58.8,0.77,379.3,3.7,3.0,3.23,General Fitness,Strength,1.0,1.0,1.0,0.0,0.0,1.0,1.0
20.0,Male,92.4,1.82,27.92,15.2,201.2,120.2,58.3,1.63,1190.3,4.7,1.0,2.5,Strength,Strength,1.0,1.0,1.0,0.0,0.0,0.0,1.0
52.6,Male,92.4,1.8,28.38,23.7,179.5,111.6,67.6,1.01,548.2,3.5,3.0,2.1,General Fitness,Powerlifting,1.0,1.0,1.0,1.0,0.0,0.0,0.0
54.6,Female,48.3,1.58,19.4,17.7,168.9,96.6,57.7,1.0,153.4,2.2,2.0,2.6,Flexibility,Yoga,0.0,0.0,0.0,0.0,1.0,0.0,1.0
30.2,Male,81.3,1.76,26.38,14.7,193.5,141.6,58.8,1.14,903.2,4.7,1.0,3.2,General Fitness,Functional,1.0,0.0,1.0,1.0,1.0,1.0,0.0
62.7,Female,74.7,1.67,26.85,15.9,165.6,160.6,60.2,0.54,508.0,5.3,1.0,3.2,Endurance,Cardio,0.0,0.0,0.0,0.0,1.0,0.0,1.0
27.1,Female,77.8,1.61,29.99,26.4,179.4,128.3,68.1,1.02,594.1,3.2,2.0,2.3,Muscle Gain,Strength,1.0,1.0,1.0,1.0,0.0,0.0,1.0
39.3,Male,78.2,1.84,23.13,17.9,181.0,99.2,47.4,0.89,117.6,5.5,3.0,2.0,General Fitness,Yoga,0.0,0.0,0.0,0.0,1.0,0.0,1.0
26.6,Female,59.4,1.63,22.39,18.8,196.5,134.4,55.1,1.42,649.0,3.5,2.0,2.9,Muscle Gain,Functional,0.0,0.0,1.0,0.0,1.0,0.0,1.0
24.4,Male,79.7,1.81,24.41,17.9,200.1,171.4,57.1,1.14,1385.4,4.0,2.0,3.6,Weight Loss,HIIT,0.0,0.0,0.0,1.0,0.0,0.0,0.0
29.4,Male,47.9,1.49,21.72,13.1,192.0,145.7,68.8,1.62,469.3,4.3,2.0,3.25,Muscle Gain,Strength,1.0,0.0,1.0,0.0,0.0,0.0,0.0
64.4,Female,57.1,1.55,23.88,17.8,144.5,124.9,66.7,1.63,657.4,1.6,2.0,3.86,Weight Loss,Cardio,0.0,0.0,0.0,0.0,0.0,1.0,1.0
49.9,Male,50.5,1.63,19.09,,169.2,164.2,58.5,0.73,623.5,4.7,2.0,2.8,General Fitness,HIIT,0.0,0.0,1.0,1.0,0.0,1.0,1.0
54.0,Male,55.2,1.8,17.04,27.0,168.0,137.0,55.0,2.0,1472.0,4.0,2.0,3.1,Weight Loss,HIIT,1.0,0.0,0.0,1.0,1.0,1.0,1.0
18.0,Female,69.1,1.64,25.69,26.0,183.0,139.0,73.0,1.32,1002.0,5.0,1.0,1.5,Muscle Gain,Strength,0.0,1.0,1.0,0.0,1.0,0.0,0.0
27.7,Female,88.9,1.8,27.44,14.3,191.6,170.4,58.7,1.05,1167.0,2.2,2.0,3.1,Weight Loss,HIIT,0.0,0.0,0.0,1.0,1.0,0.0,1.0
49.8,Female,56.0,1.72,18.86,13.8,174.1,167.0,78.1,0.76,475.8,4.0,3.0,2.28,Endurance,HIIT,0.0,1.0,1.0,1.0,1.0,0.0,1.0
23.0,Male,89.0,1.82,26.87,31.2,197.6,176.7,64.5,0.89,849.5,2.1,1.0,3.61,Endurance,HIIT,0.0,0.0,1.0,1.0,0.0,0.0,1.0
32.6,Female,58.3,1.61,22.48,19.5,184.4,132.3,64.3,1.02,530.9,4.3,2.0,3.1,General Fitness,Functional,1.0,0.0,1.0,1.0,1.0,0.0,1.0
16.0,Male,59.4,1.69,20.75,24.3,195.9,160.4,67.5,1.54,645.0,1.8,2.0,3.17,Endurance,Cardio,0.0,0.0,1.0,1.0,0.0,0.0,1.0
17.3,Male,45.0,1.79,13.99,23.8,198.0,169.8,74.7,1.35,437.1,3.6,2.0,3.05,Weight Loss,Cardio,0.0,1.0,0.0,0.0,0.0,0.0,1.0
48.6,Female,50.3,1.66,18.17,20.1,173.5,104.2,66.8,0.73,113.0,5.0,1.0,2.4,General Fitness,Yoga,1.0,0.0,0.0,0.0,0.0,0.0,1.0
52.1,Female,87.9,1.7,30.5,28.8,168.8,145.6,63.9,2.27,1472.5,2.8,2.0,3.37,Endurance,Cardio,1.0,0.0,1.0,1.0,1.0,1.0,1.0
47.9,Male,112.2,1.9,31.16,18.0,172.4,126.1,61.1,1.92,1054.3,4.7,2.0,3.3,Muscle Gain,Powerlifting,1.0,1.0,1.0,0.0,0.0,0.0,0.0
27.1,Female,91.7,1.74,30.34,22.3,192.7,130.8,63.1,1.31,893.3,4.8,2.0,2.8,Muscle Gain,Powerlifting,0.0,1.0,0.0,0.0,0.0,0.0,0.0
20.0,Male,70.5,1.65,25.9,15.5,179.0,144.0,74.0,0.6,1151.0,2.0,2.0,3.5,Strength,Strength,1.0,0.0,1.0,0.0,0.0,0.0,1.0
34.3,Female,54.7,1.6,21.38,22.2,170.4,133.2,69.5,1.11,497.2,4.3,1.0,3.7,Strength,Strength,1.0,1.0,1.0,1.0,0.0,0.0,1.0
26.8,Female,59.2,1.68,20.94,20.8,189.1,170.1,45.0,1.02,738.4,3.8,2.0,3.5,Weight Loss,Cardio,0.0,0.0,1.0,1.0,1.0,0.0,1.0
35.1,Male,86.2,1.84,25.35,18.4,175.9,147.1,67.1,0.62,424.2,4.1,3.0,2.0,General Fitness,Functional,1.0,0.0,0.0,1.0,1.0,0.0,1.0
39.2,Female,81.3,1.49,36.61,27.8,179.4,132.0,60.0,1.74,920.7,3.6,2.0,3.71,Muscle Gain,Strength,1.0,1.0,1.0,1.0,0.0,0.0,0.0
49.7,Female,89.9,1.75,29.5,32.1,161.2,114.5,65.7,1.17,509.4,3.5,2.0,2.9,Muscle Gain,Powerlifting,1.0,1.0,0.0,1.0,0.0,0.0,0.0
29.7,Male,87.3,1.76,28.04,19.0,185.6,104.1,60.4,2.23,764.9,4.6,3.0,3.0,Strength,Powerlifting,1.0,1.0,1.0,0.0,1.0,0.0,0.0
44.0,Female,84.8,2.0,21.2,12.1,196.0,155.0,70.0,1.66,1439.0,2.0,1.0,1.7,Weight Loss,HIIT,0.0,0.0,0.0,1.0,1.0,0.0,1.0
33.7,Female,69.0,1.71,23.49,,184.3,136.8,64.0,1.29,569.7,5.5,3.0,3.07,Muscle Gain,Strength,1.0,1.0,0.0,0.0,0.0,1.0,0.0
38.4,Male,55.5,1.74,18.34,16.5,180.2,90.4,49.9,1.18,195.6,5.8,3.0,,Flexibility,Yoga,0.0,1.0,0.0,0.0,0.0,1.0,1.0
18.0,Female,82.7,1.79,25.81,21.8,171.0,167.0,69.0,1.09,1305.0,2.0,1.0,2.1,Weight Loss,HIIT,1.0,1.0,1.0,1.0,1.0,0.0,1.0
25.2,Female,51.1,1.6,20.05,17.9,202.2,168.7,50.1,1.08,736.3,4.1,3.0,3.7,Endurance,HIIT,0.0,1.0,0.0,1.0,1.0,1.0,1.0
52.8,Male,76.5,1.87,21.94,15.4,174.1,169.1,54.9,0.92,1132.6,4.3,2.0,3.6,Weight Loss,HIIT,0.0,1.0,1.0,0.0,0.0,0.0,1.0
37.1,Female,58.9,1.59,23.32,21.1,187.4,175.5,68.1,1.03,843.0,5.9,3.0,4.9,Endurance,Cardio,1.0,0.0,0.0,0.0,0.0,0.0,1.0
40.4,Male,72.0,1.77,22.98,22.3,180.2,140.3,67.1,2.19,1047.1,2.3,2.0,4.03,Muscle Gain,Strength,0.0,0.0,1.0,0.0,0.0,1.0,0.0
54.0,Female,76.8,1.79,23.97,20.7,189.0,132.0,64.0,1.32,815.0,4.0,1.0,2.1,Muscle Gain,Strength,1.0,0.0,1.0,0.0,0.0,0.0,1.0
22.0,Male,128.4,1.73,42.9,16.7,166.0,169.0,50.0,1.53,914.0,3.0,2.0,2.8,Endurance,HIIT,0.0,0.0,0.0,1.0,0.0,0.0,1.0
47.2,Male,67.7,1.59,26.75,15.7,178.6,153.0,51.0,1.12,580.3,3.8,2.0,3.7,Weight Loss,Cardio,0.0,0.0,0.0,0.0,0.0,0.0,1.0
44.0,Male,63.3,1.88,17.91,16.5,189.0,150.0,74.0,1.02,1184.0,4.0,1.0,3.5,Strength,Strength,1.0,1.0,1.0,0.0,0.0,0.0,1.0
16.0,Male,67.5,1.69,23.62,24.0,207.1,174.3,71.7,1.74,836.7,2.3,1.0,3.15,Weight Loss,Cardio,1.0,0.0,0.0,0.0,0.0,0.0,1.0
69.5,Male,79.6,1.84,23.54,15.0,146.1,141.1,67.5,0.67,551.7,3.1,1.0,2.8,Athletic Performance,Functional,1.0,0.0,0.0,1.0,1.0,0.0,1.0
56.0,Female,85.2,1.6,33.28,26.5,163.0,151.0,51.0,1.25,672.0,3.0,1.0,1.7,Strength,Strength,1.0,0.0,1.0,0.0,0.0,1.0,1.0
43.1,Female,46.2,1.57,18.8,23.1,188.5,115.0,52.9,1.11,94.2,3.3,3.0,2.3,Flexibility,Yoga,0.0,1.0,0.0,1.0,1.0,1.0,1.0
20.6,Male,86.2,1.83,25.76,25.4,201.6,110.1,77.7,1.76,1035.4,3.7,2.0,2.9,Strength,Powerlifting,1.0,1.0,0.0,1.0,1.0,0.0,1.0
42.9,Female,87.2,1.98,22.19,17.5,173.8,133.5,59.2,1.32,679.8,3.4,1.0,3.38,Strength,Strength,1.0,1.0,1.0,1.0,0.0,0.0,0.0
31.0,Male,53.0,1.83,15.83,23.6,182.0,149.0,55.0,1.33,821.0,4.0,3.0,3.4,Strength,Strength,1.0,1.0,1.0,0.0,1.0,0.0,1.0
46.1,Female,61.9,1.71,21.15,24.1,166.1,161.1,55.5,1.13,836.7,3.0,3.0,3.9,Endurance,HIIT,1.0,1.0,0.0,1.0,0.0,0.0,1.0
43.1,Female,73.6,1.68,26.05,25.0,191.5,101.2,80.8,2.09,514.0,4.2,2.0,2.6,Muscle Gain,Powerlifting,0.0,1.0,0.0,0.0,0.0,0.0,1.0
23.9,Female,72.6,1.65,26.82,20.3,210.0,129.3,63.7,1.37,1059.2,4.2,3.0,2.8,General Fitness,Functional,1.0,0.0,1.0,1.0,0.0,1.0,1.0
27.3,Male,57.1,1.64,21.15,12.9,196.1,180.9,52.9,0.56,390.1,3.3,3.0,3.7,Endurance,HIIT,0.0,1.0,1.0,1.0,0.0,0.0,1.0
51.0,Male,52.0,1.92,14.11,25.7,173.0,164.0,74.0,1.31,706.0,2.0,1.0,1.5,Endurance,Cardio,0.0,0.0,0.0,0.0,0.0,0.0,1.0
28.3,Female,47.4,1.64,17.68,23.4,194.7,156.6,70.2,1.91,614.8,2.2,2.0,3.22,Athletic Performance,Functional,,,,,,,
49.0,Male,40.0,1.76,12.91,11.2,193.0,124.0,72.0,1.3,1196.0,4.0,2.0,2.2,Endurance,Cardio,0.0,0.0,0.0,0.0,1.0,0.0,1.0
42.0,Male,46.2,1.72,15.62,24.6,167.0,130.0,69.0,1.19,945.0,2.0,3.0,2.9,General Fitness,HIIT,0.0,0.0,0.0,1.0,1.0,0.0,1.0
34.0,Female,67.5,1.67,24.07,25.3,183.3,115.7,71.9,1.08,176.1,3.7,3.0,2.3,General Fitness,Yoga,1.0,0.0,0.0,0.0,1.0,1.0,1.0
35.6,Female,95.9,1.74,31.49,32.8,183.5,110.3,68.6,1.74,820.4,3.9,2.0,2.9,Muscle Gain,Powerlifting,1.0,1.0,0.0,0.0,0.0,1.0,1.0
34.1,Male,67.8,1.75,22.14,20.1,187.0,134.8,69.2,1.74,1088.8,3.4,2.0,3.0,Strength,Strength,1.0,0.0,0.0,0.0,0.0,0.0,0.0
36.2,Male,89.1,1.8,27.37,15.5,186.1,159.3,45.0,1.17,1671.8,4.5,2.0,3.3,Weight Loss,HIIT,1.0,1.0,0.0,1.0,1.0,0.0,1.0
38.8,Male,104.9,1.84,30.99,26.0,185.4,181.6,56.0,0.47,509.1,2.9,1.0,3.1,Weight Loss,HIIT,1.0,0.0,0.0,0.0,0.0,1.0,1.0
43.1,Male,100.7,1.9,27.83,18.5,187.4,127.6,63.4,1.25,976.0,3.9,3.0,2.2,Muscle Gain,Strength,1.0,1.0,1.0,1.0,1.0,0.0,0.0
20.2,Female,66.6,1.68,23.49,19.9,196.6,136.9,60.6,1.08,538.5,4.9,2.0,2.5,General Fitness,Strength,0.0,1.0,1.0,1.0,0.0,0.0,0.0
43.8,Male,72.2,1.71,24.6,11.1,184.1,160.6,46.3,0.48,536.4,4.4,3.0,2.6,Weight Loss,HIIT,0.0,0.0,0.0,1.0,1.0,1.0,1.0
34.9,Female,69.3,1.58,27.65,20.4,200.9,113.0,78.8,1.36,227.6,2.2,2.0,2.1,General Fitness,Yoga,0.0,0.0,0.0,1.0,1.0,0.0,1.0
51.9,Female,81.7,1.85,23.84,22.1,162.5,124.2,61.7,1.68,891.1,2.9,2.0,3.11,Strength,Strength,1.0,1.0,0.0,1.0,1.0,1.0,1.0
42.5,Female,75.1,1.81,22.94,26.7,176.8,145.6,68.4,1.88,888.4,4.0,2.0,3.84,General Fitness,Functional,,,,,,,
19.8,Male,86.8,1.82,26.24,15.6,201.7,150.1,68.7,0.74,691.6,4.2,2.0,2.6,Athletic Performance,Functional,1.0,0.0,0.0,1.0,1.0,0.0,1.0
54.3,Female,71.3,1.61,27.54,27.7,171.3,131.3,62.8,1.86,821.4,3.2,3.0,2.6,Muscle Gain,Powerlifting,0.0,1.0,0.0,0.0,1.0,0.0,1.0
59.2,Female,80.6,1.7,27.9,20.6,174.7,168.3,53.7,0.76,776.5,3.1,3.0,3.8,Endurance,HIIT,1.0,1.0,0.0,1.0,1.0,0.0,1.0
41.5,Female,67.5,1.61,26.12,24.8,171.0,118.9,57.5,1.83,738.2,4.8,2.0,3.1,Strength,Strength,1.0,1.0,1.0,0.0,0.0,0.0,0.0
39.3,Female,61.1,1.64,22.8,33.2,176.5,125.6,66.6,1.71,603.9,4.2,3.0,3.3,Muscle Gain,Powerlifting,1.0,1.0,1.0,0.0,0.0,0.0,0.0
56.4,Male,75.7,1.68,26.97,17.6,156.8,151.8,55.1,1.16,947.9,4.1,3.0,2.9,Weight Loss,HIIT,1.0,0.0,0.0,0.0,1.0,1.0,1.0
26.2,Male,89.3,1.75,29.12,22.9,200.6,111.1,69.8,2.19,1249.5,4.3,3.0,3.1,Muscle Gain,Powerlifting,0.0,1.0,0.0,0.0,0.0,0.0,1.0
32.5,Female,75.5,1.79,23.5,24.7,193.3,127.0,76.5,0.98,260.9,4.3,2.0,2.82,General Fitness,Yoga,0.0,0.0,0.0,0.0,1.0,1.0,1.0
26.3,Female,69.9,1.62,26.61,18.2,206.5,151.9,57.7,0.85,616.2,4.8,1.0,3.2,Athletic Performance,Functional,0.0,0.0,0.0,1.0,0.0,0.0,1.0
28.1,Male,65.2,1.71,22.22,18.5,194.7,141.1,53.7,0.58,316.8,3.5,3.0,3.1,Weight Loss,Cardio,0.0,0.0,0.0,0.0,0.0,0.0,1.0
18.0,Male,64.7,1.67,23.2,26.0,167.0,152.0,74.0,1.38,1506.0,4.0,3.0,1.7,Weight Loss,HIIT,0.0,0.0,0.0,1.0,0.0,0.0,1.0
25.5,Male,74.6,1.68,26.33,16.8,201.5,172.4,48.3,1.28,1112.2,4.2,3.0,4.4,Weight Loss,Cardio,0.0,1.0,0.0,1.0,0.0,0.0,1.0
22.7,Male,78.7,1.94,20.91,24.9,184.7,145.2,64.0,1.46,837.9,3.4,2.0,3.09,Muscle Gain,Strength,1.0,1.0,0.0,0.0,0.0,0.0,0.0
40.3,Female,67.0,1.59,26.4,31.4,184.3,167.3,65.6,0.75,521.4,2.0,1.0,3.43,Endurance,HIIT,1.0,0.0,0.0,0.0,0.0,1.0,1.0
29.4,Female,48.4,1.5,21.39,23.1,171.3,143.0,60.2,1.68,1011.6,3.7,3.0,3.3,Endurance,Cardio,1.0,0.0,0.0,0.0,0.0,0.0,1.0
42.1,Male,56.6,1.72,19.06,16.3,185.9,169.4,77.6,0.74,419.0,2.8,2.0,2.99,Weight Loss,HIIT,1.0,1.0,0.0,0.0,1.0,0.0,1.0
55.4,Male,70.5,1.8,21.68,10.1,160.9,155.9,59.8,0.65,411.3,3.1,3.0,2.8,General Fitness,HIIT,0.0,1.0,0.0,1.0,1.0,0.0,1.0
56.9,Female,57.9,1.66,20.94,22.3,163.0,130.5,65.1,1.38,857.9,4.1,2.0,3.1,Athletic Performance,Functional,1.0,0.0,0.0,1.0,0.0,0.0,1.0
26.0,Male,65.3,1.77,20.84,30.8,164.0,147.0,56.0,1.2,1091.0,3.0,3.0,1.6,Muscle Gain,Strength,1.0,1.0,1.0,0.0,0.0,0.0,1.0
26.0,Male,55.9,1.61,21.57,21.1,192.0,133.0,74.0,1.0,1133.0,5.0,1.0,2.6,Weight Loss,Cardio,0.0,0.0,0.0,1.0,0.0,0.0,1.0
58.8,Male,99.5,1.75,32.42,33.8,160.0,136.2,68.3,0.93,641.7,2.8,1.0,3.15,General Fitness,Strength,,,,,,,
22.2,Male,66.7,1.75,21.86,11.7,181.5,176.5,62.6,0.82,730.7,3.1,2.0,3.0,Endurance,HIIT,1.0,0.0,0.0,0.0,0.0,0.0,1.0
46.0,Female,82.9,1.74,27.38,24.3,194.0,165.0,52.0,2.0,1107.0,3.0,3.0,3.1,Endurance,Cardio,0.0,0.0,0.0,0.0,0.0,0.0,1.0
16.0,Female,52.0,1.76,16.72,8.7,196.6,192.4,66.1,1.13,612.2,4.9,3.0,3.24,Endurance,HIIT,1.0,1.0,0.0,1.0,1.0,0.0,0.0
21.0,Female,80.0,1.67,28.69,29.8,167.0,169.0,57.0,0.94,899.0,3.0,2.0,3.1,Strength,Strength,1.0,1.0,0.0,0.0,0.0,0.0,1.0
26.0,Female,77.2,1.64,28.7,22.7,168.0,162.0,64.0,1.25,438.0,4.0,2.0,2.4,General Fitness,Strength,1.0,1.0,1.0,0.0,0.0,0.0,1.0
27.8,Male,96.0,1.88,27.17,18.9,201.1,126.6,60.7,0.75,643.6,3.2,3.0,2.1,Muscle Gain,Strength,1.0,1.0,1.0,0.0,1.0,0.0,1.0
57.0,Female,98.3,1.71,33.62,22.7,162.0,126.0,61.0,0.95,366.0,3.0,2.0,3.3,Endurance,HIIT,0.0,1.0,0.0,1.0,1.0,0.0,1.0
39.3,Female,58.2,1.58,23.21,,183.9,172.4,46.2,0.8,806.8,4.6,2.0,3.4,Endurance,Cardio,0.0,0.0,0.0,1.0,0.0,0.0,1.0
18.1,Female,54.5,1.71,18.61,19.2,210.0,172.4,76.0,2.0,693.4,4.4,2.0,3.93,General Fitness,Strength,,,,,,,
28.8,Male,58.0,1.6,22.69,19.5,189.3,132.2,63.1,1.31,599.5,4.9,1.0,3.4,General Fitness,Strength,1.0,1.0,1.0,1.0,0.0,0.0,1.0
29.0,Female,57.0,1.7,19.72,17.7,168.0,160.0,61.0,0.74,976.0,4.0,3.0,2.8,Strength,Strength,1.0,1.0,1.0,0.0,0.0,1.0,0.0
46.4,Male,67.8,1.8,20.87,23.6,169.6,135.5,64.8,1.66,747.0,3.0,1.0,4.05,Athletic Performance,Functional,,,,,,,
31.0,Female,73.9,1.68,26.21,23.1,198.0,182.9,71.5,1.09,973.9,3.4,3.0,4.3,Endurance,HIIT,0.0,0.0,0.0,1.0,0.0,1.0,1.0
56.0,Male,54.7,1.72,18.45,19.8,170.4,95.5,68.0,1.45,169.4,4.7,1.0,2.2,Stress Relief,Yoga,0.0,0.0,0.0,0.0,1.0,1.0,1.0
39.0,Female,67.8,1.59,26.82,25.9,164.0,158.0,74.0,1.65,1374.0,5.0,2.0,2.6,Muscle Gain,Strength,1.0,1.0,1.0,0.0,0.0,0.0,0.0
28.5,Male,76.2,1.75,24.79,29.6,188.0,155.8,65.3,1.27,766.9,2.3,1.0,3.55,Weight Loss,Cardio,0.0,0.0,0.0,1.0,0.0,0.0,1.0
40.0,Male,70.0,1.56,28.78,29.9,182.4,142.7,70.3,1.12,500.1,2.6,2.0,3.23,Strength,Strength,1.0,1.0,1.0,0.0,1.0,1.0,1.0
35.7,Male,65.4,1.84,19.26,13.9,187.2,111.6,63.1,1.36,246.8,2.6,2.0,2.3,General Fitness,Yoga,0.0,1.0,0.0,0.0,0.0,0.0,1.0
35.1,Male,87.7,1.8,26.92,27.5,184.2,141.7,67.5,1.08,599.3,3.1,2.0,2.86,Muscle Gain,Strength,1.0,0.0,0.0,0.0,0.0,1.0,1.0
29.7,Female,59.6,1.75,19.48,19.8,183.0,148.5,67.3,1.17,462.0,2.3,1.0,3.5,Muscle Gain,Strength,,,,,,,
25.0,Female,58.2,1.61,22.44,22.9,185.5,143.1,69.9,1.94,1065.4,4.2,2.0,3.5,General Fitness,Strength,1.0,1.0,1.0,0.0,0.0,0.0,0.0
35.3,Female,59.9,1.7,20.84,27.8,185.3,136.5,63.2,0.94,403.8,3.9,2.0,1.8,General Fitness,Functional,1.0,1.0,1.0,0.0,1.0,0.0,1.0
28.0,Female,68.1,1.63,25.74,19.5,207.4,133.8,76.7,1.62,578.7,3.6,3.0,3.0,Strength,Strength,1.0,0.0,1.0,0.0,0.0,0.0,1.0
25.0,Female,61.4,1.7,21.25,32.5,172.0,166.0,72.0,1.28,1064.0,3.0,2.0,3.0,Muscle Gain,Strength,1.0,1.0,1.0,0.0,0.0,0.0,0.0
28.6,Female,73.3,1.69,25.57,15.0,193.0,188.0,76.1,0.94,1459.7,4.8,3.0,3.5,Endurance,HIIT,0.0,0.0,0.0,0.0,1.0,1.0,0.0
33.3,Male,99.4,1.75,32.47,30.0,179.5,122.6,71.2,0.78,311.9,2.7,2.0,3.22,Flexibility,Yoga,0.0,0.0,0.0,0.0,0.0,0.0,1.0
48.2,Female,68.8,1.59,27.07,23.8,185.0,140.4,61.2,0.81,496.2,3.2,3.0,3.4,Weight Loss,Cardio,0.0,0.0,1.0,0.0,0.0,0.0,1.0
23.4,Male,67.5,1.72,22.82,21.2,199.0,110.9,84.4,1.42,293.7,4.5,1.0,2.5,Stress Relief,Yoga,0.0,0.0,0.0,0.0,1.0,1.0,1.0
27.5,Female,70.0,1.59,27.58,23.3,205.1,161.9,54.5,0.83,664.7,4.0,3.0,3.8,Weight Loss,HIIT,0.0,1.0,0.0,1.0,0.0,1.0,1.0
41.0,Male,40.2,1.76,12.98,18.8,198.0,135.0,56.0,1.93,964.0,4.0,1.0,3.4,General Fitness,Strength,1.0,1.0,1.0,0.0,0.0,1.0,0.0
46.2,Male,66.0,1.61,25.43,8.1,165.6,160.6,59.6,0.7,653.5,4.3,2.0,3.3,Weight Loss,Cardio,0.0,0.0,0.0,1.0,1.0,0.0,1.0
33.0,Male,85.0,1.73,28.4,16.6,161.0,128.0,64.0,1.34,812.0,4.0,1.0,3.2,Strength,Strength,1.0,1.0,1.0,0.0,0.0,0.0,1.0
27.7,Female,67.7,1.71,23.03,20.4,176.5,119.5,61.8,1.72,748.3,3.7,1.0,2.5,General Fitness,Strength,1.0,1.0,1.0,1.0,0.0,0.0,1.0
31.0,Male,84.5,1.56,34.72,23.6,194.0,124.0,70.0,1.31,734.0,2.0,2.0,3.3,Muscle Gain,Strength,1.0,1.0,0.0,1.0,1.0,0.0,1.0
29.0,Female,48.2,1.64,17.94,22.2,189.9,101.5,56.4,1.38,204.5,3.0,1.0,2.6,Flexibility,Yoga,1.0,1.0,1.0,0.0,1.0,0.0,1.0
33.7,Female,60.7,1.56,24.83,22.0,200.4,130.4,63.0,0.6,345.4,3.1,2.0,3.0,Muscle Gain,Functional,1.0,0.0,0.0,1.0,1.0,0.0,1.0
50.6,Female,45.0,1.85,13.16,28.0,172.8,144.2,66.2,1.11,350.2,1.5,1.0,3.42,Muscle Gain,Functional,,,,,,,
36.0,Female,64.2,1.78,20.26,31.9,192.0,130.0,74.0,1.38,1708.0,3.0,1.0,2.1,Muscle Gain,Strength,1.0,1.0,1.0,0.0,0.0,0.0,1.0
30.6,Female,49.0,1.63,18.51,19.6,182.5,153.6,64.1,1.54,528.9,5.3,2.0,2.81,Endurance,Cardio,0.0,0.0,0.0,0.0,0.0,1.0,1.0
40.0,Male,97.4,1.66,35.35,20.8,166.0,149.0,60.0,1.16,700.0,2.0,2.0,2.8,Weight Loss,HIIT,1.0,1.0,0.0,1.0,1.0,1.0,1.0
54.0,Male,68.9,1.78,21.75,30.7,187.0,155.0,60.0,1.42,913.0,3.0,1.0,3.4,Muscle Gain,Strength,1.0,1.0,1.0,0.0,1.0,0.0,0.0
54.0,Male,87.7,1.83,26.11,19.1,164.4,110.5,63.4,1.96,947.4,3.9,3.0,2.2,General Fitness,Powerlifting,0.0,1.0,1.0,0.0,0.0,0.0,1.0
45.8,Female,91.0,1.96,23.62,21.6,175.5,144.4,61.3,1.6,1123.0,3.1,2.0,3.17,Endurance,Cardio,1.0,1.0,0.0,0.0,0.0,0.0,1.0
30.0,Male,60.1,1.93,16.13,29.7,187.0,140.0,58.0,1.48,875.0,5.0,1.0,3.1,Endurance,HIIT,0.0,0.0,0.0,1.0,1.0,0.0,0.0
18.0,Female,67.0,1.51,29.39,30.9,210.0,126.8,65.9,1.96,829.1,4.0,3.0,2.7,Muscle Gain,Powerlifting,1.0,1.0,1.0,0.0,0.0,0.0,0.0
35.7,Female,52.7,1.8,16.24,11.4,161.7,129.5,64.0,0.56,179.6,4.9,3.0,2.95,Muscle Gain,Strength,1.0,0.0,1.0,0.0,0.0,0.0,1.0
65.5,Male,75.5,1.82,22.88,15.9,153.0,112.5,71.7,1.62,637.8,3.1,3.0,2.2,Muscle Gain,Strength,1.0,1.0,1.0,1.0,1.0,1.0,0.0
41.4,Male,61.8,1.68,21.82,21.1,175.3,117.1,70.2,1.04,224.9,4.9,3.0,3.31,Stress Relief,Yoga,0.0,0.0,0.0,0.0,0.0,1.0,1.0
34.0,Male,40.0,1.82,12.08,24.1,176.0,141.0,66.0,1.34,1709.0,4.0,1.0,3.0,Endurance,Cardio,0.0,0.0,0.0,0.0,0.0,0.0,1.0
35.2,Female,74.1,1.63,27.91,27.6,185.6,114.1,70.1,1.36,655.9,3.3,3.0,2.8,Muscle Gain,Strength,1.0,1.0,1.0,0.0,0.0,0.0,0.0
26.3,Male,90.2,1.77,28.65,,194.4,122.6,62.5,0.79,460.7,3.5,3.0,2.9,Strength,Strength,1.0,1.0,1.0,0.0,0.0,0.0,0.0
32.0,Female,86.0,1.6,33.59,17.4,164.0,144.0,65.0,1.09,1196.0,2.0,1.0,1.5,Endurance,HIIT,1.0,0.0,0.0,0.0,1.0,1.0,0.0
35.2,Female,59.9,1.61,23.21,21.7,195.1,130.1,62.6,1.96,864.6,4.1,1.0,2.8,Muscle Gain,Strength,1.0,0.0,1.0,1.0,1.0,0.0,1.0
55.0,Female,69.4,1.56,28.52,16.8,175.0,134.0,70.0,1.48,734.0,4.0,2.0,2.8,Strength,Strength,1.0,1.0,0.0,0.0,1.0,0.0,1.0
24.1,Female,56.7,1.62,21.57,14.6,198.7,148.6,60.6,0.99,404.6,5.8,2.0,3.3,Weight Loss,Cardio,0.0,0.0,0.0,0.0,0.0,0.0,1.0
32.3,Female,52.9,1.61,20.28,16.6,194.8,170.3,61.4,0.73,350.5,3.8,3.0,3.5,Weight Loss,Cardio,0.0,0.0,0.0,1.0,0.0,1.0,1.0
42.4,Male,69.1,1.83,20.64,14.6,176.9,171.9,56.8,1.7,1577.5,4.8,2.0,4.4,Weight Loss,Cardio,0.0,0.0,0.0,1.0,0.0,0.0,1.0
35.2,Female,54.4,1.63,20.46,26.1,187.4,130.4,52.6,1.54,526.3,3.3,1.0,2.5,General Fitness,Strength,1.0,1.0,1.0,1.0,0.0,0.0,1.0
24.2,Male,88.0,1.78,27.8,14.1,188.6,159.6,50.5,1.03,1420.9,4.6,2.0,3.6,Endurance,HIIT,0.0,0.0,0.0,1.0,1.0,0.0,1.0
53.6,Male,76.7,1.68,27.31,26.5,166.6,114.2,60.2,1.38,406.7,2.7,1.0,3.42,Stress Relief,Yoga,0.0,0.0,0.0,0.0,0.0,0.0,1.0
35.0,Female,76.1,1.81,23.23,17.7,181.0,153.0,74.0,2.0,1119.0,2.0,1.0,3.3,General Fitness,HIIT,1.0,1.0,0.0,0.0,0.0,0.0,1.0
47.7,Female,69.4,1.58,27.94,27.5,166.4,122.0,61.1,2.49,1054.9,4.0,2.0,3.3,Strength,Powerlifting,0.0,1.0,0.0,0.0,0.0,0.0,1.0
33.9,Male,58.2,1.73,19.36,14.7,191.7,183.9,61.9,0.74,567.2,2.9,3.0,3.2,Endurance,HIIT,1.0,0.0,0.0,1.0,0.0,0.0,1.0
20.0,Female,84.8,1.74,28.01,24.9,165.0,151.0,59.0,1.49,717.0,4.0,3.0,3.4,Endurance,HIIT,0.0,1.0,1.0,0.0,0.0,0.0,1.0
32.7,Female,76.3,1.75,24.94,20.6,192.0,162.2,59.9,0.7,654.0,3.7,1.0,3.6,Weight Loss,Cardio,0.0,0.0,0.0,1.0,0.0,0.0,1.0
36.6,Male,65.8,1.82,19.94,18.0,188.0,145.4,68.2,0.78,398.1,3.6,3.0,3.0,General Fitness,Functional,0.0,1.0,1.0,1.0,1.0,1.0,1.0
25.5,Male,80.1,1.92,21.65,16.5,193.9,150.9,52.0,0.63,565.7,4.4,2.0,3.0,Weight Loss,Cardio,0.0,0.0,0.0,1.0,0.0,0.0,1.0
27.5,Male,66.3,1.73,22.05,19.6,201.9,116.3,45.0,1.4,224.0,4.3,3.0,2.8,Flexibility,Yoga,0.0,0.0,0.0,0.0,0.0,1.0,1.0
39.9,Female,51.7,1.7,17.95,16.3,167.6,92.3,67.1,0.79,99.4,3.5,3.0,2.0,General Fitness,Yoga,0.0,0.0,0.0,0.0,1.0,1.0,1.0
35.7,Female,71.4,1.69,25.06,22.8,180.1,119.1,68.4,0.82,114.5,5.5,2.0,3.1,Flexibility,Yoga,0.0,0.0,0.0,0.0,0.0,0.0,1.0
29.9,Male,101.3,1.92,27.39,14.9,198.6,129.1,55.4,1.6,841.4,3.9,2.0,2.2,Strength,Strength,1.0,1.0,1.0,1.0,0.0,1.0,1.0
20.9,Female,49.0,1.51,21.48,21.5,203.5,161.6,66.8,1.29,646.6,3.9,1.0,3.7,Endurance,Cardio,0.0,0.0,0.0,0.0,0.0,0.0,0.0
37.5,Male,49.1,1.84,14.56,13.4,175.2,115.4,68.6,0.72,118.5,4.0,3.0,2.45,Flexibility,Yoga,0.0,0.0,0.0,0.0,1.0,1.0,1.0
39.9,Female,66.3,1.61,25.64,30.7,182.3,123.1,60.6,1.45,498.0,4.3,3.0,2.1,Muscle Gain,Powerlifting,1.0,1.0,0.0,0.0,0.0,0.0,1.0
27.8,Male,79.7,1.84,23.57,11.8,191.0,91.4,61.8,1.47,281.2,3.6,2.0,2.6,General Fitness,Yoga,0.0,0.0,0.0,0.0,1.0,1.0,1.0
32.5,Male,87.6,1.87,24.98,25.7,189.7,149.0,67.2,2.05,1090.4,3.3,2.0,3.13,Strength,Strength,1.0,1.0,1.0,1.0,1.0,1.0,1.0
28.9,Female,54.7,1.53,23.34,21.1,195.2,164.3,57.8,0.48,413.2,2.6,2.0,2.2,Weight Loss,HIIT,0.0,1.0,1.0,1.0,1.0,0.0,0.0
20.3,Male,69.4,1.77,22.15,12.2,197.7,116.7,69.4,1.0,158.5,5.0,2.0,3.1,Flexibility,Yoga,0.0,0.0,0.0,0.0,1.0,0.0,1.0
38.9,Male,73.4,1.72,24.69,20.3,184.7,115.3,72.0,1.96,827.7,3.4,1.0,2.6,Muscle Gain,Strength,1.0,1.0,1.0,0.0,1.0,0.0,1.0
26.8,Female,76.8,1.64,28.53,21.9,189.0,139.7,59.8,1.78,1283.0,3.2,1.0,2.9,General Fitness,Strength,1.0,1.0,1.0,1.0,0.0,0.0,0.0
27.8,Female,53.6,1.65,19.57,17.9,185.6,119.8,71.7,0.72,107.0,3.2,1.0,1.8,Flexibility,Yoga,0.0,0.0,0.0,0.0,0.0,1.0,1.0
26.0,Male,92.2,1.59,36.47,24.5,176.0,143.0,55.0,1.57,1050.0,4.0,2.0,2.4,Strength,Strength,1.0,0.0,0.0,0.0,1.0,1.0,1.0
20.7,Male,68.5,1.8,21.21,10.7,201.6,143.0,60.5,1.76,1096.3,3.1,1.0,3.8,Endurance,Cardio,0.0,0.0,0.0,0.0,0.0,0.0,1.0
32.4,Male,78.0,1.83,23.24,14.0,195.7,143.9,59.9,1.42,932.3,4.7,1.0,3.2,Muscle Gain,Strength,0.0,1.0,1.0,0.0,1.0,0.0,1.0
65.1,Female,65.2,1.56,26.97,17.7,152.1,110.2,74.1,0.94,162.9,5.0,2.0,2.2,Stress Relief,Yoga,0.0,0.0,0.0,0.0,0.0,1.0,0.0
27.3,Male,76.5,1.9,21.23,17.6,182.3,142.6,67.7,0.78,524.3,3.7,2.0,2.6,Muscle Gain,Strength,1.0,1.0,1.0,0.0,0.0,0.0,0.0
16.0,Female,70.2,1.52,30.52,27.0,208.1,164.0,62.6,1.21,560.9,3.1,2.0,3.86,Athletic Performance,Strength,,,,,,,
25.7,Female,63.8,1.68,22.68,22.0,194.8,127.3,63.5,1.51,555.9,4.2,2.0,3.2,General Fitness,Strength,1.0,1.0,1.0,0.0,0.0,1.0,1.0
26.7,Male,80.5,1.79,25.01,10.8,197.0,168.7,65.4,1.2,932.0,5.7,1.0,3.4,Weight Loss,Cardio,0.0,0.0,0.0,0.0,0.0,1.0,1.0
37.2,Male,108.8,1.94,29.02,16.6,181.9,101.7,59.4,2.07,1054.3,4.7,2.0,2.4,Muscle Gain,Powerlifting,1.0,1.0,1.0,1.0,1.0,0.0,1.0
31.5,Male,68.5,1.77,21.78,16.3,198.5,125.2,61.9,1.33,799.8,3.5,3.0,2.3,Strength,Strength,1.0,1.0,1.0,1.0,0.0,1.0,0.0
27.6,Female,61.4,1.84,18.13,18.9,178.7,143.3,62.1,0.25,107.7,3.4,3.0,2.89,Athletic Performance,Functional,,,,,,,
37.6,Female,63.6,1.56,25.99,20.0,183.2,169.1,51.3,1.08,812.0,4.2,2.0,3.5,Endurance,HIIT,1.0,0.0,0.0,0.0,0.0,0.0,1.0
52.8,Female,81.9,1.78,25.73,18.2,168.9,101.6,58.8,0.71,207.7,4.4,2.0,3.24,Stress Relief,Yoga,0.0,0.0,0.0,0.0,0.0,1.0,1.0
33.1,Female,63.7,1.61,24.56,21.9,187.2,179.6,63.2,1.57,893.2,4.8,1.0,4.4,Endurance,Cardio,0.0,0.0,0.0,0.0,1.0,0.0,1.0
41.0,Male,73.2,2.0,18.3,17.6,179.0,161.0,58.0,1.06,758.0,2.0,1.0,1.8,Endurance,HIIT,0.0,1.0,0.0,1.0,0.0,1.0,1.0
23.0,Male,58.7,1.69,20.55,26.6,189.0,135.0,65.0,1.37,1231.0,2.0,1.0,3.3,Strength,Strength,1.0,1.0,1.0,1.0,0.0,1.0,0.0
26.3,Male,68.1,1.72,23.06,12.8,193.9,134.1,57.8,0.9,581.9,3.6,3.0,2.7,General Fitness,Functional,1.0,0.0,1.0,0.0,1.0,1.0,1.0
28.3,Female,74.3,1.68,26.42,25.2,186.7,145.5,67.2,1.43,1055.0,4.3,2.0,2.7,Athletic Performance,Functional,1.0,0.0,1.0,1.0,0.0,1.0,1.0
28.7,Male,71.3,1.71,24.38,16.8,195.9,115.5,46.9,1.27,218.3,5.3,1.0,2.5,Stress Relief,Yoga,0.0,0.0,0.0,0.0,1.0,1.0,1.0
38.1,Male,63.8,1.75,20.9,15.3,181.3,151.0,79.6,1.33,739.1,5.0,3.0,3.2,Muscle Gain,Functional,1.0,0.0,1.0,1.0,0.0,0.0,1.0
18.0,Male,83.2,1.62,31.7,,169.0,156.0,57.0,1.37,871.0,4.0,2.0,2.5,Weight Loss,Cardio,0.0,0.0,0.0,0.0,1.0,0.0,1.0
34.7,Female,42.3,1.48,19.24,24.5,188.3,125.2,64.5,1.4,450.7,4.8,1.0,3.1,Muscle Gain,Functional,1.0,0.0,1.0,1.0,1.0,1.0,1.0
18.7,Female,47.2,1.56,19.45,15.3,201.5,180.8,51.6,0.41,220.5,2.6,3.0,3.3,Endurance,HIIT,0.0,0.0,0.0,0.0,1.0,0.0,1.0
21.0,Female,105.4,1.77,33.64,22.5,188.0,169.0,72.0,1.45,999.0,3.0,3.0,3.7,Muscle Gain,Strength,1.0,1.0,1.0,1.0,1.0,1.0,1.0
39.2,Male,76.8,1.74,25.32,16.4,188.2,180.4,63.4,0.46,719.4,4.8,2.0,3.1,Endurance,HIIT,0.0,1.0,1.0,0.0,1.0,0.0,1.0
46.9,Female,137.2,1.77,43.93,40.6,176.4,144.8,67.5,1.15,1197.6,1.8,1.0,3.49,Weight Loss,Cardio,1.0,0.0,1.0,0.0,0.0,0.0,0.0
20.0,Female,42.4,1.69,14.85,28.1,198.0,129.0,58.0,0.77,1030.0,3.0,1.0,1.5,Endurance,HIIT,1.0,0.0,0.0,1.0,0.0,0.0,1.0
28.0,Male,70.9,1.72,23.92,13.3,194.5,158.1,47.0,0.69,428.7,4.3,3.0,3.4,Weight Loss,HIIT,1.0,0.0,0.0,0.0,0.0,0.0,0.0
24.4,Female,74.4,1.68,26.27,20.0,198.2,149.2,73.1,1.58,1644.5,3.8,3.0,3.4,Weight Loss,Cardio,0.0,0.0,1.0,0.0,0.0,0.0,1.0
22.0,Male,63.4,1.83,18.93,28.0,196.0,169.0,71.0,1.66,466.0,2.0,3.0,3.4,Endurance,Cardio,0.0,0.0,1.0,0.0,0.0,0.0,1.0
27.8,Female,58.9,1.56,24.29,23.9,197.7,105.0,57.7,0.71,121.2,3.3,3.0,2.6,General Fitness,Yoga,0.0,0.0,0.0,0.0,1.0,0.0,1.0
24.0,Female,54.9,1.77,17.42,19.9,194.7,153.8,64.4,1.61,563.6,3.2,1.0,3.4,Strength,Strength,1.0,1.0,1.0,0.0,0.0,0.0,0.0
26.9,Male,74.6,1.78,23.49,15.3,197.2,148.5,72.2,1.19,772.2,4.0,3.0,3.2,Muscle Gain,Functional,0.0,0.0,0.0,1.0,1.0,0.0,1.0
39.0,Male,81.9,1.72,27.68,24.2,187.0,156.0,53.0,1.19,1329.0,4.0,2.0,3.4,Muscle Gain,Strength,1.0,1.0,1.0,0.0,1.0,0.0,1.0
29.5,Female,84.8,1.75,27.67,32.4,196.8,117.0,71.6,1.85,752.6,3.7,3.0,2.5,Muscle Gain,Powerlifting,0.0,1.0,1.0,0.0,0.0,0.0,0.0
28.7,Male,85.5,1.82,25.74,12.5,189.3,133.5,65.5,1.58,1073.2,3.2,1.0,3.5,Strength,Strength,1.0,1.0,1.0,0.0,0.0,0.0,1.0
36.0,Female,85.1,1.67,30.51,19.7,184.0,131.0,53.0,1.03,608.0,4.0,2.0,2.1,Muscle Gain,Strength,1.0,1.0,1.0,1.0,0.0,1.0,1.0
24.4,Female,58.2,1.55,24.21,30.0,185.8,110.9,58.8,1.22,404.0,4.3,2.0,1.5,Muscle Gain,Powerlifting,1.0,1.0,1.0,0.0,0.0,0.0,1.0
38.4,Female,63.6,1.6,24.88,16.5,172.3,111.5,53.0,0.62,144.0,4.0,1.0,2.0,Flexibility,Yoga,0.0,0.0,0.0,0.0,0.0,0.0,1.0
28.4,Female,72.9,1.67,26.18,,177.0,137.8,56.4,1.28,707.0,4.2,2.0,2.8,Athletic Performance,Functional,1.0,1.0,0.0,1.0,0.0,0.0,1.0
42.9,Female,56.4,1.69,19.8,17.9,166.5,159.0,65.5,0.89,736.3,2.5,3.0,2.6,Endurance,HIIT,0.0,0.0,0.0,1.0,0.0,1.0,1.0
18.0,Female,79.6,1.75,25.99,25.1,168.0,125.0,54.0,1.26,682.0,3.0,2.0,2.4,Weight Loss,HIIT,1.0,0.0,0.0,1.0,0.0,0.0,1.0
38.5,Female,58.7,1.58,23.54,22.3,178.9,134.3,71.8,1.47,813.3,4.3,1.0,3.2,Muscle Gain,Strength,1.0,1.0,1.0,1.0,0.0,0.0,1.0
49.9,Male,79.0,1.72,26.76,21.7,178.7,103.0,61.2,1.43,475.8,4.9,3.0,2.0,Strength,Powerlifting,0.0,1.0,0.0,1.0,0.0,0.0,1.0
18.0,Male,68.7,1.77,21.93,27.3,161.0,169.0,68.0,1.01,1011.0,3.0,2.0,3.5,Weight Loss,Cardio,0.0,0.0,0.0,0.0,0.0,0.0,1.0
35.1,Male,71.2,1.75,23.19,16.1,173.3,168.3,45.0,1.06,884.6,4.8,3.0,3.9,Weight Loss,HIIT,0.0,0.0,0.0,0.0,1.0,1.0,1.0
26.2,Female,62.9,1.67,22.57,16.5,202.5,176.0,50.4,1.74,1848.2,5.5,1.0,3.9,Endurance,Cardio,0.0,0.0,0.0,0.0,0.0,0.0,1.0
33.9,Female,71.6,1.6,27.99,26.4,177.5,120.3,71.1,1.87,1102.5,4.0,3.0,,General Fitness,Strength,1.0,1.0,1.0,0.0,0.0,0.0,1.0
46.0,Female,53.0,1.56,21.64,24.4,163.7,140.1,55.6,1.29,629.9,4.1,2.0,2.5,Muscle Gain,Functional,1.0,0.0,1.0,1.0,0.0,1.0,0.0
32.3,Male,49.6,1.77,15.81,16.6,181.7,166.0,66.8,0.89,471.8,2.5,1.0,3.52,Endurance,HIIT,0.0,1.0,0.0,1.0,0.0,0.0,1.0
56.3,Male,103.4,1.84,30.69,17.8,150.0,143.3,64.5,1.16,1201.9,3.5,3.0,2.9,Muscle Gain,Strength,1.0,1.0,1.0,0.0,0.0,0.0,0.0
39.0,Male,45.0,1.45,21.4,22.1,186.9,143.7,65.8,1.08,312.3,2.6,2.0,2.37,General Fitness,Strength,1.0,1.0,1.0,0.0,0.0,0.0,1.0
25.0,Male,72.5,1.78,22.88,27.4,177.0,142.0,67.0,1.99,1047.0,4.0,3.0,3.0,Endurance,HIIT,0.0,0.0,0.0,0.0,0.0,0.0,1.0
36.3,Female,62.8,1.59,24.75,32.6,180.8,121.3,60.8,1.42,403.5,4.9,3.0,2.8,Strength,Powerlifting,1.0,1.0,0.0,0.0,0.0,0.0,1.0
67.1,Female,69.5,1.58,27.78,19.8,141.6,118.8,76.8,1.6,733.4,3.2,2.0,2.8,Muscle Gain,Strength,1.0,1.0,1.0,0.0,0.0,1.0,1.0
34.4,Male,64.9,1.74,21.51,17.6,195.1,111.3,69.8,1.34,307.4,5.1,1.0,2.6,Flexibility,Yoga,0.0,0.0,0.0,1.0,0.0,0.0,1.0
33.5,Male,71.5,1.62,27.41,24.3,199.4,113.4,64.4,2.44,1217.0,4.2,3.0,3.2,Muscle Gain,Powerlifting,1.0,1.0,0.0,0.0,1.0,1.0,0.0
28.5,Female,68.5,1.59,26.93,21.9,195.3,170.9,59.7,0.32,285.3,2.2,3.0,3.4,General Fitness,HIIT,1.0,0.0,0.0,0.0,0.0,0.0,1.0
29.3,Male,91.6,1.87,26.09,16.0,183.3,156.2,64.2,1.37,1204.6,4.0,3.0,3.6,Weight Loss,Cardio,0.0,1.0,0.0,1.0,1.0,0.0,1.0
20.0,Male,40.0,1.97,10.31,18.8,173.0,133.0,74.0,2.0,916.0,2.0,1.0,2.3,Weight Loss,Cardio,0.0,0.0,1.0,0.0,0.0,0.0,1.0
26.0,Female,63.9,1.75,20.87,23.6,199.0,121.0,72.0,2.0,638.0,4.0,2.0,3.4,General Fitness,HIIT,0.0,1.0,1.0,0.0,0.0,1.0,1.0
58.9,Male,67.8,1.78,21.4,17.9,152.4,147.4,55.9,0.8,443.7,4.4,2.0,2.7,Weight Loss,HIIT,1.0,0.0,1.0,1.0,1.0,0.0,1.0
31.1,Male,76.6,1.72,25.83,12.8,194.2,130.2,57.4,0.9,725.3,4.8,3.0,3.3,General Fitness,Functional,0.0,1.0,1.0,1.0,0.0,1.0,1.0
20.5,Male,73.5,1.72,24.75,14.6,210.0,175.6,64.9,1.72,2000.0,3.1,1.0,3.0,General Fitness,Cardio,0.0,0.0,0.0,0.0,0.0,1.0,1.0
28.0,Male,60.7,1.73,20.28,24.8,198.0,124.0,70.0,1.34,1212.0,2.0,1.0,2.0,Endurance,Cardio,0.0,0.0,1.0,1.0,0.0,1.0,1.0
37.3,Female,70.0,1.62,26.72,24.7,179.2,105.7,73.7,2.36,981.7,3.4,2.0,2.0,Muscle Gain,Powerlifting,0.0,1.0,0.0,1.0,0.0,0.0,1.0
43.2,Female,85.3,1.68,30.06,,172.4,135.1,62.4,0.75,529.8,4.6,3.0,2.9,Strength,Strength,1.0,1.0,1.0,0.0,0.0,0.0,1.0
52.4,Male,77.4,1.82,23.42,12.0,173.3,136.2,61.0,0.69,417.8,4.8,3.0,3.6,General Fitness,Functional,1.0,0.0,1.0,1.0,1.0,1.0,1.0
39.0,Female,63.2,1.74,20.87,13.9,181.0,157.0,54.0,1.62,900.0,5.0,1.0,2.1,Strength,Strength,1.0,1.0,1.0,0.0,1.0,0.0,1.0
19.4,Male,93.6,1.72,31.78,20.2,190.7,119.6,61.4,2.14,1418.6,3.9,2.0,3.1,Strength,Powerlifting,0.0,1.0,0.0,1.0,0.0,0.0,1.0
24.2,Female,54.7,1.52,23.73,26.4,204.2,131.3,68.3,1.7,743.1,3.4,3.0,3.1,Muscle Gain,Strength,1.0,1.0,1.0,1.0,1.0,1.0,1.0
59.2,Female,70.9,1.55,29.56,19.9,157.9,139.9,69.2,1.12,489.1,4.9,3.0,3.0,Muscle Gain,Strength,1.0,0.0,1.0,0.0,0.0,0.0,0.0
43.0,Male,61.1,1.74,20.24,13.9,185.9,119.8,68.1,1.74,639.8,3.8,2.0,3.3,General Fitness,Strength,0.0,1.0,1.0,0.0,0.0,0.0,1.0
28.4,Male,84.7,1.84,24.89,13.8,208.1,119.2,63.7,1.86,861.3,4.5,3.0,2.3,Strength,Strength,1.0,0.0,1.0,0.0,1.0,0.0,1.0
20.2,Female,67.4,1.65,24.9,14.6,199.9,155.5,49.1,0.72,567.0,4.5,1.0,3.6,Weight Loss,Cardio,1.0,0.0,0.0,0.0,0.0,1.0,1.0
38.0,Male,60.6,1.81,18.5,24.8,170.0,159.0,71.0,1.45,577.0,3.0,3.0,3.7,Weight Loss,Cardio,1.0,0.0,0.0,1.0,0.0,0.0,1.0
28.0,Male,73.8,1.81,22.52,13.5,177.2,172.2,51.9,0.56,607.8,2.8,3.0,3.4,Endurance,HIIT,1.0,0.0,0.0,0.0,0.0,0.0,1.0
44.0,Male,66.8,1.97,17.21,18.5,194.0,126.0,65.0,1.66,1382.0,4.0,2.0,1.6,Weight Loss,HIIT,1.0,0.0,0.0,1.0,0.0,1.0,1.0
37.1,Male,66.2,1.55,27.51,18.8,178.2,116.2,60.8,1.95,794.1,3.3,3.0,2.9,Muscle Gain,Strength,1.0,1.0,1.0,0.0,0.0,0.0,1.0
18.0,Female,67.5,1.69,23.63,26.2,177.0,169.0,72.0,1.07,975.0,4.0,3.0,1.6,General Fitness,Strength,1.0,0.0,1.0,0.0,1.0,0.0,0.0
16.0,Female,71.4,1.75,23.41,25.7,204.7,154.8,71.3,1.09,480.5,3.0,1.0,2.51,Muscle Gain,Strength,1.0,1.0,1.0,0.0,0.0,0.0,1.0
30.2,Male,69.9,1.83,20.78,12.6,187.9,182.9,65.8,0.56,648.3,4.3,3.0,3.6,Endurance,HIIT,1.0,0.0,0.0,1.0,1.0,0.0,1.0
58.8,Male,82.2,1.77,26.12,21.2,167.5,102.4,67.2,1.54,694.1,3.8,3.0,2.2,General Fitness,Powerlifting,0.0,1.0,1.0,0.0,0.0,0.0,0.0
38.1,Male,84.0,1.76,26.97,21.2,195.3,102.1,61.0,1.93,609.8,3.1,3.0,3.1,Muscle Gain,Powerlifting,1.0,1.0,0.0,0.0,0.0,0.0,0.0
28.7,Female,54.1,1.58,21.75,19.8,188.7,155.4,60.7,1.35,551.2,3.1,3.0,3.5,General Fitness,Functional,0.0,0.0,0.0,1.0,1.0,1.0,1.0
69.7,Male,64.4,1.76,20.69,16.4,140.8,135.8,53.0,0.5,224.4,2.7,2.0,2.0,Endurance,HIIT,0.0,0.0,0.0,1.0,1.0,1.0,1.0
18.0,Male,107.0,1.75,34.94,27.0,177.0,155.0,71.0,2.0,645.0,5.0,2.0,3.2,Strength,Strength,0.0,0.0,1.0,1.0,1.0,0.0,1.0
31.8,Male,60.1,1.78,19.03,24.4,190.8,153.9,76.5,1.61,590.4,2.1,2.0,3.5,Muscle Gain,Strength,1.0,1.0,1.0,1.0,1.0,1.0,1.0
38.7,Male,76.9,1.86,22.29,13.7,172.4,111.2,58.5,1.88,942.0,4.7,1.0,3.1,Muscle Gain,Strength,1.0,1.0,1.0,1.0,1.0,0.0,1.0
50.2,Female,60.5,1.61,23.29,23.0,181.6,135.7,69.3,1.53,673.4,4.9,3.0,3.6,Strength,Strength,1.0,1.0,1.0,0.0,0.0,0.0,1.0
33.3,Male,67.1,1.75,21.96,11.8,181.0,110.9,65.4,1.04,249.3,4.3,2.0,2.1,General Fitness,Yoga,0.0,0.0,0.0,0.0,0.0,1.0,1.0
58.7,Male,76.9,1.77,24.61,20.4,166.3,156.0,64.8,1.48,1103.1,4.1,3.0,2.9,General Fitness,Functional,0.0,0.0,1.0,1.0,1.0,1.0,0.0
25.5,Male,88.1,1.84,25.89,17.9,196.6,120.8,60.1,1.0,666.0,3.3,1.0,2.4,Muscle Gain,Strength,1.0,1.0,0.0,1.0,0.0,0.0,0.0
18.9,Male,67.2,1.6,26.11,18.7,207.1,187.1,64.8,0.33,330.3,4.5,3.0,3.1,Endurance,HIIT,1.0,0.0,0.0,1.0,1.0,1.0,1.0
23.0,Female,70.5,1.65,25.9,27.1,192.0,162.0,50.0,0.63,1186.0,2.0,2.0,2.6,Weight Loss,Cardio,0.0,0.0,0.0,1.0,0.0,0.0,1.0
25.0,Male,44.2,1.9,12.24,25.7,174.0,159.0,50.0,1.1,1293.0,4.0,2.0,2.5,Muscle Gain,Strength,1.0,1.0,1.0,0.0,1.0,1.0,1.0
18.5,Female,57.1,1.67,20.35,19.3,202.3,188.1,54.1,1.05,631.0,4.1,2.0,3.8,Weight Loss,HIIT,0.0,0.0,0.0,0.0,1.0,0.0,1.0
62.1,Male,74.1,1.81,22.67,14.6,148.4,103.9,85.0,1.24,279.6,3.4,1.0,2.9,General Fitness,Yoga,0.0,0.0,0.0,0.0,0.0,0.0,1.0
26.0,Female,81.7,1.73,27.18,22.9,188.5,168.1,60.3,0.74,795.1,5.2,2.0,3.6,Endurance,Cardio,0.0,0.0,1.0,0.0,0.0,1.0,1.0
40.4,Female,73.2,1.8,22.73,23.3,178.9,140.0,68.7,0.95,469.4,4.0,2.0,2.53,Strength,Strength,1.0,1.0,1.0,1.0,1.0,1.0,1.0
25.3,Female,58.2,1.54,24.39,26.8,198.9,104.0,64.5,1.96,569.5,3.5,3.0,2.9,General Fitness,Powerlifting,1.0,1.0,0.0,0.0,1.0,0.0,1.0
22.8,Male,70.3,1.89,19.59,12.6,188.3,167.7,68.4,0.65,613.1,3.6,2.0,3.5,Weight Loss,HIIT,0.0,0.0,0.0,1.0,1.0,1.0,1.0
30.3,Male,85.1,1.78,26.89,17.1,188.7,135.1,59.5,1.51,702.8,3.0,2.0,3.4,Strength,Strength,1.0,1.0,1.0,1.0,1.0,0.0,1.0
43.0,Male,70.1,1.72,23.7,25.0,187.0,129.0,54.0,1.43,984.0,3.0,1.0,1.6,Endurance,HIIT,0.0,0.0,0.0,1.0,1.0,0.0,1.0
38.1,Female,59.6,1.61,23.05,23.2,175.1,135.3,55.8,0.61,232.0,4.2,1.0,3.3,General Fitness,Functional,1.0,0.0,0.0,1.0,0.0,0.0,1.0
18.7,Male,81.7,1.79,25.37,19.4,198.3,148.3,55.2,0.62,415.3,3.9,3.0,3.2,Athletic Performance,Functional,1.0,0.0,1.0,1.0,1.0,1.0,1.0
40.2,Female,49.5,1.58,19.91,20.6,177.2,172.2,61.9,0.87,833.0,4.3,2.0,3.2,Weight Loss,HIIT,0.0,0.0,0.0,0.0,0.0,1.0,1.0
22.0,Female,65.8,1.56,27.1,20.3,179.9,144.5,70.5,1.39,719.8,4.3,1.0,2.8,Strength,Strength,1.0,1.0,0.0,1.0,0.0,0.0,1.0
29.5,Male,84.6,1.75,27.47,21.2,187.6,119.4,62.8,2.44,1446.3,5.0,2.0,2.8,Strength,Powerlifting,0.0,1.0,1.0,1.0,1.0,0.0,1.0
23.3,Female,70.4,1.65,25.95,21.5,199.6,156.8,77.9,1.37,1076.3,4.6,2.0,3.6,Athletic Performance,Functional,1.0,0.0,1.0,1.0,0.0,1.0,1.0
21.8,Male,72.6,1.75,23.71,15.8,199.9,112.6,60.1,1.37,228.3,4.0,3.0,1.8,General Fitness,Yoga,0.0,0.0,0.0,0.0,1.0,1.0,1.0
30.8,Female,61.4,1.62,23.32,22.4,190.6,164.2,47.3,1.1,925.7,5.1,1.0,4.0,Weight Loss,Cardio,1.0,0.0,0.0,1.0,0.0,1.0,1.0
19.8,Female,67.1,1.61,25.8,20.8,194.3,135.7,62.4,0.65,317.9,3.7,2.0,2.3,General Fitness,Functional,0.0,0.0,1.0,1.0,1.0,1.0,1.0
16.0,Male,59.7,1.57,24.27,,192.7,145.3,74.6,1.36,506.2,2.8,1.0,2.97,Strength,Strength,1.0,0.0,1.0,0.0,0.0,0.0,0.0
18.8,Female,46.0,1.52,19.97,24.7,184.6,106.8,50.8,1.3,114.7,5.2,2.0,2.2,General Fitness,Yoga,0.0,0.0,0.0,0.0,1.0,1.0,1.0
33.5,Male,45.0,1.73,14.95,17.0,203.6,154.4,73.7,1.28,390.8,3.6,2.0,3.01,Muscle Gain,Strength,1.0,0.0,0.0,0.0,0.0,1.0,1.0
37.4,Male,60.5,1.72,20.39,19.6,194.2,188.7,59.8,0.74,661.3,4.0,2.0,3.5,Weight Loss,HIIT,0.0,0.0,0.0,1.0,0.0,0.0,1.0
37.9,Male,66.4,1.67,23.77,18.9,167.9,122.9,70.1,1.13,560.8,4.7,2.0,1.9,Strength,Powerlifting,1.0,1.0,0.0,0.0,0.0,0.0,1.0
51.4,Male,79.5,1.84,23.58,19.7,183.4,126.5,64.4,0.88,437.2,3.1,1.0,2.5,Muscle Gain,Functional,0.0,0.0,1.0,0.0,1.0,1.0,1.0
49.0,Female,62.0,1.87,17.73,20.0,195.0,125.0,74.0,1.04,842.0,3.0,1.0,3.5,Endurance,HIIT,1.0,0.0,0.0,0.0,0.0,1.0,1.0
28.0,Female,107.7,1.99,27.2,10.0,188.0,129.0,55.0,2.0,1127.0,2.0,1.0,2.0,Muscle Gain,Strength,1.0,1.0,1.0,0.0,0.0,1.0,1.0
61.0,Male,97.2,1.79,30.24,21.1,157.5,130.1,64.9,1.11,501.5,4.2,2.0,3.2,Muscle Gain,Powerlifting,1.0,1.0,0.0,1.0,0.0,0.0,1.0
41.1,Female,80.6,1.61,31.08,29.2,182.9,103.2,74.4,1.72,500.0,3.2,3.0,2.5,Muscle Gain,Powerlifting,1.0,1.0,1.0,0.0,0.0,0.0,1.0
27.8,Male,74.5,1.82,22.5,15.4,198.7,113.4,53.4,0.71,127.1,2.8,1.0,2.1,Flexibility,Yoga,0.0,0.0,0.0,0.0,1.0,0.0,1.0
27.1,Female,68.0,1.67,24.48,24.1,190.4,104.1,52.7,1.44,220.4,5.4,3.0,2.5,Flexibility,Yoga,0.0,0.0,0.0,0.0,1.0,0.0,1.0
49.6,Female,70.7,2.01,17.49,17.6,177.6,139.2,66.3,1.77,892.9,2.9,1.0,3.84,General Fitness,Functional,,,,,,,
35.4,Male,79.2,1.71,27.19,19.0,191.1,119.2,65.6,0.84,367.2,4.6,1.0,2.2,Muscle Gain,Strength,1.0,1.0,1.0,0.0,1.0,0.0,0.0
28.0,Female,67.1,1.9,18.59,20.8,184.0,169.0,59.0,1.61,587.0,3.0,1.0,2.7,Strength,Strength,0.0,0.0,1.0,0.0,0.0,1.0,1.0
20.8,Female,76.5,1.72,25.87,,208.1,97.9,62.7,0.53,105.0,2.3,1.0,1.7,General Fitness,Yoga,0.0,0.0,0.0,0.0,0.0,0.0,1.0
25.0,Male,79.2,1.77,25.4,11.8,192.2,174.4,53.1,1.5,1703.3,4.1,2.0,3.8,Weight Loss,Cardio,0.0,0.0,1.0,0.0,0.0,0.0,1.0
27.4,Female,59.0,1.87,16.9,18.5,208.1,159.4,64.1,1.67,597.6,2.9,2.0,3.65,Muscle Gain,Strength,1.0,1.0,1.0,0.0,1.0,0.0,0.0
26.1,Female,67.8,1.62,25.89,19.1,210.0,173.3,48.3,0.76,728.4,4.3,3.0,2.8,Weight Loss,Cardio,0.0,0.0,0.0,0.0,1.0,0.0,1.0
27.8,Female,76.1,1.65,27.91,16.4,198.0,165.4,45.0,0.69,833.5,3.5,2.0,3.4,Endurance,Cardio,1.0,1.0,0.0,1.0,0.0,1.0,1.0
50.6,Female,52.6,1.45,24.99,21.6,169.5,136.1,60.7,1.68,499.7,4.6,2.0,3.2,Muscle Gain,Strength,1.0,1.0,0.0,0.0,0.0,1.0,1.0
58.0,Female,61.9,1.6,24.19,24.8,156.8,144.3,70.5,0.93,475.5,3.4,3.0,2.9,Muscle Gain,Functional,0.0,1.0,1.0,1.0,1.0,0.0,1.0
18.0,Male,40.0,1.64,14.87,19.2,160.0,152.0,56.0,1.2,1317.0,3.0,1.0,1.8,Weight Loss,Cardio,1.0,0.0,0.0,0.0,0.0,1.0,1.0
35.0,Male,40.0,2.0,10.0,31.2,169.0,138.0,72.0,1.08,576.0,2.0,3.0,2.9,Muscle Gain,Strength,1.0,1.0,1.0,0.0,0.0,0.0,0.0
32.4,Male,93.7,1.93,25.14,16.9,180.1,132.4,67.9,1.65,962.8,3.7,1.0,3.8,Strength,Strength,1.0,0.0,1.0,0.0,0.0,0.0,1.0
29.0,Female,68.6,1.68,24.19,26.5,188.0,139.9,70.7,1.31,1033.0,3.9,1.0,2.8,Muscle Gain,Functional,1.0,0.0,1.0,1.0,1.0,1.0,1.0
20.7,Male,85.9,1.55,35.97,39.3,195.8,144.4,64.0,1.36,763.8,1.6,1.0,3.53,Muscle Gain,Strength,1.0,1.0,1.0,0.0,0.0,1.0,0.0
28.0,Female,65.3,1.68,23.14,32.4,161.0,145.0,73.0,0.72,408.0,5.0,2.0,1.7,Endurance,HIIT,0.0,1.0,0.0,1.0,0.0,1.0,0.0
55.0,Male,94.8,2.0,23.7,23.2,192.0,169.0,50.0,1.38,1458.0,3.0,3.0,2.3,General Fitness,Strength,1.0,1.0,1.0,0.0,0.0,0.0,1.0
18.7,Male,72.3,1.83,21.63,19.7,206.2,109.5,58.8,0.66,181.2,5.2,1.0,2.1,Stress Relief,Yoga,0.0,0.0,0.0,0.0,1.0,1.0,1.0
20.1,Female,48.1,1.57,19.49,16.0,192.5,164.0,50.1,0.77,319.1,5.6,3.0,3.4,Weight Loss,Cardio,0.0,0.0,0.0,0.0,0.0,0.0,1.0
26.8,Male,71.1,1.78,22.38,10.2,197.5,176.0,62.7,1.13,1322.8,5.7,2.0,4.1,Weight Loss,Cardio,0.0,0.0,0.0,1.0,0.0,1.0,1.0
38.3,Female,64.9,1.67,23.16,20.4,171.8,132.2,74.0,1.33,822.5,3.6,1.0,3.1,General Fitness,Functional,0.0,0.0,0.0,0.0,1.0,1.0,1.0
28.9,Female,56.8,1.58,22.65,23.3,207.9,175.8,55.8,0.67,555.8,4.0,3.0,3.5,Endurance,HIIT,1.0,0.0,0.0,0.0,1.0,1.0,1.0
26.7,Female,54.5,1.58,21.89,19.3,192.7,141.1,84.0,1.77,843.6,4.9,1.0,3.6,General Fitness,Strength,1.0,1.0,1.0,1.0,0.0,0.0,0.0
34.0,Male,72.1,1.78,22.76,12.1,167.0,163.0,58.0,0.84,536.0,3.0,2.0,2.9,Weight Loss,HIIT,1.0,0.0,0.0,1.0,1.0,0.0,1.0
59.0,Male,40.0,1.72,13.52,12.6,182.0,164.0,56.0,1.27,1783.0,4.0,3.0,3.1,Weight Loss,HIIT,0.0,0.0,0.0,1.0,0.0,0.0,1.0
39.0,Female,65.6,1.7,22.7,20.2,172.0,148.0,68.0,0.87,1709.0,4.0,3.0,1.5,General Fitness,HIIT,1.0,0.0,0.0,1.0,0.0,0.0,1.0
53.5,Male,73.9,1.58,29.62,36.8,171.2,144.8,65.2,1.5,883.8,2.7,2.0,3.7,Endurance,Cardio,0.0,0.0,0.0,0.0,1.0,0.0,1.0
44.0,Female,91.2,1.87,26.08,22.7,194.0,141.0,66.0,1.66,1345.0,2.0,1.0,2.5,Muscle Gain,Strength,1.0,1.0,0.0,1.0,1.0,0.0,1.0
54.5,Female,48.8,1.58,19.5,21.6,176.5,104.6,70.7,1.15,174.2,4.1,1.0,2.8,General Fitness,Yoga,0.0,0.0,0.0,0.0,0.0,1.0,1.0
57.0,Female,80.0,1.79,24.97,24.3,167.0,127.0,54.0,1.01,312.0,4.0,2.0,2.6,Strength,Strength,0.0,1.0,0.0,0.0,0.0,0.0,1.0
24.0,Male,95.5,1.57,38.74,32.5,181.0,158.0,67.0,1.47,1609.0,4.0,2.0,2.0,General Fitness,Cardio,1.0,1.0,0.0,0.0,1.0,0.0,1.0
26.5,Male,71.0,1.79,22.05,17.2,182.9,112.7,76.3,1.18,485.0,3.8,2.0,2.0,Muscle Gain,Strength,1.0,1.0,1.0,0.0,1.0,0.0,1.0
24.4,Male,94.5,1.81,28.81,23.8,184.3,104.4,57.4,1.34,577.6,3.3,3.0,2.6,Muscle Gain,Powerlifting,0.0,1.0,0.0,0.0,0.0,0.0,0.0
24.0,Male,65.7,1.84,19.41,17.8,165.0,146.0,74.0,1.59,954.0,5.0,2.0,2.8,Weight Loss,Cardio,0.0,0.0,0.0,0.0,0.0,0.0,1.0
19.2,Female,63.2,1.58,25.45,17.5,198.1,147.7,56.8,1.72,1451.1,3.1,1.0,3.4,General Fitness,Cardio,0.0,0.0,0.0,1.0,0.0,0.0,1.0
34.0,Male,80.7,1.9,22.41,10.5,192.8,157.5,56.7,1.13,1028.8,2.6,2.0,3.4,Weight Loss,HIIT,1.0,0.0,0.0,1.0,1.0,0.0,1.0
32.3,Female,90.4,1.82,27.33,14.3,189.6,176.5,64.7,0.33,448.9,2.5,3.0,3.4,Endurance,HIIT,1.0,0.0,0.0,0.0,0.0,0.0,1.0
35.8,Female,61.3,1.55,25.59,18.1,180.5,147.9,62.6,1.61,757.8,6.0,2.0,3.67,Weight Loss,Cardio,0.0,0.0,1.0,0.0,0.0,0.0,1.0
45.1,Female,69.2,1.59,27.32,13.6,168.3,143.3,61.2,1.55,721.5,5.6,3.0,3.3,Weight Loss,Cardio,0.0,0.0,0.0,0.0,0.0,0.0,1.0
46.0,Female,68.6,1.63,25.82,25.8,177.0,150.0,58.0,2.0,1074.0,3.0,3.0,3.6,Muscle Gain,Strength,1.0,0.0,1.0,1.0,0.0,0.0,1.0
29.9,Male,84.6,1.69,29.66,20.6,200.1,120.5,74.4,1.27,682.8,3.3,3.0,3.7,Strength,Powerlifting,0.0,1.0,0.0,0.0,0.0,0.0,0.0
43.1,Male,83.2,1.6,32.55,30.2,180.1,115.6,61.7,0.88,280.5,3.4,2.0,3.96,Stress Relief,Yoga,0.0,0.0,0.0,0.0,0.0,0.0,1.0
53.0,Female,76.2,1.67,27.32,25.5,185.0,142.0,68.0,1.55,804.0,3.0,1.0,3.4,Weight Loss,HIIT,1.0,1.0,0.0,0.0,0.0,0.0,0.0
56.5,Female,63.6,1.74,20.9,21.4,163.4,138.5,60.7,0.81,542.4,3.6,1.0,3.3,Muscle Gain,Functional,0.0,0.0,0.0,1.0,1.0,0.0,1.0
26.1,Male,61.0,1.81,18.69,15.7,205.6,104.1,65.9,0.67,117.9,2.8,2.0,1.9,Flexibility,Yoga,0.0,0.0,0.0,0.0,1.0,0.0,1.0
33.7,Female,74.5,1.55,31.13,27.5,184.4,155.1,77.0,1.67,875.5,1.6,1.0,3.39,Muscle Gain,Strength,,,,,,,
27.3,Male,54.8,1.94,14.59,23.2,201.0,154.6,66.9,1.15,415.2,4.5,2.0,2.95,Strength,Strength,1.0,1.0,1.0,1.0,0.0,0.0,1.0
21.3,Female,78.5,1.72,26.46,15.6,206.8,151.6,45.0,1.17,1285.8,4.7,2.0,3.0,Weight Loss,HIIT,1.0,0.0,0.0,1.0,0.0,0.0,0.0
20.0,Female,59.1,1.74,19.48,16.3,204.9,157.6,54.2,0.65,359.2,4.3,3.0,2.9,Weight Loss,HIIT,1.0,0.0,0.0,1.0,0.0,0.0,1.0
28.3,Female,59.7,1.63,22.53,20.1,192.7,150.2,50.4,1.73,949.0,4.2,3.0,3.7,General Fitness,Cardio,0.0,0.0,0.0,0.0,0.0,0.0,1.0
22.3,Male,77.4,1.78,24.42,28.2,205.4,126.8,57.3,2.29,904.8,4.3,3.0,3.9,Strength,Powerlifting,1.0,1.0,0.0,0.0,0.0,0.0,0.0
38.3,Male,101.2,1.51,44.63,34.8,187.1,172.7,68.0,0.85,959.8,3.4,2.0,3.4,Weight Loss,HIIT,1.0,1.0,0.0,1.0,1.0,1.0,1.0
28.8,Female,47.4,1.49,21.41,21.2,195.6,136.2,53.0,0.89,434.4,3.6,1.0,2.6,General Fitness,Functional,0.0,0.0,1.0,1.0,1.0,1.0,1.0
26.1,Female,78.3,1.6,30.55,28.0,196.1,111.4,70.0,1.83,978.1,3.6,2.0,2.8,Muscle Gain,Powerlifting,1.0,1.0,1.0,0.0,0.0,1.0,1.0
45.5,Male,55.6,1.5,24.59,19.9,183.5,143.9,68.0,1.56,577.5,3.7,3.0,3.75,Muscle Gain,Strength,1.0,1.0,1.0,0.0,0.0,1.0,0.0
44.9,Male,73.8,1.72,25.06,13.8,186.8,118.6,54.3,1.5,641.8,4.4,1.0,2.4,Muscle Gain,Strength,1.0,1.0,1.0,0.0,0.0,0.0,1.0
19.7,Male,98.9,1.82,30.01,20.7,210.0,140.8,65.0,1.24,907.6,3.9,2.0,3.2,Muscle Gain,Strength,1.0,1.0,1.0,0.0,1.0,0.0,1.0
40.0,Male,45.2,1.74,14.93,26.0,180.0,136.0,74.0,1.08,1058.0,3.0,3.0,3.3,Strength,Strength,1.0,0.0,1.0,0.0,0.0,1.0,0.0
18.0,Male,51.8,1.58,20.75,25.8,164.0,164.0,51.0,0.84,1110.0,3.0,3.0,3.5,Weight Loss,Cardio,0.0,0.0,1.0,1.0,1.0,0.0,1.0
39.8,Female,60.8,1.6,23.86,18.1,179.6,127.3,64.1,1.2,559.4,4.5,3.0,2.6,Muscle Gain,Strength,1.0,1.0,0.0,1.0,1.0,0.0,0.0
27.9,Male,69.3,1.69,24.31,20.8,194.3,129.2,54.1,1.26,559.0,3.0,2.0,3.1,Strength,Strength,1.0,1.0,1.0,1.0,0.0,0.0,0.0
34.3,Male,59.3,1.68,20.98,14.5,185.8,142.0,70.8,1.28,742.5,4.9,3.0,3.3,Strength,Strength,1.0,1.0,1.0,1.0,0.0,0.0,1.0
29.1,Male,71.0,1.84,21.1,13.6,191.3,90.4,75.7,1.43,262.7,4.1,1.0,2.5,Stress Relief,Yoga,0.0,0.0,0.0,0.0,1.0,1.0,1.0
33.3,Male,86.1,1.82,25.99,13.5,186.9,134.6,67.1,0.88,684.8,4.9,2.0,2.3,General Fitness,Functional,0.0,0.0,0.0,1.0,0.0,0.0,1.0
65.9,Male,47.3,1.55,19.7,11.6,168.3,163.3,47.4,0.61,393.9,3.3,3.0,3.3,Endurance,HIIT,1.0,0.0,0.0,1.0,0.0,0.0,1.0
23.9,Male,46.1,1.78,14.52,,186.5,153.6,69.0,1.44,461.6,3.7,3.0,3.46,Endurance,Cardio,0.0,0.0,0.0,0.0,0.0,0.0,1.0
50.0,Male,106.5,1.64,39.54,37.0,161.4,143.5,72.5,1.55,1078.4,2.9,1.0,3.49,General Fitness,Functional,,,,,,,
18.0,Male,48.6,1.95,12.78,23.1,175.0,152.0,57.0,1.87,862.0,3.0,1.0,1.6,Muscle Gain,Strength,1.0,1.0,1.0,1.0,0.0,0.0,1.0
33.3,Female,45.0,1.51,19.81,20.1,172.8,145.5,54.9,2.0,701.4,4.1,3.0,3.0,Endurance,Cardio,0.0,0.0,1.0,1.0,0.0,0.0,1.0
48.7,Male,94.5,1.96,24.52,22.9,175.5,117.0,74.5,0.59,203.3,2.5,1.0,2.43,General Fitness,Yoga,0.0,0.0,0.0,1.0,1.0,0.0,1.0
26.8,Female,68.7,1.63,25.88,19.9,187.2,143.8,71.2,1.43,1117.6,4.6,2.0,3.7,Athletic Performance,Functional,0.0,0.0,1.0,1.0,0.0,1.0,1.0
23.0,Male,117.8,1.88,33.33,32.3,168.0,167.0,55.0,1.35,1259.0,3.0,2.0,1.6,Muscle Gain,Strength,1.0,1.0,1.0,0.0,1.0,0.0,1.0
39.4,Female,78.6,1.75,25.66,19.2,163.2,158.2,56.9,1.0,931.1,5.1,1.0,3.2,Weight Loss,Cardio,0.0,0.0,0.0,1.0,0.0,0.0,1.0
24.0,Male,64.0,1.83,19.11,27.7,187.0,155.0,74.0,1.79,406.0,3.0,2.0,1.5,Strength,Strength,1.0,0.0,1.0,1.0,1.0,1.0,1.0
22.0,Male,63.1,1.73,21.13,15.8,194.9,143.0,51.4,0.82,463.6,3.8,3.0,2.8,Muscle Gain,Functional,0.0,1.0,0.0,1.0,1.0,0.0,1.0
36.9,Male,55.9,1.7,19.33,16.5,187.6,170.8,60.7,0.94,657.2,5.6,1.0,3.4,Endurance,Cardio,1.0,0.0,0.0,0.0,0.0,0.0,1.0
26.1,Male,76.9,1.71,26.25,17.4,189.2,177.6,45.0,0.62,825.5,4.9,2.0,2.4,Weight Loss,HIIT,0.0,0.0,0.0,1.0,0.0,0.0,1.0
21.8,Female,70.6,1.68,25.0,19.6,196.9,159.8,68.9,0.69,673.5,4.1,3.0,2.6,Muscle Gain,Functional,1.0,0.0,1.0,1.0,1.0,0.0,1.0
28.3,Female,61.0,1.57,24.67,26.2,190.3,138.2,60.6,0.65,351.7,3.1,3.0,2.5,General Fitness,Functional,1.0,0.0,1.0,1.0,1.0,1.0,1.0
53.5,Male,45.0,1.54,18.93,16.0,156.0,134.0,77.1,1.11,379.4,3.6,2.0,3.23,Weight Loss,Cardio,0.0,1.0,0.0,0.0,0.0,0.0,1.0
38.3,Male,71.1,1.72,23.99,13.3,192.1,138.1,51.0,1.31,732.9,3.9,3.0,,Muscle Gain,Functional,0.0,1.0,1.0,0.0,0.0,1.0,1.0
33.5,Male,58.7,1.69,20.49,21.9,182.4,140.8,57.9,0.65,282.3,4.4,1.0,2.9,Athletic Performance,Functional,0.0,0.0,0.0,1.0,0.0,1.0,1.0
56.3,Male,57.8,1.77,18.46,12.3,170.0,99.3,72.6,1.3,228.5,4.9,1.0,1.9,General Fitness,Yoga,0.0,0.0,0.0,0.0,1.0,1.0,1.0
39.1,Female,70.3,1.68,24.9,17.5,170.0,165.0,61.2,0.92,1170.5,2.7,3.0,3.7,Weight Loss,HIIT,1.0,1.0,1.0,0.0,1.0,1.0,1.0
55.2,Female,61.0,1.55,25.45,24.2,161.3,120.3,62.0,1.6,691.5,4.9,1.0,3.3,Muscle Gain,Strength,1.0,1.0,1.0,0.0,1.0,0.0,1.0
44.5,Male,72.2,1.65,26.44,19.7,180.7,111.2,50.4,0.81,409.7,3.3,1.0,2.9,Muscle Gain,Strength,1.0,1.0,1.0,1.0,0.0,1.0,0.0
54.2,Male,83.8,1.65,30.87,23.8,179.3,107.7,73.0,1.6,472.5,3.4,2.0,2.5,Strength,Powerlifting,0.0,1.0,1.0,0.0,1.0,0.0,1.0
28.3,Female,60.4,1.62,23.0,27.7,203.2,132.8,74.5,1.66,662.8,4.3,1.0,2.7,Strength,Strength,1.0,1.0,1.0,0.0,1.0,1.0,1.0
19.7,Male,83.9,1.69,29.44,22.1,201.3,119.5,74.2,2.0,795.7,3.6,3.0,2.8,Strength,Powerlifting,1.0,1.0,0.0,1.0,1.0,0.0,0.0
54.8,Male,66.1,1.74,21.87,15.2,155.1,112.9,72.2,1.11,390.5,3.6,2.0,1.9,Muscle Gain,Strength,1.0,1.0,1.0,0.0,1.0,0.0,1.0
18.5,Female,80.8,1.6,31.42,22.3,199.6,162.7,82.3,1.32,730.2,2.6,1.0,3.34,Athletic Performance,Strength,,,,,,,
50.0,Male,55.0,1.5,24.44,27.2,177.0,120.0,69.0,1.07,715.0,4.0,2.0,1.7,Muscle Gain,Strength,1.0,1.0,0.0,1.0,1.0,0.0,1.0
24.5,Male,67.5,1.8,20.81,30.9,194.4,182.8,72.2,0.42,290.0,2.0,1.0,2.61,Weight Loss,HIIT,1.0,1.0,0.0,1.0,0.0,1.0,1.0
27.9,Male,65.3,1.68,23.07,19.7,190.0,124.7,65.5,1.8,782.3,4.4,1.0,3.4,General Fitness,Strength,1.0,1.0,1.0,1.0,1.0,1.0,0.0
51.0,Male,65.8,1.62,25.07,28.2,191.0,169.0,74.0,1.36,1073.0,2.0,2.0,3.5,Weight Loss,HIIT,1.0,0.0,0.0,1.0,1.0,0.0,0.0
20.2,Male,61.0,1.68,21.52,14.3,193.8,142.4,69.4,0.85,345.8,4.1,1.0,2.5,Athletic Performance,Functional,1.0,0.0,1.0,1.0,1.0,0.0,1.0
22.1,Male,64.3,1.74,21.17,,184.7,156.4,57.0,0.74,550.6,4.0,2.0,3.1,Weight Loss,HIIT,1.0,1.0,0.0,0.0,1.0,0.0,0.0
29.0,Male,40.0,1.86,11.56,25.3,180.0,169.0,63.0,1.26,986.0,3.0,1.0,1.5,Strength,Strength,1.0,1.0,1.0,0.0,0.0,0.0,1.0
18.7,Male,67.8,1.76,22.0,16.7,210.0,155.5,60.3,1.48,846.0,5.8,1.0,4.9,Endurance,Cardio,0.0,0.0,0.0,0.0,0.0,0.0,1.0
53.7,Female,70.3,1.68,25.03,17.8,164.1,159.1,45.0,0.53,612.5,4.4,3.0,3.5,Weight Loss,HIIT,1.0,0.0,0.0,0.0,1.0,0.0,1.0
55.0,Female,67.1,1.58,26.88,21.7,199.0,122.0,71.0,1.86,960.0,4.0,2.0,1.5,Strength,Strength,1.0,1.0,0.0,0.0,0.0,0.0,1.0
44.0,Male,40.0,1.91,10.96,26.5,181.0,124.0,71.0,1.55,1545.0,3.0,1.0,3.4,Endurance,Cardio,0.0,0.0,0.0,0.0,0.0,0.0,1.0
31.0,Female,75.6,1.57,30.67,25.8,163.0,152.0,71.0,0.96,668.0,4.0,1.0,2.3,Strength,Strength,1.0,1.0,1.0,1.0,0.0,0.0,1.0
33.6,Male,64.3,1.65,23.59,8.0,185.9,172.5,55.5,0.95,1134.3,4.9,3.0,4.4,Weight Loss,HIIT,0.0,0.0,0.0,1.0,0.0,1.0,1.0
39.0,Female,79.5,1.55,32.98,26.2,166.1,119.3,64.0,2.16,1202.1,3.4,3.0,2.2,Muscle Gain,Powerlifting,1.0,1.0,0.0,0.0,1.0,0.0,0.0
46.0,Male,44.9,1.93,12.05,31.4,177.0,154.0,58.0,2.0,1434.0,4.0,2.0,3.5,Weight Loss,HIIT,0.0,0.0,0.0,1.0,1.0,0.0,1.0
42.0,Male,53.6,1.86,15.49,21.9,199.0,167.0,62.0,2.0,1096.0,3.0,1.0,3.4,Muscle Gain,Strength,1.0,1.0,0.0,1.0,0.0,0.0,0.0
18.2,Male,73.0,1.84,21.46,15.0,206.4,159.6,49.8,0.95,854.7,4.8,1.0,3.0,Muscle Gain,Functional,0.0,0.0,1.0,1.0,1.0,1.0,1.0
38.6,Female,55.7,1.67,19.91,21.1,179.9,158.0,66.0,0.61,405.9,3.2,1.0,3.1,Weight Loss,Cardio,0.0,0.0,0.0,0.0,0.0,0.0,0.0
37.4,Male,68.7,1.69,24.11,18.4,175.3,160.8,70.3,0.58,441.2,3.4,1.0,2.47,Endurance,HIIT,0.0,0.0,1.0,1.0,0.0,0.0,1.0
21.7,Male,72.9,1.74,24.07,9.7,197.7,184.3,51.8,0.55,787.4,2.5,3.0,3.6,Endurance,HIIT,1.0,0.0,0.0,0.0,0.0,0.0,1.0
51.0,Female,72.2,1.91,19.79,21.0,184.0,140.0,70.0,1.39,960.0,3.0,2.0,1.5,Weight Loss,HIIT,1.0,1.0,0.0,0.0,1.0,0.0,1.0
18.3,Female,70.9,1.6,27.83,24.2,204.4,133.4,75.7,0.81,585.9,3.8,1.0,2.5,General Fitness,Functional,1.0,0.0,1.0,1.0,1.0,0.0,1.0
18.0,Male,60.5,1.57,24.54,28.1,177.0,131.0,59.0,1.3,1286.0,3.0,2.0,2.6,General Fitness,HIIT,1.0,1.0,1.0,1.0,1.0,0.0,1.0
39.9,Male,71.7,1.68,25.41,10.9,176.1,153.5,64.8,1.16,921.8,4.8,3.0,3.0,Endurance,Cardio,0.0,0.0,0.0,0.0,0.0,0.0,1.0
22.2,Female,65.4,1.55,27.06,26.4,192.2,138.8,68.4,1.25,785.4,3.6,1.0,3.3,General Fitness,Strength,1.0,1.0,0.0,0.0,0.0,0.0,1.0
28.0,Male,69.7,1.69,24.35,12.1,195.9,107.2,55.8,1.13,231.2,4.3,2.0,2.5,Flexibility,Yoga,0.0,0.0,0.0,0.0,1.0,1.0,1.0
37.8,Female,45.0,1.72,15.14,18.2,177.1,152.0,77.5,1.78,607.4,3.0,2.0,2.93,Weight Loss,Cardio,0.0,0.0,0.0,0.0,0.0,1.0,1.0
42.0,Female,101.0,1.56,41.5,27.6,186.0,168.0,56.0,1.19,650.0,4.0,1.0,3.6,Weight Loss,HIIT,1.0,0.0,0.0,1.0,0.0,0.0,1.0
29.3,Male,76.3,1.68,27.01,15.8,197.9,172.0,48.0,0.49,496.3,4.0,3.0,3.3,General Fitness,HIIT,0.0,0.0,0.0,1.0,0.0,0.0,1.0
28.5,Male,86.6,1.75,28.29,19.4,188.0,133.9,75.9,1.69,784.0,3.5,3.0,3.1,Muscle Gain,Powerlifting,1.0,1.0,0.0,0.0,1.0,0.0,0.0
28.4,Male,60.2,1.68,21.4,13.2,192.1,116.3,67.1,0.99,241.0,4.9,2.0,2.8,General Fitness,Yoga,1.0,0.0,0.0,0.0,1.0,1.0,0.0
46.7,Female,45.5,1.5,20.33,20.6,174.4,151.2,54.8,0.77,482.5,4.2,3.0,2.7,General Fitness,HIIT,1.0,0.0,1.0,1.0,0.0,0.0,1.0
25.5,Male,69.3,1.74,22.78,16.9,198.3,141.2,56.5,1.12,608.2,4.0,1.0,2.7,Athletic Performance,Functional,0.0,0.0,1.0,0.0,1.0,1.0,1.0
29.0,Male,46.8,1.7,16.19,24.7,195.0,153.0,59.0,1.33,1178.0,3.0,2.0,3.4,Endurance,Cardio,0.0,0.0,0.0,0.0,1.0,0.0,1.0
26.2,Female,69.4,1.58,27.88,23.6,199.4,117.3,59.7,0.8,177.9,3.8,1.0,2.7,Stress Relief,Yoga,0.0,0.0,0.0,0.0,1.0,1.0,1.0
22.2,Female,57.8,1.69,20.27,20.3,187.3,133.2,68.1,0.78,397.7,3.3,1.0,2.6,Strength,Strength,1.0,1.0,1.0,0.0,0.0,1.0,0.0
56.2,Male,67.1,1.77,21.38,14.4,160.0,155.0,73.8,1.11,931.4,2.4,2.0,3.4,Endurance,HIIT,0.0,1.0,0.0,1.0,1.0,0.0,1.0
40.5,Male,86.2,1.85,25.21,18.8,178.2,127.1,64.0,0.86,477.2,3.9,3.0,2.2,General Fitness,Functional,1.0,0.0,0.0,1.0,1.0,1.0,1.0
18.2,Female,73.3,1.63,27.46,20.7,204.5,140.2,78.2,0.94,776.0,3.3,3.0,2.8,Athletic Performance,Functional,1.0,0.0,0.0,1.0,0.0,1.0,1.0
28.1,Female,51.4,1.61,19.75,24.4,191.1,101.7,77.1,1.32,237.1,5.7,3.0,1.9,Stress Relief,Yoga,0.0,0.0,0.0,0.0,0.0,0.0,1.0
27.0,Male,55.4,1.72,18.73,10.9,186.0,153.0,74.0,2.0,1281.0,4.0,2.0,2.4,Muscle Gain,Strength,1.0,1.0,1.0,0.0,0.0,1.0,1.0
54.0,Male,72.7,1.75,23.65,11.2,171.4,94.0,50.4,1.3,131.2,3.9,1.0,2.3,Flexibility,Yoga,0.0,0.0,0.0,0.0,1.0,1.0,1.0
33.4,Male,82.9,1.85,24.24,16.5,190.5,118.3,45.0,1.61,671.9,5.0,3.0,2.8,Muscle Gain,Powerlifting,0.0,1.0,0.0,1.0,0.0,0.0,0.0
25.2,Male,79.6,1.76,25.64,16.4,182.3,142.6,55.1,1.67,861.7,4.4,1.0,2.9,General Fitness,Cardio,1.0,0.0,0.0,0.0,1.0,0.0,1.0
31.5,Male,68.4,1.66,24.8,12.7,178.8,171.4,55.7,0.83,858.6,4.8,2.0,3.9,Endurance,Cardio,0.0,0.0,0.0,0.0,0.0,1.0,1.0
38.7,Female,62.1,1.63,23.52,21.7,177.9,142.6,66.8,1.09,475.2,4.4,1.0,3.6,Athletic Performance,Functional,0.0,0.0,0.0,1.0,0.0,1.0,1.0
36.1,Male,98.1,1.77,31.18,15.9,192.1,109.1,72.3,1.92,1230.5,4.9,2.0,2.0,Muscle Gain,Powerlifting,0.0,1.0,1.0,0.0,0.0,0.0,0.0
16.0,Male,53.3,1.73,17.85,19.7,205.0,153.6,72.7,1.77,659.5,2.5,1.0,3.21,General Fitness,Functional,,,,,,,
39.8,Male,81.1,1.82,24.44,15.0,169.1,164.1,52.8,0.96,1254.1,2.1,3.0,3.4,Endurance,HIIT,1.0,0.0,1.0,1.0,1.0,0.0,1.0
62.0,Male,70.1,1.69,24.54,24.1,151.6,128.2,64.1,1.12,379.6,4.9,3.0,3.1,Muscle Gain,Powerlifting,0.0,1.0,1.0,1.0,1.0,0.0,0.0
35.3,Male,70.3,1.82,21.25,14.5,187.6,102.1,69.1,1.05,209.6,4.9,3.0,1.9,General Fitness,Yoga,0.0,0.0,0.0,1.0,0.0,0.0,1.0
52.4,Female,72.6,1.65,26.72,19.1,165.6,140.3,49.8,1.33,975.0,3.2,2.0,3.4,General Fitness,Strength,1.0,1.0,1.0,0.0,1.0,0.0,1.0
68.3,Female,86.8,1.64,32.39,32.3,150.9,133.5,63.3,1.66,907.7,4.9,3.0,3.3,Strength,Powerlifting,1.0,0.0,1.0,0.0,0.0,0.0,0.0
16.4,Male,45.0,1.82,13.55,9.7,210.0,164.4,66.9,1.47,409.7,3.7,3.0,4.07,General Fitness,Strength,1.0,1.0,0.0,0.0,0.0,0.0,0.0
32.0,Female,42.4,1.79,13.23,27.1,176.0,135.0,56.0,1.63,843.0,2.0,2.0,1.5,Strength,Strength,1.0,1.0,1.0,0.0,0.0,1.0,1.0
47.2,Female,69.8,1.7,24.18,22.6,170.8,147.3,65.2,1.45,742.7,4.8,3.0,3.26,Weight Loss,Cardio,1.0,0.0,0.0,0.0,0.0,1.0,1.0
16.0,Female,74.7,1.96,19.47,14.5,205.8,167.4,60.4,1.2,579.5,4.6,3.0,3.37,General Fitness,Functional,,,,,,,
26.6,Male,90.1,1.83,26.76,9.7,186.7,181.1,54.1,0.32,474.4,3.3,3.0,3.2,Weight Loss,HIIT,0.0,0.0,0.0,1.0,0.0,1.0,1.0
29.1,Female,68.0,1.7,23.57,18.7,180.2,166.6,62.6,0.71,730.4,4.5,3.0,3.3,Weight Loss,Cardio,1.0,0.0,0.0,0.0,0.0,0.0,1.0
37.7,Male,63.6,1.72,21.44,12.4,178.0,173.0,60.7,0.65,738.6,3.9,3.0,2.7,Weight Loss,HIIT,0.0,0.0,1.0,1.0,1.0,0.0,1.0
18.9,Female,68.9,1.61,26.64,17.7,208.9,113.1,65.3,0.51,131.1,5.1,2.0,2.7,Stress Relief,Yoga,0.0,0.0,0.0,1.0,1.0,0.0,0.0
44.7,Male,74.9,1.54,31.79,22.0,167.3,155.8,65.2,0.48,349.8,5.1,2.0,3.15,Weight Loss,HIIT,0.0,1.0,1.0,1.0,1.0,0.0,1.0
29.9,Female,60.5,1.57,24.51,19.7,192.9,132.2,59.7,1.5,982.4,4.7,2.0,2.7,General Fitness,Functional,0.0,0.0,1.0,0.0,1.0,1.0,1.0
28.6,Male,95.3,1.91,26.03,17.5,183.6,118.4,57.8,1.48,642.5,3.6,3.0,2.6,General Fitness,Strength,1.0,1.0,0.0,0.0,0.0,0.0,0.0
30.5,Female,77.1,1.82,23.17,21.0,195.2,129.1,64.3,1.75,794.2,3.4,2.0,2.3,Muscle Gain,Strength,1.0,0.0,1.0,0.0,0.0,0.0,0.0
40.1,Female,77.8,1.68,27.56,19.8,168.2,162.6,47.9,0.84,776.6,2.3,3.0,3.6,Weight Loss,HIIT,0.0,1.0,0.0,1.0,1.0,0.0,1.0
23.6,Male,59.1,1.73,19.73,9.2,210.0,170.7,54.6,1.16,918.2,5.2,3.0,3.8,Weight Loss,Cardio,1.0,0.0,0.0,0.0,0.0,1.0,1.0
49.0,Male,53.5,1.79,16.7,24.3,167.0,158.0,64.0,1.31,1268.0,2.0,1.0,1.9,Strength,Strength,1.0,1.0,0.0,0.0,0.0,0.0,0.0
50.4,Female,45.0,1.75,14.7,14.7,174.2,118.7,72.6,0.75,116.7,3.7,2.0,2.97,General Fitness,Yoga,0.0,0.0,0.0,0.0,1.0,0.0,1.0
53.0,Male,64.2,1.65,23.58,15.6,161.7,119.4,49.9,0.94,317.9,3.3,3.0,2.4,Muscle Gain,Strength,1.0,1.0,0.0,1.0,0.0,0.0,1.0
58.0,Male,94.6,1.57,38.38,10.2,191.0,152.0,74.0,0.78,674.0,3.0,1.0,3.3,Endurance,Cardio,0.0,1.0,0.0,1.0,1.0,0.0,1.0
42.8,Male,71.7,1.82,21.66,18.7,174.9,162.7,71.2,0.99,719.8,2.4,1.0,3.62,General Fitness,HIIT,0.0,0.0,0.0,0.0,1.0,0.0,0.0
38.6,Male,49.0,1.6,19.24,24.0,190.0,153.9,81.4,1.19,334.7,2.2,1.0,3.17,Muscle Gain,Strength,1.0,1.0,0.0,0.0,1.0,0.0,1.0
38.8,Male,70.6,1.72,23.85,13.5,180.1,170.3,61.7,0.67,561.8,4.9,3.0,3.4,Weight Loss,HIIT,0.0,1.0,1.0,0.0,0.0,1.0,1.0
32.7,Female,70.5,1.64,26.11,22.2,203.6,133.3,71.0,1.73,1026.2,3.0,3.0,3.4,Muscle Gain,Powerlifting,0.0,1.0,0.0,0.0,1.0,0.0,0.0
26.5,Female,49.2,1.58,19.74,19.1,195.7,115.6,49.3,1.45,267.4,3.6,2.0,2.1,General Fitness,Yoga,0.0,0.0,0.0,0.0,0.0,1.0,1.0
50.9,Female,49.0,1.59,19.48,25.6,160.2,128.4,61.7,1.25,524.5,4.6,2.0,2.0,Muscle Gain,Functional,0.0,1.0,0.0,1.0,1.0,0.0,0.0
66.9,Female,60.1,1.7,20.68,25.9,147.3,135.0,70.2,1.69,690.1,4.3,1.0,3.1,General Fitness,Strength,1.0,1.0,1.0,0.0,0.0,1.0,1.0
45.8,Female,73.0,1.64,27.05,14.0,193.1,187.3,61.9,0.57,719.5,3.6,3.0,3.2,Endurance,HIIT,0.0,1.0,0.0,1.0,1.0,0.0,1.0
39.7,Female,52.6,1.48,24.01,27.9,183.3,144.8,51.3,1.2,544.6,3.2,2.0,2.8,Muscle Gain,Strength,0.0,1.0,1.0,1.0,0.0,0.0,0.0
19.0,Male,73.1,1.68,25.89,26.5,196.0,133.1,60.3,1.43,611.2,3.5,2.0,2.4,Muscle Gain,Powerlifting,1.0,1.0,1.0,0.0,1.0,0.0,0.0
35.7,Male,66.8,1.72,22.61,17.9,183.9,102.8,58.2,0.86,125.6,3.3,3.0,1.8,General Fitness,Yoga,0.0,0.0,0.0,0.0,0.0,0.0,1.0
22.0,Male,71.0,1.72,24.0,28.5,192.0,128.0,59.0,1.44,1436.0,3.0,2.0,3.2,Weight Loss,Cardio,0.0,0.0,0.0,1.0,0.0,0.0,1.0
25.6,Male,51.5,1.63,19.26,18.2,182.2,141.4,59.4,1.45,461.3,3.2,1.0,3.24,Muscle Gain,Strength,1.0,0.0,1.0,1.0,1.0,0.0,1.0
38.1,Female,59.0,1.49,26.59,26.8,184.7,150.0,70.4,0.94,464.8,4.5,3.0,2.5,Muscle Gain,Functional,0.0,0.0,1.0,1.0,1.0,1.0,1.0
27.9,Male,68.9,1.73,23.17,21.0,184.8,105.5,56.8,0.72,181.0,5.7,2.0,2.4,Flexibility,Yoga,1.0,0.0,0.0,0.0,1.0,1.0,1.0
16.0,Female,54.6,1.88,15.53,24.5,194.7,162.7,68.0,0.7,251.5,3.9,2.0,2.41,Muscle Gain,Strength,,,,,,,
31.7,Male,55.2,1.77,17.67,20.2,187.7,148.6,54.5,1.71,675.9,3.9,3.0,3.55,General Fitness,Functional,,,,,,,
35.1,Male,71.9,1.81,22.03,19.4,199.7,94.5,57.4,1.23,172.2,3.6,1.0,2.7,Flexibility,Yoga,0.0,0.0,0.0,0.0,0.0,0.0,1.0
34.4,Female,73.7,1.67,26.38,27.1,164.8,128.1,79.3,0.86,534.0,3.0,1.0,2.8,Athletic Performance,Functional,1.0,0.0,0.0,1.0,1.0,0.0,0.0
18.8,Female,62.0,1.63,23.44,24.7,190.7,153.6,68.0,1.37,1039.3,4.7,2.0,3.4,General Fitness,Functional,0.0,1.0,0.0,1.0,0.0,0.0,0.0
39.0,Female,70.3,1.74,23.22,20.4,170.0,152.0,59.0,2.0,864.0,3.0,2.0,1.5,Weight Loss,Cardio,0.0,0.0,1.0,0.0,0.0,0.0,1.0
51.5,Female,74.7,1.59,29.7,18.3,165.6,124.7,56.4,1.93,843.1,5.0,1.0,3.7,General Fitness,Strength,1.0,0.0,1.0,1.0,1.0,0.0,1.0
53.1,Male,71.9,1.71,24.6,20.6,164.8,122.4,61.0,2.44,1108.8,4.1,2.0,3.7,General Fitness,Powerlifting,0.0,1.0,0.0,0.0,0.0,0.0,1.0
28.9,Male,71.1,1.65,26.21,14.3,184.2,156.6,49.6,1.61,958.6,3.6,1.0,3.6,Weight Loss,Cardio,1.0,0.0,0.0,0.0,1.0,0.0,0.0
64.5,Male,70.7,1.69,24.72,,159.1,140.6,72.6,0.92,526.3,3.0,2.0,3.0,Muscle Gain,Functional,0.0,0.0,1.0,1.0,0.0,0.0,1.0
45.0,Male,86.4,1.51,37.89,35.0,181.0,159.0,69.0,1.23,1313.0,3.0,3.0,3.3,Muscle Gain,Strength,1.0,0.0,1.0,0.0,0.0,0.0,0.0
39.8,Female,65.6,1.55,27.4,24.0,180.8,175.5,50.8,1.01,991.7,3.2,1.0,4.5,Endurance,Cardio,0.0,0.0,0.0,0.0,0.0,0.0,1.0
35.0,Male,81.1,1.86,23.5,14.0,170.7,151.7,55.6,1.14,984.4,3.7,1.0,3.5,Weight Loss,Cardio,0.0,0.0,0.0,0.0,1.0,0.0,0.0
25.3,Male,68.8,1.82,20.86,16.7,187.2,91.2,75.9,1.47,166.5,3.1,2.0,1.9,Stress Relief,Yoga,0.0,0.0,0.0,0.0,1.0,0.0,1.0
40.5,Female,51.7,1.51,22.83,22.6,176.2,171.2,69.4,0.93,491.9,3.6,1.0,2.8,Endurance,Cardio,1.0,1.0,0.0,1.0,0.0,1.0,1.0
28.0,Male,40.3,1.69,14.11,24.9,166.0,169.0,69.0,0.5,864.0,3.0,3.0,2.6,Weight Loss,Cardio,1.0,0.0,0.0,0.0,0.0,0.0,1.0
27.4,Female,60.8,1.73,20.3,24.7,190.7,157.4,71.9,1.06,457.0,2.9,2.0,3.77,Weight Loss,Cardio,0.0,0.0,0.0,0.0,0.0,0.0,1.0
20.0,Male,90.3,1.68,31.99,10.5,169.0,135.0,59.0,1.1,758.0,4.0,1.0,1.7,General Fitness,Cardio,0.0,0.0,0.0,0.0,0.0,1.0,0.0
18.0,Female,40.0,1.75,13.06,14.6,176.0,124.0,68.0,1.01,1536.0,3.0,2.0,3.5,Endurance,HIIT,1.0,0.0,1.0,1.0,0.0,0.0,1.0
36.0,Female,87.5,1.68,30.92,23.8,188.5,103.2,69.8,1.07,300.6,3.6,2.0,1.5,Strength,Powerlifting,1.0,1.0,0.0,1.0,0.0,0.0,1.0
28.7,Female,58.4,1.66,21.28,18.3,190.5,154.8,75.8,1.49,757.6,3.5,2.0,3.3,Muscle Gain,Functional,1.0,1.0,1.0,1.0,1.0,0.0,1.0
25.6,Male,67.2,1.56,27.64,16.6,192.1,132.5,59.8,1.25,603.8,4.6,3.0,3.3,Muscle Gain,Functional,1.0,0.0,0.0,1.0,0.0,1.0,1.0
38.6,Male,92.8,1.83,27.56,16.4,176.9,122.9,59.4,0.92,598.6,4.4,1.0,2.7,General Fitness,Strength,1.0,1.0,0.0,0.0,0.0,1.0,0.0
28.9,Female,74.1,1.66,26.85,17.1,177.7,163.2,64.8,1.37,1065.1,4.7,1.0,4.0,Weight Loss,Cardio,0.0,0.0,1.0,0.0,0.0,0.0,1.0
27.3,Male,64.8,1.6,25.28,15.9,186.6,116.0,71.9,0.85,354.2,4.7,3.0,2.3,General Fitness,Strength,1.0,1.0,1.0,0.0,0.0,0.0,1.0
43.0,Female,58.9,1.85,17.21,19.9,174.0,139.0,67.0,1.41,1217.0,2.0,1.0,2.0,General Fitness,Strength,1.0,1.0,1.0,0.0,0.0,0.0,1.0
40.7,Male,85.5,1.78,26.83,13.4,171.3,144.4,63.6,0.94,697.5,3.2,1.0,3.6,General Fitness,Strength,1.0,1.0,1.0,0.0,0.0,0.0,1.0
39.5,Male,85.3,1.84,25.18,15.5,176.3,112.8,63.1,1.05,617.4,4.4,3.0,2.1,Muscle Gain,Strength,1.0,0.0,1.0,0.0,0.0,0.0,1.0
42.2,Male,73.2,1.73,24.37,8.7,173.1,159.6,54.3,1.25,1268.8,3.2,1.0,2.7,Weight Loss,Cardio,0.0,0.0,0.0,1.0,0.0,0.0,1.0
18.0,Male,46.3,2.0,11.58,22.5,167.0,169.0,64.0,1.29,1556.0,2.0,3.0,2.6,Muscle Gain,Strength,1.0,1.0,1.0,1.0,0.0,1.0,1.0
32.8,Female,54.6,1.58,21.89,21.9,182.6,112.6,71.4,0.71,138.8,3.3,2.0,1.5,Stress Relief,Yoga,0.0,0.0,1.0,0.0,1.0,1.0,1.0
59.6,Male,67.8,1.7,23.33,25.2,165.5,118.2,65.1,1.17,375.4,4.5,3.0,1.7,Muscle Gain,Powerlifting,1.0,1.0,0.0,0.0,1.0,0.0,1.0
18.0,Male,67.7,1.69,23.7,26.8,192.0,123.0,57.0,1.44,1445.0,3.0,2.0,3.1,Weight Loss,Cardio,0.0,0.0,0.0,0.0,0.0,0.0,1.0
21.0,Male,46.4,2.0,11.6,29.7,198.0,135.0,74.0,1.0,497.0,2.0,1.0,1.8,Weight Loss,Cardio,0.0,0.0,0.0,1.0,0.0,0.0,1.0
16.1,Female,69.5,1.97,17.98,23.4,210.0,196.2,73.6,0.44,351.1,2.1,1.0,2.6,Endurance,HIIT,1.0,0.0,1.0,0.0,0.0,1.0,1.0
32.9,Female,57.3,1.6,22.34,21.3,182.7,158.5,52.8,0.92,556.7,3.3,2.0,3.0,Weight Loss,HIIT,1.0,0.0,0.0,1.0,0.0,1.0,1.0
54.0,Female,56.6,1.67,20.29,25.0,199.0,123.0,60.0,1.09,962.0,5.0,2.0,3.1,Muscle Gain,Strength,0.0,1.0,1.0,1.0,1.0,0.0,1.0
56.0,Female,68.1,2.0,17.02,23.8,168.0,160.0,74.0,1.39,1350.0,5.0,2.0,3.3,Muscle Gain,Strength,1.0,1.0,1.0,0.0,1.0,0.0,0.0
37.5,Male,92.8,1.84,27.34,12.6,184.9,136.8,72.6,1.14,1092.1,4.5,2.0,2.6,Muscle Gain,Functional,0.0,0.0,0.0,1.0,0.0,0.0,0.0
33.9,Female,62.9,1.67,22.64,21.9,187.2,143.2,59.9,1.26,849.7,3.4,3.0,3.7,Athletic Performance,Functional,0.0,0.0,1.0,1.0,0.0,0.0,1.0
24.6,Male,103.7,1.73,34.69,26.2,197.1,163.0,62.8,1.34,1064.3,2.2,2.0,3.07,Endurance,Cardio,0.0,0.0,0.0,0.0,0.0,0.0,1.0
27.2,Female,66.2,1.59,26.17,25.7,208.1,139.4,63.0,0.98,366.5,3.3,2.0,2.7,Muscle Gain,Strength,0.0,1.0,1.0,0.0,0.0,0.0,0.0
36.4,Female,60.6,1.57,24.47,18.9,183.5,173.5,45.3,0.53,620.0,2.1,3.0,3.1,Weight Loss,HIIT,1.0,1.0,0.0,1.0,1.0,0.0,1.0
24.0,Female,55.6,1.73,18.58,17.2,175.0,120.0,71.0,1.09,775.0,4.0,2.0,3.0,General Fitness,Strength,1.0,1.0,1.0,0.0,0.0,1.0,1.0
37.9,Male,56.1,1.71,19.16,15.4,185.4,148.4,57.2,1.0,758.3,5.9,3.0,3.5,Weight Loss,Cardio,0.0,0.0,0.0,0.0,0.0,1.0,1.0
20.0,Female,90.9,1.69,31.83,18.1,198.0,142.0,74.0,1.35,927.0,4.0,1.0,3.2,General Fitness,Cardio,0.0,0.0,0.0,0.0,0.0,0.0,1.0
68.8,Male,61.3,1.78,19.31,12.2,162.3,157.3,71.7,0.58,376.2,4.9,2.0,2.8,Endurance,HIIT,0.0,1.0,0.0,1.0,0.0,0.0,1.0
21.0,Male,69.4,1.85,20.28,10.0,177.0,153.0,74.0,1.55,879.0,3.0,2.0,2.4,Strength,Strength,0.0,1.0,0.0,0.0,0.0,0.0,1.0
45.0,Male,76.6,1.77,24.45,19.1,181.0,122.0,64.0,1.82,1186.0,2.0,1.0,3.5,Weight Loss,Cardio,1.0,0.0,0.0,1.0,1.0,0.0,1.0
21.4,Female,45.2,1.51,19.93,23.1,210.0,145.3,59.5,1.55,559.1,4.6,2.0,3.4,General Fitness,Cardio,0.0,0.0,0.0,1.0,0.0,0.0,1.0
18.0,Male,40.0,1.65,14.69,17.4,160.0,144.0,73.0,2.0,1078.0,2.0,1.0,3.5,Muscle Gain,Strength,1.0,1.0,1.0,1.0,0.0,0.0,1.0
32.2,Male,80.5,1.77,25.6,16.7,171.1,135.0,53.9,1.82,1366.5,3.1,2.0,3.5,General Fitness,Strength,1.0,1.0,1.0,0.0,0.0,1.0,1.0
33.7,Male,74.3,1.71,25.49,15.9,191.5,175.8,50.8,1.1,1322.4,3.7,2.0,4.5,General Fitness,Cardio,1.0,0.0,0.0,0.0,0.0,0.0,1.0
58.7,Female,50.4,1.6,19.68,22.8,158.8,150.7,75.7,0.86,393.1,4.9,3.0,2.3,Athletic Performance,Functional,0.0,1.0,0.0,1.0,1.0,1.0,0.0
32.1,Male,67.0,1.76,21.7,18.7,179.6,115.9,60.6,1.42,700.1,4.9,3.0,1.9,Muscle Gain,Strength,1.0,1.0,1.0,0.0,0.0,0.0,0.0
26.5,Female,65.6,1.6,25.58,25.7,195.8,117.9,63.6,1.19,346.3,4.8,3.0,2.5,Strength,Strength,1.0,0.0,1.0,1.0,0.0,0.0,0.0
28.9,Male,83.7,1.74,27.53,14.1,198.2,124.4,76.4,1.64,1019.8,4.6,3.0,2.9,Strength,Strength,1.0,1.0,1.0,1.0,0.0,0.0,1.0
36.6,Male,99.8,1.8,30.86,21.9,180.9,107.5,75.8,2.37,852.0,4.5,2.0,3.0,Strength,Powerlifting,0.0,1.0,0.0,0.0,0.0,0.0,0.0
47.7,Male,61.9,1.74,20.5,12.7,172.4,147.6,45.0,0.76,355.6,4.9,1.0,2.3,General Fitness,Cardio,0.0,0.0,0.0,0.0,0.0,0.0,1.0
27.3,Female,63.6,1.65,23.22,26.5,197.1,116.4,51.2,1.93,966.2,3.5,1.0,3.3,Muscle Gain,Strength,1.0,0.0,1.0,0.0,1.0,0.0,1.0
38.0,Male,41.1,1.67,14.74,25.6,184.0,133.0,74.0,0.63,804.0,5.0,3.0,2.8,Endurance,HIIT,1.0,0.0,0.0,1.0,0.0,1.0,1.0
35.8,Female,52.2,1.48,23.81,16.2,167.1,160.1,71.4,1.16,924.4,3.3,1.0,3.1,General Fitness,Cardio,0.0,0.0,1.0,0.0,1.0,0.0,1.0
33.1,Male,45.0,1.58,17.94,23.9,194.0,115.3,62.2,0.96,159.9,4.5,3.0,3.4,General Fitness,Yoga,1.0,0.0,0.0,0.0,0.0,1.0,1.0
21.0,Female,59.8,1.65,21.97,30.4,162.0,169.0,74.0,1.5,1130.0,5.0,3.0,3.2,Endurance,Cardio,0.0,0.0,0.0,1.0,0.0,0.0,1.0
24.7,Male,99.7,1.57,40.34,27.7,195.5,178.6,69.6,0.66,751.1,4.2,3.0,3.25,Weight Loss,HIIT,0.0,1.0,0.0,0.0,1.0,0.0,0.0
28.9,Female,63.8,1.68,22.69,,201.7,143.4,59.8,0.66,310.1,5.7,2.0,2.3,General Fitness,Cardio,0.0,0.0,0.0,0.0,0.0,0.0,1.0
38.7,Female,76.6,1.66,27.7,24.9,185.1,124.9,62.3,2.32,878.0,3.3,3.0,2.7,Muscle Gain,Powerlifting,0.0,1.0,0.0,0.0,1.0,0.0,0.0
26.1,Male,78.3,1.7,27.07,15.3,198.6,141.5,58.2,1.12,642.1,3.6,3.0,2.9,Muscle Gain,Functional,1.0,1.0,0.0,1.0,1.0,0.0,1.0
48.3,Male,61.1,1.69,21.46,17.8,167.9,132.4,65.4,1.03,421.9,4.3,3.0,2.9,Strength,Strength,1.0,0.0,1.0,0.0,0.0,0.0,1.0
19.1,Male,55.4,1.63,20.97,18.8,193.8,120.7,72.3,1.53,652.0,4.4,2.0,2.5,Muscle Gain,Strength,1.0,1.0,0.0,1.0,1.0,1.0,0.0
25.4,Female,69.3,1.58,27.64,29.5,207.4,113.7,76.0,1.24,439.2,4.1,3.0,3.3,Muscle Gain,Powerlifting,0.0,1.0,1.0,0.0,1.0,0.0,1.0
28.0,Male,56.1,1.65,20.62,16.6,190.8,92.9,79.3,1.09,105.3,2.9,1.0,1.6,Stress Relief,Yoga,0.0,0.0,0.0,0.0,1.0,1.0,1.0
32.7,Male,82.7,1.72,27.93,13.4,190.8,185.8,47.0,0.35,369.6,3.5,3.0,3.3,Weight Loss,HIIT,0.0,1.0,0.0,0.0,0.0,1.0,1.0
29.1,Male,67.0,1.62,25.4,15.0,199.3,137.2,57.8,1.12,627.9,3.5,2.0,2.3,Athletic Performance,Functional,1.0,0.0,0.0,1.0,1.0,0.0,1.0
21.3,Female,65.9,1.66,23.95,19.9,185.9,172.9,60.4,0.98,650.0,4.5,3.0,3.0,General Fitness,HIIT,1.0,0.0,0.0,1.0,1.0,0.0,1.0
22.0,Male,66.0,1.67,23.67,26.3,181.0,122.0,50.0,0.96,912.0,3.0,2.0,1.5,Weight Loss,Cardio,0.0,0.0,0.0,0.0,1.0,0.0,1.0
35.9,Male,78.6,1.87,22.44,23.5,186.6,146.6,69.8,0.78,399.5,2.9,2.0,3.17,Muscle Gain,Strength,1.0,1.0,1.0,1.0,1.0,0.0,1.0
35.0,Male,49.3,1.71,16.86,32.9,180.0,152.0,73.0,1.04,956.0,4.0,3.0,1.7,Weight Loss,Cardio,0.0,0.0,0.0,0.0,0.0,0.0,1.0
28.3,Male,59.7,1.61,23.07,12.1,203.1,117.4,67.2,0.94,406.8,4.1,3.0,2.3,Muscle Gain,Strength,1.0,1.0,0.0,0.0,1.0,0.0,1.0
25.0,Female,51.0,1.76,16.46,25.1,167.0,127.0,70.0,0.72,1119.0,4.0,3.0,2.6,Strength,Strength,1.0,0.0,1.0,1.0,0.0,0.0,1.0
39.6,Male,76.3,1.76,24.63,13.4,170.2,165.2,50.0,0.41,391.2,4.0,2.0,3.1,Weight Loss,HIIT,0.0,0.0,0.0,1.0,1.0,1.0,1.0
52.0,Female,40.0,1.84,11.81,25.0,182.0,156.0,56.0,1.2,1258.0,4.0,2.0,2.0,General Fitness,Cardio,0.0,0.0,0.0,0.0,0.0,0.0,1.0
51.6,Female,51.3,1.51,22.43,23.0,167.3,128.0,49.2,0.6,308.4,3.6,1.0,1.8,Muscle Gain,Functional,0.0,0.0,1.0,1.0,1.0,1.0,1.0
22.0,Male,89.8,1.79,28.03,28.2,179.0,163.0,59.0,2.0,1098.0,3.0,1.0,1.7,Muscle Gain,Strength,1.0,0.0,1.0,1.0,1.0,0.0,0.0
27.8,Female,58.5,1.87,16.78,9.0,193.4,148.7,62.2,1.14,383.4,1.3,1.0,3.31,Strength,Strength,1.0,0.0,0.0,1.0,1.0,1.0,1.0
20.8,Male,65.9,1.68,23.45,21.5,200.0,123.6,62.1,0.83,392.0,3.1,1.0,2.3,Muscle Gain,Strength,1.0,1.0,1.0,1.0,0.0,0.0,0.0
60.5,Female,71.5,1.67,25.64,19.6,144.4,138.5,65.2,1.11,570.3,3.5,1.0,2.6,Muscle Gain,Functional,0.0,0.0,0.0,1.0,1.0,1.0,1.0
27.0,Female,52.3,1.55,21.89,25.1,186.6,111.2,64.3,0.89,318.4,3.7,2.0,2.1,Muscle Gain,Strength,1.0,1.0,1.0,0.0,0.0,1.0,0.0
20.0,Male,40.0,1.52,17.31,25.1,192.0,151.0,63.0,1.5,572.0,4.0,1.0,3.7,Weight Loss,HIIT,1.0,0.0,0.0,1.0,1.0,0.0,1.0
25.4,Male,76.7,1.78,24.22,8.9,180.5,158.2,71.2,0.85,670.7,4.0,3.0,3.0,Weight Loss,HIIT,0.0,0.0,0.0,1.0,0.0,0.0,1.0
32.4,Female,56.8,1.7,19.6,15.3,183.5,165.2,58.9,0.85,653.9,3.1,2.0,3.7,General Fitness,Cardio,1.0,1.0,1.0,0.0,0.0,1.0,1.0
23.1,Male,56.5,1.66,20.64,14.2,202.1,141.9,61.8,1.08,431.4,4.1,1.0,2.9,Strength,Strength,1.0,1.0,1.0,0.0,0.0,0.0,1.0
31.7,Female,45.0,1.55,18.68,17.4,188.6,151.9,71.4,0.32,88.8,5.1,3.0,1.64,Muscle Gain,Strength,1.0,1.0,1.0,0.0,0.0,0.0,1.0
29.1,Male,90.0,1.57,36.57,34.3,178.9,150.6,67.2,1.48,962.2,2.0,1.0,3.4,Endurance,Cardio,0.0,0.0,0.0,1.0,1.0,0.0,1.0
24.0,Male,95.0,1.82,28.56,16.1,202.4,121.7,59.8,0.95,582.5,4.1,2.0,2.8,Muscle Gain,Strength,1.0,0.0,1.0,0.0,0.0,0.0,1.0
38.6,Male,72.9,1.68,25.96,11.7,170.3,106.3,62.8,0.56,100.2,3.9,3.0,1.5,General Fitness,Yoga,0.0,0.0,0.0,0.0,1.0,1.0,1.0
40.0,Female,55.7,1.6,21.76,23.7,184.0,133.0,72.0,1.4,749.0,4.0,2.0,2.6,Muscle Gain,Strength,1.0,1.0,0.0,0.0,0.0,0.0,1.0
28.9,Female,51.4,1.64,19.04,20.5,195.0,185.2,51.6,0.46,494.3,2.9,3.0,3.3,Endurance,HIIT,0.0,0.0,0.0,1.0,1.0,0.0,1.0
25.0,Female,64.1,1.55,26.65,22.1,204.3,172.3,51.7,0.3,274.8,2.3,3.0,3.8,Weight Loss,HIIT,0.0,0.0,0.0,1.0,0.0,0.0,1.0
18.0,Female,83.6,1.84,24.69,35.0,186.0,137.0,73.0,1.33,1338.0,2.0,2.0,2.6,Muscle Gain,Strength,1.0,1.0,1.0,0.0,1.0,0.0,1.0
53.6,Female,55.2,1.67,19.84,21.7,171.6,128.6,64.4,1.13,606.7,3.1,1.0,2.7,Athletic Performance,Functional,1.0,1.0,1.0,1.0,0.0,1.0,0.0
25.5,Female,73.0,1.71,25.05,23.3,208.4,139.2,80.1,1.26,591.9,3.1,1.0,2.5,Muscle Gain,Functional,1.0,1.0,0.0,1.0,0.0,1.0,1.0
52.5,Male,62.4,1.72,21.04,20.7,149.5,122.2,66.5,0.85,448.8,3.9,2.0,2.5,Strength,Strength,1.0,1.0,0.0,0.0,0.0,0.0,0.0
33.0,Male,40.0,1.88,11.32,30.4,196.0,162.0,58.0,1.59,1131.0,3.0,1.0,2.6,Muscle Gain,Strength,1.0,1.0,1.0,0.0,0.0,0.0,1.0
54.0,Male,71.9,1.71,24.47,16.7,174.0,158.2,55.3,0.66,599.4,4.3,2.0,2.0,Muscle Gain,Functional,0.0,0.0,0.0,0.0,0.0,1.0,1.0
54.4,Male,67.3,1.84,19.83,9.0,171.5,166.5,49.5,0.82,685.1,4.3,2.0,2.7,Weight Loss,HIIT,1.0,0.0,0.0,0.0,0.0,0.0,1.0
40.9,Female,66.4,1.57,27.1,23.4,176.6,165.3,50.4,0.51,480.1,5.2,3.0,1.9,Endurance,Cardio,1.0,0.0,0.0,1.0,0.0,0.0,1.0
41.5,Female,56.5,1.59,22.38,21.2,181.9,90.8,63.5,0.82,68.8,4.0,2.0,2.0,General Fitness,Yoga,0.0,0.0,0.0,0.0,0.0,1.0,1.0
23.0,Male,71.3,1.77,22.76,35.0,171.0,134.0,50.0,1.34,1239.0,3.0,3.0,2.5,Endurance,Cardio,0.0,0.0,0.0,1.0,0.0,0.0,1.0
28.1,Female,71.2,1.6,27.95,15.6,202.9,144.7,53.4,1.27,735.6,4.7,3.0,3.0,Weight Loss,Cardio,0.0,0.0,0.0,1.0,0.0,0.0,1.0
26.1,Male,64.3,1.8,19.92,13.7,185.8,168.1,67.6,0.63,607.6,3.9,3.0,3.4,Weight Loss,Cardio,1.0,0.0,0.0,0.0,0.0,0.0,1.0
29.5,Male,62.8,1.65,23.17,11.9,203.4,96.2,51.5,0.89,129.4,5.0,1.0,1.8,Stress Relief,Yoga,0.0,0.0,0.0,0.0,1.0,0.0,0.0
36.3,Male,92.1,1.83,27.49,20.6,194.8,130.9,72.9,1.35,953.7,3.1,3.0,2.2,Athletic Performance,Functional,0.0,0.0,0.0,1.0,1.0,1.0,0.0
40.0,Female,83.6,1.84,24.69,23.0,175.0,137.0,65.0,1.46,1481.0,5.0,1.0,2.5,Weight Loss,Cardio,0.0,0.0,0.0,1.0,0.0,0.0,1.0
26.5,Male,75.8,1.8,23.48,16.9,201.2,157.6,52.5,0.82,870.6,4.1,3.0,3.6,Endurance,HIIT,1.0,0.0,0.0,1.0,1.0,0.0,1.0
21.0,Male,81.5,1.83,24.42,19.3,202.7,134.5,63.2,1.37,735.7,4.9,3.0,3.4,Muscle Gain,Strength,1.0,1.0,1.0,1.0,0.0,0.0,1.0
41.9,Female,84.4,1.67,30.21,25.5,184.0,112.0,66.8,1.58,510.4,5.0,2.0,2.7,Muscle Gain,Powerlifting,1.0,0.0,1.0,0.0,1.0,0.0,1.0
40.0,Male,97.4,1.87,27.74,14.3,176.6,152.8,50.1,1.17,1614.5,4.4,1.0,2.8,Endurance,Cardio,0.0,0.0,0.0,1.0,0.0,0.0,1.0
28.5,Male,53.8,1.63,20.13,17.1,179.4,174.4,49.0,0.97,725.1,3.3,3.0,2.6,Endurance,HIIT,1.0,0.0,0.0,1.0,1.0,1.0,1.0
31.0,Female,55.7,1.8,17.19,34.4,168.0,167.0,64.0,1.53,600.0,4.0,3.0,2.8,Endurance,HIIT,1.0,0.0,1.0,1.0,0.0,0.0,1.0
26.0,Male,129.9,1.71,44.42,26.6,196.0,136.0,74.0,1.27,931.0,5.0,1.0,1.8,Muscle Gain,Strength,1.0,1.0,1.0,1.0,1.0,1.0,0.0
30.0,Male,40.0,1.87,11.44,,186.0,140.0,56.0,1.57,848.0,5.0,1.0,2.6,Strength,Strength,1.0,0.0,0.0,1.0,0.0,0.0,1.0
51.4,Male,84.0,1.74,27.67,11.8,158.8,153.8,54.2,1.52,1374.2,5.6,2.0,3.8,Weight Loss,Cardio,0.0,0.0,0.0,1.0,1.0,0.0,1.0
37.2,Female,45.0,1.68,16.01,15.5,179.6,152.0,76.7,0.81,237.6,2.4,1.0,2.89,General Fitness,Strength,,,,,,,
47.2,Female,101.9,1.62,38.86,30.4,172.5,159.2,56.9,1.1,1171.7,4.7,2.0,2.96,Weight Loss,HIIT,1.0,0.0,0.0,1.0,0.0,0.0,1.0
37.1,Male,93.9,1.87,26.74,20.0,173.2,152.1,71.1,1.16,1183.2,3.4,3.0,3.6,Muscle Gain,Functional,1.0,0.0,1.0,1.0,1.0,1.0,1.0
22.2,Female,45.0,1.79,14.02,16.5,205.2,129.5,64.4,1.1,184.4,5.2,2.0,3.43,Stress Relief,Yoga,0.0,0.0,0.0,0.0,0.0,1.0,1.0
25.2,Male,56.8,1.73,19.05,13.4,193.7,118.6,69.4,1.03,126.3,4.9,3.0,2.2,General Fitness,Yoga,0.0,0.0,0.0,0.0,0.0,0.0,1.0
23.0,Male,107.6,1.5,47.82,10.0,181.0,136.0,71.0,1.53,1062.0,5.0,3.0,2.3,Weight Loss,Cardio,0.0,0.0,1.0,0.0,0.0,0.0,0.0
49.5,Male,55.0,1.67,19.71,18.1,164.7,126.5,63.0,1.83,627.7,2.9,2.0,,Muscle Gain,Strength,1.0,0.0,1.0,0.0,0.0,1.0,1.0
29.7,Male,77.9,1.69,27.15,13.7,195.4,124.6,70.1,1.37,753.8,4.6,1.0,3.1,Strength,Strength,1.0,0.0,1.0,0.0,0.0,1.0,1.0
34.3,Male,63.2,1.58,25.46,19.0,201.9,126.6,58.1,1.87,665.7,3.1,1.0,3.3,Muscle Gain,Strength,1.0,1.0,1.0,1.0,1.0,0.0,1.0
26.2,Male,69.3,1.7,24.1,12.7,210.0,129.4,52.6,1.77,767.0,3.8,2.0,2.9,Muscle Gain,Strength,1.0,0.0,1.0,1.0,0.0,0.0,1.0
65.8,Female,74.4,1.67,26.56,21.7,157.6,152.6,55.3,1.56,1044.7,4.3,2.0,3.8,General Fitness,Cardio,0.0,0.0,0.0,0.0,0.0,1.0,1.0
60.6,Female,63.7,1.66,23.18,19.9,146.9,141.9,55.2,0.58,362.8,4.2,2.0,2.8,Weight Loss,HIIT,1.0,0.0,0.0,1.0,0.0,0.0,0.0
46.0,Male,40.0,1.88,11.32,25.4,168.0,131.0,69.0,2.0,672.0,2.0,2.0,2.4,Strength,Strength,1.0,1.0,0.0,1.0,0.0,0.0,1.0
25.7,Female,59.4,1.68,21.13,18.0,199.1,171.9,59.2,1.72,1038.4,4.6,2.0,4.2,Weight Loss,Cardio,0.0,0.0,1.0,0.0,0.0,0.0,1.0
34.0,Male,89.1,1.78,28.12,27.6,174.0,120.0,51.0,1.52,574.0,4.0,2.0,1.5,Weight Loss,Cardio,0.0,0.0,0.0,1.0,0.0,0.0,1.0
18.7,Male,68.3,1.56,28.04,30.3,210.0,162.0,61.4,1.9,869.2,3.3,2.0,3.3,Muscle Gain,Strength,1.0,1.0,1.0,1.0,0.0,0.0,0.0
29.2,Male,85.9,1.58,34.41,26.3,195.7,158.7,76.5,1.52,797.3,1.9,2.0,3.54,Strength,Strength,0.0,1.0,1.0,0.0,0.0,0.0,1.0
28.1,Male,45.0,1.75,14.75,18.6,199.7,156.6,72.3,1.58,446.3,3.0,2.0,3.46,Muscle Gain,Functional,,,,,,,
28.8,Female,72.7,1.65,26.57,19.2,195.5,134.2,74.7,0.81,363.8,4.6,1.0,3.1,Muscle Gain,Strength,1.0,1.0,1.0,1.0,1.0,1.0,1.0
21.0,Female,76.0,1.72,25.69,28.8,196.0,160.0,73.0,1.51,1306.0,3.0,3.0,3.5,Muscle Gain,Strength,1.0,1.0,1.0,0.0,0.0,0.0,0.0
21.1,Male,67.0,1.7,23.14,12.8,193.6,117.6,68.4,1.81,609.6,3.7,1.0,3.0,Muscle Gain,Strength,0.0,1.0,1.0,0.0,0.0,0.0,1.0
43.3,Male,82.0,1.66,29.74,29.7,188.9,181.0,59.0,1.07,913.4,4.3,2.0,2.8,Endurance,HIIT,0.0,1.0,0.0,1.0,1.0,0.0,1.0
35.0,Female,68.2,1.7,23.6,23.5,178.0,137.0,52.0,2.0,1181.0,3.0,2.0,3.3,Weight Loss,HIIT,0.0,0.0,0.0,0.0,0.0,0.0,1.0
51.3,Male,72.1,1.91,19.86,26.3,171.8,137.6,74.3,0.98,459.1,3.2,1.0,2.64,Muscle Gain,Strength,1.0,1.0,1.0,0.0,0.0,0.0,1.0
53.1,Male,65.4,1.73,21.81,12.9,173.8,133.7,55.6,1.95,706.4,3.2,3.0,1.9,General Fitness,Strength,1.0,1.0,1.0,0.0,0.0,1.0,0.0
28.9,Female,84.8,1.72,28.59,23.1,183.8,117.1,62.8,1.07,493.3,4.0,3.0,1.6,Muscle Gain,Strength,1.0,0.0,1.0,0.0,0.0,0.0,0.0
32.3,Female,57.4,1.67,20.67,20.0,192.3,182.2,57.6,0.44,512.7,4.8,2.0,,Weight Loss,HIIT,0.0,0.0,0.0,1.0,1.0,0.0,0.0
22.0,Male,49.6,1.87,14.18,30.5,190.0,137.0,54.0,1.6,1326.0,5.0,1.0,1.9,Endurance,HIIT,1.0,0.0,0.0,1.0,0.0,0.0,0.0
18.8,Female,44.2,1.5,19.64,22.3,199.3,152.9,67.6,1.5,739.8,6.0,3.0,3.3,General Fitness,Cardio,0.0,0.0,1.0,0.0,0.0,0.0,0.0
32.0,Male,82.3,1.55,34.26,26.7,172.0,128.0,74.0,1.52,990.0,3.0,1.0,2.0,General Fitness,HIIT,1.0,0.0,0.0,1.0,1.0,1.0,1.0
18.1,Female,100.0,1.74,32.86,29.0,207.8,162.9,72.7,1.0,665.2,2.2,1.0,3.3,General Fitness,Strength,1.0,1.0,1.0,0.0,0.0,0.0,1.0
18.3,Female,61.8,1.68,21.87,27.8,191.9,144.9,53.2,1.81,1014.4,4.7,1.0,3.7,Strength,Strength,1.0,1.0,1.0,1.0,0.0,0.0,1.0
54.0,Male,63.8,1.92,17.31,20.7,188.0,131.0,57.0,0.98,1117.0,5.0,2.0,1.6,Endurance,HIIT,1.0,1.0,0.0,1.0,1.0,1.0,0.0
25.5,Female,54.1,1.61,20.84,24.1,206.5,128.9,58.2,1.0,512.0,3.2,3.0,2.7,General Fitness,Functional,1.0,0.0,0.0,1.0,1.0,1.0,1.0
25.2,Male,66.9,1.73,22.32,19.8,202.0,130.6,58.8,1.39,835.8,4.4,1.0,2.9,General Fitness,Functional,1.0,0.0,1.0,0.0,1.0,1.0,1.0
29.5,Male,68.9,1.79,21.42,16.6,188.1,125.7,62.5,1.02,426.2,4.1,3.0,2.8,Strength,Strength,1.0,1.0,0.0,0.0,0.0,0.0,1.0
60.9,Male,75.4,1.63,28.31,23.5,141.7,115.7,53.6,1.2,341.8,4.1,3.0,2.8,Strength,Powerlifting,1.0,1.0,1.0,0.0,1.0,0.0,1.0
29.2,Female,52.7,1.66,19.23,23.3,190.7,134.2,54.1,0.8,360.9,4.3,2.0,2.9,Athletic Performance,Functional,0.0,0.0,1.0,1.0,1.0,1.0,1.0
28.9,Male,70.7,1.66,25.61,18.8,193.9,115.5,59.1,0.83,218.7,5.5,2.0,3.19,Stress Relief,Yoga,1.0,0.0,0.0,0.0,1.0,1.0,1.0
33.0,Female,58.2,1.62,22.18,26.5,170.0,163.0,60.0,1.21,1524.0,3.0,2.0,2.8,Endurance,Cardio,0.0,0.0,0.0,0.0,0.0,1.0,1.0
35.0,Female,51.0,1.59,20.12,27.7,189.5,157.4,62.5,1.0,448.8,4.6,3.0,3.7,General Fitness,Functional,1.0,1.0,1.0,1.0,1.0,0.0,1.0
18.0,Male,41.0,1.97,10.56,24.3,189.0,149.0,63.0,1.64,596.0,2.0,2.0,1.8,General Fitness,Strength,1.0,0.0,0.0,0.0,0.0,0.0,0.0
29.0,Female,58.4,1.61,22.53,20.1,182.0,165.0,70.0,0.77,1259.0,4.0,2.0,3.5,General Fitness,HIIT,1.0,0.0,0.0,0.0,1.0,0.0,0.0
52.2,Male,80.1,1.71,27.5,18.3,166.1,144.5,66.1,1.1,713.0,3.5,3.0,2.8,Strength,Strength,1.0,1.0,0.0,1.0,1.0,0.0,1.0
25.6,Female,67.1,1.72,22.65,17.6,184.2,118.7,57.8,0.61,121.7,3.2,3.0,2.5,Flexibility,Yoga,0.0,0.0,0.0,0.0,1.0,1.0,1.0
19.1,Male,100.4,1.88,28.53,26.9,194.0,102.5,62.9,1.89,879.3,3.8,2.0,2.8,General Fitness,Powerlifting,1.0,1.0,0.0,0.0,0.0,0.0,1.0
48.0,Male,87.3,2.0,21.82,10.7,190.0,159.0,61.0,1.97,897.0,5.0,3.0,3.5,Muscle Gain,Strength,1.0,0.0,1.0,0.0,0.0,1.0,0.0
30.0,Male,88.2,1.72,29.81,27.2,191.0,155.0,54.0,1.28,911.0,4.0,3.0,2.2,Muscle Gain,Strength,1.0,1.0,1.0,1.0,0.0,0.0,0.0
35.1,Male,70.1,1.63,26.38,18.5,179.1,167.7,64.4,0.91,762.6,3.1,2.0,3.4,General Fitness,HIIT,0.0,0.0,0.0,1.0,1.0,0.0,0.0
25.7,Male,91.6,1.86,26.51,18.1,203.9,142.9,78.7,0.81,669.4,4.7,1.0,2.7,Muscle Gain,Strength,1.0,1.0,1.0,0.0,1.0,1.0,1.0
18.0,Female,40.0,1.9,11.08,17.4,166.0,169.0,57.0,1.28,1556.0,2.0,3.0,2.1,Muscle Gain,Strength,1.0,1.0,1.0,0.0,0.0,0.0,1.0
18.0,Female,77.7,1.55,32.34,14.8,178.0,131.0,67.0,1.4,1259.0,3.0,2.0,2.4,Strength,Strength,1.0,1.0,0.0,1.0,0.0,1.0,1.0
24.3,Male,84.2,1.81,25.73,14.7,206.8,142.8,65.9,0.7,572.6,5.8,1.0,2.1,Endurance,Cardio,0.0,0.0,0.0,0.0,0.0,0.0,1.0
36.4,Male,87.0,1.75,28.32,19.8,184.5,115.3,62.2,0.94,403.1,4.9,3.0,2.3,Strength,Strength,1.0,1.0,1.0,1.0,1.0,1.0,1.0
31.5,Female,47.8,1.46,22.26,26.6,193.1,142.2,69.5,0.77,259.1,4.9,3.0,3.2,General Fitness,Functional,1.0,0.0,1.0,0.0,1.0,1.0,1.0
45.0,Male,43.8,1.73,14.63,24.9,161.0,169.0,72.0,1.97,1783.0,4.0,3.0,3.5,Weight Loss,HIIT,0.0,0.0,0.0,0.0,0.0,0.0,1.0
25.9,Female,69.6,1.63,26.32,18.1,190.2,142.1,70.4,0.7,440.5,4.3,3.0,2.8,General Fitness,Functional,1.0,1.0,1.0,1.0,1.0,0.0,0.0
35.8,Male,74.4,1.79,23.11,16.3,191.9,114.4,64.8,1.88,632.9,3.4,3.0,2.3,Strength,Strength,0.0,0.0,1.0,0.0,0.0,1.0,0.0
26.4,Male,79.6,1.81,24.31,15.0,185.1,95.8,71.5,0.94,131.0,2.6,3.0,2.0,Flexibility,Yoga,0.0,0.0,0.0,0.0,0.0,1.0,1.0
27.6,Female,75.2,1.7,25.99,20.8,186.4,150.4,56.0,0.9,826.0,3.3,3.0,3.2,General Fitness,Functional,0.0,0.0,1.0,0.0,0.0,0.0,1.0
27.8,Male,70.0,1.66,25.27,11.8,182.5,148.6,53.2,1.04,771.5,5.6,3.0,2.8,Endurance,Cardio,0.0,0.0,0.0,1.0,1.0,0.0,1.0
35.7,Female,50.6,1.53,21.65,23.9,187.4,144.2,58.1,1.42,813.2,3.1,3.0,3.5,Muscle Gain,Functional,1.0,0.0,1.0,1.0,0.0,1.0,1.0
58.1,Male,75.6,1.67,27.04,18.8,166.0,135.3,65.9,1.68,757.2,3.6,1.0,3.1,Muscle Gain,Strength,1.0,1.0,1.0,0.0,0.0,0.0,1.0
36.1,Female,46.8,1.5,20.86,24.9,188.8,151.8,61.7,0.73,285.1,3.1,3.0,2.4,General Fitness,Functional,1.0,0.0,1.0,1.0,0.0,1.0,0.0
44.0,Female,63.6,1.77,20.3,17.8,161.0,169.0,50.0,1.57,1283.0,3.0,2.0,2.1,General Fitness,Cardio,0.0,0.0,0.0,1.0,1.0,0.0,0.0
43.8,Female,52.5,1.54,22.03,23.8,170.6,148.7,49.6,0.68,458.4,3.4,2.0,3.1,Weight Loss,Cardio,1.0,0.0,0.0,0.0,0.0,0.0,1.0
31.3,Male,72.2,1.75,23.67,15.6,195.6,127.8,60.0,0.68,415.1,4.2,1.0,2.8,Athletic Performance,Functional,0.0,0.0,1.0,1.0,1.0,1.0,1.0
23.2,Female,56.1,1.65,20.71,19.8,189.1,142.5,64.2,1.46,739.9,3.9,2.0,2.9,Strength,Strength,1.0,1.0,0.0,1.0,0.0,0.0,1.0
66.1,Male,87.3,1.76,28.27,17.7,157.4,121.3,64.8,1.69,883.2,4.1,1.0,2.8,Muscle Gain,Strength,1.0,1.0,1.0,0.0,1.0,1.0,0.0
29.3,Male,76.4,1.85,22.36,24.3,184.0,146.2,67.1,1.59,720.8,2.5,1.0,2.88,Muscle Gain,Strength,1.0,1.0,1.0,1.0,1.0,0.0,0.0
20.4,Male,100.2,1.77,32.04,20.4,197.3,101.3,67.4,2.39,739.7,3.1,2.0,2.3,Strength,Powerlifting,1.0,1.0,0.0,0.0,0.0,0.0,0.0
41.0,Male,74.7,1.84,22.06,24.8,170.0,169.0,57.0,1.37,1257.0,3.0,3.0,2.5,Muscle Gain,Strength,1.0,1.0,1.0,1.0,1.0,0.0,1.0
39.9,Male,73.8,1.72,25.04,17.6,168.3,93.2,52.4,1.28,188.1,4.2,1.0,2.3,General Fitness,Yoga,0.0,0.0,0.0,0.0,1.0,0.0,1.0
54.6,Male,55.5,1.69,19.35,16.2,182.7,165.6,47.2,1.12,785.7,4.7,3.0,3.0,Endurance,HIIT,1.0,0.0,0.0,1.0,1.0,0.0,1.0
20.2,Female,69.5,1.66,25.25,27.9,196.6,143.7,63.6,0.98,450.2,4.7,2.0,2.5,General Fitness,Functional,1.0,0.0,1.0,1.0,1.0,1.0,1.0
31.2,Female,47.0,1.57,19.12,13.6,210.0,141.6,63.3,0.79,247.6,3.4,1.0,2.6,Weight Loss,Cardio,0.0,0.0,0.0,1.0,0.0,0.0,1.0
45.9,Female,68.0,1.66,24.82,19.6,168.2,146.5,55.7,0.89,769.2,4.5,1.0,3.3,Endurance,Cardio,1.0,0.0,0.0,0.0,0.0,1.0,1.0
21.1,Male,58.0,1.67,20.89,12.6,210.0,139.4,65.8,0.93,455.5,3.8,2.0,2.8,Athletic Performance,Functional,0.0,0.0,1.0,1.0,0.0,1.0,0.0
24.0,Female,62.8,1.68,22.25,25.9,177.0,163.0,53.0,2.0,1005.0,4.0,1.0,2.9,Endurance,HIIT,0.0,0.0,1.0,0.0,0.0,0.0,1.0
24.0,Female,51.3,1.6,19.98,24.8,185.8,133.1,57.8,0.8,353.5,4.0,1.0,2.4,Muscle Gain,Functional,0.0,0.0,1.0,1.0,1.0,0.0,1.0
61.1,Male,82.3,1.75,26.94,20.7,146.0,119.8,62.9,1.44,910.6,4.6,2.0,3.3,Muscle Gain,Powerlifting,1.0,1.0,0.0,1.0,0.0,0.0,0.0
28.8,Male,84.8,1.71,28.99,20.9,198.3,110.5,68.1,1.96,1129.8,4.4,2.0,3.1,Muscle Gain,Powerlifting,0.0,1.0,0.0,0.0,0.0,0.0,1.0
39.3,Female,62.7,1.77,19.96,19.3,176.7,102.1,56.5,1.26,132.1,5.5,1.0,2.3,Stress Relief,Yoga,0.0,0.0,1.0,0.0,1.0,1.0,1.0
26.0,Male,73.6,1.77,23.37,21.0,195.4,119.8,73.0,1.97,919.9,3.3,3.0,3.3,Muscle Gain,Strength,1.0,0.0,0.0,0.0,1.0,0.0,0.0
25.4,Male,71.4,1.74,23.55,17.2,200.0,129.8,66.7,1.16,607.1,3.1,3.0,2.9,Strength,Strength,1.0,1.0,1.0,1.0,0.0,0.0,0.0
32.2,Female,47.1,2.05,11.2,10.9,194.1,162.1,67.5,1.99,627.8,2.4,1.0,3.73,Weight Loss,Cardio,0.0,0.0,1.0,0.0,1.0,0.0,1.0
30.3,Female,61.3,1.61,23.6,23.0,193.2,154.5,49.0,0.55,544.9,2.6,2.0,2.9,Endurance,HIIT,1.0,1.0,1.0,1.0,1.0,0.0,1.0
24.6,Female,77.7,1.83,23.15,19.7,189.8,133.1,57.0,1.77,950.9,4.4,1.0,3.9,Strength,Strength,1.0,1.0,0.0,0.0,0.0,0.0,1.0
33.0,Male,59.6,1.6,23.28,22.7,187.0,127.0,69.0,1.41,573.0,3.0,1.0,2.2,Muscle Gain,Strength,1.0,0.0,1.0,1.0,0.0,0.0,1.0
21.8,Female,67.3,1.72,22.78,22.1,200.7,144.3,46.5,0.79,542.2,3.1,2.0,2.0,Strength,Strength,0.0,1.0,0.0,0.0,0.0,0.0,0.0
46.0,Female,56.7,1.97,14.61,26.4,199.0,160.0,56.0,1.3,1215.0,3.0,1.0,2.4,Endurance,HIIT,1.0,0.0,0.0,1.0,1.0,0.0,0.0
31.0,Female,66.6,1.55,27.89,18.1,201.9,129.9,66.7,0.69,298.5,4.6,1.0,3.0,General Fitness,Functional,1.0,1.0,1.0,0.0,0.0,1.0,1.0
30.5,Male,85.9,1.76,27.81,11.6,180.9,161.7,60.4,0.49,646.2,4.1,2.0,3.8,Weight Loss,HIIT,0.0,0.0,0.0,0.0,1.0,0.0,1.0
40.0,Male,79.5,1.92,21.57,14.7,184.0,156.0,52.0,1.29,1178.0,4.0,1.0,,Muscle Gain,Strength,1.0,1.0,1.0,0.0,0.0,0.0,0.0
41.0,Female,65.7,1.57,26.65,26.5,170.0,169.0,71.0,1.13,708.0,5.0,1.0,1.9,Strength,Strength,1.0,1.0,1.0,0.0,0.0,1.0,0.0
42.0,Female,80.3,1.94,21.34,24.6,192.0,169.0,52.0,1.72,753.0,5.0,2.0,3.5,Muscle Gain,Strength,1.0,1.0,1.0,1.0,0.0,0.0,1.0
53.0,Female,40.0,1.66,14.52,27.5,192.0,169.0,72.0,1.11,820.9,4.0,3.0,2.8,Strength,Strength,0.0,1.0,1.0,1.0,0.0,0.0,1.0
39.3,Male,59.7,1.75,19.57,15.4,165.1,142.9,68.1,0.61,411.9,3.0,2.0,2.6,Muscle Gain,Functional,1.0,1.0,1.0,1.0,1.0,1.0,1.0
21.6,Female,47.9,1.49,21.58,20.3,206.8,151.6,65.9,0.86,557.1,4.3,2.0,3.0,Endurance,Cardio,0.0,0.0,1.0,1.0,1.0,1.0,1.0
19.0,Male,59.8,1.7,20.69,29.6,181.0,120.0,73.0,1.54,1130.0,3.0,1.0,3.5,Weight Loss,Cardio,1.0,0.0,0.0,0.0,0.0,0.0,1.0
28.2,Female,61.5,1.7,21.25,22.8,183.7,145.9,52.6,0.57,231.1,4.2,3.0,2.56,Muscle Gain,Functional,,,,,,,
36.5,Female,56.4,1.67,20.24,19.8,174.1,129.1,63.3,0.8,458.1,4.9,1.0,2.6,Athletic Performance,Functional,1.0,0.0,0.0,1.0,1.0,1.0,1.0
24.9,Female,57.9,1.52,25.23,19.1,183.9,176.3,59.7,0.86,727.2,3.9,3.0,3.4,Endurance,HIIT,1.0,0.0,0.0,1.0,1.0,1.0,1.0
23.6,Male,85.6,1.83,25.57,8.3,203.5,156.8,59.5,1.12,1344.3,5.4,1.0,3.6,Weight Loss,Cardio,1.0,0.0,1.0,0.0,0.0,0.0,1.0
28.6,Male,76.3,1.72,25.76,12.8,203.1,101.6,65.2,0.51,78.7,2.1,2.0,2.6,Stress Relief,Yoga,0.0,0.0,0.0,0.0,1.0,1.0,1.0
58.3,Male,84.5,1.77,27.05,13.8,165.3,160.3,54.6,0.94,756.0,4.0,3.0,3.2,General Fitness,HIIT,0.0,1.0,0.0,1.0,1.0,1.0,0.0
38.3,Male,75.6,1.74,25.09,29.3,189.7,105.0,64.1,1.75,750.4,4.6,2.0,2.0,Strength,Powerlifting,0.0,1.0,0.0,1.0,0.0,0.0,0.0
55.0,Female,78.9,1.79,24.72,23.2,171.6,138.7,66.2,1.07,536.9,3.2,2.0,3.0,Muscle Gain,Strength,1.0,1.0,1.0,0.0,0.0,0.0,1.0
45.3,Male,82.4,1.84,24.38,17.4,154.2,140.4,64.7,0.86,823.5,3.1,3.0,2.5,Muscle Gain,Functional,1.0,0.0,0.0,1.0,0.0,1.0,1.0
38.0,Female,81.1,1.92,22.0,26.1,190.0,125.0,61.0,1.18,690.0,4.0,3.0,3.1,Strength,Strength,1.0,1.0,1.0,1.0,1.0,1.0,0.0
36.1,Male,65.2,1.83,19.39,,186.8,136.7,50.3,0.88,337.4,3.1,1.0,2.9,Strength,Strength,1.0,1.0,1.0,1.0,1.0,1.0,1.0
44.7,Male,84.8,1.72,28.65,17.9,164.9,113.4,58.2,2.44,830.9,3.3,3.0,2.6,Muscle Gain,Powerlifting,1.0,1.0,1.0,1.0,0.0,0.0,0.0
66.7,Male,63.3,1.69,22.19,14.0,164.7,134.6,65.7,1.07,378.3,3.9,1.0,2.9,Muscle Gain,Strength,1.0,1.0,1.0,0.0,1.0,1.0,1.0
37.0,Male,98.3,1.79,30.75,27.1,193.6,102.5,63.2,1.62,873.0,4.5,2.0,2.3,General Fitness,Powerlifting,1.0,1.0,0.0,0.0,0.0,0.0,0.0
18.3,Male,81.1,1.9,22.39,16.4,194.4,134.1,68.5,0.67,593.6,3.8,1.0,2.9,Athletic Performance,Functional,0.0,0.0,0.0,1.0,1.0,1.0,1.0
45.0,Male,59.0,1.87,16.87,18.2,199.0,157.0,55.0,1.11,613.0,2.0,1.0,3.2,General Fitness,Strength,1.0,1.0,0.0,0.0,0.0,0.0,1.0
25.5,Male,50.2,1.56,20.57,20.7,198.3,192.6,72.8,0.44,233.7,4.9,2.0,3.65,Endurance,HIIT,1.0,0.0,0.0,1.0,0.0,0.0,1.0
32.0,Female,81.7,1.87,23.49,,178.6,143.3,53.4,0.98,516.5,3.2,2.0,3.39,Muscle Gain,Strength,1.0,1.0,1.0,0.0,1.0,0.0,1.0
45.0,Female,68.7,1.7,23.77,22.9,179.0,126.0,74.0,1.05,1161.0,4.0,3.0,3.1,Endurance,Cardio,0.0,0.0,0.0,0.0,0.0,0.0,1.0
21.3,Male,70.1,1.77,22.47,8.0,204.2,165.5,47.3,0.59,574.1,4.1,2.0,3.4,Endurance,Cardio,0.0,0.0,0.0,0.0,0.0,1.0,0.0
46.0,Female,78.4,1.55,32.63,,176.0,132.0,69.0,2.0,820.9,2.0,1.0,2.2,Strength,Strength,1.0,1.0,1.0,0.0,0.0,0.0,1.0
47.0,Male,69.7,1.83,20.81,30.2,184.0,121.0,70.0,1.02,747.0,5.0,1.0,1.9,Weight Loss,HIIT,0.0,1.0,0.0,0.0,0.0,0.0,1.0
26.0,Female,64.7,1.61,24.96,25.1,197.0,137.0,74.0,1.48,1088.0,5.0,2.0,2.2,Weight Loss,HIIT,1.0,0.0,0.0,1.0,0.0,0.0,1.0
21.2,Female,64.6,1.6,25.28,22.5,200.3,160.0,61.4,1.17,795.1,3.7,3.0,3.7,Muscle Gain,Functional,0.0,0.0,0.0,1.0,1.0,1.0,0.0
37.9,Female,56.6,1.45,26.93,21.7,175.9,170.7,55.0,1.35,923.0,3.3,3.0,3.8,Endurance,Cardio,0.0,0.0,1.0,0.0,0.0,0.0,1.0
51.3,Male,60.1,1.65,21.99,16.4,170.4,113.1,52.2,1.8,584.3,3.6,1.0,2.3,Strength,Strength,1.0,1.0,1.0,0.0,0.0,1.0,1.0
22.6,Male,55.1,1.48,24.98,28.2,195.2,120.3,65.2,1.21,267.3,2.3,2.0,2.76,Flexibility,Yoga,0.0,0.0,0.0,0.0,1.0,1.0,1.0
31.3,Female,71.2,1.64,26.57,16.7,193.1,178.8,55.2,1.42,1771.3,3.6,3.0,4.3,Weight Loss,Cardio,0.0,0.0,0.0,1.0,1.0,0.0,1.0
42.0,Female,40.0,1.72,13.52,24.0,197.0,139.0,74.0,1.64,1143.0,3.0,2.0,1.5,Muscle Gain,Strength,1.0,0.0,1.0,1.0,0.0,0.0,1.0
18.2,Male,88.1,1.89,24.72,15.1,205.6,94.6,62.2,1.41,303.6,4.2,1.0,2.7,Stress Relief,Yoga,0.0,0.0,0.0,0.0,1.0,0.0,1.0
45.0,Female,73.7,1.7,25.5,29.1,190.0,167.0,67.0,1.11,1100.0,2.0,1.0,1.8,Muscle Gain,Strength,1.0,0.0,1.0,1.0,0.0,0.0,1.0
27.0,Female,50.3,1.66,18.25,27.6,180.0,131.0,74.0,1.12,677.0,2.0,2.0,1.8,Weight Loss,Cardio,0.0,0.0,0.0,0.0,0.0,0.0,1.0
23.0,Female,55.4,1.8,17.1,27.1,164.0,163.0,73.0,1.33,783.0,2.0,1.0,1.5,Muscle Gain,Strength,1.0,0.0,0.0,1.0,0.0,0.0,1.0
18.0,Male,56.9,1.74,18.79,22.0,180.0,149.0,59.0,0.89,1441.0,2.0,2.0,3.2,Endurance,Cardio,0.0,0.0,0.0,0.0,0.0,0.0,1.0
36.5,Female,50.7,1.71,17.43,16.3,189.6,138.8,59.3,1.53,516.2,2.9,2.0,3.26,Muscle Gain,Strength,1.0,1.0,1.0,1.0,0.0,0.0,1.0
54.3,Male,83.3,1.87,23.84,19.4,178.1,134.8,63.1,0.98,858.6,3.1,3.0,2.8,General Fitness,Functional,1.0,0.0,0.0,1.0,1.0,1.0,1.0
55.3,Female,45.0,1.8,13.85,16.5,168.1,134.3,69.0,1.34,429.4,3.2,2.0,2.57,General Fitness,Strength,,,,,,,
39.0,Male,62.4,1.66,22.55,11.7,188.1,181.8,62.5,1.13,1092.0,3.1,2.0,3.8,Endurance,HIIT,0.0,0.0,0.0,1.0,0.0,1.0,1.0
48.0,Male,83.0,1.55,34.55,21.5,164.0,169.0,67.0,1.27,1287.0,2.0,3.0,3.5,Endurance,Cardio,0.0,0.0,0.0,0.0,1.0,0.0,1.0
19.0,Female,86.3,1.89,24.16,19.5,164.0,131.0,74.0,0.97,1175.0,3.0,2.0,2.4,Endurance,HIIT,1.0,0.0,0.0,1.0,0.0,0.0,1.0
42.8,Male,67.6,1.67,24.34,17.7,185.6,153.9,54.2,1.04,1111.1,2.7,3.0,2.9,Endurance,HIIT,1.0,0.0,0.0,0.0,1.0,0.0,1.0
34.0,Female,102.9,1.64,38.26,24.2,188.0,124.0,74.0,1.24,700.0,4.0,1.0,3.3,Strength,Strength,0.0,1.0,1.0,1.0,1.0,0.0,1.0
43.0,Male,83.5,1.96,21.74,24.3,168.0,169.0,54.0,1.47,1522.0,4.0,2.0,2.1,Strength,Strength,1.0,0.0,1.0,1.0,1.0,1.0,0.0
19.4,Male,61.7,1.75,20.08,15.8,210.0,151.3,61.3,0.67,527.6,4.7,3.0,3.1,General Fitness,Functional,1.0,1.0,1.0,1.0,1.0,0.0,1.0
18.0,Female,93.3,1.71,31.91,22.3,199.0,124.5,50.0,1.59,1166.0,4.0,1.0,2.6,Strength,Strength,1.0,1.0,1.0,0.0,1.0,1.0,1.0
33.0,Female,44.9,1.73,15.0,27.0,176.0,158.0,74.0,2.0,905.0,3.0,2.0,2.1,Muscle Gain,Strength,1.0,1.0,0.0,1.0,0.0,1.0,1.0
53.8,Female,71.4,1.76,23.03,20.6,166.6,121.0,58.9,1.6,576.9,4.0,2.0,3.3,Strength,Strength,1.0,1.0,0.0,1.0,0.0,0.0,1.0
47.1,Female,54.8,1.51,23.89,25.2,173.0,115.4,71.6,0.9,195.2,3.0,1.0,2.25,Flexibility,Yoga,0.0,0.0,0.0,0.0,1.0,0.0,1.0
57.8,Female,65.3,1.69,22.84,27.3,150.9,126.2,77.1,1.23,531.4,2.8,1.0,3.35,Muscle Gain,Strength,,,,,,,
20.1,Male,57.6,1.74,19.01,17.1,192.7,90.2,82.4,0.74,106.0,5.9,2.0,1.9,General Fitness,Yoga,0.0,0.0,0.0,0.0,0.0,0.0,1.0
50.7,Female,55.6,1.54,23.57,23.1,150.8,120.9,61.7,1.68,425.9,3.8,2.0,3.1,Strength,Strength,1.0,1.0,0.0,1.0,0.0,0.0,1.0
38.9,Male,54.4,1.67,19.49,20.3,182.7,129.2,63.4,1.65,680.1,4.7,1.0,2.7,General Fitness,Strength,1.0,1.0,1.0,0.0,0.0,1.0,1.0
34.0,Male,66.7,1.55,27.76,19.4,186.0,169.0,55.0,1.48,781.0,3.0,1.0,2.5,Weight Loss,Cardio,0.0,0.0,0.0,0.0,0.0,0.0,1.0
53.0,Female,65.2,1.72,22.04,24.8,196.0,152.0,50.0,1.87,1073.0,3.0,1.0,3.7,Weight Loss,Cardio,0.0,0.0,0.0,0.0,0.0,0.0,1.0
17.0,Male,63.4,1.81,19.38,20.4,205.8,132.2,71.0,0.46,111.7,2.3,1.0,1.96,General Fitness,Yoga,0.0,0.0,0.0,0.0,1.0,1.0,1.0
18.0,Male,59.1,1.69,20.69,27.5,180.0,155.0,57.0,1.99,1505.0,4.0,1.0,1.9,Muscle Gain,Strength,1.0,1.0,0.0,0.0,0.0,0.0,1.0
33.1,Female,71.7,1.64,26.82,28.0,189.0,132.1,73.4,1.13,579.9,3.1,3.0,3.0,Athletic Performance,Functional,1.0,0.0,1.0,1.0,1.0,0.0,1.0
39.4,Female,55.9,1.57,22.78,23.1,183.6,148.3,48.1,0.62,343.0,4.2,3.0,3.2,General Fitness,Cardio,0.0,0.0,0.0,0.0,0.0,0.0,1.0
29.4,Male,69.3,1.6,26.96,19.0,203.1,127.0,50.3,1.08,667.1,3.4,1.0,2.8,General Fitness,Functional,1.0,0.0,0.0,1.0,1.0,0.0,1.0
52.8,Female,62.1,1.62,23.63,29.4,180.2,158.4,74.1,1.47,673.1,1.8,1.0,3.4,Weight Loss,Cardio,1.0,0.0,0.0,0.0,0.0,1.0,1.0
48.1,Female,59.6,1.64,22.13,29.6,167.8,141.4,72.1,1.22,480.6,1.9,1.0,3.02,Athletic Performance,Functional,,,,,,,
27.0,Male,112.6,1.79,35.14,28.6,174.0,167.0,60.0,0.69,1282.0,2.0,1.0,1.5,Muscle Gain,Strength,1.0,1.0,1.0,0.0,0.0,1.0,1.0
45.0,Female,57.5,1.55,23.93,28.8,190.0,123.0,54.0,1.33,893.0,3.0,1.0,3.3,General Fitness,HIIT,0.0,0.0,1.0,1.0,0.0,1.0,1.0
19.3,Female,57.4,1.54,24.34,15.3,200.0,167.3,59.5,0.78,549.8,2.2,2.0,3.5,Weight Loss,HIIT,1.0,0.0,0.0,0.0,1.0,0.0,1.0
52.8,Male,81.6,1.77,26.0,15.1,169.6,132.8,57.2,1.88,1340.0,4.8,3.0,2.9,Strength,Strength,1.0,1.0,1.0,1.0,0.0,0.0,0.0
54.6,Male,87.7,1.86,25.23,16.3,168.4,119.3,53.4,1.58,914.6,4.0,1.0,,Muscle Gain,Strength,1.0,1.0,1.0,1.0,0.0,1.0,1.0
45.0,Female,58.8,1.57,23.74,32.7,176.2,124.6,66.5,1.42,645.9,3.8,3.0,3.2,Muscle Gain,Powerlifting,0.0,1.0,1.0,1.0,0.0,0.0,1.0
20.1,Male,65.0,1.69,22.84,12.4,198.9,179.7,56.8,0.54,506.8,3.2,3.0,3.9,Weight Loss,Cardio,0.0,0.0,0.0,0.0,0.0,0.0,1.0
62.8,Male,75.7,1.77,24.19,16.9,162.0,136.4,54.7,1.98,1446.8,4.3,3.0,3.1,General Fitness,Strength,1.0,0.0,1.0,0.0,1.0,0.0,0.0
42.7,Male,77.1,1.8,23.84,12.4,174.9,105.9,61.1,1.01,220.8,2.1,2.0,2.2,General Fitness,Yoga,0.0,0.0,0.0,0.0,0.0,1.0,1.0
39.2,Male,69.9,1.68,24.68,8.0,180.8,171.6,58.1,0.51,458.9,3.2,2.0,3.7,Endurance,HIIT,0.0,1.0,0.0,1.0,0.0,0.0,0.0
38.9,Male,72.6,1.75,23.65,15.0,180.6,175.6,63.1,0.81,839.1,3.8,3.0,3.7,Weight Loss,HIIT,1.0,0.0,0.0,1.0,1.0,1.0,1.0
18.4,Male,45.0,1.6,17.59,23.6,202.2,194.2,66.6,0.38,187.6,2.5,2.0,3.2,Endurance,HIIT,0.0,0.0,0.0,1.0,0.0,0.0,1.0
42.8,Male,78.0,1.87,22.41,9.0,171.2,160.2,67.0,0.89,803.8,3.7,3.0,3.2,General Fitness,Cardio,0.0,0.0,0.0,1.0,1.0,0.0,1.0
29.1,Female,70.8,1.61,27.45,,194.7,101.6,72.2,2.17,611.3,3.6,2.0,2.9,Strength,Powerlifting,1.0,1.0,1.0,1.0,1.0,0.0,0.0
39.2,Female,64.2,1.94,17.06,17.9,181.3,111.0,53.2,0.86,200.1,3.9,2.0,3.53,Flexibility,Yoga,0.0,0.0,0.0,1.0,1.0,1.0,1.0
18.0,Male,40.0,1.72,13.52,26.4,188.0,155.0,74.0,1.51,1266.0,2.0,2.0,2.5,Endurance,Cardio,0.0,0.0,1.0,1.0,0.0,0.0,1.0
35.8,Female,55.2,1.71,18.8,16.1,182.6,139.9,62.5,1.57,535.3,2.2,2.0,3.79,Muscle Gain,Strength,1.0,1.0,1.0,1.0,0.0,0.0,0.0
21.0,Female,76.4,1.68,27.21,26.3,201.9,132.0,76.8,1.42,649.7,3.5,1.0,3.3,Strength,Strength,1.0,1.0,1.0,1.0,1.0,1.0,1.0
39.4,Male,111.1,1.89,31.25,22.9,176.7,120.7,61.4,1.85,1588.4,4.0,2.0,3.5,Muscle Gain,Powerlifting,1.0,1.0,0.0,0.0,0.0,0.0,0.0
44.0,Female,54.0,1.61,20.86,21.7,174.0,133.9,55.3,1.6,462.9,3.9,2.0,3.4,General Fitness,Strength,1.0,1.0,0.0,0.0,1.0,0.0,0.0
35.5,Female,79.0,1.75,25.92,18.4,187.4,98.6,63.3,0.86,125.4,3.5,3.0,1.6,Flexibility,Yoga,0.0,1.0,0.0,0.0,0.0,1.0,1.0
29.0,Female,65.4,1.6,25.68,26.6,190.4,120.2,58.5,1.98,714.4,3.1,1.0,2.9,Muscle Gain,Strength,1.0,1.0,1.0,1.0,1.0,0.0,0.0
31.0,Female,129.9,1.7,44.95,10.0,190.0,169.0,69.0,1.38,735.0,3.0,3.0,2.1,Strength,Strength,1.0,1.0,1.0,0.0,0.0,0.0,1.0
21.1,Male,86.4,1.79,26.87,11.8,184.8,175.3,59.5,0.59,560.2,2.6,3.0,3.1,Weight Loss,HIIT,1.0,0.0,0.0,1.0,0.0,0.0,1.0
24.4,Male,64.7,1.71,22.06,16.5,185.1,115.2,69.5,1.49,338.0,2.7,3.0,1.9,Flexibility,Yoga,0.0,0.0,0.0,0.0,1.0,1.0,0.0
41.4,Male,61.8,1.74,20.32,11.8,166.0,148.0,45.4,1.24,1011.7,5.5,2.0,2.7,Endurance,Cardio,0.0,0.0,1.0,1.0,0.0,0.0,0.0
56.0,Female,107.4,1.73,35.88,,176.0,141.0,71.0,0.65,1564.0,2.0,3.0,3.0,General Fitness,HIIT,1.0,0.0,0.0,1.0,0.0,0.0,1.0
51.9,Female,69.4,1.67,24.97,34.7,166.7,125.9,66.6,2.48,1142.8,3.4,3.0,4.8,Muscle Gain,Powerlifting,1.0,1.0,0.0,0.0,0.0,1.0,0.0
19.8,Female,51.6,1.58,20.52,24.6,210.0,171.3,60.0,1.1,592.9,4.3,2.0,3.6,Endurance,Cardio,1.0,0.0,1.0,1.0,0.0,0.0,1.0
49.0,Male,97.1,2.0,24.28,10.0,174.0,153.0,74.0,1.26,763.0,2.0,2.0,2.6,Muscle Gain,Strength,1.0,1.0,1.0,0.0,1.0,0.0,1.0
37.5,Male,78.1,1.61,30.22,24.2,182.9,144.4,70.9,2.09,1038.9,3.0,2.0,4.36,General Fitness,Functional,,,,,,,
42.1,Male,63.0,1.78,19.78,12.7,192.5,176.2,53.4,0.95,822.2,4.1,2.0,3.9,Endurance,Cardio,0.0,0.0,0.0,1.0,0.0,0.0,1.0
26.0,Female,66.6,1.75,21.81,21.1,201.0,110.3,77.0,1.82,652.8,3.5,2.0,3.3,Muscle Gain,Strength,1.0,0.0,1.0,1.0,0.0,0.0,1.0
27.7,Female,72.4,1.63,27.39,26.1,177.8,114.2,75.7,0.91,462.0,3.8,2.0,1.8,Muscle Gain,Strength,1.0,1.0,1.0,0.0,1.0,1.0,0.0
34.0,Female,49.7,1.69,17.29,20.3,191.9,153.5,59.0,1.72,583.4,4.0,3.0,3.2,Athletic Performance,Functional,,,,,,,
43.0,Male,46.8,1.67,16.78,26.1,178.0,141.0,64.0,1.03,1403.0,3.0,1.0,3.2,Endurance,Cardio,0.0,0.0,1.0,0.0,0.0,0.0,1.0
29.9,Female,77.5,1.68,27.57,18.5,202.5,188.7,57.6,0.95,881.1,4.0,3.0,3.2,Endurance,HIIT,1.0,0.0,1.0,1.0,1.0,1.0,0.0
51.2,Male,75.2,1.8,23.13,22.5,172.7,111.9,61.6,2.22,863.0,3.5,2.0,3.2,Muscle Gain,Powerlifting,0.0,1.0,0.0,0.0,1.0,0.0,0.0
49.0,Male,90.6,1.78,28.59,28.2,181.0,130.0,63.0,1.27,1002.0,3.0,2.0,2.3,Muscle Gain,Strength,1.0,1.0,1.0,0.0,0.0,1.0,1.0
27.7,Male,60.8,1.81,18.47,19.0,202.6,115.4,54.5,1.46,176.5,3.5,1.0,2.6,Flexibility,Yoga,0.0,0.0,0.0,0.0,1.0,0.0,1.0
41.7,Male,68.3,1.7,23.76,16.3,182.8,155.4,57.4,0.42,266.9,3.6,3.0,3.2,Endurance,HIIT,1.0,1.0,0.0,0.0,1.0,0.0,0.0
41.8,Male,73.2,1.71,25.04,8.5,184.1,167.1,49.3,0.87,833.3,3.3,1.0,2.8,General Fitness,Cardio,0.0,0.0,0.0,0.0,0.0,0.0,0.0
41.9,Female,71.1,1.71,24.45,20.5,181.6,138.9,59.4,0.92,426.0,2.3,2.0,3.71,General Fitness,Functional,,,,,,,
35.5,Female,63.6,1.56,26.09,25.2,183.8,132.7,66.6,1.97,663.1,5.0,2.0,3.5,Muscle Gain,Strength,1.0,1.0,1.0,1.0,0.0,0.0,1.0
35.3,Male,67.9,1.77,21.74,15.1,181.5,156.7,67.1,1.33,1211.4,3.5,3.0,3.1,General Fitness,Functional,0.0,0.0,1.0,1.0,1.0,1.0,1.0
28.9,Female,68.9,1.62,26.13,21.7,192.2,101.9,60.9,1.32,349.6,3.5,3.0,2.4,Muscle Gain,Powerlifting,0.0,1.0,0.0,1.0,0.0,0.0,0.0
69.3,Male,80.3,1.71,27.6,12.7,148.1,130.2,55.7,1.36,833.7,3.0,1.0,3.1,Muscle Gain,Functional,0.0,1.0,0.0,1.0,0.0,1.0,0.0
28.7,Male,86.3,1.78,27.3,14.5,180.1,124.8,64.7,1.77,1079.7,4.0,1.0,3.4,Muscle Gain,Strength,1.0,1.0,1.0,1.0,0.0,0.0,1.0
24.0,Male,73.0,1.61,28.16,27.4,188.0,131.0,60.0,0.56,864.0,2.0,2.0,3.6,Muscle Gain,Strength,1.0,1.0,1.0,1.0,0.0,0.0,1.0
29.3,Male,91.5,1.77,29.28,16.5,196.3,133.0,52.6,1.96,1445.6,3.7,2.0,3.3,Muscle Gain,Strength,1.0,1.0,1.0,0.0,0.0,0.0,0.0
25.3,Male,62.2,1.8,19.28,18.7,203.3,135.0,48.5,0.94,604.4,3.5,1.0,2.6,Muscle Gain,Functional,1.0,0.0,1.0,1.0,1.0,0.0,1.0
30.6,Male,73.0,1.75,23.88,11.1,186.1,157.3,58.2,1.35,717.1,3.7,3.0,3.6,Endurance,Cardio,0.0,0.0,0.0,0.0,1.0,0.0,1.0
27.0,Male,66.6,1.7,23.04,26.6,171.0,149.0,73.0,1.43,1321.0,4.0,3.0,3.3,Strength,Strength,1.0,1.0,1.0,0.0,0.0,0.0,0.0
42.3,Male,78.7,1.82,23.66,16.0,188.9,154.7,63.4,1.57,1302.4,3.3,1.0,3.1,Weight Loss,Cardio,0.0,1.0,0.0,0.0,0.0,0.0,1.0
24.0,Female,59.0,1.68,20.9,24.2,181.0,132.0,56.0,1.17,1186.0,3.0,3.0,3.4,Muscle Gain,Strength,1.0,1.0,0.0,1.0,0.0,0.0,0.0
25.8,Female,61.0,1.63,22.96,15.6,192.6,174.6,56.2,1.75,1632.1,3.5,1.0,4.3,General Fitness,Cardio,0.0,0.0,0.0,1.0,0.0,0.0,1.0
26.4,Male,66.4,1.72,22.55,19.0,203.7,116.1,68.7,1.97,676.9,4.5,1.0,3.5,Muscle Gain,Strength,1.0,1.0,1.0,1.0,0.0,0.0,0.0
37.3,Male,81.5,1.81,24.78,10.3,176.6,144.4,64.9,1.25,1220.2,4.7,3.0,3.6,General Fitness,Cardio,0.0,0.0,1.0,1.0,0.0,0.0,1.0
47.0,Male,70.1,1.84,20.71,28.4,188.0,129.0,67.0,1.2,1261.0,3.0,2.0,2.5,Strength,Strength,1.0,1.0,1.0,1.0,1.0,0.0,1.0
45.1,Male,64.8,1.63,24.5,24.9,177.3,148.1,57.7,1.31,627.7,5.2,3.0,3.01,Weight Loss,Cardio,0.0,0.0,0.0,0.0,0.0,0.0,1.0
35.0,Male,96.5,1.54,40.69,35.0,168.0,160.0,70.0,1.43,1573.0,4.0,1.0,3.4,General Fitness,Strength,1.0,1.0,1.0,1.0,0.0,0.0,1.0
29.2,Female,72.5,1.62,27.64,21.6,195.7,163.7,60.0,0.63,808.7,2.9,3.0,3.1,Weight Loss,HIIT,0.0,0.0,0.0,1.0,1.0,0.0,1.0
28.7,Female,56.6,1.7,19.57,26.1,193.5,111.0,61.2,0.85,143.3,5.6,3.0,1.9,General Fitness,Yoga,0.0,0.0,0.0,0.0,0.0,1.0,1.0
20.6,Female,55.9,1.57,22.56,25.7,203.2,141.7,65.9,1.98,994.8,3.4,2.0,3.9,Strength,Strength,1.0,0.0,1.0,1.0,1.0,1.0,1.0
58.4,Female,72.1,1.69,25.36,19.8,168.1,163.1,46.6,0.43,456.4,2.2,2.0,3.1,Weight Loss,HIIT,0.0,0.0,0.0,0.0,1.0,0.0,1.0
30.0,Female,62.3,1.53,26.61,20.5,185.0,153.0,68.0,1.3,1382.0,2.0,2.0,1.6,Muscle Gain,Strength,1.0,1.0,1.0,0.0,0.0,1.0,0.0
37.3,Female,49.3,1.52,21.36,16.7,169.2,164.2,61.3,0.92,680.5,5.4,3.0,3.3,Weight Loss,Cardio,1.0,0.0,0.0,0.0,0.0,0.0,1.0
50.0,Male,69.1,1.88,19.55,19.9,181.0,131.0,55.0,0.99,777.0,3.0,1.0,3.7,Muscle Gain,Strength,1.0,1.0,1.0,1.0,0.0,1.0,0.0
41.0,Male,52.8,1.68,18.71,29.6,192.0,132.0,59.0,1.47,1709.0,4.0,1.0,3.5,Weight Loss,Cardio,1.0,1.0,0.0,1.0,0.0,0.0,1.0
35.4,Female,50.1,1.57,20.39,14.0,178.1,164.5,69.6,0.93,713.4,3.1,3.0,3.2,Endurance,HIIT,1.0,0.0,0.0,1.0,1.0,0.0,1.0
28.7,Female,61.0,1.58,24.37,21.3,199.0,105.3,68.2,0.53,63.1,4.4,2.0,2.2,Flexibility,Yoga,0.0,0.0,1.0,0.0,0.0,1.0,1.0
51.3,Male,94.8,1.79,29.64,23.0,159.9,121.4,60.0,1.77,745.9,4.2,3.0,3.2,Muscle Gain,Powerlifting,0.0,1.0,1.0,0.0,0.0,0.0,0.0
19.9,Female,90.3,1.72,30.52,33.5,198.5,122.0,61.6,2.18,1076.2,4.5,3.0,3.7,Strength,Powerlifting,1.0,1.0,0.0,0.0,0.0,0.0,0.0
42.0,Female,68.5,1.75,22.37,15.4,187.0,167.0,54.0,1.3,708.0,4.0,1.0,1.6,Endurance,Cardio,0.0,0.0,0.0,1.0,1.0,0.0,1.0
39.2,Male,50.4,1.75,16.45,21.3,177.6,150.3,63.8,0.84,320.9,3.9,2.0,3.19,Weight Loss,Cardio,1.0,0.0,0.0,0.0,0.0,0.0,1.0
53.0,Female,65.0,1.56,26.7,19.2,148.2,114.2,67.0,0.8,213.0,3.0,2.0,2.1,General Fitness,Yoga,0.0,0.0,0.0,0.0,1.0,0.0,1.0
26.0,Female,88.1,1.81,26.88,18.8,203.9,157.5,59.2,1.39,697.6,5.2,3.0,3.33,Strength,Strength,1.0,1.0,1.0,1.0,0.0,0.0,1.0
45.0,Female,42.1,1.86,12.17,22.1,194.0,129.0,74.0,0.91,1176.0,5.0,1.0,3.6,Muscle Gain,Strength,0.0,0.0,0.0,0.0,1.0,1.0,0.0
63.9,Female,53.7,1.57,21.81,19.8,148.0,110.1,59.2,1.13,334.2,3.4,3.0,2.2,Muscle Gain,Strength,1.0,1.0,0.0,0.0,0.0,0.0,1.0
24.9,Female,55.0,1.55,22.83,22.1,188.6,159.5,56.8,1.07,568.9,3.9,3.0,2.8,Weight Loss,HIIT,0.0,0.0,0.0,0.0,1.0,0.0,1.0
34.0,Female,79.3,1.65,29.13,12.0,181.0,149.0,64.0,1.4,501.0,2.0,1.0,2.3,Endurance,HIIT,0.0,0.0,0.0,0.0,0.0,0.0,1.0
37.0,Female,77.5,1.5,34.44,21.2,175.0,142.0,70.0,1.58,1141.0,3.0,2.0,1.8,General Fitness,Strength,1.0,1.0,1.0,0.0,0.0,1.0,0.0
35.8,Female,61.8,1.63,23.31,20.7,191.7,162.3,70.4,0.46,452.0,4.0,3.0,3.2,Weight Loss,HIIT,0.0,0.0,1.0,1.0,1.0,0.0,1.0
26.5,Female,51.7,1.65,19.12,16.7,185.5,149.4,50.2,0.55,308.0,5.2,1.0,3.1,General Fitness,Cardio,0.0,0.0,0.0,0.0,0.0,0.0,1.0
39.1,Male,81.7,1.79,25.45,13.0,170.7,122.0,78.3,0.98,604.4,3.8,1.0,2.3,Strength,Strength,1.0,1.0,1.0,0.0,0.0,0.0,1.0
34.0,Male,92.4,1.79,28.84,25.3,181.0,128.0,52.0,0.52,724.0,5.0,3.0,3.1,Endurance,Cardio,0.0,0.0,0.0,0.0,0.0,0.0,1.0
46.8,Female,63.3,1.62,24.24,16.7,179.0,165.0,51.2,0.76,520.2,4.5,3.0,3.07,Endurance,HIIT,1.0,0.0,0.0,1.0,0.0,1.0,1.0
25.0,Male,78.5,1.77,25.0,15.3,187.9,118.8,68.3,0.8,120.2,3.9,3.0,2.2,Stress Relief,Yoga,0.0,0.0,0.0,1.0,0.0,0.0,1.0
41.3,Female,48.7,1.74,16.1,18.6,184.1,165.1,76.4,1.23,426.4,2.2,1.0,2.46,General Fitness,Cardio,0.0,0.0,0.0,0.0,0.0,0.0,1.0
24.0,Female,58.5,1.87,16.73,24.8,183.0,128.0,74.0,1.36,1034.0,4.0,1.0,3.3,Endurance,HIIT,1.0,1.0,0.0,1.0,0.0,0.0,1.0
25.7,Male,83.2,1.76,26.79,13.6,210.0,151.6,61.4,1.19,1130.1,5.8,2.0,3.3,Endurance,Cardio,1.0,0.0,1.0,0.0,0.0,0.0,1.0
27.0,Female,96.8,1.73,32.34,31.7,174.0,136.0,71.0,1.91,887.0,3.0,2.0,2.6,Muscle Gain,Strength,1.0,0.0,1.0,1.0,1.0,0.0,0.0
43.1,Male,78.1,1.78,24.54,24.4,189.4,156.7,74.6,1.26,805.4,4.0,2.0,2.98,General Fitness,Cardio,0.0,0.0,0.0,0.0,0.0,0.0,1.0
35.6,Female,53.5,1.55,22.18,27.5,189.2,114.4,74.6,1.08,305.5,4.1,2.0,2.1,Strength,Strength,1.0,1.0,1.0,0.0,0.0,1.0,1.0
44.0,Male,55.1,1.9,15.26,26.9,196.0,165.0,55.0,1.26,901.0,3.0,1.0,,Muscle Gain,Strength,1.0,1.0,1.0,1.0,0.0,0.0,0.0
27.3,Female,58.7,1.69,20.58,24.3,187.9,163.6,73.6,1.47,664.2,4.0,1.0,3.26,Weight Loss,Cardio,1.0,0.0,0.0,0.0,0.0,0.0,1.0
46.6,Male,66.0,1.79,20.53,15.4,171.0,153.5,60.4,0.59,563.1,5.9,2.0,2.6,General Fitness,Cardio,0.0,0.0,1.0,0.0,0.0,0.0,1.0
36.0,Female,79.7,1.83,23.78,,192.9,147.1,74.6,1.67,836.3,2.5,1.0,2.99,Muscle Gain,Strength,1.0,1.0,1.0,0.0,0.0,1.0,0.0
36.4,Male,82.5,1.76,26.62,17.6,184.2,122.7,68.6,0.75,301.3,4.1,3.0,2.2,Strength,Strength,1.0,1.0,1.0,1.0,1.0,1.0,1.0
47.7,Female,72.4,1.7,24.96,27.1,178.0,135.5,62.3,1.21,487.4,4.3,1.0,2.9,Muscle Gain,Strength,0.0,1.0,1.0,1.0,1.0,1.0,1.0
53.6,Female,45.0,1.81,13.68,17.4,163.7,141.1,74.3,2.17,710.5,2.6,1.0,4.07,Endurance,Cardio,0.0,0.0,0.0,0.0,1.0,0.0,1.0
32.4,Female,72.7,1.75,23.68,21.7,185.4,109.9,68.3,1.5,451.2,4.7,2.0,2.9,Strength,Powerlifting,1.0,1.0,1.0,0.0,0.0,0.0,1.0
26.7,Female,59.2,1.74,19.55,25.8,184.7,130.6,62.3,1.69,829.8,3.7,3.0,3.6,Muscle Gain,Strength,1.0,1.0,1.0,0.0,0.0,0.0,0.0
24.0,Male,44.3,1.65,16.27,27.8,189.0,129.0,56.0,1.9,972.0,2.0,1.0,3.3,Strength,Strength,1.0,1.0,0.0,1.0,0.0,0.0,1.0
36.9,Male,64.3,1.73,21.56,15.2,168.2,131.4,66.3,1.75,979.5,3.6,1.0,2.6,Strength,Strength,1.0,1.0,1.0,1.0,0.0,0.0,0.0
19.5,Male,77.1,1.77,24.57,9.7,205.2,190.0,68.0,1.1,1545.4,2.7,2.0,4.3,Weight Loss,HIIT,1.0,0.0,0.0,0.0,0.0,0.0,1.0
31.0,Male,79.4,1.58,31.81,24.0,163.0,125.0,74.0,1.49,663.0,3.0,2.0,2.4,Endurance,Cardio,0.0,0.0,0.0,0.0,0.0,0.0,1.0
24.9,Male,68.0,1.69,23.94,10.4,189.6,175.3,52.5,1.02,925.8,2.1,2.0,3.9,Endurance,HIIT,0.0,0.0,1.0,0.0,0.0,0.0,1.0
38.3,Female,55.4,1.56,22.87,25.0,177.9,126.9,68.6,1.13,557.4,4.5,1.0,3.1,General Fitness,Functional,1.0,1.0,0.0,1.0,1.0,0.0,1.0
36.2,Female,74.0,1.59,29.37,29.1,187.2,122.8,56.9,2.06,772.8,4.1,3.0,2.8,Strength,Powerlifting,1.0,1.0,1.0,0.0,0.0,0.0,0.0
29.1,Female,59.1,1.46,27.67,18.1,206.5,141.0,61.5,1.54,627.9,3.6,1.0,3.7,Strength,Strength,1.0,1.0,1.0,1.0,1.0,0.0,1.0
36.7,Male,59.3,1.53,25.4,29.8,194.5,174.7,61.3,0.35,208.2,1.6,1.0,2.52,General Fitness,HIIT,0.0,1.0,1.0,1.0,0.0,1.0,1.0
29.6,Female,57.4,1.52,24.7,15.7,191.6,163.3,49.9,0.71,625.1,4.9,1.0,3.5,Endurance,Cardio,0.0,0.0,1.0,0.0,0.0,0.0,0.0
24.1,Male,62.9,1.58,25.08,20.4,201.7,138.4,63.3,1.53,836.3,3.1,1.0,3.4,Strength,Strength,1.0,1.0,1.0,0.0,0.0,0.0,1.0
30.0,Male,74.8,1.68,26.41,17.8,200.0,160.4,60.1,1.75,1713.9,4.1,1.0,3.5,Weight Loss,Cardio,0.0,0.0,0.0,1.0,1.0,0.0,1.0
47.7,Female,60.3,1.63,22.72,19.4,166.8,142.5,55.0,0.51,276.6,3.7,1.0,3.1,Endurance,Cardio,1.0,0.0,0.0,0.0,0.0,0.0,1.0
59.0,Female,71.1,1.73,23.76,25.2,184.0,125.0,66.0,1.07,691.0,2.0,3.0,2.6,Weight Loss,Cardio,0.0,0.0,0.0,0.0,0.0,0.0,1.0
62.0,Male,96.4,1.87,27.62,28.6,166.2,134.4,73.1,2.31,1375.3,4.6,3.0,4.3,Strength,Powerlifting,0.0,1.0,1.0,1.0,0.0,0.0,1.0
35.0,Male,55.0,1.73,18.38,30.0,172.0,149.0,62.0,1.43,1423.0,3.0,2.0,3.5,Muscle Gain,Strength,1.0,0.0,1.0,1.0,0.0,0.0,0.0
25.0,Male,85.5,1.82,25.7,17.7,199.1,101.5,77.3,1.15,327.4,3.6,1.0,2.2,General Fitness,Yoga,0.0,0.0,0.0,0.0,1.0,1.0,1.0
23.5,Female,56.5,1.54,23.85,18.4,189.8,94.3,69.9,0.63,110.0,5.1,1.0,1.5,Flexibility,Yoga,1.0,0.0,0.0,0.0,0.0,1.0,1.0
42.8,Male,80.1,1.73,26.64,10.8,177.0,100.1,61.5,0.74,205.8,2.0,2.0,2.3,General Fitness,Yoga,0.0,0.0,0.0,0.0,1.0,1.0,1.0
51.9,Male,89.5,1.83,26.84,20.2,171.6,128.2,53.0,1.23,468.8,4.1,3.0,2.9,Strength,Powerlifting,0.0,1.0,0.0,0.0,0.0,0.0,0.0
56.0,Male,62.9,1.5,27.96,23.2,194.0,153.0,74.0,1.85,991.0,3.0,2.0,2.4,Muscle Gain,Strength,1.0,1.0,0.0,0.0,0.0,1.0,0.0
25.0,Female,52.0,1.55,21.51,19.4,176.6,139.4,70.8,1.09,420.9,3.1,2.0,3.1,General Fitness,Functional,0.0,0.0,1.0,1.0,0.0,1.0,1.0
52.0,Female,40.8,1.71,13.95,28.3,181.0,169.0,73.0,1.44,303.0,3.0,1.0,1.6,Muscle Gain,Strength,1.0,1.0,1.0,1.0,0.0,0.0,1.0
23.7,Male,69.5,1.58,27.77,33.1,192.6,162.5,70.7,1.17,621.4,2.5,1.0,3.89,Weight Loss,Cardio,0.0,0.0,0.0,0.0,0.0,0.0,1.0
20.0,Male,76.1,1.69,26.67,18.7,198.4,160.9,59.1,1.12,678.2,5.3,3.0,2.76,Weight Loss,Cardio,0.0,0.0,0.0,0.0,0.0,0.0,1.0
26.0,Female,42.2,1.91,11.57,23.6,174.0,127.0,72.0,1.65,455.0,3.0,2.0,2.9,Muscle Gain,Strength,1.0,1.0,0.0,0.0,0.0,1.0,0.0
49.0,Male,84.5,1.75,27.55,18.8,183.1,117.0,62.4,1.39,741.4,4.1,2.0,2.5,Muscle Gain,Powerlifting,1.0,1.0,1.0,0.0,0.0,0.0,0.0
42.4,Male,86.3,1.8,26.6,9.0,189.7,184.7,56.7,0.6,1023.7,3.7,3.0,4.1,Endurance,HIIT,0.0,0.0,1.0,1.0,0.0,1.0,1.0
34.0,Female,75.2,2.0,18.8,33.8,196.0,141.0,73.0,1.13,753.0,4.0,2.0,3.6,Weight Loss,HIIT,1.0,0.0,0.0,1.0,1.0,1.0,1.0
66.3,Female,67.0,1.64,24.88,19.5,146.1,141.1,65.8,1.46,811.0,4.6,3.0,2.8,General Fitness,Functional,1.0,0.0,0.0,1.0,1.0,1.0,1.0
31.0,Female,60.2,1.75,19.66,10.0,166.0,155.0,57.0,0.92,819.0,5.0,1.0,3.2,Weight Loss,Cardio,1.0,0.0,0.0,0.0,0.0,0.0,1.0
24.4,Male,97.4,1.81,29.64,14.8,182.1,118.3,79.4,1.58,1053.1,4.6,1.0,2.4,Strength,Strength,1.0,1.0,1.0,0.0,0.0,0.0,1.0
39.8,Male,81.6,1.76,26.2,18.2,187.1,158.6,60.0,1.39,1493.8,3.5,3.0,3.1,Athletic Performance,Functional,1.0,0.0,0.0,0.0,1.0,1.0,1.0
38.0,Male,101.8,1.51,44.65,25.6,163.0,169.0,72.0,1.42,1384.0,4.0,1.0,3.3,Muscle Gain,Strength,1.0,1.0,0.0,1.0,0.0,0.0,0.0
44.0,Female,87.8,1.77,28.03,23.7,163.0,157.0,67.0,1.18,820.9,4.0,2.0,2.0,Muscle Gain,Strength,1.0,1.0,1.0,0.0,1.0,0.0,0.0
18.0,Male,89.4,1.84,26.41,17.3,168.0,168.0,69.0,2.0,968.0,5.0,2.0,2.6,Strength,Strength,1.0,1.0,1.0,0.0,0.0,0.0,0.0
41.9,Male,59.5,1.7,20.57,19.9,181.7,147.0,74.6,2.21,838.3,4.2,3.0,3.33,Muscle Gain,Strength,,,,,,,
28.4,Male,77.5,1.78,24.35,15.6,195.1,129.5,67.0,0.81,410.8,4.8,3.0,2.5,Muscle Gain,Strength,1.0,1.0,1.0,0.0,0.0,0.0,1.0
20.0,Male,59.9,1.68,21.13,13.6,199.3,116.8,76.6,0.9,208.0,5.7,3.0,2.2,General Fitness,Yoga,0.0,0.0,0.0,0.0,1.0,1.0,1.0
32.6,Male,45.0,1.76,14.5,13.2,186.4,150.2,67.3,1.82,531.0,2.8,2.0,,Strength,Strength,1.0,1.0,0.0,1.0,0.0,0.0,1.0
33.0,Female,77.0,1.69,26.96,29.1,191.0,154.0,58.0,1.16,1187.0,4.0,2.0,3.2,General Fitness,Cardio,0.0,0.0,0.0,0.0,0.0,0.0,1.0
18.0,Male,71.5,1.69,25.03,16.9,186.0,124.0,60.0,1.53,763.0,2.0,1.0,2.5,General Fitness,Strength,1.0,1.0,1.0,1.0,1.0,1.0,0.0
40.6,Female,56.5,1.55,23.53,22.0,177.4,100.6,61.6,1.31,145.5,2.3,3.0,2.3,Stress Relief,Yoga,0.0,0.0,0.0,0.0,1.0,0.0,1.0
27.2,Female,62.2,1.66,22.66,16.1,192.2,154.8,47.0,0.45,335.1,3.7,2.0,2.8,Endurance,HIIT,1.0,1.0,0.0,1.0,1.0,1.0,1.0
29.0,Male,56.3,1.81,17.19,14.3,189.0,166.0,65.0,1.39,1066.0,3.0,1.0,2.9,Muscle Gain,Strength,1.0,1.0,1.0,0.0,0.0,0.0,0.0
62.0,Male,73.8,1.73,24.65,12.5,167.4,162.4,49.9,1.13,1188.9,3.1,3.0,3.7,General Fitness,HIIT,1.0,0.0,0.0,1.0,0.0,0.0,0.0
54.0,Female,56.3,1.59,22.27,19.6,172.0,169.0,68.0,1.47,936.0,4.0,2.0,3.1,Weight Loss,Cardio,1.0,0.0,0.0,0.0,0.0,0.0,1.0
53.1,Male,79.9,1.84,23.57,13.2,164.3,117.7,68.9,0.97,442.1,3.1,3.0,2.2,Strength,Strength,0.0,0.0,0.0,0.0,1.0,0.0,0.0
24.6,Female,62.7,1.62,23.79,13.8,199.0,179.9,56.3,0.65,711.6,3.4,2.0,3.9,Weight Loss,Cardio,0.0,1.0,0.0,0.0,0.0,0.0,1.0
24.9,Male,52.5,1.68,18.53,20.4,193.5,155.7,74.4,1.02,355.0,2.3,1.0,3.17,Muscle Gain,Strength,0.0,1.0,1.0,0.0,0.0,0.0,1.0
33.0,Female,94.2,1.86,27.23,28.9,172.0,148.0,61.0,1.34,685.0,3.0,1.0,1.8,Endurance,Cardio,0.0,0.0,0.0,0.0,0.0,0.0,1.0
41.0,Female,63.7,1.93,17.1,21.2,195.0,155.0,61.0,1.18,1064.0,4.0,1.0,3.4,General Fitness,HIIT,0.0,0.0,0.0,1.0,1.0,0.0,1.0
37.3,Male,51.0,1.65,18.79,21.3,185.9,140.7,66.0,1.82,601.9,1.9,2.0,3.36,Strength,Strength,1.0,1.0,1.0,0.0,0.0,0.0,1.0
45.5,Female,65.4,1.58,26.32,24.6,182.9,137.6,63.1,0.78,466.4,3.2,3.0,2.9,General Fitness,Strength,1.0,1.0,1.0,0.0,0.0,0.0,1.0
27.9,Female,56.8,1.63,21.38,23.1,185.0,168.0,58.8,0.35,283.4,4.9,2.0,2.5,Weight Loss,HIIT,0.0,0.0,0.0,1.0,1.0,0.0,1.0
26.0,Female,55.3,1.72,18.76,21.0,197.9,119.9,64.3,0.97,197.3,5.0,2.0,3.7,Flexibility,Yoga,0.0,1.0,0.0,0.0,0.0,0.0,1.0
40.0,Male,86.7,1.8,26.9,15.0,181.4,124.3,61.9,0.99,631.7,4.6,1.0,2.2,Strength,Strength,1.0,1.0,1.0,1.0,0.0,0.0,0.0
32.0,Female,111.8,1.62,42.55,34.4,183.9,153.9,65.9,1.65,1437.1,3.5,1.0,3.49,Endurance,Cardio,0.0,0.0,0.0,1.0,0.0,0.0,0.0
26.0,Female,84.7,1.83,25.29,27.9,166.0,156.0,73.0,1.0,833.0,5.0,2.0,2.8,Strength,Strength,1.0,1.0,0.0,0.0,1.0,0.0,1.0
26.0,Male,53.9,1.68,19.05,16.3,192.8,177.9,55.2,0.99,558.8,5.3,3.0,3.9,Weight Loss,Cardio,0.0,0.0,0.0,1.0,0.0,0.0,0.0
28.0,Female,44.7,1.68,15.84,28.6,166.0,160.0,62.0,0.99,1672.0,2.0,3.0,1.5,Muscle Gain,Strength,0.0,1.0,0.0,0.0,1.0,0.0,1.0
39.3,Male,99.1,1.73,33.21,25.0,187.2,131.9,61.5,1.46,815.3,4.0,3.0,2.8,Muscle Gain,Powerlifting,1.0,1.0,0.0,1.0,0.0,0.0,1.0
26.2,Female,100.5,1.83,30.07,36.7,190.1,120.3,69.7,1.12,437.3,4.7,2.0,3.07,General Fitness,Yoga,0.0,0.0,0.0,0.0,1.0,0.0,1.0
56.0,Male,76.9,1.81,23.39,14.0,165.7,160.7,49.1,0.52,570.4,2.3,2.0,2.9,General Fitness,HIIT,0.0,1.0,0.0,1.0,0.0,1.0,1.0
40.0,Male,67.4,1.68,23.92,13.9,182.9,133.8,72.0,0.93,604.4,3.7,3.0,2.9,Muscle Gain,Functional,0.0,1.0,0.0,1.0,1.0,1.0,0.0
33.0,Male,40.0,1.81,12.21,20.1,189.0,157.0,71.0,1.32,1298.0,2.0,3.0,3.4,Weight Loss,HIIT,1.0,0.0,1.0,0.0,0.0,0.0,1.0
34.3,Male,64.6,1.8,19.85,14.6,199.2,115.6,65.3,0.67,105.4,3.5,1.0,2.2,Flexibility,Yoga,0.0,0.0,0.0,0.0,1.0,1.0,1.0
36.4,Male,88.7,1.79,27.71,16.5,190.3,129.6,69.8,0.91,628.1,4.8,2.0,2.2,Athletic Performance,Functional,1.0,1.0,1.0,1.0,1.0,0.0,1.0
45.2,Female,61.2,1.91,16.73,17.7,171.0,143.1,58.6,1.19,539.9,5.4,3.0,3.34,Endurance,Cardio,0.0,0.0,1.0,0.0,0.0,0.0,1.0
45.6,Female,75.6,1.77,24.05,27.8,176.3,147.9,68.5,1.51,732.3,3.3,2.0,2.76,Muscle Gain,Strength,,,,,,,
31.0,Female,50.9,1.51,22.32,26.9,174.0,130.0,58.0,2.0,1743.0,3.0,1.0,3.5,General Fitness,Strength,1.0,1.0,1.0,0.0,0.0,0.0,0.0
37.7,Male,58.3,1.74,19.16,14.9,179.0,136.6,61.2,1.07,690.9,4.9,3.0,2.8,General Fitness,Functional,1.0,0.0,1.0,1.0,0.0,1.0,1.0
31.2,Male,77.4,1.72,26.19,20.2,179.3,131.5,64.8,1.49,1042.3,3.8,1.0,3.3,General Fitness,Functional,0.0,0.0,0.0,1.0,1.0,0.0,1.0
27.0,Female,70.1,1.58,28.08,28.1,169.0,156.0,63.0,0.82,797.0,3.0,1.0,3.4,Endurance,Cardio,0.0,1.0,1.0,0.0,0.0,1.0,1.0
26.0,Female,54.2,1.64,20.15,16.7,190.0,151.0,65.0,0.82,1184.0,2.0,1.0,3.3,General Fitness,Strength,1.0,1.0,1.0,0.0,1.0,0.0,0.0
43.4,Male,59.3,1.59,23.43,15.0,186.8,97.5,63.2,1.03,133.8,2.5,1.0,1.7,Flexibility,Yoga,0.0,0.0,0.0,0.0,1.0,0.0,1.0
20.3,Female,65.2,1.59,25.79,25.8,207.9,123.6,68.7,0.76,280.8,3.6,2.0,1.8,Muscle Gain,Strength,1.0,1.0,1.0,0.0,1.0,0.0,0.0
63.8,Male,63.8,1.72,21.5,15.2,170.6,143.5,52.6,1.24,547.7,3.4,3.0,2.9,Athletic Performance,Functional,1.0,0.0,1.0,1.0,1.0,0.0,0.0
40.3,Male,71.7,1.6,27.84,24.3,179.2,135.9,65.7,1.15,530.6,5.3,3.0,2.47,Strength,Strength,0.0,1.0,1.0,1.0,0.0,1.0,1.0
50.5,Female,69.8,1.68,24.84,23.0,179.6,131.8,73.1,1.41,657.8,3.6,3.0,3.6,Muscle Gain,Powerlifting,0.0,1.0,1.0,0.0,1.0,0.0,0.0
31.3,Female,72.8,1.65,26.76,24.1,190.3,166.4,49.0,0.55,620.1,4.7,3.0,3.4,General Fitness,HIIT,1.0,0.0,0.0,1.0,1.0,1.0,1.0
44.0,Male,78.2,1.8,24.14,17.0,171.0,169.0,59.0,1.79,1730.0,5.0,1.0,3.5,Endurance,HIIT,0.0,1.0,0.0,1.0,0.0,0.0,1.0
57.0,Female,70.0,1.81,21.37,26.6,167.0,154.0,53.0,1.3,1149.0,3.0,3.0,1.5,Muscle Gain,Strength,1.0,1.0,1.0,1.0,1.0,0.0,1.0
34.3,Male,89.5,1.81,27.48,14.0,209.4,159.7,76.3,0.63,545.0,3.0,3.0,3.2,General Fitness,Cardio,0.0,0.0,0.0,0.0,1.0,0.0,1.0
31.9,Male,74.7,1.9,20.64,12.6,193.5,138.4,66.0,0.95,428.9,3.9,1.0,2.2,Muscle Gain,Strength,1.0,1.0,1.0,0.0,0.0,1.0,0.0
65.3,Male,79.3,1.77,25.37,18.8,157.8,152.8,62.9,0.94,531.1,4.5,1.0,3.0,General Fitness,Functional,0.0,1.0,1.0,1.0,0.0,1.0,1.0
24.2,Female,55.3,1.64,20.48,19.5,194.0,90.4,73.8,0.8,128.4,2.3,3.0,2.2,Stress Relief,Yoga,0.0,1.0,0.0,0.0,1.0,0.0,1.0
27.4,Male,67.3,1.72,22.78,10.3,184.4,179.4,55.8,0.37,399.1,4.5,3.0,3.3,Endurance,HIIT,0.0,0.0,0.0,1.0,0.0,1.0,1.0
28.5,Male,45.0,1.45,21.28,25.6,196.2,155.0,79.9,1.19,347.1,2.4,1.0,3.22,Muscle Gain,Strength,1.0,1.0,1.0,1.0,0.0,1.0,0.0
52.0,Male,40.0,1.6,15.62,23.4,194.0,133.5,73.0,1.48,1156.0,4.0,2.0,2.3,Strength,Strength,1.0,1.0,0.0,0.0,1.0,0.0,1.0
54.3,Male,72.8,1.7,25.08,21.3,167.7,138.3,71.7,1.97,1285.9,4.5,1.0,2.9,Muscle Gain,Strength,1.0,0.0,1.0,1.0,0.0,1.0,1.0
28.6,Male,87.7,1.89,24.53,18.8,191.9,116.3,54.5,0.87,546.7,4.5,1.0,1.5,General Fitness,Strength,1.0,1.0,1.0,1.0,0.0,0.0,0.0
41.2,Female,62.3,1.71,21.39,,180.1,155.4,63.1,0.79,615.8,3.3,3.0,3.2,Muscle Gain,Functional,1.0,0.0,0.0,1.0,1.0,0.0,1.0
29.1,Female,60.0,1.69,20.96,24.8,187.4,137.2,73.9,1.75,616.5,5.0,1.0,2.7,Muscle Gain,Strength,1.0,1.0,0.0,1.0,0.0,0.0,1.0
19.5,Male,61.3,1.74,20.24,10.7,203.6,154.2,57.5,0.78,452.7,3.2,3.0,2.6,General Fitness,Cardio,0.0,0.0,0.0,0.0,0.0,0.0,1.0
18.0,Male,92.1,1.59,36.43,21.8,171.0,150.0,54.0,1.17,968.0,5.0,2.0,2.4,General Fitness,Strength,1.0,1.0,0.0,0.0,0.0,0.0,0.0
21.0,Male,80.8,1.8,24.94,29.8,195.0,137.0,64.0,1.1,1285.0,3.0,3.0,2.7,Weight Loss,Cardio,0.0,0.0,1.0,0.0,0.0,0.0,0.0
32.9,Male,63.4,1.84,18.67,10.1,193.6,92.8,65.2,0.62,112.4,3.6,1.0,2.3,General Fitness,Yoga,0.0,0.0,0.0,0.0,0.0,1.0,1.0
18.7,Male,69.9,1.65,25.59,15.8,194.8,103.1,65.0,1.32,287.4,2.4,2.0,2.0,General Fitness,Yoga,0.0,0.0,0.0,1.0,1.0,1.0,1.0
41.1,Male,76.3,1.76,24.59,16.1,189.6,111.4,66.3,1.18,174.3,4.8,3.0,2.3,Stress Relief,Yoga,0.0,0.0,0.0,0.0,1.0,1.0,1.0
18.8,Female,56.2,1.63,21.21,25.0,210.0,129.2,65.5,0.76,254.8,5.0,2.0,2.3,General Fitness,Functional,1.0,0.0,1.0,1.0,0.0,1.0,1.0
18.2,Male,82.0,1.93,21.93,15.0,201.3,111.5,63.8,1.23,293.7,4.5,2.0,2.5,Flexibility,Yoga,0.0,0.0,0.0,1.0,1.0,0.0,1.0
20.1,Male,74.7,1.74,24.68,12.4,210.0,156.3,58.4,0.71,558.5,3.7,3.0,3.3,Muscle Gain,Functional,0.0,0.0,1.0,1.0,0.0,0.0,1.0
36.0,Female,55.9,1.76,18.05,18.2,181.0,169.0,74.0,1.91,474.0,5.0,1.0,1.5,Strength,Strength,0.0,0.0,1.0,1.0,0.0,0.0,1.0
47.0,Male,68.2,1.58,27.32,28.1,164.0,140.0,72.0,1.0,1316.0,2.0,3.0,2.6,Endurance,HIIT,1.0,1.0,0.0,0.0,0.0,0.0,0.0
41.8,Female,64.1,1.65,23.66,22.8,184.7,154.5,77.9,1.4,570.5,1.7,1.0,3.21,Athletic Performance,Strength,,,,,,,
48.0,Male,91.4,1.85,26.68,16.7,162.7,157.7,45.0,0.93,955.0,2.1,2.0,2.5,Weight Loss,HIIT,1.0,0.0,1.0,0.0,0.0,1.0,1.0
26.6,Male,68.9,1.69,24.2,14.3,183.8,140.8,57.3,1.95,1120.7,4.8,2.0,2.9,Muscle Gain,Strength,1.0,1.0,0.0,0.0,0.0,0.0,1.0
40.0,Male,84.4,1.7,29.05,18.0,189.4,135.7,52.6,1.39,836.1,3.8,2.0,2.6,General Fitness,Strength,1.0,1.0,1.0,1.0,0.0,1.0,1.0
36.4,Male,45.0,1.68,15.96,19.3,190.2,119.9,62.9,1.01,171.1,2.4,2.0,3.29,Stress Relief,Yoga,1.0,0.0,0.0,0.0,1.0,0.0,1.0
54.1,Male,70.9,1.77,22.5,22.0,161.0,115.1,68.0,1.78,821.6,3.1,3.0,2.6,Muscle Gain,Strength,1.0,1.0,1.0,0.0,0.0,0.0,0.0
36.0,Male,60.1,1.78,18.97,35.0,186.0,169.0,51.0,1.46,1108.0,3.0,1.0,2.0,Weight Loss,Cardio,0.0,0.0,0.0,0.0,0.0,0.0,1.0
47.8,Female,60.0,1.86,17.31,17.5,165.2,144.3,76.5,1.66,725.3,1.6,1.0,2.98,Weight Loss,Cardio,0.0,0.0,0.0,0.0,1.0,0.0,1.0
36.5,Female,53.4,1.61,20.7,20.6,176.4,157.4,48.9,1.51,1102.1,3.1,1.0,3.2,Weight Loss,Cardio,0.0,0.0,0.0,0.0,1.0,0.0,1.0
38.1,Male,91.6,1.75,29.74,15.3,185.1,112.7,74.2,1.15,442.8,4.2,1.0,2.4,Muscle Gain,Strength,1.0,1.0,1.0,0.0,1.0,1.0,1.0
20.3,Female,59.4,1.53,25.23,21.2,203.7,187.0,73.8,0.93,856.6,3.7,2.0,3.8,Endurance,HIIT,1.0,1.0,0.0,1.0,1.0,0.0,1.0
46.0,Male,91.8,1.73,30.67,26.8,191.0,152.0,71.0,1.32,927.0,3.0,1.0,,General Fitness,Cardio,0.0,0.0,1.0,0.0,0.0,0.0,1.0
31.4,Female,61.0,1.59,24.13,22.2,191.9,98.6,60.2,0.66,129.9,3.1,1.0,2.4,Flexibility,Yoga,0.0,0.0,0.0,1.0,1.0,0.0,1.0
45.1,Female,62.5,1.59,24.73,22.0,180.5,142.4,53.7,0.67,466.4,5.0,2.0,2.5,Weight Loss,Cardio,0.0,1.0,0.0,0.0,0.0,1.0,1.0
23.1,Female,73.5,1.6,28.58,24.6,197.0,131.7,63.0,1.51,740.6,4.2,3.0,3.1,Strength,Strength,1.0,0.0,1.0,0.0,0.0,1.0,0.0
19.4,Male,75.0,1.77,23.85,11.5,201.7,173.6,77.7,0.56,624.9,2.0,3.0,3.6,Endurance,HIIT,0.0,1.0,0.0,1.0,1.0,0.0,1.0
50.0,Female,102.2,1.65,37.54,17.3,198.0,157.0,64.0,1.64,1123.0,4.0,2.0,3.3,Strength,Strength,0.0,1.0,1.0,1.0,0.0,0.0,1.0
43.0,Male,57.4,1.69,20.1,23.7,166.0,143.0,66.0,1.14,775.0,3.0,1.0,3.3,Muscle Gain,Strength,1.0,1.0,1.0,0.0,1.0,1.0,0.0
42.0,Male,57.3,1.73,19.15,22.2,194.0,153.0,65.0,1.97,1132.0,4.0,1.0,3.2,General Fitness,Strength,1.0,1.0,1.0,1.0,0.0,0.0,1.0
62.4,Male,63.9,1.67,22.89,15.2,163.4,129.5,55.4,1.33,664.1,4.5,1.0,3.1,General Fitness,Strength,0.0,0.0,1.0,0.0,0.0,0.0,1.0
36.6,Female,69.7,1.55,29.14,22.7,190.2,117.1,61.0,1.44,795.7,5.0,1.0,3.1,Muscle Gain,Strength,0.0,1.0,1.0,0.0,0.0,0.0,1.0
40.3,Female,71.4,1.6,27.95,23.0,180.0,170.7,52.2,0.76,876.4,2.7,2.0,4.1,Endurance,HIIT,0.0,0.0,1.0,1.0,0.0,1.0,0.0
27.8,Male,70.2,1.63,26.48,20.9,177.5,146.7,68.9,0.71,374.1,3.3,1.0,2.7,Muscle Gain,Functional,0.0,1.0,1.0,1.0,1.0,1.0,1.0
26.4,Male,58.6,1.62,22.27,10.5,187.7,146.5,60.6,1.43,889.9,3.2,1.0,4.2,Weight Loss,Cardio,0.0,0.0,0.0,1.0,1.0,1.0,1.0
24.0,Male,105.7,2.0,26.42,25.9,187.0,145.0,58.0,1.48,1002.0,3.0,1.0,2.5,Muscle Gain,Strength,1.0,0.0,1.0,0.0,0.0,0.0,0.0
36.7,Male,101.6,1.86,29.24,19.9,177.5,128.3,65.9,0.85,651.7,4.8,2.0,3.0,Strength,Strength,1.0,1.0,1.0,0.0,0.0,0.0,0.0
50.3,Female,58.6,1.53,25.08,27.1,169.3,114.2,65.3,0.65,114.1,5.8,2.0,2.5,General Fitness,Yoga,0.0,0.0,1.0,0.0,1.0,0.0,1.0
19.3,Female,51.1,1.5,22.58,16.7,200.0,110.8,63.0,1.06,173.8,5.7,3.0,2.0,General Fitness,Yoga,0.0,1.0,0.0,0.0,0.0,1.0,1.0
23.8,Male,72.5,1.78,22.85,27.2,197.9,163.4,71.1,2.08,1153.1,3.5,2.0,,General Fitness,Cardio,1.0,0.0,0.0,0.0,0.0,0.0,1.0
50.0,Female,88.5,2.0,22.12,11.9,181.0,146.0,72.0,1.33,1088.0,4.0,1.0,2.3,Weight Loss,Cardio,0.0,0.0,0.0,1.0,0.0,0.0,1.0
27.0,Female,62.5,1.67,22.41,23.2,186.0,129.0,65.0,1.2,1783.0,3.0,2.0,1.5,Muscle Gain,Strength,1.0,1.0,1.0,1.0,0.0,0.0,0.0
39.2,Male,56.7,1.67,20.33,18.3,186.1,110.3,58.2,0.7,85.5,3.6,2.0,1.7,Flexibility,Yoga,0.0,0.0,1.0,1.0,0.0,1.0,1.0
34.1,Female,74.3,1.8,23.07,23.5,187.1,125.3,69.6,0.68,173.7,3.8,2.0,2.82,Stress Relief,Yoga,0.0,0.0,0.0,0.0,0.0,0.0,1.0
25.8,Male,53.5,1.49,23.95,18.1,189.6,158.7,66.1,1.15,457.4,3.9,3.0,3.42,General Fitness,Cardio,0.0,0.0,1.0,0.0,0.0,0.0,1.0
34.4,Female,51.1,1.53,21.74,23.9,187.5,113.9,55.2,1.37,298.2,3.7,1.0,2.3,Strength,Strength,1.0,1.0,1.0,1.0,1.0,0.0,1.0
65.4,Male,62.1,1.65,22.79,19.6,145.4,140.4,66.6,0.85,398.1,3.4,2.0,3.0,Strength,Strength,1.0,1.0,1.0,1.0,0.0,0.0,1.0
38.0,Male,101.4,2.0,25.35,20.7,190.0,169.0,63.0,1.37,1772.0,4.0,1.0,2.6,Weight Loss,Cardio,0.0,0.0,0.0,1.0,0.0,0.0,1.0
29.9,Female,77.6,1.62,29.55,27.6,171.8,111.5,66.1,1.66,700.6,4.1,1.0,3.2,Muscle Gain,Strength,1.0,1.0,1.0,1.0,0.0,1.0,1.0
29.9,Male,90.8,1.85,26.51,18.9,189.8,115.3,66.7,1.65,829.3,3.6,3.0,2.6,Strength,Powerlifting,0.0,1.0,0.0,0.0,0.0,0.0,0.0
50.7,Female,66.3,1.61,25.63,24.3,163.2,150.1,64.6,0.75,715.7,3.7,2.0,3.2,Weight Loss,HIIT,1.0,0.0,1.0,1.0,0.0,1.0,1.0
30.8,Female,65.8,1.58,26.23,24.0,189.6,152.7,51.8,0.9,644.7,4.3,2.0,3.5,Weight Loss,HIIT,1.0,0.0,0.0,0.0,0.0,0.0,1.0
25.2,Female,53.4,1.75,17.49,25.0,199.4,97.7,64.0,0.84,101.1,4.4,1.0,2.2,Flexibility,Yoga,0.0,0.0,0.0,0.0,1.0,0.0,1.0
62.5,Female,60.5,1.67,21.84,20.5,170.1,112.2,68.6,1.08,459.4,4.0,2.0,2.9,Strength,Strength,0.0,0.0,1.0,1.0,0.0,0.0,0.0
48.3,Female,72.3,1.69,25.22,18.4,169.8,118.9,64.6,1.45,694.2,3.1,1.0,2.6,General Fitness,Strength,1.0,1.0,1.0,1.0,0.0,0.0,1.0
30.0,Male,86.0,1.83,25.8,23.6,191.2,104.1,67.5,2.3,1212.7,4.5,3.0,3.0,General Fitness,Powerlifting,1.0,1.0,1.0,0.0,0.0,0.0,1.0
37.7,Female,54.6,1.65,20.16,19.3,187.1,136.2,74.5,1.83,612.7,3.8,1.0,2.8,Muscle Gain,Strength,1.0,1.0,0.0,0.0,1.0,1.0,1.0
29.0,Female,65.0,1.77,20.75,25.2,194.0,152.0,66.0,1.34,715.0,2.0,1.0,1.8,Endurance,HIIT,1.0,1.0,0.0,0.0,0.0,0.0,1.0
24.1,Female,72.6,1.65,26.56,19.9,210.0,153.2,59.5,1.25,724.8,4.7,1.0,3.7,Athletic Performance,Functional,0.0,0.0,1.0,1.0,0.0,0.0,1.0
42.9,Male,76.2,1.68,27.12,19.5,167.4,124.2,55.2,1.25,530.3,3.3,3.0,2.9,Muscle Gain,Strength,1.0,1.0,1.0,0.0,0.0,0.0,0.0
39.2,Female,82.0,1.61,31.53,26.1,199.4,125.2,61.6,1.12,664.0,4.8,2.0,2.9,Muscle Gain,Powerlifting,1.0,1.0,0.0,0.0,0.0,0.0,0.0
33.4,Male,93.5,1.82,28.34,15.8,187.8,136.3,56.1,1.34,1195.3,4.6,2.0,2.7,General Fitness,Strength,1.0,1.0,1.0,1.0,0.0,1.0,0.0
35.8,Female,49.2,1.61,19.08,17.5,173.6,168.6,59.4,0.49,389.6,4.5,2.0,3.0,Endurance,HIIT,1.0,0.0,0.0,1.0,0.0,1.0,1.0
47.7,Female,58.7,1.63,22.14,23.5,166.9,146.6,59.8,1.15,736.3,3.2,2.0,2.7,Muscle Gain,Functional,1.0,1.0,1.0,1.0,1.0,0.0,1.0
25.0,Female,58.9,1.56,24.31,22.6,203.5,111.4,83.5,1.24,356.5,4.9,3.0,1.8,Strength,Strength,0.0,1.0,1.0,0.0,1.0,0.0,1.0
18.3,Male,69.1,1.77,22.12,17.8,202.3,122.7,73.5,0.78,277.5,4.6,1.0,2.5,Strength,Strength,1.0,1.0,0.0,0.0,0.0,0.0,0.0
58.3,Female,55.6,1.58,22.3,20.3,167.7,162.7,66.2,1.44,1223.2,3.2,3.0,3.3,Weight Loss,Cardio,0.0,0.0,0.0,0.0,0.0,0.0,1.0
23.8,Female,55.7,1.59,21.92,19.7,201.6,151.9,52.2,0.39,248.6,3.3,3.0,2.7,General Fitness,HIIT,1.0,1.0,1.0,1.0,1.0,0.0,0.0
35.6,Male,56.1,1.68,19.8,13.2,195.0,143.8,63.9,1.13,537.3,4.8,2.0,3.2,Muscle Gain,Strength,1.0,1.0,0.0,1.0,1.0,0.0,1.0
47.9,Female,54.6,1.58,21.84,21.9,177.9,158.9,56.4,1.25,745.1,3.2,3.0,3.0,Muscle Gain,Functional,0.0,0.0,1.0,1.0,1.0,1.0,0.0
59.0,Female,97.4,1.57,39.51,18.1,199.0,153.0,70.0,0.73,877.0,4.0,1.0,3.3,Muscle Gain,Strength,0.0,1.0,1.0,1.0,0.0,0.0,1.0
26.4,Male,69.8,1.77,22.27,18.0,190.4,143.7,77.9,1.09,724.6,3.8,2.0,2.8,Athletic Performance,Functional,0.0,0.0,0.0,1.0,1.0,1.0,1.0
44.9,Female,63.2,1.75,20.56,18.9,177.4,141.6,53.4,0.48,225.7,3.0,3.0,2.97,General Fitness,Strength,,,,,,,
18.0,Female,80.4,1.79,25.09,16.3,171.0,169.0,74.0,1.43,820.9,3.0,2.0,3.6,Endurance,HIIT,1.0,1.0,1.0,1.0,0.0,0.0,1.0
63.9,Female,58.6,1.56,24.2,18.5,158.3,111.3,73.8,1.05,130.3,3.5,3.0,2.6,Flexibility,Yoga,1.0,0.0,0.0,0.0,1.0,1.0,1.0
20.1,Male,59.3,1.67,21.22,17.3,199.8,135.6,66.6,0.89,513.4,4.4,2.0,2.1,General Fitness,Functional,1.0,1.0,1.0,1.0,1.0,1.0,1.0
19.0,Female,116.6,1.72,39.41,23.8,187.0,126.0,70.0,1.1,779.0,3.0,2.0,2.6,Muscle Gain,Strength,1.0,0.0,0.0,0.0,1.0,0.0,1.0
48.5,Female,76.5,1.72,25.75,25.3,176.8,113.9,72.6,2.22,1087.8,3.6,3.0,3.2,Strength,Powerlifting,0.0,1.0,0.0,0.0,1.0,0.0,0.0
36.3,Male,59.7,1.73,19.92,16.7,188.9,171.1,64.6,0.89,566.9,3.6,1.0,3.3,General Fitness,Cardio,0.0,0.0,0.0,0.0,0.0,0.0,1.0
18.0,Male,49.9,1.75,16.29,23.1,182.0,158.0,74.0,2.0,1032.0,5.0,1.0,3.1,General Fitness,Strength,1.0,1.0,1.0,1.0,0.0,0.0,0.0
45.7,Male,73.2,1.87,20.94,20.8,180.1,123.9,65.0,1.46,739.8,4.4,2.0,3.0,Strength,Strength,1.0,1.0,1.0,0.0,0.0,0.0,0.0
39.4,Female,60.4,1.62,23.09,21.2,181.6,124.4,63.5,1.17,349.5,5.0,2.0,2.5,Strength,Strength,1.0,1.0,1.0,0.0,0.0,0.0,0.0
27.6,Male,78.0,1.91,21.36,17.5,189.6,146.7,57.6,1.27,943.1,5.0,2.0,2.9,Weight Loss,Cardio,0.0,0.0,0.0,0.0,0.0,0.0,1.0
40.5,Female,76.9,1.83,22.91,30.5,170.8,154.5,66.3,0.97,792.5,1.9,1.0,3.26,Weight Loss,HIIT,0.0,0.0,1.0,0.0,1.0,0.0,0.0
53.8,Male,57.6,1.66,20.87,28.5,181.5,112.3,56.3,0.32,70.5,2.3,2.0,3.27,Stress Relief,Yoga,0.0,0.0,0.0,0.0,1.0,0.0,1.0
23.7,Female,65.7,1.66,23.97,19.5,198.9,136.0,64.4,1.29,703.8,3.8,1.0,2.7,Muscle Gain,Strength,0.0,1.0,1.0,1.0,0.0,1.0,1.0
53.8,Female,56.4,1.54,23.86,23.1,164.1,99.1,66.4,1.06,107.8,5.8,3.0,1.5,Flexibility,Yoga,0.0,1.0,0.0,0.0,1.0,0.0,1.0
19.0,Male,40.0,1.84,11.81,30.2,199.0,123.0,74.0,1.34,904.0,3.0,1.0,3.1,Muscle Gain,Strength,1.0,0.0,1.0,0.0,0.0,0.0,1.0
25.0,Female,64.3,1.65,23.62,20.0,183.0,169.0,67.0,1.28,1783.0,2.0,3.0,3.2,Weight Loss,Cardio,0.0,0.0,0.0,0.0,0.0,0.0,1.0
39.2,Male,104.8,1.82,31.5,22.9,173.6,111.5,74.8,1.37,736.6,4.4,2.0,2.3,Muscle Gain,Powerlifting,1.0,1.0,0.0,1.0,0.0,0.0,1.0
30.0,Female,98.0,1.86,28.37,26.1,188.5,128.7,75.6,0.9,308.7,2.0,1.0,3.32,General Fitness,Yoga,0.0,0.0,0.0,0.0,1.0,0.0,1.0
42.3,Male,47.3,1.68,16.81,16.4,187.5,143.9,66.8,1.42,437.2,4.8,3.0,3.48,General Fitness,Strength,1.0,1.0,0.0,0.0,0.0,0.0,1.0
42.9,Female,66.7,1.63,25.14,21.1,197.1,140.7,63.0,1.2,1060.6,5.3,2.0,3.3,Weight Loss,Cardio,1.0,0.0,0.0,0.0,0.0,0.0,0.0
26.7,Female,52.2,1.65,19.28,17.5,199.9,158.3,57.7,1.16,875.5,3.3,3.0,3.2,Endurance,HIIT,1.0,0.0,0.0,1.0,0.0,0.0,1.0
33.0,Male,76.5,1.75,24.98,12.5,198.0,139.0,57.0,1.22,984.0,3.0,1.0,3.4,Muscle Gain,Strength,1.0,1.0,1.0,1.0,0.0,1.0,0.0
66.2,Female,65.9,1.62,25.0,27.9,146.1,125.3,52.6,1.78,636.6,4.0,3.0,3.1,Strength,Strength,1.0,1.0,0.0,0.0,0.0,1.0,0.0
18.8,Male,81.5,1.8,25.18,18.0,209.2,143.3,54.4,0.69,692.0,4.1,2.0,3.2,Endurance,Cardio,0.0,0.0,0.0,0.0,0.0,1.0,1.0
20.0,Female,65.3,1.5,29.02,31.2,198.0,128.0,50.0,0.97,906.0,2.0,1.0,3.4,Weight Loss,Cardio,0.0,0.0,0.0,0.0,0.0,0.0,1.0
18.0,Male,83.1,1.94,22.08,24.4,188.0,153.0,56.0,1.41,1180.0,3.0,2.0,3.3,Muscle Gain,Strength,1.0,1.0,1.0,1.0,1.0,0.0,1.0
48.8,Male,85.2,1.71,29.28,23.6,166.5,131.5,62.0,2.13,954.9,3.1,2.0,2.8,Muscle Gain,Powerlifting,0.0,1.0,1.0,0.0,0.0,0.0,0.0
32.2,Female,45.0,1.79,14.12,20.3,189.7,150.8,57.2,1.55,506.0,3.2,2.0,2.56,Muscle Gain,Strength,,,,,,,
32.1,Male,76.3,1.83,22.76,19.6,186.9,131.0,54.5,0.68,312.8,3.7,2.0,2.0,General Fitness,Functional,0.0,0.0,1.0,1.0,0.0,1.0,0.0
20.1,Female,82.1,1.64,30.43,25.0,205.6,128.7,59.0,1.94,979.0,3.6,3.0,3.3,Muscle Gain,Powerlifting,0.0,1.0,0.0,0.0,0.0,0.0,0.0
22.0,Female,102.4,1.5,45.51,17.5,173.0,156.0,55.0,1.44,453.0,4.0,3.0,1.6,General Fitness,HIIT,1.0,0.0,0.0,0.0,1.0,0.0,1.0
42.9,Male,51.2,1.73,17.01,21.7,179.4,120.9,59.4,1.19,226.0,3.1,2.0,2.75,Stress Relief,Yoga,1.0,0.0,0.0,0.0,1.0,1.0,1.0
26.0,Male,79.7,1.64,29.63,21.8,194.0,148.0,55.0,2.0,1462.0,4.0,2.0,3.2,Muscle Gain,Strength,1.0,1.0,1.0,1.0,1.0,0.0,0.0
21.0,Female,45.1,1.87,12.9,25.8,192.0,138.0,69.0,1.89,1071.0,5.0,2.0,2.3,Muscle Gain,Strength,1.0,1.0,1.0,0.0,0.0,1.0,0.0
28.0,Female,45.0,1.8,13.89,23.2,187.0,162.0,74.0,1.82,1395.0,4.0,3.0,2.7,General Fitness,Strength,1.0,1.0,1.0,1.0,1.0,0.0,0.0
23.5,Male,69.2,1.78,21.95,20.1,189.2,129.1,72.2,0.97,505.7,4.0,1.0,2.6,Muscle Gain,Functional,0.0,0.0,1.0,1.0,0.0,0.0,0.0
55.0,Female,58.9,1.56,24.2,22.1,197.0,125.0,58.0,0.73,1103.0,3.0,2.0,3.5,Muscle Gain,Strength,1.0,1.0,1.0,0.0,0.0,1.0,0.0
50.8,Male,68.6,1.67,24.75,12.2,163.1,158.1,62.7,1.02,1077.8,3.9,3.0,3.3,General Fitness,Cardio,1.0,0.0,0.0,0.0,0.0,0.0,1.0
47.1,Female,74.3,1.6,29.04,26.9,168.3,107.1,75.3,1.05,458.5,4.8,2.0,2.4,General Fitness,Powerlifting,1.0,1.0,1.0,0.0,0.0,0.0,1.0
31.3,Male,67.4,1.84,19.96,20.7,179.8,103.3,74.8,1.48,186.8,3.3,3.0,1.7,Flexibility,Yoga,0.0,0.0,0.0,0.0,0.0,1.0,1.0
38.0,Male,85.5,1.77,27.29,14.6,175.0,156.0,50.0,1.13,766.0,2.0,1.0,3.4,Weight Loss,HIIT,1.0,0.0,0.0,1.0,0.0,0.0,1.0
23.4,Male,104.2,1.95,27.39,11.5,197.9,146.0,53.4,0.99,747.9,5.3,2.0,2.9,Endurance,Cardio,0.0,0.0,0.0,0.0,0.0,0.0,1.0
26.4,Male,62.9,1.87,18.07,22.0,201.4,144.6,62.7,1.41,618.1,2.7,2.0,2.96,General Fitness,Strength,1.0,1.0,1.0,1.0,0.0,0.0,1.0
23.0,Female,40.9,1.75,13.36,24.8,187.0,136.0,50.0,1.14,1135.0,3.0,2.0,3.4,General Fitness,Cardio,0.0,0.0,0.0,0.0,0.0,0.0,1.0
16.0,Male,59.8,1.55,24.91,26.5,206.1,162.7,53.6,0.98,399.1,3.4,2.0,3.35,Muscle Gain,Functional,,,,,,,
34.0,Male,62.5,1.87,17.87,29.6,185.0,167.0,73.0,0.96,1353.0,4.0,1.0,2.3,Weight Loss,Cardio,1.0,1.0,0.0,0.0,0.0,0.0,1.0
27.0,Female,56.3,1.7,19.48,23.4,191.0,134.0,72.0,1.61,1631.0,3.0,1.0,3.3,Strength,Strength,1.0,1.0,1.0,1.0,0.0,0.0,1.0
62.9,Female,60.6,1.68,21.41,22.3,158.8,117.0,53.1,1.65,602.4,4.5,3.0,,Muscle Gain,Strength,1.0,1.0,0.0,1.0,1.0,0.0,0.0
64.4,Female,52.1,1.61,20.07,21.2,157.6,146.8,69.1,0.65,337.4,6.0,3.0,3.0,General Fitness,Cardio,0.0,0.0,1.0,0.0,1.0,0.0,1.0
23.0,Male,114.9,1.61,44.33,28.0,180.0,120.0,56.0,1.27,891.0,3.0,1.0,3.3,Weight Loss,HIIT,1.0,1.0,0.0,1.0,0.0,1.0,0.0
50.0,Female,65.6,1.73,21.85,18.7,160.3,130.7,63.0,0.81,450.1,3.2,3.0,3.3,Muscle Gain,Functional,1.0,0.0,1.0,1.0,1.0,0.0,0.0
25.4,Male,72.4,1.8,22.36,10.4,190.3,157.1,54.6,1.67,1430.0,4.3,2.0,3.9,Weight Loss,Cardio,0.0,1.0,0.0,1.0,1.0,0.0,1.0
24.0,Male,81.3,1.76,26.26,13.0,197.7,110.7,61.0,1.93,823.2,3.4,3.0,3.1,Strength,Strength,1.0,1.0,1.0,1.0,1.0,1.0,1.0
41.0,Female,45.0,1.76,14.54,22.2,177.1,143.7,71.5,1.51,424.9,2.1,1.0,3.1,Muscle Gain,Strength,1.0,1.0,1.0,1.0,0.0,1.0,1.0
33.9,Female,49.0,1.59,19.47,17.4,182.7,156.5,57.6,0.67,439.5,2.9,3.0,3.8,Endurance,HIIT,0.0,0.0,0.0,1.0,1.0,1.0,0.0
44.0,Female,115.6,1.5,51.38,25.1,186.0,145.0,55.0,1.65,1075.0,2.0,1.0,3.5,Weight Loss,HIIT,1.0,0.0,0.0,1.0,0.0,0.0,1.0
26.6,Male,66.1,1.86,19.08,13.9,189.9,157.1,64.0,0.65,593.9,4.8,3.0,3.6,Weight Loss,Cardio,0.0,1.0,1.0,1.0,0.0,0.0,1.0
46.8,Male,73.3,1.88,20.79,13.3,176.9,141.1,52.3,0.78,708.9,4.2,3.0,2.1,General Fitness,Cardio,0.0,0.0,0.0,0.0,0.0,0.0,1.0
61.6,Male,76.0,1.69,26.65,15.5,164.5,134.0,74.0,1.07,686.7,3.2,3.0,2.6,Muscle Gain,Functional,1.0,1.0,1.0,1.0,1.0,0.0,1.0
43.5,Male,101.0,1.81,30.84,18.9,162.6,119.3,69.0,2.12,1193.9,4.6,2.0,3.1,Muscle Gain,Powerlifting,1.0,1.0,0.0,0.0,1.0,0.0,1.0
28.9,Male,101.6,1.82,30.63,28.3,183.2,153.6,69.8,1.84,1272.1,2.8,2.0,3.11,Weight Loss,Cardio,0.0,0.0,0.0,1.0,0.0,0.0,1.0
29.4,Female,58.8,1.58,23.59,17.5,181.7,176.7,62.3,0.94,911.8,2.9,2.0,3.5,Endurance,HIIT,0.0,1.0,0.0,1.0,1.0,1.0,1.0
28.3,Female,66.3,1.65,24.32,25.9,200.0,126.5,55.9,1.05,470.4,4.4,2.0,2.9,Muscle Gain,Functional,1.0,0.0,1.0,0.0,1.0,1.0,1.0
55.0,Male,61.9,1.74,20.45,23.6,163.0,140.0,73.0,0.97,598.0,2.0,1.0,3.1,Strength,Strength,1.0,1.0,1.0,1.0,0.0,0.0,1.0
39.6,Male,82.6,1.71,28.21,26.6,169.5,129.4,64.7,1.8,735.5,3.7,2.0,3.2,General Fitness,Powerlifting,1.0,1.0,1.0,0.0,0.0,1.0,0.0
53.4,Male,73.8,1.66,26.67,21.1,158.7,124.6,73.7,1.18,564.5,3.4,3.0,2.8,Strength,Powerlifting,1.0,1.0,0.0,1.0,1.0,0.0,0.0
26.0,Female,48.4,1.56,20.02,15.8,201.6,177.4,45.0,0.93,873.6,3.8,2.0,3.4,Endurance,HIIT,0.0,1.0,1.0,1.0,1.0,0.0,1.0
34.2,Female,46.4,1.97,11.92,18.8,186.9,121.3,60.8,0.46,82.3,2.8,2.0,2.57,General Fitness,Yoga,0.0,0.0,0.0,0.0,1.0,0.0,1.0
26.0,Female,80.6,1.86,23.3,23.1,195.0,127.0,53.0,2.0,564.0,3.0,2.0,1.5,General Fitness,Strength,1.0,1.0,0.0,0.0,0.0,0.0,1.0
22.0,Female,53.0,1.83,15.83,11.9,199.0,129.0,74.0,0.88,540.0,4.0,2.0,3.1,Strength,Strength,1.0,1.0,1.0,1.0,1.0,0.0,0.0
39.7,Female,68.4,1.57,27.7,25.9,186.6,139.9,66.1,1.33,613.6,2.2,2.0,3.53,Muscle Gain,Strength,1.0,1.0,1.0,0.0,1.0,0.0,1.0
47.0,Female,84.8,1.58,33.97,26.3,180.0,157.0,54.0,0.83,940.0,5.0,2.0,1.9,Endurance,Cardio,0.0,0.0,0.0,0.0,0.0,0.0,1.0
31.3,Male,59.3,1.65,21.78,21.6,192.3,123.5,61.2,1.02,460.0,3.2,2.0,3.2,Strength,Strength,1.0,1.0,1.0,0.0,1.0,1.0,1.0
39.8,Female,45.0,1.59,17.8,19.5,169.3,117.1,60.8,0.85,143.7,4.3,3.0,3.38,Flexibility,Yoga,0.0,0.0,0.0,0.0,1.0,0.0,1.0
43.7,Female,67.2,1.62,25.65,24.9,175.1,160.3,68.7,0.85,618.0,1.0,1.0,2.57,Endurance,HIIT,1.0,0.0,0.0,0.0,0.0,0.0,1.0
20.6,Female,75.2,1.65,27.8,27.5,191.5,122.6,63.3,0.76,400.0,4.9,2.0,4.0,Strength,Strength,1.0,1.0,1.0,0.0,0.0,1.0,0.0
33.4,Female,66.2,1.63,24.85,34.4,194.5,134.6,67.3,2.13,1072.9,3.4,2.0,3.5,General Fitness,Powerlifting,1.0,1.0,0.0,0.0,0.0,0.0,1.0
35.5,Female,64.6,1.65,23.79,18.9,165.2,110.6,80.0,1.09,389.3,3.1,2.0,2.9,Strength,Strength,1.0,1.0,1.0,0.0,0.0,1.0,0.0
26.4,Female,73.4,1.55,30.68,19.9,191.8,138.0,61.4,1.22,677.4,4.7,1.0,3.3,Muscle Gain,Strength,1.0,0.0,1.0,0.0,0.0,0.0,0.0
36.2,Female,80.8,1.69,28.37,29.8,186.2,149.5,69.0,1.73,799.1,1.7,1.0,3.86,Muscle Gain,Strength,1.0,1.0,1.0,0.0,1.0,0.0,0.0
27.9,Female,53.7,1.6,21.09,21.3,175.7,161.5,66.7,0.75,305.2,5.6,1.0,3.0,Weight Loss,Cardio,1.0,1.0,0.0,0.0,1.0,0.0,1.0
52.9,Female,59.4,1.58,23.92,21.3,176.7,163.8,56.7,1.06,800.4,4.8,1.0,3.4,Weight Loss,Cardio,0.0,0.0,0.0,1.0,0.0,0.0,1.0
31.6,Male,86.1,1.75,28.2,19.7,183.5,103.1,51.4,1.26,629.9,4.1,2.0,,Muscle Gain,Powerlifting,0.0,1.0,0.0,0.0,0.0,0.0,1.0
34.6,Male,115.9,1.9,32.19,18.6,190.1,130.5,63.1,2.32,1905.8,4.2,2.0,3.7,Strength,Powerlifting,1.0,1.0,1.0,0.0,0.0,0.0,1.0
51.0,Female,46.2,1.73,15.44,32.8,192.0,169.0,62.0,1.55,1389.0,3.0,3.0,1.7,Weight Loss,Cardio,0.0,0.0,0.0,0.0,0.0,1.0,1.0
41.8,Female,44.6,1.51,19.48,16.8,191.6,151.6,57.3,0.51,253.8,3.4,3.0,2.8,Endurance,Cardio,0.0,1.0,0.0,1.0,0.0,0.0,1.0
20.9,Male,90.9,1.8,28.02,26.8,195.7,157.5,66.5,1.08,579.8,4.6,2.0,2.75,Strength,Strength,1.0,1.0,0.0,0.0,0.0,1.0,0.0
62.6,Female,72.4,1.61,27.95,24.6,161.7,134.0,50.6,1.5,864.6,5.0,3.0,2.9,Muscle Gain,Strength,1.0,1.0,1.0,1.0,0.0,0.0,1.0
18.3,Female,56.7,1.67,20.44,19.6,190.2,174.1,54.7,0.95,724.9,3.3,3.0,3.2,Weight Loss,Cardio,1.0,0.0,1.0,0.0,1.0,0.0,0.0
39.4,Male,72.0,1.68,25.59,17.9,183.7,146.4,75.1,0.88,432.7,4.4,2.0,3.6,Muscle Gain,Functional,0.0,1.0,1.0,1.0,1.0,1.0,0.0
47.7,Female,54.2,1.56,22.3,20.1,177.3,171.7,70.2,0.38,372.1,3.9,3.0,3.4,Endurance,HIIT,1.0,0.0,0.0,1.0,1.0,0.0,1.0
33.0,Female,40.0,1.63,15.06,28.2,165.0,159.0,74.0,2.0,935.0,2.0,3.0,1.6,Muscle Gain,Strength,1.0,1.0,1.0,0.0,0.0,1.0,0.0
33.8,Female,79.0,1.61,30.42,25.5,177.2,146.0,74.1,1.19,663.9,2.9,1.0,2.93,General Fitness,Functional,,,,,,,
68.5,Male,51.1,1.56,20.89,15.7,150.6,145.6,59.0,0.76,304.2,4.2,2.0,2.1,Athletic Performance,Functional,1.0,1.0,1.0,1.0,1.0,1.0,0.0
34.0,Female,73.1,1.73,24.42,27.0,166.0,161.0,69.0,1.64,765.0,4.0,2.0,3.3,Strength,Strength,1.0,1.0,1.0,1.0,0.0,0.0,0.0
41.9,Female,80.8,1.76,26.11,27.4,172.3,157.5,56.6,0.78,607.8,4.5,3.0,4.06,Endurance,HIIT,1.0,0.0,0.0,0.0,0.0,0.0,1.0
25.8,Male,69.4,1.81,21.08,16.6,187.4,113.7,72.9,1.58,776.5,4.7,2.0,3.2,Muscle Gain,Strength,1.0,1.0,1.0,1.0,0.0,1.0,1.0
16.0,Male,47.2,1.68,16.81,21.2,200.0,160.8,71.8,0.87,282.4,4.5,2.0,3.28,Athletic Performance,Functional,,,,,,,
36.5,Male,80.9,1.8,24.85,17.1,180.7,175.7,56.7,0.68,861.6,3.9,2.0,3.8,Weight Loss,Cardio,0.0,0.0,1.0,0.0,0.0,0.0,1.0
21.0,Female,77.9,1.8,24.04,19.7,199.0,169.0,56.0,1.3,1171.0,3.0,2.0,3.4,General Fitness,Cardio,0.0,0.0,1.0,0.0,0.0,0.0,1.0
25.7,Female,84.1,1.7,29.08,32.9,193.0,104.8,71.2,1.8,736.8,4.0,2.0,3.2,Strength,Powerlifting,0.0,1.0,0.0,0.0,0.0,0.0,1.0
23.8,Female,60.3,1.57,24.31,18.5,208.4,112.4,60.0,0.93,113.1,4.5,2.0,3.3,Flexibility,Yoga,0.0,0.0,0.0,0.0,0.0,1.0,1.0
31.0,Male,78.8,1.73,26.31,27.9,189.6,128.8,59.9,1.83,654.8,4.1,3.0,2.8,Muscle Gain,Powerlifting,1.0,1.0,1.0,0.0,0.0,0.0,1.0
66.5,Male,69.1,1.62,26.32,20.2,140.0,135.0,59.6,1.84,1042.4,4.5,2.0,3.4,Muscle Gain,Strength,1.0,0.0,1.0,1.0,0.0,0.0,1.0
24.4,Female,60.9,1.56,24.97,23.9,189.4,181.9,55.6,0.83,625.0,2.1,2.0,4.3,Weight Loss,HIIT,1.0,1.0,0.0,0.0,1.0,0.0,1.0
56.5,Male,78.9,1.75,25.74,15.3,171.3,142.7,50.1,0.83,428.2,4.2,1.0,3.1,Athletic Performance,Functional,1.0,0.0,0.0,1.0,1.0,1.0,0.0
39.0,Female,84.0,1.79,26.22,28.0,176.0,126.0,72.0,1.5,1057.0,3.0,1.0,3.3,Weight Loss,HIIT,0.0,0.0,0.0,1.0,0.0,1.0,0.0
34.3,Male,66.1,1.61,25.42,15.3,190.1,101.2,69.0,0.88,162.5,5.9,2.0,2.0,Stress Relief,Yoga,0.0,0.0,0.0,0.0,1.0,1.0,1.0
26.8,Female,73.2,1.64,27.32,29.3,188.1,133.9,61.9,1.08,432.7,3.5,3.0,2.8,Muscle Gain,Powerlifting,0.0,1.0,1.0,0.0,1.0,0.0,1.0
49.6,Male,67.4,1.56,27.57,24.8,161.1,149.5,66.8,0.73,508.6,2.9,2.0,2.92,Endurance,HIIT,0.0,0.0,0.0,1.0,1.0,0.0,0.0
47.8,Female,60.5,1.85,17.7,26.5,171.8,132.9,60.6,1.09,450.5,4.1,2.0,2.32,Strength,Strength,1.0,1.0,1.0,0.0,1.0,0.0,1.0
50.0,Male,41.1,1.51,18.03,24.9,169.0,152.0,63.0,2.0,1069.0,4.0,2.0,1.5,Strength,Strength,1.0,1.0,1.0,1.0,0.0,0.0,1.0
54.5,Male,89.7,1.78,28.32,18.9,168.9,110.9,69.1,2.38,1000.2,3.1,2.0,2.4,Muscle Gain,Powerlifting,0.0,1.0,1.0,0.0,0.0,0.0,1.0
39.2,Female,70.9,1.56,29.1,19.6,185.1,126.2,66.6,1.64,909.7,4.7,3.0,3.1,Strength,Strength,1.0,1.0,1.0,1.0,0.0,0.0,0.0
49.7,Male,77.9,1.74,25.64,13.2,171.9,166.4,77.1,0.32,296.3,4.7,2.0,2.8,Weight Loss,HIIT,1.0,0.0,1.0,1.0,1.0,1.0,1.0
20.4,Male,62.3,1.68,22.04,16.6,210.0,134.0,71.8,1.37,907.0,4.4,3.0,2.6,Muscle Gain,Functional,1.0,0.0,0.0,1.0,1.0,0.0,1.0
22.6,Male,61.9,1.77,19.69,14.4,184.5,118.5,77.7,0.72,169.1,5.3,1.0,2.1,Stress Relief,Yoga,0.0,0.0,0.0,0.0,1.0,1.0,1.0
30.6,Male,64.6,1.68,22.86,20.3,184.0,122.0,74.7,1.61,591.1,4.3,1.0,3.4,General Fitness,Strength,1.0,1.0,1.0,1.0,0.0,1.0,0.0
19.0,Male,51.8,1.6,20.23,25.3,176.0,159.0,72.0,1.14,574.0,4.0,2.0,2.0,Endurance,Cardio,0.0,0.0,0.0,0.0,0.0,1.0,1.0
33.0,Female,54.0,1.57,21.78,20.5,197.8,118.0,72.4,1.51,468.5,3.2,1.0,3.3,General Fitness,Strength,1.0,1.0,1.0,0.0,0.0,0.0,1.0
18.0,Female,73.6,1.53,31.44,25.2,186.0,128.0,50.0,1.46,1222.0,3.0,1.0,2.3,Endurance,Cardio,0.0,0.0,1.0,0.0,1.0,0.0,1.0
36.2,Female,79.5,1.7,27.68,19.5,179.9,141.9,63.6,1.81,1492.0,3.5,2.0,3.4,General Fitness,Strength,1.0,0.0,1.0,0.0,0.0,0.0,1.0
35.0,Male,75.7,1.61,29.2,21.2,192.0,147.0,52.0,0.92,1211.0,3.0,2.0,2.4,Strength,Strength,0.0,1.0,1.0,1.0,0.0,0.0,1.0
22.4,Female,77.7,1.71,26.67,18.6,186.2,153.6,61.4,1.59,876.9,5.8,2.0,3.4,General Fitness,Cardio,1.0,0.0,0.0,0.0,0.0,0.0,1.0
39.0,Female,74.3,1.63,27.96,25.9,178.0,169.0,57.0,1.35,1376.0,3.0,3.0,3.2,Muscle Gain,Strength,1.0,1.0,1.0,1.0,0.0,0.0,1.0
27.3,Male,104.3,1.95,27.48,17.2,194.8,172.1,54.5,0.74,1410.6,4.8,3.0,3.9,Endurance,HIIT,0.0,0.0,0.0,1.0,1.0,1.0,1.0
31.3,Female,60.0,1.57,24.33,18.2,196.1,153.1,59.3,0.95,868.4,3.8,3.0,2.6,General Fitness,HIIT,0.0,0.0,0.0,0.0,0.0,0.0,1.0
33.2,Male,84.2,1.87,24.08,18.2,192.4,140.1,73.7,1.58,1179.4,3.1,3.0,3.0,Muscle Gain,Strength,0.0,1.0,1.0,0.0,0.0,0.0,1.0
49.6,Male,81.7,1.72,27.78,16.8,170.2,165.2,61.1,0.39,306.3,2.9,3.0,3.2,General Fitness,HIIT,0.0,0.0,1.0,1.0,1.0,0.0,1.0
37.9,Male,86.6,1.91,23.75,14.9,176.6,142.7,58.4,1.04,645.7,3.9,3.0,2.6,Strength,Strength,1.0,1.0,1.0,0.0,0.0,1.0,1.0
42.0,Male,117.7,1.71,40.25,23.7,198.0,149.0,74.0,0.89,943.0,4.0,1.0,1.8,General Fitness,Cardio,0.0,0.0,1.0,0.0,0.0,0.0,1.0
52.0,Male,40.0,1.71,13.68,18.6,165.0,157.0,74.0,1.64,1001.0,4.0,2.0,2.8,Endurance,HIIT,0.0,1.0,0.0,1.0,1.0,0.0,1.0
18.6,Male,68.5,1.8,21.14,17.7,193.2,140.1,68.1,0.75,570.6,4.8,1.0,2.9,Athletic Performance,Functional,1.0,0.0,0.0,0.0,1.0,0.0,0.0
33.0,Male,65.7,1.97,16.93,19.1,167.0,144.0,53.0,1.1,872.0,4.0,1.0,2.0,Weight Loss,Cardio,0.0,0.0,0.0,0.0,0.0,0.0,1.0
21.0,Male,91.2,1.7,31.56,33.3,194.0,142.0,62.0,0.91,1090.0,3.0,2.0,3.7,Muscle Gain,Strength,0.0,1.0,1.0,0.0,0.0,0.0,1.0
40.0,Male,72.3,1.72,24.51,15.1,180.9,144.8,61.5,0.8,556.6,4.3,1.0,2.3,Muscle Gain,Strength,1.0,1.0,0.0,0.0,0.0,0.0,0.0
32.6,Female,59.8,1.63,22.41,21.0,173.7,168.7,45.0,0.98,544.3,3.7,3.0,3.6,Endurance,HIIT,0.0,1.0,0.0,1.0,1.0,0.0,1.0
53.9,Male,71.7,1.73,23.97,20.6,162.2,157.0,75.5,1.3,705.3,3.3,1.0,2.8,Athletic Performance,Functional,0.0,0.0,1.0,1.0,0.0,1.0,1.0
39.1,Male,74.6,1.84,22.0,14.8,171.2,152.6,45.0,1.53,1455.4,4.1,2.0,3.7,Endurance,Cardio,0.0,0.0,0.0,0.0,0.0,0.0,1.0
18.0,Male,57.9,2.0,14.48,28.3,168.0,156.0,50.0,1.05,689.0,3.0,3.0,3.6,General Fitness,Cardio,0.0,1.0,0.0,0.0,0.0,1.0,1.0
34.7,Female,41.4,1.49,18.77,26.2,181.1,114.9,72.1,0.81,87.2,5.9,1.0,1.9,Stress Relief,Yoga,1.0,0.0,0.0,0.0,1.0,1.0,1.0
23.1,Female,70.7,1.67,25.44,24.7,188.0,105.5,57.9,0.81,149.5,3.7,2.0,1.9,Flexibility,Yoga,0.0,0.0,0.0,0.0,1.0,0.0,1.0
59.0,Female,72.8,1.65,26.74,15.4,172.0,165.0,55.0,1.17,1104.0,3.0,1.0,3.4,Weight Loss,HIIT,1.0,1.0,1.0,1.0,1.0,0.0,1.0
36.5,Female,52.3,1.92,14.11,22.1,179.9,143.9,68.7,1.87,636.9,2.2,1.0,3.52,Strength,Strength,0.0,1.0,1.0,1.0,1.0,0.0,1.0
25.5,Male,76.5,1.74,25.12,8.8,194.7,145.5,54.8,1.36,883.2,3.2,1.0,3.0,Weight Loss,Cardio,0.0,0.0,0.0,0.0,0.0,0.0,1.0
36.0,Male,62.2,1.5,27.64,11.4,192.0,132.0,61.0,2.0,913.0,3.0,2.0,1.5,Endurance,HIIT,1.0,1.0,0.0,1.0,1.0,0.0,1.0
42.0,Male,96.2,1.63,36.21,16.3,164.0,148.0,74.0,1.38,887.0,2.0,3.0,1.6,Strength,Strength,1.0,1.0,0.0,0.0,0.0,0.0,1.0
43.4,Male,103.4,1.84,30.57,15.8,187.7,134.3,63.4,1.12,796.3,4.3,3.0,3.0,Muscle Gain,Strength,1.0,0.0,1.0,1.0,1.0,1.0,1.0
20.0,Female,69.3,1.75,22.63,24.6,180.0,120.0,72.0,1.06,1421.0,4.0,2.0,3.2,General Fitness,Strength,1.0,0.0,1.0,1.0,0.0,1.0,1.0
33.6,Male,80.7,1.79,25.17,29.5,189.1,151.7,73.2,1.87,933.3,2.0,1.0,3.94,General Fitness,Strength,1.0,1.0,1.0,0.0,1.0,0.0,1.0
53.0,Male,73.7,1.62,27.97,15.4,165.7,158.6,55.7,0.96,917.3,3.6,3.0,3.6,Endurance,Cardio,0.0,0.0,0.0,0.0,0.0,0.0,1.0
32.9,Female,53.6,1.6,21.01,16.9,193.8,112.8,61.2,0.59,61.1,2.3,3.0,2.4,General Fitness,Yoga,0.0,0.0,0.0,0.0,0.0,0.0,1.0
24.7,Male,78.8,1.81,24.01,16.0,203.4,120.8,70.7,1.6,956.2,3.6,1.0,2.0,Muscle Gain,Strength,1.0,1.0,0.0,0.0,1.0,1.0,1.0
28.1,Female,65.8,1.95,17.38,28.6,187.0,146.3,68.3,1.36,541.9,3.5,1.0,3.97,Strength,Strength,0.0,1.0,0.0,0.0,1.0,0.0,1.0
45.0,Female,88.4,1.5,39.29,23.0,181.0,132.0,66.0,2.0,820.9,3.0,1.0,2.4,Weight Loss,Cardio,0.0,0.0,0.0,0.0,0.0,0.0,1.0
19.6,Male,59.6,1.69,20.76,18.1,196.3,160.9,54.3,1.47,1281.8,5.4,2.0,3.7,Endurance,Cardio,0.0,0.0,0.0,1.0,0.0,0.0,1.0
50.6,Female,64.5,1.6,25.27,23.6,167.1,111.1,68.8,1.5,577.4,5.0,1.0,2.1,Muscle Gain,Strength,1.0,1.0,1.0,1.0,0.0,0.0,0.0
20.5,Male,89.6,1.82,27.17,15.8,192.3,178.1,49.9,0.88,1078.3,4.1,3.0,3.6,General Fitness,Cardio,1.0,1.0,0.0,0.0,1.0,0.0,0.0
22.0,Male,64.8,1.85,18.93,28.7,187.0,166.0,64.0,1.24,1678.0,3.0,2.0,1.9,General Fitness,Cardio,0.0,0.0,0.0,0.0,0.0,0.0,1.0
31.4,Male,45.0,1.78,14.24,15.2,183.5,146.0,58.5,1.2,357.9,3.6,2.0,3.5,Athletic Performance,Strength,,,,,,,
33.0,Female,40.0,1.79,12.48,27.2,189.0,144.0,67.0,2.0,1285.0,3.0,2.0,2.6,Weight Loss,HIIT,1.0,0.0,0.0,1.0,0.0,0.0,1.0
24.2,Female,53.1,1.48,24.29,22.9,204.9,171.9,72.5,1.55,625.2,4.1,2.0,3.57,Endurance,Cardio,0.0,0.0,0.0,0.0,0.0,0.0,1.0
52.8,Female,61.1,1.92,16.5,24.4,166.2,131.7,74.3,1.22,448.9,2.8,1.0,3.24,Muscle Gain,Strength,1.0,1.0,1.0,0.0,1.0,0.0,0.0
34.2,Male,59.9,1.86,17.39,19.4,182.6,142.0,76.9,1.05,406.2,3.0,1.0,3.45,General Fitness,Strength,1.0,1.0,1.0,0.0,0.0,0.0,0.0
23.0,Female,60.5,1.88,17.12,23.5,166.0,149.0,63.0,1.37,907.0,4.0,1.0,3.1,Strength,Strength,1.0,1.0,1.0,1.0,0.0,0.0,0.0
39.5,Female,60.4,1.6,23.57,17.7,174.6,169.6,55.1,0.48,449.4,3.0,2.0,3.5,Endurance,HIIT,0.0,0.0,0.0,0.0,0.0,0.0,0.0
16.0,Female,88.4,1.77,28.33,26.1,207.3,193.0,60.0,0.91,716.9,5.1,3.0,3.33,Endurance,HIIT,1.0,1.0,0.0,0.0,1.0,0.0,1.0
18.1,Male,88.2,1.84,25.92,14.2,191.7,162.4,50.9,1.3,1272.5,4.3,3.0,3.4,Weight Loss,Cardio,0.0,0.0,0.0,0.0,1.0,1.0,1.0
25.9,Female,56.7,1.48,25.88,24.7,198.8,99.7,51.7,1.44,240.5,3.4,3.0,1.9,General Fitness,Yoga,0.0,0.0,1.0,0.0,1.0,1.0,1.0
31.1,Male,80.5,1.82,24.18,16.3,185.5,150.0,54.1,0.59,466.4,2.8,2.0,3.0,Endurance,HIIT,0.0,1.0,0.0,1.0,1.0,0.0,0.0
25.5,Male,45.0,1.52,19.41,24.7,187.4,138.3,67.6,1.23,356.5,3.8,2.0,3.26,Muscle Gain,Strength,1.0,0.0,1.0,1.0,1.0,0.0,0.0
19.0,Female,55.2,1.71,18.88,10.0,172.0,136.0,74.0,1.93,670.0,4.0,1.0,3.1,Muscle Gain,Strength,1.0,0.0,1.0,1.0,1.0,0.0,0.0
49.0,Female,56.6,1.75,18.48,23.6,198.0,120.0,72.0,1.12,1767.0,2.0,2.0,2.6,Muscle Gain,Strength,1.0,1.0,1.0,1.0,0.0,0.0,0.0
52.0,Male,84.3,1.69,29.52,32.6,164.0,169.0,54.0,0.77,1367.0,3.0,2.0,2.9,Weight Loss,HIIT,1.0,0.0,0.0,1.0,1.0,0.0,1.0
18.5,Female,69.7,1.76,22.47,21.4,205.8,142.7,56.9,1.77,1150.7,3.7,3.0,3.6,Strength,Strength,1.0,1.0,1.0,0.0,1.0,1.0,0.0
36.3,Female,61.5,1.56,25.29,19.0,179.5,144.9,75.4,0.94,557.4,4.8,2.0,2.8,General Fitness,Functional,1.0,0.0,0.0,1.0,1.0,1.0,1.0
16.0,Male,50.5,1.64,18.67,26.6,210.0,162.2,66.5,1.47,470.2,1.2,1.0,2.76,Strength,Strength,1.0,1.0,1.0,1.0,0.0,0.0,1.0
43.0,Female,45.0,1.93,12.08,18.3,182.9,154.8,72.8,1.16,366.8,1.5,1.0,3.35,Weight Loss,Cardio,0.0,0.0,0.0,0.0,0.0,0.0,0.0
40.0,Male,79.9,1.51,35.04,26.2,175.0,169.0,64.0,1.44,1277.0,5.0,3.0,1.5,General Fitness,Strength,1.0,0.0,1.0,1.0,1.0,0.0,0.0
23.5,Male,84.0,1.79,26.18,17.9,190.4,155.9,58.8,1.24,1039.7,4.9,2.0,3.1,Athletic Performance,Functional,1.0,0.0,0.0,1.0,0.0,1.0,1.0
47.0,Female,74.1,1.87,21.19,14.8,168.0,123.0,70.0,0.95,1030.0,3.0,1.0,1.5,Strength,Strength,1.0,1.0,1.0,1.0,1.0,1.0,1.0
27.6,Male,71.5,1.72,24.04,15.6,194.1,163.3,50.8,1.5,1167.6,6.0,3.0,4.6,Endurance,Cardio,1.0,0.0,0.0,0.0,0.0,0.0,1.0
49.6,Male,56.7,1.65,20.87,16.6,176.8,117.2,68.1,1.02,384.3,3.4,1.0,2.6,Muscle Gain,Strength,1.0,1.0,0.0,1.0,0.0,0.0,1.0
27.0,Male,42.5,1.61,16.4,22.9,183.0,155.0,71.0,2.0,933.0,2.0,1.0,1.6,Endurance,HIIT,1.0,1.0,0.0,1.0,0.0,0.0,0.0
38.2,Male,67.8,1.8,21.0,18.6,174.1,140.5,64.5,1.37,904.1,3.9,3.0,3.1,Muscle Gain,Strength,1.0,1.0,1.0,1.0,0.0,1.0,1.0
18.0,Male,82.8,1.5,36.8,30.5,197.0,134.0,74.0,1.79,1009.0,3.0,3.0,3.3,Weight Loss,Cardio,0.0,0.0,0.0,0.0,0.0,0.0,1.0
36.2,Female,67.4,1.61,26.08,25.5,184.0,170.4,59.3,0.4,247.1,3.9,3.0,3.1,Endurance,HIIT,1.0,0.0,0.0,1.0,1.0,0.0,1.0
35.5,Male,69.3,1.7,24.0,10.4,184.7,165.9,53.9,0.7,632.4,3.2,3.0,2.7,Weight Loss,HIIT,0.0,0.0,1.0,1.0,0.0,0.0,1.0
39.1,Male,59.4,1.76,19.08,9.3,198.6,156.4,70.3,0.99,777.9,4.3,3.0,3.1,Weight Loss,HIIT,0.0,0.0,0.0,1.0,1.0,0.0,1.0
21.5,Female,48.0,1.57,19.48,21.1,210.0,174.0,55.4,1.76,920.7,5.0,2.0,4.1,Endurance,Cardio,0.0,1.0,0.0,0.0,1.0,0.0,1.0
22.3,Male,45.8,1.5,20.25,18.1,188.2,175.0,62.4,1.04,502.8,3.7,2.0,3.65,General Fitness,HIIT,0.0,0.0,0.0,1.0,0.0,1.0,1.0
18.0,Male,99.5,1.91,27.27,17.3,205.6,152.6,68.0,1.38,1544.3,5.4,3.0,3.1,Weight Loss,Cardio,0.0,0.0,0.0,1.0,0.0,0.0,1.0
39.0,Female,47.0,1.78,14.83,31.7,181.0,155.0,55.0,1.89,747.0,3.0,3.0,2.3,Muscle Gain,Strength,0.0,1.0,1.0,0.0,0.0,1.0,0.0
35.0,Female,63.9,1.63,24.06,25.8,189.5,119.1,51.6,1.86,751.6,4.5,3.0,2.8,Muscle Gain,Strength,1.0,1.0,1.0,0.0,0.0,1.0,1.0
39.2,Male,90.2,1.8,27.84,12.9,182.7,162.2,49.9,0.85,1170.0,4.6,3.0,3.4,General Fitness,HIIT,0.0,0.0,0.0,1.0,0.0,0.0,1.0
43.0,Male,72.6,1.64,26.99,21.3,166.0,152.0,54.0,1.22,1188.0,2.0,2.0,2.5,Endurance,Cardio,1.0,0.0,0.0,1.0,0.0,0.0,1.0
37.0,Male,44.2,1.5,19.64,24.0,194.0,154.0,74.0,1.11,612.0,2.0,2.0,3.5,Endurance,Cardio,0.0,0.0,0.0,0.0,0.0,1.0,1.0
31.1,Female,67.6,1.67,24.37,16.4,204.3,119.8,76.7,0.59,151.8,5.7,2.0,2.5,General Fitness,Yoga,0.0,0.0,0.0,0.0,1.0,1.0,1.0
27.1,Female,62.0,1.68,21.97,25.3,194.8,116.8,82.0,0.51,117.7,2.5,3.0,2.1,General Fitness,Yoga,0.0,0.0,0.0,0.0,0.0,1.0,1.0
67.2,Female,49.8,1.56,20.55,22.1,156.9,136.5,65.1,1.97,776.5,4.4,2.0,3.0,Muscle Gain,Strength,1.0,1.0,1.0,1.0,0.0,0.0,1.0
23.3,Male,100.8,1.74,33.22,22.8,190.5,146.9,59.6,0.98,707.8,3.8,3.0,3.53,Athletic Performance,Functional,,,,,,,
24.2,Female,49.6,1.53,21.31,25.2,186.5,159.1,67.5,1.24,483.8,3.7,3.0,3.6,Athletic Performance,Functional,1.0,0.0,0.0,1.0,0.0,1.0,1.0
32.7,Female,65.4,1.63,24.74,19.8,168.3,120.0,70.8,1.08,293.2,5.9,1.0,2.4,Stress Relief,Yoga,0.0,0.0,0.0,0.0,1.0,0.0,1.0
16.0,Male,45.0,1.74,14.9,17.6,200.8,157.0,61.2,0.98,271.8,4.9,3.0,2.37,Muscle Gain,Strength,1.0,1.0,1.0,1.0,1.0,1.0,0.0
33.0,Female,59.8,2.0,14.95,32.9,188.0,144.0,70.0,2.0,1337.0,3.0,1.0,3.1,Endurance,HIIT,0.0,0.0,1.0,1.0,0.0,0.0,1.0
62.6,Male,58.8,1.57,23.88,11.2,166.4,157.1,57.6,0.52,434.4,5.6,3.0,2.9,Weight Loss,Cardio,0.0,0.0,0.0,1.0,0.0,0.0,1.0
28.2,Male,45.0,1.56,18.43,20.5,196.9,156.3,74.7,1.04,311.8,1.4,1.0,2.55,General Fitness,Functional,,,,,,,
50.2,Male,98.5,1.9,27.24,20.3,175.2,137.1,57.9,1.36,1168.0,3.9,3.0,2.7,Muscle Gain,Functional,0.0,1.0,0.0,1.0,0.0,0.0,1.0
27.0,Female,40.0,1.72,13.52,27.3,178.0,132.0,72.0,0.83,857.0,4.0,2.0,3.2,Endurance,Cardio,1.0,0.0,0.0,0.0,0.0,1.0,1.0
18.0,Male,73.0,1.78,23.04,26.1,161.0,131.0,50.0,2.0,1319.0,5.0,1.0,1.5,Strength,Strength,1.0,1.0,0.0,0.0,0.0,0.0,0.0
33.8,Female,52.7,1.59,20.81,16.5,170.6,161.1,45.0,0.74,302.6,4.7,3.0,2.7,General Fitness,Cardio,0.0,0.0,0.0,0.0,0.0,0.0,0.0
43.4,Male,81.9,1.8,25.18,15.7,173.5,133.5,71.5,1.44,855.8,4.6,1.0,,Muscle Gain,Functional,0.0,0.0,0.0,1.0,0.0,1.0,1.0
27.0,Female,40.0,1.57,16.23,28.4,178.0,169.0,52.0,1.32,949.0,3.0,2.0,3.1,Strength,Strength,1.0,1.0,1.0,0.0,1.0,1.0,0.0
54.4,Female,58.8,1.75,19.13,26.8,163.3,133.9,69.4,1.88,744.2,1.6,1.0,3.53,Muscle Gain,Functional,,,,,,,
53.9,Female,69.4,1.59,27.51,25.5,166.0,128.9,66.7,1.4,1005.7,4.0,3.0,3.2,General Fitness,Functional,1.0,0.0,1.0,1.0,1.0,0.0,1.0
34.0,Female,102.1,1.53,43.62,26.5,178.0,152.0,50.0,2.0,1783.0,3.0,1.0,2.1,Strength,Strength,1.0,1.0,1.0,0.0,0.0,0.0,0.0
39.0,Female,60.5,1.54,25.48,24.6,191.2,118.6,72.1,1.46,547.1,4.4,3.0,2.9,Muscle Gain,Strength,1.0,1.0,1.0,0.0,0.0,0.0,0.0
36.4,Male,71.1,1.69,24.9,24.5,185.8,149.4,72.7,1.84,908.3,2.8,2.0,3.85,General Fitness,Strength,,,,,,,
27.2,Female,69.7,1.64,25.88,,186.6,117.9,68.3,1.55,839.3,3.5,2.0,2.6,Muscle Gain,Strength,1.0,1.0,1.0,0.0,0.0,0.0,1.0
24.0,Female,90.0,1.62,34.4,32.3,185.9,158.1,75.0,1.39,871.8,3.0,1.0,3.23,General Fitness,Cardio,0.0,0.0,1.0,0.0,0.0,0.0,1.0
53.7,Male,58.8,1.71,20.19,16.2,169.8,163.9,53.1,1.71,1445.0,4.9,3.0,3.6,Weight Loss,Cardio,0.0,0.0,0.0,1.0,1.0,0.0,1.0
24.2,Female,54.4,1.58,21.68,14.6,194.6,141.9,56.8,0.68,494.0,4.5,1.0,3.0,General Fitness,Cardio,0.0,0.0,1.0,0.0,1.0,0.0,1.0
18.6,Female,55.1,1.57,22.39,19.1,205.8,145.0,60.9,0.69,436.5,4.9,3.0,2.8,General Fitness,Functional,0.0,0.0,1.0,1.0,1.0,1.0,1.0
34.7,Male,62.2,1.76,20.14,12.5,189.6,136.0,63.5,1.07,481.4,4.7,1.0,2.5,General Fitness,Functional,0.0,0.0,1.0,1.0,1.0,0.0,1.0
67.3,Male,56.9,1.6,22.31,8.0,156.2,151.2,50.4,1.58,877.3,4.5,3.0,3.4,Endurance,Cardio,0.0,0.0,0.0,1.0,1.0,0.0,1.0
26.2,Male,60.2,1.78,19.0,21.2,192.9,154.1,83.0,1.83,610.2,1.6,1.0,3.65,Muscle Gain,Strength,1.0,1.0,1.0,1.0,1.0,0.0,0.0
40.0,Female,49.6,1.7,17.16,32.5,169.0,120.5,72.0,1.6,921.0,3.0,2.0,3.6,General Fitness,Cardio,0.0,0.0,0.0,0.0,1.0,0.0,1.0
18.0,Female,65.5,1.69,22.93,24.4,178.0,134.0,53.0,1.29,405.0,4.0,2.0,2.8,Weight Loss,Cardio,0.0,0.0,0.0,0.0,1.0,0.0,0.0
20.4,Male,67.8,1.66,24.48,20.9,205.4,145.0,74.0,1.99,1432.0,3.7,3.0,3.5,Strength,Strength,1.0,1.0,1.0,0.0,0.0,0.0,0.0
46.0,Male,108.9,1.86,31.48,22.2,162.0,165.0,74.0,1.42,936.0,4.0,2.0,1.9,Strength,Strength,1.0,1.0,1.0,0.0,0.0,1.0,1.0
35.1,Female,57.3,1.65,21.06,19.9,182.5,156.1,58.5,1.42,1064.4,5.5,1.0,3.6,Weight Loss,Cardio,0.0,0.0,0.0,0.0,0.0,0.0,1.0
22.7,Male,68.8,1.8,21.17,16.9,202.2,96.5,62.3,1.0,169.0,2.8,1.0,2.2,Flexibility,Yoga,0.0,0.0,1.0,0.0,0.0,1.0,1.0
42.0,Male,66.0,1.6,25.78,16.4,196.0,159.0,52.0,1.93,1042.0,4.0,2.0,3.5,Strength,Strength,1.0,1.0,1.0,0.0,1.0,0.0,1.0
32.6,Male,60.1,1.7,20.81,14.6,171.5,91.7,64.9,1.0,175.1,4.6,2.0,1.7,General Fitness,Yoga,0.0,0.0,0.0,0.0,0.0,1.0,1.0
26.9,Male,72.0,1.75,23.54,17.5,177.6,140.4,55.8,1.69,1360.1,5.8,2.0,3.0,Endurance,Cardio,0.0,0.0,0.0,0.0,0.0,1.0,0.0
40.1,Male,71.4,1.77,22.89,22.2,184.9,145.0,68.0,1.11,474.8,2.4,2.0,3.18,Muscle Gain,Strength,1.0,1.0,1.0,1.0,1.0,0.0,1.0
22.4,Male,94.4,1.74,31.3,22.4,203.7,102.5,57.1,1.15,598.2,4.7,2.0,1.7,Muscle Gain,Powerlifting,1.0,1.0,1.0,0.0,1.0,0.0,1.0
56.6,Female,83.1,1.65,30.53,30.2,155.9,101.4,69.3,1.69,691.7,4.1,3.0,1.6,Muscle Gain,Powerlifting,1.0,1.0,1.0,0.0,0.0,0.0,0.0
18.0,Female,67.9,1.81,20.73,33.8,194.0,137.0,73.0,1.19,1405.0,2.0,1.0,3.2,Weight Loss,Cardio,0.0,0.0,0.0,0.0,0.0,1.0,1.0
40.3,Male,57.2,1.63,21.58,12.9,182.5,129.4,61.8,1.44,594.5,4.4,3.0,2.9,Athletic Performance,Functional,0.0,0.0,1.0,1.0,1.0,1.0,1.0
35.1,Female,80.9,1.75,26.5,27.7,171.8,140.8,55.0,0.95,605.9,3.4,1.0,3.1,Strength,Strength,0.0,1.0,1.0,0.0,0.0,1.0,0.0
22.0,Male,68.0,1.71,23.18,18.1,197.3,116.9,66.4,1.28,260.3,3.3,1.0,3.0,Flexibility,Yoga,1.0,0.0,0.0,0.0,1.0,1.0,1.0
29.7,Male,64.0,1.74,21.22,20.4,193.3,108.9,67.9,0.72,118.5,4.9,2.0,1.9,Flexibility,Yoga,0.0,0.0,0.0,1.0,1.0,0.0,1.0
25.9,Female,60.6,1.67,21.82,20.0,193.3,126.5,68.0,0.89,387.5,3.8,1.0,3.2,Muscle Gain,Functional,1.0,1.0,1.0,1.0,1.0,1.0,1.0
34.0,Female,98.5,1.69,34.47,30.9,192.2,163.2,61.5,1.4,1001.2,2.3,1.0,3.7,General Fitness,Cardio,0.0,1.0,1.0,1.0,1.0,0.0,1.0
23.5,Female,84.3,1.76,27.16,24.9,208.1,124.3,55.3,1.53,594.3,4.7,3.0,2.4,Strength,Powerlifting,1.0,1.0,1.0,0.0,1.0,0.0,0.0
21.6,Male,94.9,1.86,27.54,14.7,187.4,151.7,64.9,0.64,801.6,3.8,3.0,2.6,Weight Loss,Cardio,0.0,0.0,0.0,0.0,0.0,0.0,1.0
44.1,Male,54.9,1.88,15.61,17.7,177.3,131.8,64.5,0.9,329.7,5.1,3.0,3.29,Strength,Strength,1.0,1.0,1.0,1.0,0.0,0.0,1.0
47.0,Male,66.5,1.79,20.75,24.0,193.0,155.0,51.0,0.69,1656.0,5.0,1.0,2.8,Muscle Gain,Strength,1.0,1.0,0.0,1.0,1.0,0.0,0.0
28.7,Male,88.2,1.82,26.52,17.6,207.8,135.5,58.2,1.56,1001.2,4.1,2.0,3.2,General Fitness,Strength,1.0,1.0,0.0,0.0,0.0,0.0,1.0
54.0,Male,69.8,1.75,22.79,32.0,170.0,131.0,72.0,1.29,954.0,2.0,1.0,3.2,General Fitness,Strength,1.0,1.0,1.0,0.0,0.0,0.0,1.0
26.0,Female,64.7,1.75,21.13,23.5,172.0,157.0,52.0,1.35,1193.0,3.0,2.0,1.6,Muscle Gain,Strength,1.0,0.0,0.0,0.0,0.0,0.0,1.0
38.6,Male,68.7,1.78,21.66,21.1,198.4,143.3,45.0,1.59,965.5,3.2,3.0,2.8,Strength,Strength,1.0,0.0,1.0,1.0,1.0,0.0,0.0
18.0,Male,71.3,1.78,22.5,20.6,167.0,129.0,72.0,0.86,1238.0,4.0,3.0,1.5,Muscle Gain,Strength,1.0,1.0,1.0,1.0,0.0,0.0,1.0
43.3,Female,66.8,1.75,21.91,16.7,180.6,175.6,45.5,0.85,806.3,4.0,3.0,3.3,General Fitness,HIIT,1.0,0.0,1.0,1.0,0.0,0.0,1.0
37.6,Male,76.0,1.77,24.33,15.5,185.0,100.1,63.6,1.3,248.2,4.6,1.0,2.4,Flexibility,Yoga,0.0,0.0,0.0,0.0,1.0,1.0,1.0
69.4,Male,73.4,1.81,22.44,14.0,146.4,117.9,67.9,1.43,695.3,3.0,2.0,2.3,Strength,Strength,1.0,1.0,0.0,1.0,0.0,1.0,0.0
30.4,Male,45.0,1.92,12.27,23.0,187.0,156.8,72.3,1.13,323.2,2.1,1.0,3.25,General Fitness,Strength,0.0,1.0,1.0,1.0,0.0,0.0,0.0
58.0,Female,59.0,1.78,18.62,28.9,166.0,144.0,74.0,1.47,1152.0,5.0,2.0,3.4,Strength,Strength,1.0,1.0,1.0,1.0,0.0,1.0,0.0
38.7,Male,82.7,1.76,26.66,12.6,181.7,149.4,68.0,0.99,923.1,3.9,2.0,3.3,General Fitness,Functional,1.0,0.0,0.0,1.0,1.0,1.0,1.0
35.7,Male,69.8,1.73,23.42,19.2,166.4,138.6,61.5,1.62,939.5,3.1,1.0,3.2,Strength,Strength,1.0,1.0,1.0,0.0,0.0,0.0,1.0
25.7,Male,83.5,1.75,27.11,,195.0,115.3,61.9,0.79,284.6,3.2,1.0,2.4,Muscle Gain,Strength,0.0,0.0,1.0,1.0,0.0,1.0,1.0
48.0,Female,112.6,1.69,39.42,22.6,160.0,162.0,63.0,0.89,1482.0,4.0,2.0,2.5,General Fitness,Cardio,0.0,0.0,1.0,1.0,0.0,0.0,1.0
26.0,Female,54.2,1.45,25.71,19.5,190.9,158.5,57.4,1.45,1216.9,5.6,1.0,3.3,Weight Loss,Cardio,0.0,0.0,0.0,0.0,0.0,0.0,1.0
68.0,Female,47.6,1.56,19.67,22.3,158.4,153.4,59.0,1.18,459.9,4.5,3.0,3.1,General Fitness,Cardio,1.0,0.0,0.0,0.0,0.0,1.0,1.0
29.9,Female,67.7,1.75,21.98,26.4,183.0,136.4,59.8,1.41,570.8,4.6,2.0,3.17,Muscle Gain,Strength,1.0,1.0,1.0,0.0,1.0,1.0,0.0
25.4,Male,82.3,1.79,25.66,13.6,201.5,188.5,66.7,0.88,768.9,3.3,3.0,4.1,Weight Loss,HIIT,0.0,0.0,0.0,1.0,0.0,0.0,1.0
18.1,Female,63.1,1.56,25.93,21.9,189.5,110.2,61.5,0.62,113.1,5.1,3.0,2.5,Stress Relief,Yoga,0.0,0.0,0.0,0.0,1.0,1.0,1.0
37.8,Male,72.4,1.71,24.85,13.1,174.1,156.9,52.8,0.67,550.2,2.7,2.0,3.6,Weight Loss,HIIT,1.0,0.0,0.0,1.0,1.0,0.0,1.0
34.2,Male,45.4,1.68,16.11,19.0,179.0,142.2,72.8,1.49,452.5,3.4,1.0,2.49,Muscle Gain,Strength,1.0,1.0,1.0,1.0,0.0,0.0,1.0
67.1,Female,55.8,1.6,21.82,21.6,145.4,125.0,68.3,1.64,437.8,3.8,1.0,2.9,Strength,Strength,1.0,1.0,1.0,0.0,1.0,0.0,0.0
54.0,Male,128.7,1.91,35.28,22.9,192.0,125.0,58.0,1.97,1049.0,4.0,2.0,2.7,Weight Loss,Cardio,0.0,0.0,0.0,0.0,0.0,0.0,1.0
41.8,Male,110.7,1.9,30.72,21.1,168.8,112.7,63.0,2.18,1667.0,4.0,3.0,3.3,Muscle Gain,Powerlifting,0.0,1.0,0.0,1.0,0.0,0.0,0.0
34.0,Female,57.6,1.7,19.93,14.7,167.0,141.0,68.0,0.88,710.0,3.0,2.0,1.5,Endurance,Cardio,0.0,0.0,0.0,1.0,1.0,0.0,0.0
28.2,Male,66.8,1.83,19.89,13.4,187.1,94.4,70.8,0.87,131.9,2.0,2.0,1.6,General Fitness,Yoga,0.0,0.0,0.0,0.0,1.0,0.0,1.0
33.0,Female,79.0,1.68,27.99,31.1,195.0,158.0,61.0,2.0,1410.0,5.0,2.0,2.5,Strength,Strength,1.0,1.0,1.0,0.0,0.0,0.0,1.0
21.3,Male,68.1,1.74,22.57,8.4,198.9,148.8,62.1,0.67,421.9,5.7,2.0,3.5,Weight Loss,Cardio,0.0,0.0,0.0,0.0,0.0,0.0,1.0
37.2,Female,67.5,1.56,27.69,19.3,184.1,139.8,64.5,0.81,537.0,4.5,1.0,2.7,Muscle Gain,Strength,1.0,1.0,1.0,0.0,1.0,0.0,0.0
36.0,Female,77.6,1.6,30.31,25.6,183.0,165.0,72.0,0.66,1208.0,3.0,1.0,1.7,General Fitness,Cardio,1.0,0.0,1.0,0.0,0.0,0.0,1.0
21.2,Female,65.6,1.77,21.05,21.8,192.9,151.4,75.3,1.39,582.5,3.0,1.0,3.1,Muscle Gain,Strength,1.0,1.0,1.0,1.0,0.0,0.0,1.0
26.2,Female,59.7,1.55,24.85,17.1,201.6,170.1,52.4,1.79,1077.0,5.2,1.0,4.5,Endurance,Cardio,1.0,0.0,0.0,0.0,0.0,0.0,1.0
23.0,Male,97.4,1.75,31.64,17.2,196.8,107.1,72.0,2.38,891.5,3.0,3.0,3.2,Muscle Gain,Powerlifting,1.0,1.0,1.0,1.0,0.0,0.0,0.0
54.4,Male,42.9,1.55,17.84,12.5,165.7,94.1,61.5,0.54,62.8,3.5,2.0,2.2,Stress Relief,Yoga,0.0,0.0,0.0,0.0,1.0,0.0,1.0
37.1,Male,64.4,1.76,20.87,11.4,173.9,148.3,46.9,1.01,721.1,5.3,2.0,2.9,Weight Loss,Cardio,0.0,0.0,0.0,1.0,0.0,0.0,1.0
45.0,Female,47.9,1.71,16.38,23.5,194.0,169.0,70.0,0.78,772.0,3.0,2.0,2.8,Weight Loss,HIIT,0.0,0.0,0.0,0.0,0.0,1.0,1.0
51.0,Male,65.1,1.85,19.02,22.2,185.0,130.0,60.0,2.0,717.0,2.0,2.0,1.9,Endurance,Cardio,0.0,0.0,0.0,1.0,0.0,0.0,1.0
38.8,Male,71.3,1.76,23.1,17.8,174.0,141.4,57.4,1.6,739.7,3.9,3.0,2.74,Muscle Gain,Strength,1.0,1.0,1.0,0.0,0.0,0.0,0.0
22.2,Male,83.8,1.77,26.64,11.8,200.0,160.0,65.6,1.74,2000.0,3.1,2.0,4.3,General Fitness,Cardio,0.0,0.0,0.0,0.0,1.0,0.0,1.0
54.0,Male,58.5,1.96,15.23,13.1,185.0,133.0,60.0,2.0,1131.0,3.0,1.0,2.5,General Fitness,Strength,0.0,1.0,1.0,1.0,0.0,0.0,0.0
55.9,Female,50.9,1.58,20.29,20.0,172.8,149.2,46.2,1.12,411.4,3.7,3.0,2.8,Endurance,Cardio,0.0,0.0,0.0,0.0,1.0,0.0,1.0
19.2,Female,78.6,1.63,29.69,25.3,202.8,141.7,63.4,1.81,1332.8,3.6,2.0,3.3,Muscle Gain,Strength,1.0,1.0,1.0,0.0,0.0,0.0,1.0
48.0,Female,61.8,1.71,21.13,28.6,172.0,140.0,62.0,1.37,1266.0,4.0,1.0,3.6,Weight Loss,Cardio,1.0,1.0,1.0,0.0,0.0,0.0,1.0
21.5,Female,51.8,1.52,22.44,17.5,210.0,140.6,48.1,1.12,621.0,5.5,3.0,3.2,Endurance,Cardio,0.0,0.0,0.0,1.0,0.0,0.0,1.0
28.1,Female,61.3,1.7,21.33,22.5,177.8,100.3,67.2,0.61,90.2,4.7,2.0,2.4,Stress Relief,Yoga,0.0,0.0,0.0,1.0,1.0,0.0,1.0
52.5,Male,60.8,1.75,19.86,16.3,167.9,150.2,51.6,0.57,387.2,3.2,2.0,2.3,General Fitness,HIIT,1.0,1.0,1.0,0.0,0.0,0.0,1.0
47.2,Male,88.0,1.76,28.53,20.9,176.8,137.8,74.4,0.87,509.4,3.5,3.0,2.7,Muscle Gain,Strength,1.0,1.0,0.0,0.0,0.0,0.0,1.0
20.0,Male,87.1,1.91,23.88,27.0,186.0,150.0,51.0,1.39,1431.0,3.0,3.0,2.8,Muscle Gain,Strength,1.0,1.0,0.0,0.0,0.0,0.0,0.0
25.1,Male,65.6,1.58,26.39,10.8,186.2,140.2,61.6,0.71,338.2,4.0,1.0,2.7,Endurance,Cardio,0.0,0.0,1.0,0.0,0.0,0.0,1.0
45.4,Male,68.3,1.61,26.48,12.1,165.3,160.3,56.9,0.81,675.6,3.8,1.0,3.3,Weight Loss,Cardio,0.0,0.0,1.0,0.0,0.0,0.0,1.0
52.3,Female,66.8,1.64,24.89,,166.3,150.9,64.4,1.21,764.9,4.8,2.0,3.7,Athletic Performance,Functional,0.0,1.0,0.0,0.0,1.0,1.0,1.0
43.8,Male,63.0,1.65,23.16,16.7,179.2,123.8,55.9,0.81,406.7,3.2,2.0,1.6,Strength,Strength,1.0,1.0,1.0,0.0,1.0,0.0,1.0
49.0,Female,102.4,1.65,37.61,34.8,185.0,148.0,68.0,1.27,980.0,5.0,2.0,2.0,Endurance,Cardio,0.0,1.0,0.0,0.0,0.0,0.0,1.0
32.1,Female,58.8,1.51,25.78,18.8,188.4,175.6,52.8,0.84,473.9,2.8,2.0,3.1,Endurance,HIIT,1.0,0.0,1.0,0.0,1.0,0.0,1.0
28.2,Male,83.3,1.76,26.88,13.9,198.2,106.9,63.0,0.76,223.1,2.8,3.0,1.5,Flexibility,Yoga,0.0,0.0,0.0,1.0,0.0,1.0,1.0
64.8,Female,45.5,1.54,19.22,23.0,158.4,119.0,58.1,0.83,75.1,4.7,2.0,2.7,Flexibility,Yoga,0.0,0.0,0.0,0.0,1.0,0.0,1.0
21.3,Female,71.9,1.65,26.31,21.3,194.4,123.5,63.8,1.82,718.6,4.9,3.0,2.7,Muscle Gain,Strength,1.0,1.0,1.0,1.0,0.0,0.0,1.0
41.2,Male,87.3,1.83,26.15,17.8,187.0,138.0,73.6,0.94,443.7,4.5,1.0,2.9,General Fitness,Strength,1.0,0.0,1.0,1.0,0.0,0.0,0.0
44.0,Male,82.9,1.73,27.58,21.3,181.1,122.9,63.2,1.06,674.1,3.3,3.0,2.3,Strength,Powerlifting,1.0,1.0,1.0,1.0,0.0,0.0,0.0
30.5,Female,55.8,1.62,21.36,15.5,184.1,167.2,49.3,0.63,644.0,4.2,2.0,2.4,Endurance,HIIT,1.0,0.0,0.0,0.0,1.0,1.0,1.0
57.4,Male,63.2,1.77,20.12,13.0,152.0,147.0,59.7,0.88,785.1,3.0,2.0,3.4,Weight Loss,HIIT,0.0,1.0,0.0,1.0,1.0,1.0,1.0
36.4,Male,81.2,1.78,25.59,10.4,169.9,101.2,67.7,1.28,252.5,3.2,1.0,1.8,Flexibility,Yoga,0.0,0.0,1.0,0.0,1.0,0.0,1.0
42.2,Female,92.6,1.9,25.71,26.0,176.5,139.6,75.4,0.97,549.6,3.1,1.0,2.77,General Fitness,Strength,1.0,1.0,1.0,1.0,0.0,1.0,0.0
53.9,Male,80.2,1.87,22.92,13.1,170.3,165.3,67.2,0.54,374.4,4.9,3.0,2.9,General Fitness,HIIT,1.0,1.0,0.0,1.0,1.0,0.0,1.0
29.0,Male,62.0,1.74,20.48,22.5,181.0,158.0,53.0,1.15,549.0,3.0,2.0,2.2,Strength,Strength,1.0,0.0,1.0,0.0,0.0,1.0,1.0
33.9,Female,54.4,1.58,21.73,25.3,193.5,117.0,59.8,1.19,236.1,6.0,3.0,2.9,Flexibility,Yoga,0.0,0.0,0.0,0.0,1.0,1.0,1.0
35.1,Female,70.9,1.61,27.47,25.7,181.2,135.1,74.1,0.83,654.6,3.7,1.0,2.4,Muscle Gain,Functional,0.0,0.0,0.0,0.0,1.0,0.0,0.0
39.3,Male,68.6,1.69,23.95,14.7,180.4,143.0,61.8,1.3,621.1,3.9,3.0,3.2,Muscle Gain,Strength,0.0,1.0,0.0,0.0,0.0,0.0,1.0
28.9,Male,65.7,1.75,21.53,19.7,193.6,109.2,68.2,0.69,87.0,5.8,3.0,2.2,General Fitness,Yoga,0.0,0.0,0.0,0.0,0.0,0.0,1.0
23.0,Male,48.9,1.7,16.92,32.5,168.0,156.0,65.0,1.4,1776.0,3.0,2.0,2.1,Strength,Strength,1.0,1.0,1.0,1.0,0.0,0.0,0.0
19.0,Female,76.4,1.79,23.84,33.3,189.0,132.0,57.0,1.41,1414.0,3.0,2.0,3.5,Weight Loss,HIIT,0.0,0.0,0.0,1.0,1.0,0.0,1.0
54.4,Female,59.8,1.57,24.31,21.6,173.1,114.4,68.9,1.5,662.0,4.6,2.0,3.1,General Fitness,Strength,1.0,1.0,1.0,0.0,0.0,0.0,1.0
42.0,Male,43.5,1.56,17.87,25.3,192.0,159.0,57.0,1.96,555.0,3.0,2.0,3.6,General Fitness,Strength,1.0,0.0,0.0,0.0,0.0,0.0,0.0
36.9,Female,54.6,1.49,24.7,28.9,174.1,103.1,67.3,2.43,677.7,3.9,3.0,2.5,Muscle Gain,Powerlifting,0.0,1.0,1.0,1.0,0.0,0.0,1.0
59.6,Female,65.0,1.6,25.38,23.0,157.9,114.6,70.8,1.25,227.5,5.8,1.0,2.2,Flexibility,Yoga,0.0,0.0,0.0,0.0,1.0,1.0,1.0
27.5,Male,92.0,1.83,27.46,19.2,189.6,135.4,71.9,1.18,872.6,4.4,3.0,,Muscle Gain,Strength,1.0,0.0,1.0,0.0,0.0,1.0,0.0
39.4,Female,56.7,1.51,24.84,,188.7,120.7,60.0,1.42,663.1,4.2,1.0,2.7,General Fitness,Strength,1.0,1.0,1.0,1.0,0.0,0.0,1.0
20.0,Male,115.4,1.73,38.56,30.7,187.0,154.0,63.0,1.12,878.0,3.0,1.0,3.5,Strength,Strength,1.0,1.0,1.0,0.0,1.0,1.0,1.0
26.1,Male,76.2,1.69,26.76,18.6,197.8,139.1,63.6,1.05,923.5,5.0,1.0,2.6,Athletic Performance,Functional,1.0,0.0,1.0,1.0,1.0,1.0,1.0
25.2,Male,67.6,1.63,25.4,15.2,193.0,121.1,63.2,1.87,786.9,4.6,3.0,2.8,General Fitness,Strength,1.0,1.0,1.0,0.0,1.0,1.0,1.0
25.5,Male,63.9,1.7,22.14,17.0,191.7,111.4,60.6,1.43,162.8,4.4,2.0,2.5,Stress Relief,Yoga,0.0,0.0,0.0,0.0,1.0,1.0,1.0
32.8,Female,62.7,1.64,23.33,18.7,178.7,131.0,75.5,0.87,336.8,3.0,1.0,3.2,Strength,Strength,0.0,1.0,1.0,0.0,0.0,0.0,1.0
66.1,Male,88.8,1.82,26.7,12.7,157.9,107.0,66.7,0.8,228.0,4.3,2.0,1.9,Flexibility,Yoga,0.0,0.0,0.0,0.0,0.0,0.0,1.0
22.3,Male,60.8,1.79,18.92,23.2,193.3,160.9,70.7,1.5,756.2,2.8,1.0,3.69,General Fitness,Cardio,1.0,0.0,0.0,1.0,0.0,0.0,1.0
23.3,Female,72.0,1.82,21.74,20.3,197.7,126.8,68.9,1.7,1041.6,3.9,2.0,3.1,Muscle Gain,Strength,1.0,1.0,1.0,0.0,0.0,1.0,1.0
56.0,Male,83.8,1.81,25.6,12.2,161.8,144.4,68.0,1.02,628.2,4.1,3.0,3.2,General Fitness,Strength,1.0,1.0,1.0,0.0,0.0,0.0,1.0
44.0,Female,75.2,1.9,20.83,18.0,185.0,131.0,65.0,0.94,1303.0,3.0,2.0,3.4,Weight Loss,Cardio,0.0,0.0,0.0,0.0,0.0,1.0,0.0
30.0,Male,62.2,1.69,21.78,30.3,164.0,134.0,67.0,1.24,1783.0,3.0,2.0,3.2,General Fitness,Cardio,0.0,0.0,0.0,0.0,0.0,0.0,1.0
52.1,Female,49.3,1.51,21.52,19.1,168.2,144.3,45.3,1.67,903.0,3.4,3.0,4.3,Weight Loss,Cardio,0.0,0.0,0.0,0.0,0.0,0.0,1.0
26.7,Male,73.0,1.71,25.01,18.4,196.9,139.6,71.3,0.78,607.0,4.2,2.0,2.9,Muscle Gain,Functional,1.0,1.0,0.0,1.0,1.0,0.0,0.0
36.7,Female,54.4,1.53,23.09,20.8,185.1,124.8,54.5,1.59,604.3,5.0,1.0,2.9,Muscle Gain,Strength,1.0,1.0,1.0,1.0,0.0,0.0,0.0
38.9,Male,71.9,1.69,25.26,13.6,182.8,146.1,55.3,0.6,447.5,5.6,1.0,2.6,Endurance,Cardio,1.0,0.0,0.0,0.0,0.0,1.0,1.0
27.3,Male,70.7,1.77,22.68,17.5,204.9,170.3,62.8,0.84,663.3,4.0,1.0,3.3,General Fitness,Cardio,0.0,0.0,0.0,0.0,0.0,0.0,1.0
21.1,Female,72.9,1.68,25.76,22.2,203.1,157.5,65.2,0.82,456.1,3.4,3.0,3.1,General Fitness,Functional,1.0,1.0,1.0,1.0,1.0,0.0,1.0
27.9,Female,81.5,1.72,27.58,18.7,188.4,148.1,62.8,1.33,1234.7,3.0,2.0,2.3,Athletic Performance,Functional,0.0,0.0,0.0,0.0,0.0,1.0,1.0
22.3,Female,47.7,1.57,19.44,25.8,207.7,138.5,68.7,1.05,316.9,4.9,2.0,3.2,Athletic Performance,Functional,1.0,0.0,0.0,0.0,0.0,1.0,1.0
40.0,Female,44.2,1.7,15.29,23.7,161.0,160.0,64.0,1.71,979.0,3.0,2.0,3.4,Strength,Strength,1.0,1.0,1.0,0.0,0.0,0.0,1.0
20.0,Female,72.9,1.63,27.44,27.1,164.0,156.0,51.0,1.11,582.0,3.0,2.0,3.2,Muscle Gain,Strength,1.0,0.0,1.0,0.0,1.0,1.0,0.0
29.0,Female,61.5,1.88,17.4,24.2,182.0,152.0,72.0,1.62,793.0,4.0,3.0,3.3,Weight Loss,HIIT,1.0,1.0,0.0,1.0,0.0,0.0,1.0
32.0,Female,57.2,1.63,21.49,19.9,196.4,171.0,70.7,0.6,377.0,2.9,3.0,3.2,Endurance,HIIT,1.0,0.0,1.0,0.0,1.0,0.0,1.0
43.5,Male,78.3,1.76,25.37,11.3,177.8,144.0,57.0,1.05,748.2,3.5,1.0,2.8,General Fitness,Cardio,0.0,1.0,0.0,0.0,0.0,0.0,1.0
27.4,Male,70.8,1.72,23.98,14.3,188.1,152.0,71.7,0.68,384.2,4.9,2.0,3.3,General Fitness,Functional,1.0,1.0,1.0,1.0,1.0,1.0,1.0
48.3,Male,45.0,1.56,18.45,20.9,169.8,152.0,72.9,1.16,388.1,2.8,1.0,3.48,Weight Loss,Cardio,0.0,0.0,0.0,0.0,0.0,0.0,1.0
31.0,Female,66.4,1.76,21.44,24.7,175.0,140.0,69.0,1.55,640.0,4.0,2.0,3.5,Muscle Gain,Strength,1.0,0.0,1.0,0.0,1.0,0.0,0.0
23.0,Female,58.2,1.85,17.01,25.7,196.0,130.0,57.0,1.36,582.0,4.0,1.0,1.5,Weight Loss,HIIT,0.0,0.0,0.0,0.0,0.0,0.0,0.0
48.0,Male,51.6,1.8,15.93,22.5,181.0,161.0,68.0,0.82,1487.0,4.0,2.0,1.9,Endurance,Cardio,1.0,0.0,0.0,0.0,1.0,0.0,1.0
28.6,Female,77.2,1.68,27.3,23.1,203.2,142.5,65.0,1.44,811.3,4.0,3.0,3.4,Athletic Performance,Functional,0.0,0.0,1.0,1.0,1.0,0.0,1.0
24.7,Male,76.9,1.68,27.29,18.6,203.3,178.3,51.5,1.77,1533.4,5.8,1.0,4.0,Weight Loss,Cardio,0.0,0.0,0.0,0.0,0.0,1.0,1.0
44.6,Male,71.8,1.81,21.89,21.8,178.8,112.3,57.2,1.87,865.1,4.6,3.0,2.8,Muscle Gain,Strength,1.0,1.0,1.0,1.0,0.0,0.0,1.0
39.0,Male,76.2,1.77,24.32,28.7,164.0,169.0,74.0,2.0,1196.0,2.0,1.0,3.3,Endurance,HIIT,0.0,0.0,1.0,1.0,0.0,1.0,1.0
24.0,Male,63.6,1.74,21.01,,199.0,135.0,61.0,1.31,486.0,2.0,3.0,2.2,Endurance,HIIT,0.0,0.0,0.0,1.0,1.0,0.0,0.0
59.0,Female,85.7,1.6,33.48,33.4,182.0,140.0,72.0,2.0,1243.0,4.0,3.0,1.5,Muscle Gain,Strength,1.0,1.0,1.0,1.0,1.0,0.0,1.0
39.7,Male,69.1,1.66,25.17,21.2,184.0,137.8,72.3,0.96,536.7,4.8,3.0,4.4,Athletic Performance,Functional,1.0,0.0,0.0,1.0,1.0,1.0,0.0
27.2,Female,50.3,1.62,19.15,21.7,201.8,156.4,65.9,1.29,533.1,4.1,1.0,4.0,General Fitness,Functional,1.0,0.0,0.0,1.0,0.0,1.0,1.0
29.6,Male,86.8,1.81,26.4,12.1,195.4,163.2,68.2,0.82,969.9,4.2,1.0,3.2,Endurance,Cardio,1.0,0.0,1.0,1.0,0.0,0.0,1.0
53.0,Female,66.8,1.71,22.83,24.4,174.8,148.3,45.0,0.65,419.9,5.7,3.0,3.1,Endurance,Cardio,0.0,0.0,0.0,0.0,1.0,1.0,1.0
26.7,Female,53.2,1.59,21.08,16.4,196.6,146.5,57.9,1.42,475.5,5.1,3.0,3.75,Strength,Strength,1.0,1.0,1.0,1.0,1.0,0.0,1.0
37.3,Male,77.9,1.75,25.46,16.0,183.1,138.9,69.9,1.27,755.1,3.3,1.0,2.7,Muscle Gain,Functional,1.0,1.0,1.0,1.0,0.0,0.0,1.0
24.2,Female,76.9,1.67,27.61,22.1,189.4,119.9,64.6,0.76,395.3,3.7,2.0,2.4,Muscle Gain,Strength,1.0,1.0,1.0,1.0,1.0,0.0,1.0
49.0,Female,80.0,2.0,20.0,15.7,162.0,151.0,74.0,1.07,820.9,3.0,2.0,3.6,Muscle Gain,Strength,1.0,1.0,0.0,1.0,1.0,1.0,0.0
48.8,Female,53.2,1.71,18.17,16.6,184.3,105.8,74.7,1.41,242.1,5.5,3.0,2.1,Stress Relief,Yoga,0.0,0.0,0.0,0.0,0.0,1.0,1.0
36.6,Male,72.4,1.69,25.46,27.8,190.0,136.5,58.9,1.06,476.1,1.7,1.0,2.92,Strength,Strength,1.0,1.0,1.0,0.0,0.0,0.0,0.0
48.0,Male,55.5,1.5,24.67,27.3,183.0,133.0,51.0,0.73,830.0,3.0,3.0,2.2,Weight Loss,Cardio,0.0,0.0,0.0,0.0,0.0,0.0,1.0
33.0,Female,40.0,1.79,12.48,23.7,194.0,162.0,60.0,1.39,1012.0,4.0,2.0,2.8,Endurance,Cardio,0.0,0.0,0.0,0.0,0.0,0.0,1.0
19.9,Female,88.5,1.67,31.77,36.1,198.0,163.5,78.2,1.59,1088.3,2.2,1.0,3.92,General Fitness,Cardio,0.0,0.0,0.0,1.0,0.0,0.0,1.0
37.4,Female,61.8,1.68,21.95,22.6,172.1,100.9,65.5,1.05,141.2,4.6,1.0,2.0,Flexibility,Yoga,0.0,1.0,0.0,0.0,1.0,0.0,1.0
51.1,Male,87.9,1.83,26.25,17.8,192.0,137.6,62.5,0.83,725.8,3.2,3.0,2.6,Athletic Performance,Functional,0.0,0.0,1.0,1.0,0.0,1.0,1.0
18.0,Male,46.9,1.84,13.85,21.8,185.0,147.0,65.0,1.29,1040.0,3.0,1.0,1.7,Endurance,HIIT,1.0,1.0,0.0,1.0,1.0,0.0,0.0
49.4,Male,77.0,1.77,24.48,16.4,164.8,119.1,49.3,1.59,930.8,3.1,1.0,2.9,Muscle Gain,Strength,1.0,1.0,1.0,0.0,1.0,1.0,0.0
24.6,Male,87.0,1.8,26.95,13.0,192.1,176.6,46.1,1.74,2000.0,3.3,3.0,4.2,General Fitness,Cardio,0.0,0.0,1.0,1.0,0.0,0.0,1.0
36.9,Female,77.3,1.56,31.88,28.1,185.0,114.0,64.9,1.19,523.3,4.3,3.0,3.3,Muscle Gain,Powerlifting,1.0,1.0,0.0,0.0,0.0,0.0,1.0
66.7,Male,98.0,1.84,29.03,19.0,178.1,141.6,60.4,1.22,1161.5,3.7,2.0,2.4,Strength,Strength,1.0,1.0,1.0,0.0,0.0,0.0,1.0
19.4,Male,80.1,1.71,27.47,9.5,210.0,147.1,60.8,1.2,1303.1,4.9,1.0,3.2,Weight Loss,Cardio,1.0,0.0,1.0,0.0,0.0,0.0,1.0
41.1,Female,80.9,1.71,27.53,26.5,182.0,173.0,65.7,0.81,692.7,2.8,2.0,2.54,Endurance,HIIT,1.0,1.0,0.0,0.0,1.0,0.0,1.0
18.7,Male,71.9,1.67,25.82,14.0,203.6,129.3,62.1,1.88,965.5,3.2,2.0,2.5,General Fitness,Strength,1.0,1.0,1.0,0.0,0.0,0.0,1.0
25.0,Female,72.6,1.7,25.12,22.0,161.0,168.0,51.0,1.28,1262.0,4.0,2.0,3.1,Strength,Strength,0.0,1.0,1.0,0.0,0.0,0.0,1.0
57.7,Male,98.7,1.88,27.86,12.6,164.8,154.3,58.7,0.49,725.4,4.7,2.0,3.2,Weight Loss,HIIT,0.0,0.0,1.0,0.0,1.0,0.0,1.0
21.2,Male,53.5,1.6,20.77,12.6,196.4,115.7,70.0,0.6,129.1,2.5,2.0,1.5,Flexibility,Yoga,0.0,0.0,0.0,0.0,0.0,0.0,1.0
48.9,Female,71.8,1.69,25.15,19.9,176.9,128.0,63.2,1.41,874.1,3.3,1.0,3.1,Athletic Performance,Functional,1.0,0.0,1.0,1.0,1.0,1.0,0.0
51.2,Female,47.5,1.53,20.18,20.0,159.2,154.2,49.8,0.68,537.8,4.7,3.0,2.4,Weight Loss,HIIT,0.0,0.0,0.0,1.0,1.0,1.0,1.0
22.6,Male,71.2,1.69,24.97,17.9,196.5,129.2,65.3,0.95,534.3,3.2,3.0,3.1,Strength,Strength,1.0,1.0,1.0,1.0,1.0,1.0,1.0
22.3,Female,78.4,1.63,29.42,,200.3,109.4,62.8,1.9,991.5,3.0,3.0,3.1,Muscle Gain,Powerlifting,0.0,0.0,0.0,0.0,0.0,0.0,0.0
19.6,Female,67.0,1.64,25.01,17.3,193.5,153.4,52.5,1.69,1118.1,4.1,1.0,3.6,Weight Loss,Cardio,0.0,0.0,0.0,0.0,0.0,0.0,1.0
23.6,Female,81.7,1.68,29.03,19.2,178.8,135.6,58.8,1.17,882.1,4.0,2.0,3.1,Muscle Gain,Strength,1.0,1.0,0.0,0.0,0.0,0.0,1.0
35.1,Female,98.8,1.75,32.28,31.6,194.2,148.6,61.0,0.49,296.6,2.4,2.0,2.93,Muscle Gain,Strength,0.0,1.0,1.0,0.0,0.0,0.0,1.0
29.3,Female,72.2,1.7,24.87,28.9,174.7,113.7,62.4,1.73,461.5,4.2,2.0,2.7,Muscle Gain,Powerlifting,0.0,1.0,0.0,0.0,0.0,0.0,0.0
18.0,Male,59.0,1.78,18.62,18.9,173.0,169.0,51.0,1.07,904.0,2.0,3.0,3.2,Strength,Strength,1.0,1.0,1.0,0.0,1.0,0.0,1.0
32.9,Male,45.0,1.85,13.21,15.1,176.6,142.1,70.0,0.96,265.1,5.1,3.0,3.26,Muscle Gain,Strength,1.0,1.0,1.0,1.0,0.0,1.0,0.0
19.0,Female,76.6,1.84,22.63,28.3,188.0,138.0,71.0,1.72,699.0,4.0,1.0,3.5,Weight Loss,HIIT,1.0,0.0,1.0,0.0,1.0,0.0,0.0
25.8,Male,50.4,1.63,19.01,15.5,194.1,145.5,80.8,0.77,456.0,4.1,3.0,2.4,General Fitness,Functional,0.0,0.0,0.0,1.0,1.0,1.0,1.0
22.5,Female,60.3,1.66,22.01,15.1,199.7,104.3,74.2,1.0,188.4,3.1,1.0,2.0,General Fitness,Yoga,0.0,1.0,0.0,0.0,0.0,0.0,1.0
37.0,Male,108.5,1.97,27.96,27.2,192.0,120.0,74.0,2.0,1091.0,2.0,1.0,1.5,Weight Loss,Cardio,1.0,0.0,0.0,0.0,0.0,1.0,1.0
18.2,Male,67.1,1.8,20.79,15.3,195.5,166.9,61.7,1.38,1130.2,3.6,3.0,2.6,Endurance,Cardio,0.0,0.0,0.0,1.0,1.0,0.0,1.0
33.3,Male,62.4,1.74,20.51,12.0,183.7,164.8,63.6,0.99,554.8,5.3,3.0,2.6,General Fitness,Cardio,0.0,0.0,0.0,0.0,0.0,0.0,1.0
58.5,Female,92.5,1.68,32.62,33.0,169.6,112.4,70.8,1.94,975.7,4.3,2.0,2.4,Muscle Gain,Powerlifting,1.0,1.0,1.0,0.0,0.0,1.0,0.0
16.0,Female,82.2,1.73,27.55,29.1,202.5,162.1,79.5,1.23,593.0,2.6,1.0,3.21,Strength,Strength,1.0,1.0,0.0,1.0,0.0,1.0,1.0
26.7,Male,87.3,1.72,29.41,16.8,193.7,129.9,54.9,0.76,538.0,3.8,1.0,2.9,Strength,Strength,1.0,1.0,0.0,0.0,1.0,0.0,1.0
62.5,Male,60.5,1.71,20.63,12.3,154.5,125.4,59.9,1.3,665.1,4.6,3.0,2.5,Muscle Gain,Functional,0.0,0.0,0.0,1.0,1.0,1.0,0.0
51.0,Male,100.2,1.73,33.48,10.0,164.0,153.0,72.0,1.16,1499.0,4.0,1.0,1.7,Muscle Gain,Strength,1.0,1.0,1.0,0.0,1.0,0.0,0.0
28.8,Female,64.7,1.66,23.42,14.2,208.3,148.2,59.5,1.46,1295.8,5.7,1.0,3.2,General Fitness,Cardio,1.0,0.0,1.0,0.0,0.0,0.0,1.0
18.6,Male,62.4,1.73,20.8,11.9,208.8,161.9,64.2,0.64,386.4,2.0,2.0,2.6,Endurance,HIIT,1.0,0.0,0.0,1.0,0.0,1.0,1.0
19.9,Female,66.8,1.67,23.88,23.6,202.2,153.8,59.1,0.69,572.8,2.7,2.0,3.1,Weight Loss,HIIT,1.0,0.0,0.0,1.0,1.0,0.0,0.0
26.0,Female,86.0,1.69,29.94,22.6,188.8,122.4,76.7,1.67,578.5,4.0,2.0,3.1,Muscle Gain,Powerlifting,0.0,1.0,1.0,0.0,0.0,0.0,1.0
18.0,Female,84.0,1.71,28.73,28.3,194.0,148.0,52.0,0.92,621.0,3.0,3.0,3.4,General Fitness,Strength,1.0,1.0,1.0,0.0,0.0,0.0,1.0
20.4,Female,60.3,1.66,21.91,16.2,200.7,170.9,53.8,0.42,411.3,3.2,3.0,3.3,General Fitness,HIIT,1.0,1.0,0.0,1.0,0.0,0.0,1.0
44.7,Male,74.3,1.71,25.54,29.8,179.6,142.9,74.4,1.1,478.5,2.1,1.0,3.18,Strength,Strength,1.0,1.0,1.0,1.0,0.0,0.0,0.0
31.7,Male,81.2,1.79,25.29,16.3,165.5,133.8,65.2,1.95,965.9,3.9,1.0,3.4,Strength,Strength,0.0,1.0,0.0,0.0,0.0,0.0,0.0
16.0,Female,45.0,1.72,15.26,21.4,206.3,164.2,79.4,1.68,442.9,1.4,1.0,3.79,Strength,Strength,0.0,1.0,0.0,0.0,0.0,0.0,1.0
18.0,Female,56.9,1.77,18.16,20.7,183.0,131.0,57.0,1.28,1052.0,4.0,2.0,3.5,Endurance,Cardio,1.0,0.0,0.0,0.0,0.0,0.0,1.0
26.7,Female,56.2,1.64,20.84,18.4,183.8,158.3,60.8,0.86,383.6,3.2,2.0,3.0,Muscle Gain,Functional,0.0,1.0,0.0,0.0,1.0,1.0,1.0
32.3,Female,49.0,1.55,20.45,20.8,178.9,101.1,61.9,0.6,69.3,2.9,2.0,2.0,Flexibility,Yoga,0.0,0.0,0.0,0.0,0.0,0.0,1.0
20.2,Male,50.1,1.72,16.94,22.0,195.3,159.7,66.6,1.85,734.1,4.4,2.0,3.9,Endurance,Cardio,0.0,1.0,0.0,0.0,0.0,0.0,1.0
29.9,Female,59.5,1.64,22.13,22.0,185.6,110.6,65.8,0.9,250.9,3.9,3.0,1.8,Strength,Strength,1.0,1.0,1.0,0.0,0.0,0.0,0.0
16.0,Female,69.4,1.64,25.92,27.8,198.7,125.8,64.8,1.15,296.7,2.0,2.0,3.27,Stress Relief,Yoga,0.0,0.0,0.0,0.0,0.0,1.0,1.0
22.0,Female,99.5,1.79,31.05,27.6,186.0,122.0,56.0,1.45,1783.0,2.0,2.0,3.5,General Fitness,Cardio,0.0,0.0,0.0,1.0,0.0,1.0,1.0
40.7,Male,77.2,1.87,22.05,18.8,178.5,146.6,60.8,1.14,601.0,3.7,2.0,2.29,General Fitness,Functional,,,,,,,
16.0,Female,77.0,1.63,28.85,25.2,210.0,177.7,68.2,1.68,948.9,3.0,1.0,3.82,Weight Loss,Cardio,1.0,0.0,0.0,1.0,1.0,0.0,1.0
58.0,Female,57.4,1.62,21.87,15.0,196.0,154.0,61.0,1.59,1015.0,3.0,1.0,2.1,Strength,Strength,1.0,1.0,1.0,1.0,1.0,1.0,0.0
38.1,Female,54.2,1.45,25.8,32.9,165.4,127.6,60.7,2.25,957.7,3.8,2.0,2.9,Muscle Gain,Powerlifting,0.0,1.0,1.0,0.0,0.0,0.0,1.0
26.5,Male,79.7,1.76,25.63,17.1,193.9,121.6,62.5,1.28,854.2,4.3,3.0,2.4,Muscle Gain,Strength,1.0,1.0,1.0,0.0,0.0,0.0,1.0
55.0,Female,129.6,1.84,38.28,19.2,188.0,139.0,58.0,1.28,1272.0,3.0,1.0,3.5,Weight Loss,HIIT,1.0,0.0,0.0,1.0,0.0,0.0,1.0
41.0,Male,77.0,1.5,34.22,27.5,190.0,146.0,56.0,1.3,1067.0,4.0,2.0,3.3,Muscle Gain,Strength,1.0,0.0,1.0,0.0,1.0,0.0,1.0
22.3,Female,69.3,1.72,23.31,19.4,194.6,158.0,64.1,0.66,390.6,3.8,1.0,2.4,General Fitness,Functional,1.0,0.0,1.0,1.0,1.0,0.0,1.0
48.8,Male,61.4,1.77,19.64,23.8,173.7,141.4,74.6,0.91,360.2,2.9,2.0,2.56,Muscle Gain,Strength,,,,,,,
19.0,Male,62.9,1.73,21.09,11.2,195.8,143.5,45.8,1.07,662.8,4.7,1.0,3.3,Weight Loss,Cardio,0.0,0.0,0.0,0.0,0.0,0.0,1.0
18.3,Female,102.7,1.81,31.4,15.0,210.0,172.4,68.4,1.02,701.7,4.9,3.0,3.53,General Fitness,Functional,,,,,,,
20.3,Female,69.1,1.63,25.95,18.6,190.5,120.0,55.4,1.58,581.2,3.0,2.0,2.7,Muscle Gain,Strength,1.0,1.0,1.0,1.0,1.0,0.0,1.0
24.9,Female,68.1,1.62,26.01,24.2,188.1,142.1,52.3,0.99,516.3,3.6,1.0,3.1,Strength,Strength,1.0,1.0,0.0,0.0,0.0,0.0,1.0
21.2,Female,84.8,1.67,30.26,22.1,202.4,122.3,64.2,0.75,386.4,5.0,1.0,2.5,Muscle Gain,Strength,1.0,1.0,1.0,0.0,0.0,0.0,1.0
17.5,Female,63.0,1.81,19.26,18.3,198.1,127.2,63.9,1.03,240.3,4.5,3.0,3.39,Stress Relief,Yoga,0.0,0.0,0.0,0.0,0.0,1.0,1.0
19.8,Female,50.8,1.53,21.69,17.1,204.0,173.7,62.8,0.58,471.6,4.5,1.0,3.8,Weight Loss,Cardio,1.0,0.0,0.0,0.0,0.0,0.0,1.0
58.7,Male,68.5,1.81,20.83,9.9,165.7,146.0,45.0,1.23,1159.2,4.7,3.0,3.7,Weight Loss,Cardio,1.0,0.0,0.0,1.0,0.0,0.0,1.0
42.0,Male,75.0,1.79,23.42,22.2,168.4,134.8,61.0,1.41,711.5,3.7,2.0,2.42,Athletic Performance,Strength,,,,,,,
22.4,Female,71.0,1.76,23.02,,204.5,162.9,72.5,0.83,352.1,4.6,3.0,3.49,General Fitness,Strength,1.0,1.0,0.0,0.0,1.0,0.0,0.0
34.9,Male,85.6,1.74,28.19,30.6,198.0,123.0,61.5,0.95,316.9,2.6,2.0,2.7,Flexibility,Yoga,0.0,0.0,0.0,0.0,0.0,1.0,1.0
26.9,Male,68.2,1.69,24.0,12.6,190.2,144.3,65.8,1.49,1156.6,5.8,1.0,2.9,Weight Loss,Cardio,0.0,0.0,0.0,1.0,0.0,0.0,1.0
24.5,Female,73.9,1.69,25.98,16.0,198.5,178.0,57.4,0.39,355.8,5.0,3.0,3.6,Weight Loss,HIIT,1.0,0.0,1.0,1.0,1.0,1.0,1.0
18.0,Male,87.5,1.76,28.25,22.4,169.0,160.0,60.0,2.0,1042.0,2.0,3.0,3.3,Muscle Gain,Strength,1.0,1.0,0.0,0.0,0.0,0.0,1.0
34.5,Female,51.7,1.58,20.8,,198.4,109.5,70.1,1.45,238.4,6.0,3.0,3.3,General Fitness,Yoga,0.0,0.0,0.0,0.0,0.0,0.0,1.0
36.4,Female,82.1,1.72,27.81,23.6,177.3,111.7,68.0,1.65,644.1,4.8,2.0,3.0,Strength,Powerlifting,1.0,1.0,0.0,0.0,0.0,0.0,0.0
69.6,Female,63.1,1.63,23.82,19.5,149.8,144.8,69.2,1.3,577.1,4.8,3.0,3.0,Muscle Gain,Functional,1.0,0.0,1.0,1.0,1.0,1.0,0.0
36.6,Male,85.2,1.8,26.24,25.3,175.8,130.2,65.9,2.3,1502.8,4.9,2.0,3.0,General Fitness,Powerlifting,0.0,1.0,1.0,0.0,0.0,0.0,1.0
25.0,Female,50.4,1.56,20.62,17.0,199.4,116.5,61.9,1.02,134.2,2.8,2.0,2.7,Flexibility,Yoga,0.0,0.0,0.0,1.0,0.0,1.0,1.0
53.3,Male,69.6,1.76,22.4,15.7,172.0,167.0,45.0,1.29,1114.7,6.0,3.0,2.9,General Fitness,Cardio,0.0,0.0,1.0,0.0,0.0,0.0,1.0
19.2,Male,68.3,1.79,21.26,17.3,204.5,177.2,62.5,1.11,1268.9,3.9,2.0,4.0,Weight Loss,HIIT,1.0,1.0,0.0,0.0,0.0,0.0,1.0
31.0,Female,64.0,1.85,18.7,27.0,184.0,147.0,71.0,1.05,571.0,5.0,2.0,2.0,General Fitness,Strength,0.0,1.0,1.0,0.0,0.0,0.0,0.0
34.8,Male,88.2,1.77,28.09,21.9,173.3,131.5,62.0,1.24,755.5,5.0,3.0,2.7,Muscle Gain,Powerlifting,1.0,1.0,0.0,0.0,0.0,0.0,0.0
25.4,Female,64.6,1.63,24.26,25.2,185.4,111.0,65.0,0.58,121.4,2.8,3.0,2.2,Stress Relief,Yoga,0.0,0.0,0.0,0.0,0.0,0.0,0.0
60.7,Male,66.1,1.6,25.73,13.4,176.8,150.6,69.9,1.22,711.1,3.8,1.0,2.2,Athletic Performance,Functional,1.0,0.0,0.0,1.0,0.0,0.0,0.0
50.0,Female,76.1,1.82,22.97,25.0,191.0,146.0,54.0,1.12,817.0,2.0,1.0,3.2,Weight Loss,Cardio,0.0,0.0,1.0,0.0,0.0,0.0,1.0
39.0,Male,83.5,1.69,29.36,22.5,165.5,124.2,66.2,1.84,1163.1,4.4,3.0,2.9,Muscle Gain,Powerlifting,1.0,1.0,1.0,1.0,0.0,0.0,0.0
29.5,Male,104.2,1.87,29.91,21.2,178.5,116.4,63.9,1.65,759.6,3.5,1.0,1.9,Muscle Gain,Strength,1.0,1.0,1.0,0.0,0.0,1.0,0.0
23.7,Male,77.4,1.81,23.71,10.5,190.4,166.4,45.0,1.61,1848.4,3.7,3.0,4.8,Weight Loss,Cardio,0.0,0.0,0.0,0.0,0.0,0.0,1.0
22.6,Female,64.6,1.59,25.54,18.1,194.2,179.4,62.7,1.02,969.0,4.5,1.0,4.0,Endurance,Cardio,0.0,0.0,0.0,0.0,0.0,0.0,1.0
54.2,Male,64.4,1.79,20.11,14.3,170.0,113.3,75.5,1.38,269.6,5.7,3.0,2.5,General Fitness,Yoga,0.0,0.0,1.0,0.0,1.0,0.0,1.0
34.8,Female,68.3,1.63,25.75,21.3,164.8,159.8,62.9,1.37,887.7,4.3,1.0,3.9,Endurance,Cardio,0.0,0.0,0.0,0.0,1.0,0.0,1.0
18.8,Male,79.8,1.77,25.49,16.1,187.0,118.1,70.4,1.88,920.6,3.0,1.0,2.7,Strength,Strength,1.0,1.0,0.0,0.0,1.0,0.0,1.0
29.5,Male,70.2,1.78,22.12,21.4,187.3,126.5,67.1,1.36,844.4,3.8,1.0,3.0,General Fitness,Functional,1.0,1.0,1.0,0.0,1.0,0.0,1.0
34.5,Female,79.4,1.56,32.57,34.9,183.6,143.5,73.4,1.12,585.2,3.1,2.0,3.0,Muscle Gain,Strength,1.0,1.0,1.0,1.0,0.0,0.0,1.0
21.0,Female,40.0,1.58,16.02,29.2,165.0,134.0,69.0,1.05,624.0,3.0,1.0,1.7,Strength,Strength,1.0,0.0,1.0,0.0,1.0,0.0,1.0
45.0,Male,59.8,1.75,19.56,17.0,164.8,140.7,65.9,1.77,772.1,3.4,1.0,3.3,General Fitness,Strength,1.0,1.0,1.0,0.0,1.0,0.0,0.0
35.0,Male,44.9,1.92,12.18,20.8,168.0,123.0,67.0,1.29,572.0,4.0,2.0,2.1,Weight Loss,Cardio,0.0,0.0,0.0,1.0,0.0,0.0,1.0
37.3,Male,89.0,1.95,23.33,8.6,189.0,178.8,45.0,0.91,1165.4,4.5,2.0,4.0,Weight Loss,HIIT,0.0,0.0,0.0,0.0,1.0,0.0,0.0
46.0,Male,64.4,1.82,19.44,26.2,186.0,121.0,72.0,1.96,582.0,3.0,3.0,2.8,Weight Loss,Cardio,1.0,0.0,0.0,0.0,0.0,0.0,1.0
49.1,Male,74.8,1.92,20.37,19.0,171.9,121.9,66.9,1.38,829.5,4.1,2.0,3.4,Muscle Gain,Strength,1.0,0.0,1.0,1.0,0.0,0.0,0.0
57.2,Male,105.8,1.89,29.75,18.4,169.5,127.7,67.9,1.71,1155.0,3.8,3.0,3.2,Strength,Strength,1.0,1.0,0.0,0.0,0.0,1.0,1.0
57.3,Male,62.7,1.7,21.7,12.1,164.2,154.0,56.0,1.44,707.6,5.1,3.0,4.0,Endurance,Cardio,0.0,0.0,0.0,0.0,0.0,1.0,1.0
21.7,Female,56.5,1.56,23.11,24.8,195.3,129.5,58.9,1.58,480.5,4.7,1.0,2.8,Muscle Gain,Strength,0.0,1.0,1.0,0.0,0.0,0.0,1.0
39.8,Female,53.4,1.61,20.56,21.1,179.4,152.9,75.5,0.76,316.6,3.1,2.0,3.54,Weight Loss,Cardio,0.0,1.0,0.0,0.0,0.0,0.0,1.0
55.0,Female,72.6,1.55,30.22,24.1,191.0,137.0,50.0,2.0,1084.0,3.0,2.0,2.5,Weight Loss,Cardio,0.0,0.0,0.0,0.0,0.0,0.0,1.0
37.8,Male,93.5,1.85,27.43,11.9,183.8,147.0,55.8,0.97,1160.5,4.7,3.0,1.8,Weight Loss,Cardio,0.0,0.0,0.0,1.0,0.0,1.0,1.0
25.8,Male,66.6,1.76,21.59,20.2,188.6,152.9,57.3,0.61,408.4,4.5,2.0,3.3,Athletic Performance,Functional,0.0,0.0,1.0,1.0,1.0,1.0,1.0
38.9,Female,45.4,1.51,19.82,19.0,193.1,149.3,71.2,0.97,386.3,4.7,2.0,3.6,Muscle Gain,Functional,0.0,0.0,1.0,1.0,0.0,1.0,1.0
43.0,Female,68.0,1.78,21.46,22.8,183.0,120.0,58.0,2.0,1030.0,4.0,2.0,1.5,Endurance,HIIT,0.0,0.0,0.0,1.0,1.0,0.0,1.0
36.0,Female,85.1,1.73,28.43,28.9,194.0,156.0,74.0,1.41,1024.0,4.0,3.0,3.5,Weight Loss,Cardio,0.0,0.0,1.0,0.0,0.0,0.0,1.0
31.2,Male,60.9,1.65,22.38,13.6,178.3,169.3,56.5,0.5,464.6,5.7,1.0,3.7,Weight Loss,Cardio,0.0,0.0,0.0,0.0,0.0,0.0,1.0
27.9,Female,62.5,1.63,23.51,15.3,194.8,177.3,63.8,0.67,403.6,3.9,2.0,3.4,Weight Loss,Cardio,0.0,0.0,0.0,0.0,0.0,0.0,1.0
18.0,Female,40.0,1.8,12.35,10.0,196.0,120.0,70.0,2.0,979.0,4.0,1.0,2.6,Endurance,Cardio,1.0,0.0,1.0,0.0,0.0,0.0,1.0
50.8,Male,64.5,1.65,23.79,12.9,159.3,154.3,48.7,0.52,319.7,2.5,2.0,3.3,Weight Loss,HIIT,0.0,1.0,0.0,1.0,0.0,1.0,1.0
28.6,Female,53.2,1.58,21.3,23.3,185.8,172.6,57.9,0.9,400.0,4.2,1.0,3.6,Weight Loss,Cardio,1.0,1.0,0.0,0.0,0.0,1.0,1.0
20.1,Male,90.5,1.81,27.6,19.5,185.4,143.5,61.8,1.97,1538.6,3.1,3.0,3.7,Muscle Gain,Strength,1.0,1.0,1.0,0.0,0.0,1.0,1.0
55.8,Male,123.7,1.59,48.62,45.0,155.0,133.9,75.6,0.95,845.4,3.1,1.0,3.86,Weight Loss,Cardio,0.0,0.0,0.0,1.0,1.0,0.0,1.0
22.2,Male,66.1,1.84,19.48,17.4,181.0,107.4,70.2,1.13,131.5,2.2,3.0,2.4,General Fitness,Yoga,1.0,0.0,1.0,0.0,0.0,0.0,1.0
18.0,Male,100.0,1.73,33.41,23.3,192.0,166.0,56.0,1.22,1631.0,4.0,2.0,1.8,Strength,Strength,1.0,1.0,1.0,0.0,0.0,1.0,0.0
30.1,Female,51.5,1.56,21.16,21.9,188.5,162.2,59.1,0.64,550.2,3.4,2.0,2.2,Endurance,HIIT,1.0,0.0,0.0,1.0,1.0,1.0,0.0
27.0,Female,56.5,1.61,21.85,23.7,184.9,124.0,68.4,1.38,461.5,3.2,2.0,2.4,Muscle Gain,Powerlifting,1.0,1.0,1.0,0.0,0.0,0.0,0.0
29.1,Male,64.1,1.71,21.99,9.0,199.9,167.6,64.6,1.17,1137.8,3.4,2.0,3.8,Weight Loss,HIIT,0.0,0.0,0.0,1.0,1.0,0.0,1.0
51.7,Male,85.6,1.78,27.0,13.8,164.0,154.2,71.4,0.71,516.2,3.3,3.0,3.2,Athletic Performance,Functional,0.0,0.0,1.0,1.0,1.0,1.0,1.0
40.5,Male,53.5,1.69,18.75,20.4,176.5,92.2,61.8,0.85,65.2,3.4,2.0,2.0,General Fitness,Yoga,0.0,0.0,0.0,0.0,1.0,1.0,1.0
45.6,Male,71.3,1.69,25.01,12.3,171.3,131.1,63.6,1.61,589.8,3.1,1.0,2.9,Strength,Strength,0.0,1.0,1.0,1.0,1.0,0.0,0.0
24.6,Female,57.6,1.5,25.67,23.9,188.1,137.7,69.4,1.24,451.3,3.5,3.0,3.3,Muscle Gain,Strength,0.0,1.0,1.0,1.0,0.0,1.0,1.0
39.0,Male,109.6,1.84,32.37,26.7,199.0,152.0,74.0,1.27,790.0,2.0,2.0,3.5,General Fitness,HIIT,0.0,0.0,1.0,1.0,1.0,1.0,1.0
25.5,Female,63.5,1.73,21.23,15.4,210.0,184.2,58.1,0.66,462.3,2.7,2.0,3.1,Weight Loss,HIIT,1.0,0.0,0.0,0.0,1.0,1.0,1.0
47.7,Female,89.5,1.76,28.73,26.1,171.6,116.8,60.7,0.68,230.7,2.4,1.0,3.72,Flexibility,Yoga,0.0,0.0,0.0,0.0,1.0,0.0,1.0
28.3,Female,61.3,1.58,24.45,21.0,196.7,101.9,62.6,0.99,200.8,5.3,1.0,2.4,Flexibility,Yoga,0.0,0.0,0.0,0.0,1.0,1.0,1.0
37.3,Female,54.1,1.6,21.21,27.9,186.2,145.2,66.8,0.86,475.3,4.5,2.0,3.3,General Fitness,Functional,0.0,0.0,1.0,0.0,1.0,1.0,1.0
34.7,Male,62.5,1.61,23.98,18.4,180.3,175.3,66.2,0.93,774.0,4.9,2.0,3.6,Weight Loss,HIIT,0.0,0.0,0.0,1.0,0.0,1.0,1.0
21.0,Male,62.8,1.77,20.16,10.3,194.7,114.4,66.9,1.34,165.3,5.7,2.0,2.6,Flexibility,Yoga,0.0,0.0,0.0,1.0,1.0,1.0,1.0
28.2,Male,58.7,1.65,21.43,14.8,191.7,174.7,54.8,0.76,464.9,5.1,2.0,3.3,Weight Loss,Cardio,0.0,0.0,0.0,0.0,0.0,0.0,1.0
23.0,Female,69.2,1.73,23.12,23.3,180.0,165.0,70.0,2.0,765.0,4.0,2.0,1.8,Weight Loss,HIIT,1.0,0.0,0.0,0.0,0.0,1.0,0.0
23.6,Female,73.0,1.59,28.87,20.0,205.6,122.5,59.3,0.87,371.3,4.3,2.0,2.9,Muscle Gain,Strength,1.0,0.0,1.0,0.0,0.0,1.0,0.0
57.7,Female,81.4,1.7,28.02,,150.4,133.4,60.3,1.28,543.8,3.8,1.0,2.0,Muscle Gain,Strength,1.0,0.0,0.0,0.0,0.0,1.0,0.0
54.6,Female,75.7,1.67,27.23,20.6,171.3,166.3,73.4,1.11,1357.4,4.3,2.0,2.8,Endurance,HIIT,0.0,0.0,0.0,1.0,1.0,0.0,1.0
20.6,Male,76.5,1.64,28.49,18.8,201.7,129.5,61.1,1.69,778.8,4.4,3.0,3.1,Strength,Powerlifting,0.0,0.0,0.0,0.0,1.0,0.0,0.0
36.0,Female,40.0,1.71,13.68,27.5,178.0,169.0,69.0,1.3,1519.0,4.0,1.0,2.7,Weight Loss,HIIT,1.0,0.0,1.0,1.0,1.0,0.0,1.0
31.1,Female,59.5,1.74,19.71,25.1,184.1,149.2,64.5,0.85,571.2,3.6,3.0,3.0,General Fitness,Functional,1.0,0.0,0.0,1.0,1.0,1.0,1.0
40.9,Male,70.8,1.84,20.99,12.5,174.5,115.8,61.6,1.65,881.0,4.1,2.0,2.1,Strength,Strength,0.0,1.0,1.0,0.0,0.0,0.0,0.0
65.5,Male,75.5,1.78,23.82,12.8,153.2,113.0,65.4,1.65,867.3,3.2,1.0,3.1,General Fitness,Strength,0.0,1.0,1.0,0.0,1.0,1.0,1.0
21.7,Female,76.2,1.68,26.97,27.5,198.6,126.7,70.7,1.32,967.8,3.4,3.0,2.5,Muscle Gain,Functional,1.0,0.0,0.0,1.0,1.0,0.0,1.0
37.1,Female,65.5,1.72,22.19,13.4,183.3,151.9,63.2,1.46,686.2,3.4,2.0,3.63,Athletic Performance,Strength,,,,,,,
52.0,Female,81.7,1.59,32.32,28.2,164.0,136.0,67.0,1.91,1025.0,2.0,2.0,3.4,Weight Loss,HIIT,0.0,0.0,0.0,0.0,1.0,0.0,1.0
28.0,Male,83.7,1.86,24.27,9.6,194.5,149.5,56.8,1.19,1159.2,5.9,2.0,2.7,Weight Loss,Cardio,0.0,0.0,0.0,0.0,1.0,0.0,0.0
61.2,Male,61.2,1.68,21.8,8.1,163.0,158.0,54.9,0.8,745.4,3.7,3.0,2.9,Weight Loss,Cardio,0.0,0.0,1.0,0.0,0.0,0.0,1.0
54.6,Male,83.0,1.74,27.38,18.7,177.8,138.6,65.8,1.0,757.0,4.1,2.0,3.1,Strength,Strength,1.0,1.0,1.0,0.0,0.0,1.0,1.0
27.4,Female,55.5,1.65,20.45,22.3,198.7,140.5,80.7,1.72,902.6,3.9,3.0,2.2,Strength,Strength,1.0,1.0,1.0,0.0,0.0,1.0,1.0
68.1,Male,81.9,1.81,25.12,14.4,154.4,131.2,63.8,0.83,582.2,3.5,3.0,3.0,General Fitness,Functional,1.0,0.0,1.0,0.0,1.0,1.0,1.0
31.2,Female,63.7,1.74,21.12,22.3,201.4,160.2,51.6,0.55,348.2,3.9,2.0,2.6,Endurance,Cardio,0.0,0.0,0.0,0.0,0.0,0.0,1.0
18.0,Female,75.9,1.7,26.26,30.1,183.0,151.0,51.0,1.01,1289.0,2.0,1.0,3.2,Endurance,HIIT,1.0,0.0,0.0,1.0,1.0,0.0,1.0
39.6,Female,64.1,1.63,23.99,17.3,188.6,153.8,49.1,0.82,730.8,2.4,2.0,2.9,General Fitness,HIIT,1.0,0.0,1.0,1.0,1.0,1.0,1.0
24.3,Male,82.4,1.72,28.0,19.5,201.8,141.4,45.2,1.75,826.2,4.8,1.0,3.8,Strength,Strength,1.0,0.0,1.0,1.0,0.0,1.0,1.0
38.0,Male,45.0,1.86,13.02,20.0,180.9,155.4,59.5,0.93,300.4,4.1,2.0,3.01,Weight Loss,Cardio,0.0,0.0,1.0,0.0,0.0,0.0,1.0
66.3,Female,64.4,1.7,22.37,19.0,143.5,95.7,64.8,1.21,199.7,5.5,2.0,2.7,Stress Relief,Yoga,0.0,0.0,0.0,0.0,1.0,0.0,1.0
21.7,Male,72.7,1.88,20.64,10.7,194.6,153.9,49.2,1.66,1599.1,5.3,1.0,3.4,Endurance,Cardio,0.0,1.0,0.0,0.0,1.0,0.0,1.0
48.3,Female,50.8,1.49,23.0,27.5,157.9,145.4,57.4,0.91,459.0,5.0,1.0,3.1,Muscle Gain,Functional,0.0,0.0,1.0,0.0,0.0,1.0,1.0
32.2,Male,89.8,1.83,26.77,20.1,207.3,128.2,63.1,1.64,1283.0,3.1,2.0,3.5,Strength,Strength,0.0,1.0,1.0,1.0,0.0,1.0,1.0
68.3,Male,75.9,1.78,23.87,13.7,151.0,146.0,54.4,0.86,725.1,4.1,2.0,2.6,Weight Loss,HIIT,0.0,0.0,1.0,1.0,0.0,1.0,0.0
20.0,Male,66.2,1.85,19.34,24.9,196.0,120.0,58.0,0.84,420.0,4.0,1.0,1.5,Endurance,HIIT,0.0,1.0,0.0,0.0,0.0,0.0,1.0
27.0,Male,60.8,1.71,20.75,12.9,199.0,93.4,65.4,0.94,177.3,5.5,2.0,2.4,Stress Relief,Yoga,0.0,0.0,0.0,0.0,0.0,0.0,0.0
23.1,Male,70.4,1.85,20.68,21.7,193.9,116.5,65.0,1.18,531.3,4.6,1.0,2.4,Muscle Gain,Strength,1.0,0.0,1.0,0.0,1.0,0.0,0.0
18.0,Female,40.0,1.77,12.77,24.7,189.0,137.0,74.0,0.6,829.0,4.0,1.0,2.6,Weight Loss,Cardio,0.0,0.0,0.0,0.0,1.0,0.0,1.0
49.0,Female,45.5,1.56,18.71,26.0,170.3,99.9,74.1,0.58,50.0,5.6,3.0,2.4,Flexibility,Yoga,0.0,0.0,0.0,0.0,1.0,0.0,1.0
37.5,Male,66.2,1.82,20.01,16.4,185.9,179.4,52.3,0.52,576.7,4.4,2.0,3.9,Weight Loss,Cardio,1.0,0.0,0.0,0.0,1.0,1.0,1.0
52.3,Female,101.6,1.81,30.96,25.4,167.4,118.9,68.8,1.13,523.7,4.6,3.0,2.5,Muscle Gain,Powerlifting,0.0,1.0,0.0,0.0,0.0,1.0,1.0
56.4,Male,59.0,1.9,16.26,21.1,160.1,125.1,59.1,1.41,561.1,2.9,1.0,4.09,Muscle Gain,Strength,1.0,1.0,1.0,0.0,1.0,0.0,0.0
16.0,Female,71.3,1.87,20.48,23.5,208.0,152.8,67.5,1.19,522.4,1.6,2.0,3.58,Strength,Strength,1.0,0.0,1.0,0.0,0.0,0.0,1.0
29.4,Female,87.2,1.91,23.95,21.8,194.4,161.0,68.3,1.11,665.5,3.5,2.0,3.28,Endurance,Cardio,0.0,0.0,0.0,0.0,0.0,0.0,1.0
31.0,Female,73.7,1.84,21.67,25.7,182.5,112.5,61.2,1.29,427.6,4.3,1.0,3.0,Muscle Gain,Strength,1.0,0.0,0.0,0.0,1.0,0.0,0.0
30.0,Male,100.1,1.76,32.32,25.9,170.0,160.0,55.0,1.43,1694.0,3.0,2.0,1.8,Weight Loss,HIIT,0.0,0.0,1.0,1.0,0.0,0.0,1.0
47.0,Female,70.1,1.71,23.97,,199.0,139.0,74.0,1.15,1238.0,4.0,1.0,2.5,Weight Loss,Cardio,0.0,0.0,0.0,0.0,0.0,0.0,1.0
38.3,Male,86.1,1.77,27.45,15.1,181.7,131.8,67.0,2.39,1123.4,4.2,2.0,3.7,Strength,Powerlifting,1.0,1.0,1.0,0.0,1.0,0.0,0.0
46.2,Female,83.2,1.75,27.01,29.3,171.0,136.2,64.5,1.34,729.8,1.3,1.0,3.62,Muscle Gain,Strength,1.0,0.0,1.0,1.0,1.0,0.0,0.0
18.0,Female,74.2,1.85,21.68,28.0,177.0,151.0,66.0,2.0,1104.0,3.0,1.0,1.5,Endurance,HIIT,1.0,0.0,0.0,1.0,0.0,1.0,1.0
43.4,Male,61.0,1.64,22.65,20.2,178.4,132.1,82.6,1.51,744.9,4.5,2.0,3.3,Strength,Strength,1.0,0.0,1.0,0.0,0.0,0.0,1.0
20.0,Male,52.9,1.8,16.33,27.1,163.0,159.0,57.0,1.45,1117.0,3.0,1.0,3.3,Muscle Gain,Strength,1.0,1.0,1.0,1.0,0.0,0.0,1.0
21.8,Male,70.2,1.64,26.01,17.2,197.4,145.2,72.9,1.08,722.7,4.2,3.0,3.0,General Fitness,Functional,0.0,0.0,1.0,1.0,0.0,1.0,1.0
34.4,Female,46.1,1.53,19.68,23.2,196.9,165.6,60.5,1.54,589.3,4.1,3.0,3.2,Endurance,Cardio,0.0,0.0,1.0,0.0,0.0,0.0,1.0
27.3,Male,93.5,1.85,27.18,16.9,177.5,153.3,60.4,0.94,1043.3,3.0,3.0,3.1,General Fitness,HIIT,1.0,0.0,1.0,0.0,1.0,0.0,0.0
33.0,Female,60.7,2.0,15.18,23.3,188.0,169.0,74.0,1.42,705.0,4.0,2.0,3.2,General Fitness,Cardio,1.0,0.0,0.0,0.0,0.0,0.0,1.0
30.2,Female,62.9,1.58,25.34,18.6,184.7,167.6,54.4,0.64,575.7,5.5,3.0,3.3,Weight Loss,Cardio,0.0,0.0,0.0,0.0,0.0,0.0,1.0
54.0,Female,79.8,1.94,21.2,25.3,163.0,120.0,63.0,1.53,827.0,4.0,2.0,3.3,Muscle Gain,Strength,0.0,1.0,0.0,0.0,0.0,0.0,1.0
39.5,Female,53.6,1.64,19.9,27.2,194.9,137.3,68.4,1.3,643.3,3.4,3.0,3.6,Strength,Strength,1.0,1.0,1.0,1.0,0.0,0.0,1.0
27.6,Male,80.5,1.76,26.05,12.8,194.7,171.7,74.0,0.94,883.7,5.9,1.0,3.8,General Fitness,Cardio,1.0,0.0,0.0,0.0,0.0,0.0,1.0
18.0,Male,53.1,1.7,18.37,23.8,181.0,169.0,73.0,1.01,1740.0,4.0,1.0,2.3,General Fitness,Strength,1.0,1.0,1.0,1.0,1.0,0.0,0.0
24.9,Female,62.0,1.64,22.97,27.4,200.9,120.3,74.6,1.93,790.9,4.1,2.0,2.8,Muscle Gain,Strength,1.0,1.0,1.0,0.0,0.0,0.0,0.0
26.3,Male,65.3,1.78,20.52,12.7,188.0,181.6,49.2,0.68,815.7,4.3,3.0,4.0,Weight Loss,HIIT,1.0,1.0,0.0,0.0,0.0,0.0,0.0
32.9,Male,76.6,1.8,23.57,15.9,188.9,164.4,49.6,1.52,1580.6,4.4,1.0,3.7,Weight Loss,Cardio,0.0,0.0,0.0,0.0,1.0,0.0,1.0
56.0,Male,64.7,1.78,20.42,11.5,199.0,129.0,62.0,1.1,941.0,3.0,2.0,2.4,Endurance,HIIT,0.0,0.0,0.0,1.0,0.0,0.0,1.0
34.3,Female,48.5,1.61,18.6,23.8,202.5,107.0,59.3,0.99,168.8,2.3,3.0,2.4,Flexibility,Yoga,0.0,0.0,0.0,0.0,1.0,0.0,1.0
37.0,Male,95.2,1.8,29.37,22.3,189.8,117.5,61.4,1.56,809.7,4.1,3.0,2.6,Strength,Powerlifting,1.0,1.0,0.0,0.0,1.0,0.0,0.0
51.9,Male,94.2,1.92,25.63,28.6,167.9,129.5,68.0,1.27,756.1,3.7,2.0,3.59,Muscle Gain,Strength,1.0,1.0,0.0,0.0,0.0,0.0,0.0
16.0,Male,73.3,2.05,17.45,15.0,193.8,160.8,68.7,1.13,593.0,4.4,3.0,2.78,Muscle Gain,Strength,,,,,,,
29.6,Male,69.2,1.74,22.92,8.0,207.5,153.1,58.1,1.59,1554.8,4.7,3.0,3.5,General Fitness,Cardio,0.0,0.0,0.0,0.0,0.0,0.0,1.0
26.0,Female,56.6,1.66,20.47,16.0,192.7,146.3,54.0,1.7,1264.6,5.6,2.0,3.2,Endurance,Cardio,0.0,0.0,0.0,0.0,0.0,0.0,1.0
26.3,Male,93.8,1.78,29.61,26.9,194.5,122.9,65.0,2.12,1349.7,4.2,2.0,3.1,Muscle Gain,Powerlifting,1.0,1.0,1.0,0.0,0.0,0.0,0.0
25.6,Male,81.5,1.73,27.23,25.7,197.7,129.3,55.9,2.2,1294.3,4.7,3.0,2.8,Strength,Powerlifting,0.0,1.0,0.0,0.0,0.0,0.0,0.0
27.1,Male,88.5,1.66,31.97,16.5,182.9,101.7,74.9,1.46,585.5,3.9,3.0,2.7,Strength,Powerlifting,0.0,1.0,1.0,0.0,1.0,0.0,0.0
25.3,Male,75.5,1.68,26.63,16.5,182.4,177.4,51.2,1.19,864.9,4.6,2.0,3.9,Weight Loss,HIIT,1.0,0.0,0.0,1.0,1.0,0.0,0.0
26.6,Male,68.0,1.65,25.07,18.5,196.1,179.1,46.2,0.82,598.4,2.5,2.0,3.3,General Fitness,HIIT,1.0,0.0,0.0,0.0,1.0,0.0,1.0
32.8,Female,70.1,1.58,28.13,24.7,191.5,139.3,63.7,1.57,680.2,3.1,2.0,3.3,Strength,Strength,1.0,1.0,1.0,1.0,0.0,0.0,1.0
20.8,Male,71.2,1.75,23.16,12.0,204.0,167.8,51.3,1.42,1679.8,4.7,3.0,3.6,Endurance,Cardio,0.0,0.0,0.0,0.0,0.0,0.0,0.0
33.6,Male,76.4,1.85,22.24,15.3,178.2,161.0,51.6,0.97,1314.8,3.1,3.0,3.6,Endurance,HIIT,0.0,0.0,0.0,1.0,0.0,0.0,1.0
16.0,Male,72.7,1.98,18.51,19.6,205.4,161.2,75.0,0.96,450.5,2.3,1.0,2.39,Strength,Strength,1.0,1.0,1.0,0.0,0.0,0.0,1.0
23.0,Male,84.1,1.79,26.17,15.4,188.9,135.9,58.2,1.32,661.1,3.7,3.0,3.0,Muscle Gain,Strength,1.0,1.0,1.0,1.0,0.0,0.0,1.0
26.8,Female,69.8,1.59,27.47,22.0,190.0,165.6,48.1,0.58,649.7,5.7,3.0,3.4,Weight Loss,Cardio,0.0,0.0,0.0,1.0,0.0,0.0,1.0
25.5,Female,73.8,1.63,27.94,22.8,177.9,145.1,70.5,1.2,852.2,4.4,2.0,3.2,General Fitness,Functional,0.0,0.0,1.0,0.0,1.0,1.0,0.0
26.7,Female,81.6,1.82,24.58,22.4,197.5,180.6,63.3,0.59,564.3,2.1,3.0,3.1,Weight Loss,HIIT,0.0,0.0,0.0,0.0,0.0,0.0,0.0
49.9,Male,77.9,1.65,28.76,17.3,170.0,101.5,45.8,1.64,657.1,3.4,2.0,2.1,General Fitness,Powerlifting,0.0,1.0,0.0,0.0,1.0,0.0,0.0
33.2,Female,77.4,1.69,27.15,20.4,188.2,143.7,52.8,1.78,1114.8,3.9,2.0,3.3,Endurance,Cardio,0.0,0.0,0.0,0.0,0.0,0.0,1.0
53.0,Male,69.6,1.75,22.75,10.6,165.8,104.1,67.0,1.0,163.8,5.7,1.0,1.8,General Fitness,Yoga,0.0,0.0,0.0,0.0,1.0,0.0,1.0
33.3,Male,63.9,1.79,20.03,14.0,190.4,168.7,61.0,0.6,475.3,5.7,2.0,3.3,General Fitness,Cardio,0.0,0.0,0.0,0.0,0.0,0.0,1.0
28.9,Female,54.7,1.61,21.12,21.8,179.0,133.6,62.4,1.51,579.1,3.5,1.0,2.3,Muscle Gain,Strength,1.0,1.0,1.0,0.0,1.0,0.0,1.0
26.3,Female,62.7,1.65,23.15,23.1,190.8,133.6,67.9,1.47,690.6,4.0,3.0,3.3,General Fitness,Functional,0.0,0.0,0.0,1.0,1.0,1.0,1.0
20.2,Female,70.9,1.57,28.87,28.6,210.0,125.2,65.7,2.45,1296.1,4.0,3.0,3.6,Muscle Gain,Powerlifting,1.0,1.0,0.0,0.0,1.0,0.0,0.0
38.0,Female,51.7,1.55,21.47,20.2,186.1,107.0,59.3,1.49,282.1,3.8,2.0,2.3,General Fitness,Yoga,0.0,0.0,0.0,0.0,1.0,1.0,1.0
31.9,Male,71.8,1.72,24.15,19.4,196.2,137.2,52.4,1.01,584.3,4.7,1.0,3.0,Athletic Performance,Functional,0.0,0.0,1.0,1.0,0.0,0.0,1.0
27.0,Female,52.3,1.77,16.69,25.6,193.0,130.0,57.0,2.0,993.0,4.0,1.0,2.8,Strength,Strength,0.0,1.0,1.0,1.0,0.0,0.0,1.0
38.7,Male,77.2,1.73,25.76,23.0,183.6,128.1,57.5,1.76,1083.9,4.1,3.0,3.7,General Fitness,Powerlifting,0.0,1.0,1.0,0.0,0.0,0.0,1.0
18.0,Male,68.9,1.64,25.54,19.0,207.4,102.7,54.9,1.24,367.8,4.1,2.0,3.2,Strength,Powerlifting,0.0,1.0,0.0,0.0,0.0,0.0,0.0
50.0,Female,76.4,1.54,32.21,25.2,172.0,133.0,71.0,1.3,1311.0,3.0,1.0,2.1,General Fitness,Strength,1.0,1.0,1.0,1.0,0.0,0.0,1.0
29.9,Female,54.0,1.53,23.02,21.6,195.1,144.4,48.8,0.86,351.7,4.4,2.0,3.5,Muscle Gain,Functional,1.0,1.0,1.0,1.0,1.0,1.0,1.0
19.3,Female,46.7,1.56,19.12,19.7,203.5,104.5,62.8,1.34,134.9,2.6,3.0,2.5,General Fitness,Yoga,0.0,0.0,0.0,0.0,1.0,1.0,1.0
24.8,Male,58.3,1.71,20.05,9.1,199.2,179.3,51.8,0.88,452.7,5.1,3.0,3.1,Weight Loss,Cardio,0.0,0.0,0.0,0.0,0.0,0.0,0.0
46.7,Female,65.6,1.63,24.65,24.4,173.6,164.6,62.5,1.31,1318.2,5.7,3.0,3.4,Endurance,Cardio,1.0,0.0,0.0,0.0,0.0,0.0,1.0
19.0,Female,63.0,1.65,23.21,25.8,197.6,129.0,57.7,1.26,498.0,4.3,2.0,2.5,General Fitness,Functional,0.0,1.0,0.0,1.0,1.0,0.0,1.0
26.5,Male,83.9,1.76,27.17,17.9,199.5,116.8,62.0,1.82,950.7,3.2,2.0,2.6,Strength,Strength,0.0,0.0,0.0,1.0,0.0,0.0,0.0
33.0,Male,42.7,1.82,12.89,26.3,196.0,145.0,68.0,1.24,1436.0,4.0,1.0,3.7,Muscle Gain,Strength,1.0,1.0,1.0,1.0,0.0,0.0,0.0
31.0,Female,65.3,1.54,27.53,28.9,161.0,156.0,74.0,0.68,882.0,4.0,1.0,2.6,Weight Loss,Cardio,0.0,0.0,1.0,0.0,0.0,0.0,1.0
25.3,Female,69.1,1.63,26.13,19.6,197.1,127.3,71.3,0.85,499.8,4.4,2.0,2.4,Strength,Strength,1.0,1.0,1.0,0.0,0.0,0.0,0.0
25.8,Male,89.1,1.74,29.59,30.7,195.3,126.4,70.3,1.0,304.9,2.1,2.0,3.65,General Fitness,Yoga,0.0,0.0,0.0,0.0,1.0,1.0,1.0
52.4,Female,50.4,1.54,21.31,24.9,167.7,130.5,67.8,1.22,608.1,3.1,2.0,3.1,General Fitness,Functional,0.0,0.0,1.0,1.0,1.0,1.0,1.0
38.0,Male,71.1,1.79,22.11,12.7,166.6,152.2,45.0,1.52,1010.8,3.9,3.0,3.5,Weight Loss,Cardio,0.0,0.0,0.0,0.0,0.0,0.0,1.0
51.8,Female,70.9,1.72,24.04,27.0,164.9,136.1,73.3,0.85,599.1,4.6,1.0,3.1,General Fitness,Functional,1.0,0.0,1.0,1.0,1.0,1.0,1.0
30.3,Male,56.7,1.69,19.81,12.4,205.5,158.3,58.6,1.23,857.2,4.9,3.0,3.7,General Fitness,Cardio,0.0,0.0,0.0,0.0,0.0,0.0,0.0
29.6,Male,63.1,1.71,21.61,21.1,192.3,125.2,52.3,1.41,485.1,3.2,1.0,2.7,General Fitness,Strength,1.0,1.0,1.0,1.0,1.0,0.0,0.0
18.7,Male,84.8,1.71,28.94,24.3,210.0,159.2,54.6,0.99,553.6,3.6,3.0,3.47,Muscle Gain,Strength,1.0,1.0,1.0,0.0,0.0,0.0,1.0
21.7,Female,76.5,1.66,27.74,31.9,201.0,102.5,64.4,2.47,1080.7,3.7,2.0,3.2,Muscle Gain,Powerlifting,1.0,1.0,0.0,0.0,1.0,0.0,1.0
36.2,Male,81.5,1.65,30.07,27.7,182.6,140.0,69.5,1.55,753.8,2.3,1.0,3.89,Muscle Gain,Strength,1.0,1.0,0.0,0.0,1.0,0.0,1.0
67.4,Female,70.6,1.65,25.82,23.8,154.3,112.7,60.6,0.84,283.2,4.7,2.0,2.1,Strength,Strength,1.0,1.0,1.0,0.0,0.0,0.0,1.0
44.0,Male,64.2,1.7,22.21,23.2,181.0,139.0,62.0,1.3,1201.0,2.0,2.0,3.3,Strength,Strength,1.0,1.0,0.0,1.0,1.0,0.0,0.0
54.2,Female,57.8,1.59,22.75,21.7,180.7,140.0,64.6,1.06,651.8,3.9,1.0,3.6,Muscle Gain,Functional,1.0,0.0,0.0,1.0,1.0,1.0,1.0
55.0,Female,65.5,1.94,17.4,28.7,170.0,123.0,74.0,1.37,787.0,3.0,1.0,3.1,Endurance,HIIT,1.0,0.0,0.0,1.0,0.0,0.0,1.0
30.9,Female,62.9,1.61,24.18,25.0,186.9,144.6,69.3,1.66,994.3,3.7,1.0,3.2,Muscle Gain,Strength,1.0,1.0,1.0,0.0,1.0,0.0,0.0
40.9,Male,77.2,1.82,23.21,17.2,185.9,116.1,60.0,1.55,775.6,4.5,2.0,3.4,Muscle Gain,Strength,1.0,1.0,1.0,0.0,1.0,0.0,0.0
24.4,Female,65.4,1.57,26.51,24.7,175.2,150.8,58.3,1.19,733.2,3.5,2.0,2.8,General Fitness,Functional,1.0,0.0,1.0,0.0,1.0,1.0,1.0
37.7,Male,45.0,1.85,13.1,19.4,182.5,145.7,56.1,0.85,278.7,2.3,1.0,2.65,Endurance,Cardio,0.0,0.0,0.0,0.0,0.0,0.0,1.0
46.0,Female,58.6,2.0,14.65,27.1,194.0,135.0,55.0,2.0,1162.0,2.0,1.0,3.6,Weight Loss,HIIT,1.0,0.0,0.0,0.0,0.0,1.0,1.0
26.5,Male,77.3,1.72,26.0,15.3,198.7,174.4,64.9,0.33,408.7,2.7,2.0,3.5,Endurance,HIIT,1.0,0.0,1.0,1.0,0.0,0.0,1.0
64.3,Female,61.5,1.52,26.48,24.5,155.7,141.7,69.6,1.35,772.0,3.7,1.0,3.4,Strength,Strength,1.0,1.0,1.0,1.0,1.0,0.0,1.0
19.3,Male,66.0,1.85,19.3,12.8,210.0,111.3,77.9,1.48,693.6,4.9,1.0,2.5,Muscle Gain,Strength,1.0,1.0,1.0,0.0,0.0,0.0,1.0
22.1,Male,87.6,1.78,27.77,21.7,187.2,122.4,59.3,1.67,950.4,4.6,1.0,3.2,Muscle Gain,Strength,1.0,1.0,1.0,0.0,0.0,1.0,1.0
25.7,Male,70.3,1.78,22.2,14.6,194.7,142.4,63.0,1.83,797.1,3.2,3.0,3.7,Strength,Strength,1.0,1.0,1.0,0.0,0.0,0.0,1.0
24.5,Male,79.3,1.75,25.86,12.4,193.9,116.9,67.9,0.89,244.2,3.8,1.0,1.9,Flexibility,Yoga,0.0,0.0,0.0,0.0,0.0,1.0,1.0
29.5,Male,69.2,1.76,22.31,15.4,192.9,148.6,60.8,1.27,1067.4,3.3,3.0,2.8,General Fitness,Cardio,0.0,0.0,0.0,0.0,0.0,0.0,1.0
45.1,Female,59.1,1.68,20.86,19.9,188.8,144.2,51.0,1.24,571.3,3.5,1.0,2.6,Athletic Performance,Functional,1.0,1.0,0.0,1.0,1.0,1.0,0.0
42.8,Male,61.7,1.75,20.2,14.4,170.0,123.0,59.1,1.69,549.1,4.4,1.0,2.7,Muscle Gain,Strength,1.0,1.0,0.0,0.0,0.0,1.0,0.0
18.0,Male,100.6,1.74,33.23,23.2,179.0,138.0,68.0,1.2,1261.0,2.0,2.0,3.5,Endurance,Cardio,1.0,0.0,1.0,0.0,0.0,0.0,1.0
29.1,Female,59.4,1.52,25.83,24.3,183.7,134.3,58.1,1.25,464.8,3.7,2.0,2.0,General Fitness,Strength,1.0,1.0,1.0,0.0,0.0,0.0,1.0
25.6,Female,71.7,1.65,26.44,29.5,187.0,127.0,66.6,1.65,526.7,4.7,3.0,2.8,Muscle Gain,Powerlifting,1.0,1.0,1.0,0.0,1.0,0.0,0.0
21.0,Female,65.8,1.62,25.07,26.0,172.0,127.0,62.0,1.35,1307.0,3.0,1.0,3.4,Weight Loss,Cardio,1.0,0.0,0.0,0.0,0.0,0.0,1.0
33.5,Male,56.9,1.8,17.55,12.3,197.8,106.5,65.4,1.38,143.4,4.5,2.0,2.5,General Fitness,Yoga,0.0,0.0,0.0,0.0,0.0,1.0,1.0
36.8,Male,75.9,1.74,25.19,20.2,173.3,135.9,69.9,0.75,420.6,4.3,2.0,2.8,Strength,Strength,0.0,1.0,1.0,1.0,0.0,0.0,0.0
36.3,Male,45.0,1.75,14.72,22.7,182.7,153.9,76.4,2.1,666.5,2.4,1.0,3.49,Athletic Performance,Functional,,,,,,,
61.0,Male,75.5,1.77,24.17,11.8,153.3,148.3,53.8,0.84,775.7,2.4,2.0,3.7,General Fitness,HIIT,0.0,0.0,0.0,1.0,0.0,0.0,1.0
39.0,Male,66.6,1.74,21.91,17.9,169.0,145.8,58.5,0.98,524.6,3.9,1.0,2.7,Endurance,Cardio,0.0,1.0,0.0,0.0,0.0,0.0,1.0
35.6,Female,48.6,1.53,20.74,24.4,192.1,113.6,59.9,1.06,370.5,4.7,1.0,2.8,Muscle Gain,Strength,1.0,1.0,1.0,0.0,0.0,0.0,0.0
47.1,Male,67.5,1.63,25.42,23.7,175.7,141.5,75.2,1.26,571.7,3.3,1.0,3.11,Muscle Gain,Functional,,,,,,,
25.0,Male,113.3,1.75,37.0,22.1,187.0,155.0,74.0,1.44,564.0,3.0,2.0,1.6,Muscle Gain,Strength,1.0,1.0,1.0,0.0,0.0,0.0,1.0
31.0,Male,60.7,1.62,23.13,31.2,198.0,120.0,71.0,1.35,967.0,4.0,2.0,3.2,Muscle Gain,Strength,1.0,1.0,1.0,1.0,1.0,0.0,1.0
18.0,Female,59.9,1.76,19.34,24.3,179.0,169.0,66.0,1.26,1024.0,3.0,1.0,2.1,Weight Loss,Cardio,0.0,0.0,0.0,0.0,1.0,0.0,1.0
25.7,Female,62.8,1.63,23.74,24.0,186.1,120.2,67.4,0.87,254.1,4.8,1.0,2.9,Muscle Gain,Strength,1.0,0.0,0.0,0.0,0.0,1.0,1.0
42.6,Male,54.5,1.78,17.31,10.8,185.1,90.3,55.9,1.39,182.8,2.6,3.0,2.1,Stress Relief,Yoga,0.0,0.0,0.0,0.0,0.0,1.0,1.0
31.2,Female,74.8,1.87,21.37,15.0,191.5,149.4,71.4,1.34,641.1,3.2,2.0,2.98,General Fitness,Strength,0.0,1.0,0.0,0.0,1.0,0.0,1.0
30.5,Female,77.6,1.58,31.24,35.1,189.2,106.7,59.1,1.05,407.4,4.4,2.0,2.3,General Fitness,Powerlifting,1.0,1.0,0.0,1.0,0.0,0.0,0.0
53.3,Male,93.2,1.73,31.16,16.8,174.1,140.4,65.0,1.28,838.4,4.2,3.0,3.43,Muscle Gain,Functional,,,,,,,
50.0,Male,98.6,1.54,41.58,,187.0,126.0,57.0,0.72,940.0,3.0,1.0,1.6,Strength,Strength,1.0,1.0,1.0,1.0,0.0,0.0,1.0
47.6,Male,48.1,1.8,14.81,14.9,170.1,141.9,66.4,1.21,444.1,3.1,2.0,3.04,General Fitness,Cardio,0.0,0.0,0.0,0.0,0.0,0.0,1.0
42.0,Female,67.7,1.82,20.44,15.0,199.0,125.0,55.0,0.76,1239.0,2.0,2.0,3.4,Weight Loss,Cardio,0.0,0.0,0.0,0.0,0.0,0.0,1.0
33.0,Male,49.7,1.82,15.0,32.2,179.0,169.0,71.0,1.55,968.0,4.0,3.0,3.6,Endurance,Cardio,0.0,0.0,0.0,0.0,0.0,0.0,1.0
18.6,Female,52.8,1.59,20.86,18.4,210.0,139.8,70.3,1.33,683.2,3.6,2.0,3.1,Muscle Gain,Functional,1.0,0.0,1.0,1.0,1.0,0.0,1.0
24.3,Female,54.8,1.58,21.88,16.6,186.4,141.4,55.2,0.68,340.3,4.2,1.0,2.7,Endurance,Cardio,0.0,0.0,0.0,1.0,0.0,0.0,1.0
20.9,Female,69.9,1.63,26.29,26.4,193.8,124.6,67.8,1.77,923.7,3.2,2.0,2.9,Muscle Gain,Strength,1.0,1.0,1.0,1.0,0.0,1.0,0.0
52.2,Female,61.4,1.49,27.77,20.1,166.7,144.3,64.0,1.16,871.2,3.9,2.0,3.4,Muscle Gain,Functional,0.0,1.0,0.0,1.0,1.0,1.0,1.0
28.2,Male,62.6,1.77,19.92,16.1,186.8,108.5,68.4,0.89,175.0,4.7,2.0,1.6,General Fitness,Yoga,0.0,0.0,0.0,0.0,1.0,1.0,1.0
30.4,Female,64.6,1.56,26.63,17.3,195.6,169.5,50.2,0.39,406.2,2.6,3.0,3.5,Weight Loss,HIIT,0.0,0.0,0.0,1.0,1.0,1.0,1.0
37.1,Female,57.0,1.6,22.27,23.4,192.7,142.5,53.2,1.13,565.9,4.5,2.0,3.7,General Fitness,Strength,0.0,1.0,1.0,0.0,0.0,0.0,1.0
50.2,Male,79.6,1.68,28.14,14.9,155.9,141.3,66.4,1.82,1349.0,3.5,1.0,4.4,Muscle Gain,Strength,1.0,1.0,1.0,1.0,0.0,1.0,1.0
41.4,Female,52.0,1.54,21.89,24.4,175.6,102.9,67.0,1.24,146.4,3.2,2.0,1.6,General Fitness,Yoga,0.0,0.0,0.0,0.0,1.0,0.0,1.0
24.0,Female,55.5,1.69,19.39,19.8,205.8,160.8,72.0,1.04,371.2,2.7,1.0,3.4,Muscle Gain,Strength,1.0,1.0,0.0,0.0,1.0,0.0,1.0
38.6,Male,59.4,1.86,17.2,17.9,176.5,153.3,59.5,1.54,657.8,3.4,2.0,3.75,Weight Loss,Cardio,1.0,0.0,0.0,0.0,0.0,0.0,1.0
43.0,Female,79.0,1.73,26.4,25.2,186.0,158.0,55.0,1.2,1146.0,4.0,2.0,3.6,General Fitness,Cardio,0.0,0.0,0.0,0.0,0.0,0.0,1.0
18.1,Male,60.9,1.65,22.23,15.6,186.8,100.1,65.8,0.54,89.7,4.5,3.0,2.3,General Fitness,Yoga,0.0,0.0,0.0,1.0,1.0,0.0,1.0
19.1,Male,45.0,2.05,10.71,8.3,198.2,184.9,61.8,0.7,339.5,3.3,2.0,2.29,Endurance,HIIT,0.0,0.0,0.0,1.0,0.0,0.0,1.0
59.0,Male,57.5,1.81,17.55,24.7,175.0,169.0,58.0,1.47,1349.0,5.0,2.0,2.5,Weight Loss,Cardio,0.0,0.0,1.0,0.0,0.0,1.0,1.0
26.9,Female,62.1,1.67,22.39,17.0,196.7,147.8,57.3,1.1,817.7,3.7,1.0,3.4,General Fitness,Cardio,0.0,0.0,0.0,0.0,0.0,0.0,1.0
28.1,Female,64.6,1.63,24.36,20.2,186.9,125.3,71.6,1.43,579.0,4.7,3.0,2.7,Muscle Gain,Strength,1.0,1.0,1.0,0.0,0.0,0.0,1.0
28.7,Female,45.0,1.8,13.89,19.5,186.0,147.2,73.1,1.44,412.8,3.2,1.0,3.39,Strength,Strength,0.0,1.0,1.0,1.0,1.0,0.0,0.0
44.5,Male,58.0,1.74,19.2,20.7,180.6,155.8,71.8,1.95,758.5,3.4,1.0,3.32,Weight Loss,Cardio,0.0,1.0,0.0,0.0,1.0,0.0,1.0
35.3,Female,74.8,1.58,29.84,28.9,194.0,106.2,56.1,2.39,1056.0,3.8,2.0,3.8,Strength,Powerlifting,0.0,1.0,1.0,0.0,0.0,0.0,0.0
54.3,Male,71.8,1.77,22.93,16.8,162.9,141.2,68.6,0.65,313.5,4.9,3.0,2.7,Athletic Performance,Functional,1.0,1.0,0.0,1.0,1.0,0.0,1.0
25.4,Male,94.7,1.81,29.0,24.5,200.0,124.1,59.7,2.12,1126.0,4.3,2.0,2.8,Muscle Gain,Powerlifting,1.0,1.0,0.0,0.0,1.0,0.0,0.0
29.3,Female,54.3,1.57,22.15,21.6,191.9,123.8,64.8,1.42,508.0,4.0,2.0,3.3,Strength,Strength,1.0,1.0,1.0,1.0,0.0,0.0,1.0
26.3,Male,68.6,1.65,25.3,13.7,185.4,142.5,60.1,1.45,1049.0,4.0,1.0,3.3,Muscle Gain,Functional,0.0,0.0,0.0,1.0,0.0,1.0,0.0
18.6,Male,61.3,1.66,22.16,14.1,210.0,129.8,70.1,1.4,663.6,4.8,2.0,1.8,Muscle Gain,Functional,0.0,1.0,0.0,1.0,1.0,1.0,1.0
27.0,Male,63.8,1.64,23.69,18.3,191.9,179.7,64.8,1.17,1020.2,3.5,3.0,4.2,Weight Loss,HIIT,0.0,0.0,1.0,1.0,1.0,1.0,1.0
36.3,Female,55.9,1.49,25.3,,187.4,125.9,74.2,1.48,449.4,4.1,2.0,2.7,Strength,Powerlifting,0.0,1.0,0.0,0.0,0.0,0.0,0.0
45.3,Female,80.7,1.58,32.22,29.6,185.8,104.5,67.8,1.76,653.9,3.8,2.0,1.8,Muscle Gain,Powerlifting,0.0,1.0,0.0,1.0,1.0,0.0,1.0
31.9,Female,71.3,1.61,27.68,25.6,179.3,142.2,72.6,0.64,374.8,4.4,1.0,3.0,General Fitness,Functional,1.0,0.0,1.0,1.0,0.0,1.0,1.0
31.1,Male,62.8,1.7,21.64,,198.5,150.3,70.7,1.88,857.7,5.1,3.0,3.26,Strength,Strength,1.0,1.0,1.0,1.0,0.0,0.0,1.0
21.3,Female,48.2,1.62,18.45,22.5,197.4,118.7,72.5,0.64,133.6,5.5,2.0,1.8,Stress Relief,Yoga,0.0,0.0,0.0,0.0,1.0,0.0,1.0
47.4,Male,68.6,1.5,30.63,29.0,175.2,138.3,66.9,1.79,771.1,1.4,2.0,3.24,Muscle Gain,Strength,1.0,1.0,1.0,0.0,1.0,0.0,0.0
54.5,Male,73.6,1.65,27.14,22.2,175.2,165.5,60.5,0.47,374.6,5.0,3.0,3.56,Weight Loss,HIIT,1.0,0.0,0.0,0.0,1.0,1.0,1.0
27.1,Male,65.4,1.74,21.72,12.7,186.9,163.9,54.2,0.53,536.9,3.4,2.0,2.6,Weight Loss,HIIT,0.0,1.0,0.0,0.0,0.0,1.0,1.0
25.5,Male,59.5,1.7,20.62,13.5,202.2,142.6,57.7,1.55,909.7,3.5,3.0,3.2,Weight Loss,Cardio,0.0,0.0,1.0,0.0,0.0,0.0,1.0
34.2,Male,63.2,1.74,20.82,24.9,179.8,140.3,70.2,1.49,620.5,1.8,1.0,3.1,Strength,Strength,1.0,0.0,1.0,1.0,0.0,1.0,0.0
35.1,Female,88.4,1.67,31.52,28.0,186.1,171.9,61.1,0.67,573.5,5.1,3.0,3.23,Weight Loss,HIIT,1.0,1.0,1.0,1.0,1.0,0.0,0.0
24.5,Male,74.1,1.58,29.88,30.8,191.2,182.3,54.6,0.96,749.1,4.7,3.0,2.63,Weight Loss,HIIT,1.0,0.0,0.0,0.0,1.0,0.0,1.0
36.3,Male,62.9,1.76,20.21,18.9,171.7,166.7,46.1,1.08,995.6,2.1,3.0,3.3,General Fitness,HIIT,0.0,0.0,1.0,1.0,0.0,0.0,0.0
51.6,Male,63.4,1.75,20.77,20.1,169.3,117.7,68.8,1.05,245.5,2.8,1.0,3.66,Flexibility,Yoga,0.0,0.0,0.0,0.0,1.0,0.0,1.0
45.0,Female,61.1,1.74,20.18,19.6,171.0,164.0,69.0,1.16,1019.0,3.0,1.0,2.8,Strength,Strength,1.0,1.0,1.0,1.0,0.0,0.0,0.0
28.6,Male,87.3,1.81,26.54,12.4,201.2,126.2,57.5,1.23,762.0,4.7,1.0,2.0,General Fitness,Strength,1.0,1.0,1.0,0.0,0.0,0.0,1.0
33.0,Female,55.4,1.6,21.64,30.6,185.0,144.0,67.0,2.0,1015.0,4.0,3.0,2.7,General Fitness,HIIT,1.0,0.0,1.0,1.0,0.0,0.0,1.0
36.2,Male,45.0,1.67,16.04,12.1,200.2,151.8,55.5,1.38,396.4,4.3,3.0,3.56,Muscle Gain,Strength,1.0,1.0,1.0,1.0,0.0,0.0,0.0
38.3,Male,45.3,1.73,15.11,19.6,191.3,159.8,76.3,1.48,518.3,2.5,1.0,3.19,Endurance,Cardio,1.0,0.0,0.0,0.0,0.0,0.0,1.0
38.0,Female,40.0,1.88,11.32,20.7,164.0,154.0,70.0,1.63,1109.0,2.0,2.0,1.7,Muscle Gain,Strength,0.0,0.0,1.0,0.0,0.0,1.0,1.0
43.0,Male,68.8,1.79,21.47,23.4,188.0,122.0,73.0,1.56,350.0,4.0,1.0,1.5,Weight Loss,HIIT,0.0,1.0,0.0,1.0,0.0,0.0,1.0
34.0,Female,83.2,1.64,30.93,22.9,171.0,164.0,69.0,1.19,1392.0,3.0,1.0,3.5,Muscle Gain,Strength,1.0,0.0,1.0,1.0,1.0,0.0,1.0
39.0,Male,129.9,1.81,39.65,14.9,190.0,140.0,74.0,1.89,820.9,2.0,3.0,2.5,General Fitness,HIIT,0.0,0.0,0.0,1.0,1.0,0.0,0.0
28.4,Female,63.6,1.77,20.36,18.0,200.9,180.3,55.4,0.35,219.2,3.9,3.0,2.85,Endurance,HIIT,0.0,0.0,1.0,1.0,1.0,0.0,1.0
38.6,Male,90.9,1.71,30.92,21.0,201.4,113.0,69.4,2.07,1256.9,3.5,2.0,3.2,Muscle Gain,Powerlifting,1.0,1.0,0.0,0.0,1.0,0.0,0.0
39.1,Male,90.3,1.87,25.69,13.5,184.1,163.0,49.7,0.54,862.4,3.9,2.0,3.3,Endurance,HIIT,1.0,1.0,1.0,1.0,0.0,0.0,1.0
51.6,Female,70.6,1.61,27.22,18.1,163.7,158.7,48.0,0.92,677.1,4.4,3.0,3.6,General Fitness,HIIT,1.0,0.0,1.0,1.0,1.0,0.0,0.0
29.0,Female,62.3,1.7,21.6,19.6,180.8,175.8,56.5,0.45,343.3,4.2,2.0,3.3,Endurance,HIIT,0.0,1.0,0.0,0.0,0.0,0.0,1.0
36.0,Female,82.5,1.66,29.94,11.2,166.0,134.0,50.0,0.95,640.0,5.0,2.0,3.4,Muscle Gain,Strength,1.0,1.0,1.0,1.0,0.0,1.0,0.0
28.0,Female,82.0,1.73,27.31,27.9,200.6,155.5,52.3,0.88,725.3,4.7,2.0,3.4,General Fitness,Functional,1.0,0.0,1.0,1.0,1.0,0.0,1.0
49.9,Male,78.9,1.63,29.73,28.8,168.8,148.1,67.6,1.36,839.4,2.6,1.0,3.2,Endurance,Cardio,0.0,1.0,0.0,0.0,1.0,0.0,1.0
19.0,Female,58.8,1.6,23.07,22.1,196.3,176.6,48.5,0.39,263.4,2.2,3.0,2.6,Weight Loss,HIIT,1.0,1.0,1.0,1.0,0.0,1.0,0.0
33.4,Female,42.7,1.48,19.48,,190.6,99.7,48.0,0.82,109.9,5.5,1.0,2.2,General Fitness,Yoga,0.0,0.0,0.0,0.0,1.0,0.0,1.0
45.7,Female,69.7,1.84,20.49,18.8,179.2,146.6,73.5,1.05,475.4,5.1,3.0,3.28,General Fitness,Strength,,,,,,,
26.0,Male,72.0,1.82,21.75,21.0,198.7,117.7,66.8,1.26,447.7,3.8,2.0,3.2,Muscle Gain,Strength,1.0,1.0,1.0,1.0,0.0,1.0,0.0
48.6,Female,61.6,1.62,23.41,20.6,166.9,141.6,70.6,1.0,626.0,3.6,2.0,3.4,Strength,Strength,1.0,1.0,0.0,0.0,1.0,0.0,1.0
19.2,Female,89.1,1.67,31.99,,200.7,170.5,69.0,1.61,1067.7,3.0,3.0,3.19,Weight Loss,Cardio,0.0,0.0,0.0,0.0,1.0,1.0,1.0
32.5,Female,59.4,1.57,24.09,24.1,192.7,142.6,71.7,1.18,621.9,3.9,3.0,2.8,Muscle Gain,Strength,1.0,1.0,1.0,0.0,0.0,0.0,0.0
36.5,Male,66.6,1.81,20.41,13.1,180.0,153.9,68.0,0.68,557.2,5.5,1.0,3.4,General Fitness,Cardio,0.0,0.0,0.0,0.0,0.0,0.0,1.0
58.2,Female,70.5,1.66,25.46,15.9,161.1,148.5,66.8,0.46,333.3,1.9,2.0,3.81,Weight Loss,HIIT,0.0,0.0,1.0,1.0,0.0,1.0,1.0
32.6,Female,82.3,1.69,28.75,22.2,197.4,139.5,64.3,0.84,452.5,3.0,3.0,3.0,Strength,Strength,1.0,1.0,0.0,1.0,0.0,0.0,1.0
29.8,Male,72.3,1.88,20.39,18.2,182.7,96.4,57.8,1.14,210.9,5.2,1.0,2.1,General Fitness,Yoga,0.0,0.0,0.0,0.0,1.0,1.0,1.0
50.1,Female,65.1,1.61,25.11,24.7,178.6,120.8,58.4,0.79,367.2,4.9,3.0,2.7,General Fitness,Strength,1.0,1.0,1.0,0.0,1.0,0.0,0.0
47.0,Male,65.6,1.77,20.94,23.1,190.0,154.0,54.0,1.59,413.0,2.0,2.0,3.6,Muscle Gain,Strength,1.0,1.0,1.0,0.0,1.0,0.0,1.0
43.7,Male,55.8,1.74,18.46,26.2,173.8,147.7,64.8,2.07,774.5,1.6,1.0,3.52,Endurance,Cardio,1.0,0.0,0.0,1.0,0.0,1.0,1.0
40.8,Female,80.0,1.61,30.84,27.5,187.2,152.4,69.0,1.25,722.0,2.4,2.0,3.07,General Fitness,Strength,,,,,,,
40.0,Female,95.3,1.86,27.55,10.0,171.0,130.0,67.0,1.46,796.0,4.0,1.0,2.0,Strength,Strength,1.0,0.0,0.0,0.0,0.0,1.0,0.0
46.5,Male,45.2,1.54,19.08,13.2,168.1,163.5,75.5,0.74,316.8,3.9,3.0,3.08,Endurance,HIIT,0.0,0.0,0.0,1.0,1.0,0.0,1.0
35.4,Female,53.0,1.66,19.31,14.8,187.2,145.1,58.5,1.09,439.8,5.6,1.0,2.5,Weight Loss,Cardio,0.0,0.0,0.0,0.0,0.0,0.0,1.0
52.2,Female,60.7,1.68,21.59,17.7,178.7,173.7,54.1,1.64,1225.7,4.7,3.0,3.7,Endurance,Cardio,0.0,0.0,0.0,0.0,1.0,0.0,1.0
21.9,Male,56.0,1.67,20.03,12.6,188.0,183.0,49.9,0.59,507.7,4.2,3.0,3.7,Endurance,HIIT,0.0,1.0,0.0,1.0,1.0,1.0,0.0
21.9,Male,73.0,1.86,21.19,14.6,203.6,152.7,69.1,1.05,794.8,3.7,1.0,3.2,Athletic Performance,Functional,0.0,1.0,0.0,1.0,1.0,0.0,1.0
35.5,Male,71.5,1.67,25.61,19.3,174.8,138.0,73.7,1.2,475.7,4.1,2.0,2.7,Muscle Gain,Strength,0.0,0.0,1.0,0.0,1.0,0.0,1.0
34.3,Female,66.9,1.55,27.97,27.9,177.6,121.4,62.1,0.8,322.1,3.3,1.0,2.4,Strength,Strength,1.0,0.0,1.0,1.0,0.0,1.0,1.0
61.4,Female,61.3,1.75,20.1,20.7,149.1,144.1,58.7,1.18,817.5,3.1,2.0,3.3,General Fitness,Cardio,0.0,0.0,0.0,0.0,0.0,0.0,1.0
25.0,Female,76.2,1.87,21.79,26.2,184.0,148.0,69.0,1.96,809.0,3.0,1.0,2.3,Weight Loss,HIIT,1.0,1.0,1.0,0.0,0.0,1.0,1.0
26.0,Male,82.0,1.73,27.44,30.6,199.5,168.5,70.1,1.76,1006.3,2.0,1.0,3.14,General Fitness,Cardio,0.0,0.0,0.0,0.0,0.0,0.0,1.0
47.6,Male,65.7,1.77,20.94,12.9,181.0,109.7,64.9,0.93,217.9,4.1,3.0,3.16,Stress Relief,Yoga,0.0,0.0,0.0,0.0,1.0,1.0,1.0
43.2,Female,74.5,1.78,23.47,22.7,178.2,137.6,70.5,1.44,678.0,3.5,3.0,3.22,General Fitness,Strength,0.0,1.0,1.0,0.0,0.0,0.0,0.0
38.9,Female,49.6,1.8,15.33,14.0,175.0,111.0,70.6,0.9,162.1,3.4,1.0,3.34,Stress Relief,Yoga,1.0,0.0,0.0,0.0,0.0,0.0,1.0
47.0,Male,77.9,1.76,25.15,34.0,164.0,139.0,59.0,1.29,1233.0,2.0,1.0,2.8,Endurance,Cardio,0.0,0.0,0.0,0.0,0.0,0.0,1.0
26.8,Female,75.8,1.65,27.85,18.5,208.6,180.1,47.6,1.04,1330.2,3.1,3.0,4.0,Weight Loss,HIIT,1.0,0.0,0.0,1.0,0.0,0.0,1.0
39.0,Female,66.3,1.61,25.59,25.8,183.2,110.2,63.0,1.34,247.6,4.6,3.0,1.8,General Fitness,Yoga,0.0,0.0,0.0,0.0,0.0,0.0,1.0
36.3,Female,64.7,1.7,22.34,16.5,181.1,166.5,57.5,1.7,1622.6,3.5,3.0,4.0,Endurance,Cardio,0.0,0.0,0.0,0.0,1.0,0.0,1.0
48.1,Male,78.6,1.81,23.86,21.5,168.0,128.5,65.8,1.33,699.1,3.6,2.0,3.24,Strength,Strength,1.0,1.0,1.0,1.0,0.0,1.0,1.0
26.0,Female,88.8,1.7,30.73,18.1,193.0,169.0,68.0,1.91,1145.0,2.0,2.0,3.7,Muscle Gain,Strength,1.0,1.0,1.0,0.0,0.0,0.0,0.0
22.5,Male,45.0,1.79,14.1,18.6,207.7,167.2,68.3,1.59,447.4,2.3,2.0,3.97,Muscle Gain,Strength,0.0,1.0,1.0,0.0,0.0,0.0,1.0
20.3,Male,61.7,1.63,23.34,13.6,193.8,157.3,56.5,1.1,519.9,3.8,1.0,3.6,General Fitness,Functional,1.0,1.0,1.0,1.0,1.0,1.0,0.0
31.3,Male,82.2,1.76,26.51,16.2,195.5,145.8,62.9,1.54,1626.8,3.8,3.0,3.1,Weight Loss,Cardio,0.0,0.0,0.0,0.0,0.0,0.0,1.0
37.0,Female,81.1,1.78,25.6,22.5,195.0,143.0,72.0,1.07,770.0,3.0,2.0,2.5,Endurance,HIIT,1.0,0.0,0.0,1.0,0.0,0.0,1.0
37.1,Female,60.9,1.68,21.66,20.3,195.2,157.7,51.6,0.85,851.0,4.5,2.0,2.6,Endurance,HIIT,0.0,0.0,0.0,0.0,1.0,0.0,1.0
35.9,Female,64.4,1.67,23.0,16.6,196.9,117.7,72.2,1.33,212.9,6.0,1.0,3.2,Flexibility,Yoga,0.0,0.0,0.0,0.0,1.0,0.0,1.0
27.1,Male,96.5,1.88,27.25,25.3,191.5,112.4,58.9,2.31,1489.9,3.2,3.0,3.1,Muscle Gain,Powerlifting,1.0,1.0,1.0,0.0,1.0,0.0,1.0
42.0,Female,77.0,1.63,28.98,29.2,185.0,136.0,68.0,1.07,1029.0,5.0,1.0,1.5,Endurance,Cardio,0.0,0.0,0.0,1.0,0.0,0.0,1.0
25.0,Male,83.0,1.75,27.06,12.4,206.5,143.0,65.5,0.83,410.5,4.8,3.0,2.3,Muscle Gain,Strength,0.0,1.0,1.0,1.0,0.0,0.0,1.0
34.5,Female,54.5,1.61,20.97,21.1,207.5,158.3,60.5,0.45,396.5,4.2,3.0,2.5,General Fitness,HIIT,1.0,0.0,0.0,1.0,0.0,1.0,1.0
22.6,Female,56.5,1.58,22.7,,197.7,150.5,49.4,0.48,414.3,4.5,2.0,2.7,Weight Loss,HIIT,1.0,1.0,1.0,1.0,1.0,0.0,0.0
21.2,Male,83.1,1.82,25.09,14.7,188.3,118.8,67.3,0.64,179.8,4.8,3.0,2.3,General Fitness,Yoga,0.0,0.0,0.0,0.0,0.0,1.0,1.0
28.5,Male,51.4,1.49,23.2,17.6,182.0,140.8,60.4,1.27,472.9,3.9,3.0,3.81,General Fitness,Functional,,,,,,,
36.2,Male,61.2,1.71,21.02,21.7,177.4,129.9,66.3,1.77,983.2,3.1,3.0,3.5,Muscle Gain,Strength,1.0,1.0,1.0,1.0,1.0,0.0,1.0
32.0,Male,85.2,1.9,23.57,10.6,181.5,160.5,45.6,0.69,524.7,2.6,3.0,2.7,General Fitness,HIIT,0.0,0.0,0.0,1.0,1.0,1.0,0.0
16.0,Female,57.0,1.5,25.44,24.5,199.9,190.8,60.2,0.55,307.3,2.3,2.0,2.97,Endurance,HIIT,1.0,0.0,1.0,1.0,0.0,1.0,1.0
36.9,Male,66.0,1.67,23.73,10.8,177.4,96.7,68.0,1.29,206.8,4.1,3.0,2.2,General Fitness,Yoga,0.0,0.0,0.0,1.0,1.0,0.0,1.0
25.5,Female,111.2,1.75,36.11,24.4,190.8,151.6,61.2,1.48,994.0,3.7,2.0,4.5,General Fitness,Strength,1.0,1.0,1.0,1.0,1.0,0.0,1.0
21.9,Female,54.3,1.63,20.33,18.0,193.7,155.9,46.2,0.54,330.0,3.6,3.0,2.8,General Fitness,HIIT,1.0,0.0,0.0,0.0,0.0,0.0,1.0
18.5,Male,72.7,1.74,24.04,21.8,193.0,114.0,56.1,1.61,504.9,3.8,3.0,3.1,Strength,Strength,1.0,1.0,1.0,1.0,0.0,1.0,0.0
27.0,Male,100.7,1.75,32.88,28.1,163.0,166.0,61.0,1.28,1159.0,3.0,1.0,3.7,Weight Loss,Cardio,1.0,0.0,1.0,0.0,0.0,0.0,1.0
50.5,Male,45.0,1.62,17.19,17.0,166.9,131.2,64.2,0.73,218.4,3.3,1.0,2.32,Muscle Gain,Strength,1.0,1.0,1.0,0.0,1.0,1.0,0.0
22.6,Female,52.5,1.51,23.02,15.5,191.5,150.6,54.1,1.23,683.3,5.0,3.0,4.0,Weight Loss,Cardio,1.0,0.0,0.0,1.0,0.0,0.0,1.0
31.6,Female,77.2,1.56,31.72,29.2,179.6,108.6,58.8,1.56,601.6,4.1,3.0,3.0,Muscle Gain,Powerlifting,0.0,1.0,0.0,1.0,0.0,0.0,0.0
27.3,Female,74.3,1.5,33.23,29.5,188.2,105.8,65.3,1.38,396.9,3.7,3.0,2.9,Muscle Gain,Powerlifting,1.0,1.0,0.0,0.0,1.0,0.0,1.0
33.1,Male,89.2,1.85,26.2,15.0,198.3,138.1,60.7,1.56,1391.2,4.5,2.0,3.5,General Fitness,Strength,1.0,0.0,1.0,1.0,0.0,1.0,0.0
37.6,Male,87.3,1.86,25.29,18.1,178.9,146.7,60.9,1.05,781.9,3.4,2.0,3.0,Muscle Gain,Functional,0.0,0.0,1.0,1.0,1.0,0.0,0.0
18.0,Female,53.8,1.7,18.62,31.4,197.0,120.0,69.0,1.01,1274.0,3.0,3.0,2.4,Strength,Strength,1.0,1.0,0.0,0.0,1.0,0.0,0.0
44.0,Female,87.5,1.88,24.76,26.9,173.0,132.0,66.0,1.21,1643.0,2.0,2.0,3.1,General Fitness,Strength,1.0,1.0,1.0,0.0,0.0,1.0,1.0
19.3,Female,53.2,1.56,21.78,20.2,204.0,136.3,69.2,1.48,652.5,4.8,2.0,2.6,Muscle Gain,Strength,1.0,0.0,0.0,0.0,1.0,0.0,0.0
40.0,Male,73.4,1.82,22.18,21.7,174.8,137.1,63.5,1.04,587.0,3.5,2.0,2.6,Strength,Strength,1.0,0.0,0.0,1.0,1.0,0.0,1.0
69.9,Male,80.5,1.77,25.83,16.9,140.0,100.8,56.7,1.44,193.6,5.7,2.0,2.5,Flexibility,Yoga,0.0,1.0,0.0,1.0,1.0,0.0,1.0
42.2,Female,75.5,1.72,25.6,23.2,178.7,140.4,68.4,1.45,1087.8,4.9,3.0,3.4,Athletic Performance,Functional,1.0,0.0,0.0,1.0,0.0,1.0,1.0
16.5,Male,80.5,1.91,22.03,31.7,191.8,143.4,64.7,1.21,571.2,3.7,2.0,2.85,General Fitness,Strength,1.0,1.0,0.0,1.0,0.0,0.0,0.0
16.0,Female,51.7,1.71,17.65,18.3,205.9,172.5,73.2,1.08,423.7,2.3,2.0,3.1,Endurance,Cardio,0.0,0.0,1.0,1.0,0.0,0.0,1.0
55.7,Male,54.3,1.64,20.22,17.1,170.9,100.2,52.1,0.52,79.7,2.8,1.0,2.5,Flexibility,Yoga,0.0,0.0,0.0,0.0,1.0,0.0,1.0
45.3,Female,59.4,1.73,19.78,16.3,180.5,94.4,56.0,1.44,141.6,2.3,2.0,2.5,General Fitness,Yoga,0.0,0.0,0.0,0.0,0.0,0.0,1.0
40.1,Male,76.1,1.61,29.21,38.9,175.5,109.4,66.8,0.87,238.6,1.9,1.0,3.04,Stress Relief,Yoga,0.0,0.0,0.0,0.0,0.0,0.0,1.0
21.7,Female,82.3,1.66,29.95,25.3,208.9,101.9,64.0,1.65,750.0,3.3,2.0,2.1,Muscle Gain,Powerlifting,1.0,1.0,0.0,0.0,0.0,0.0,1.0
28.0,Female,121.1,1.75,39.54,21.0,163.0,149.0,68.0,1.57,716.0,5.0,1.0,3.3,Strength,Strength,1.0,1.0,1.0,1.0,0.0,0.0,0.0
41.0,Female,117.7,1.67,42.2,26.2,189.0,123.0,58.0,2.0,1243.0,2.0,1.0,3.2,Muscle Gain,Strength,1.0,1.0,1.0,0.0,0.0,0.0,0.0
50.0,Female,61.5,1.57,24.95,22.5,199.0,139.0,71.0,0.95,798.0,4.0,2.0,3.5,Weight Loss,Cardio,1.0,0.0,0.0,1.0,1.0,1.0,1.0
28.9,Female,54.9,1.59,21.67,21.6,208.4,134.8,58.0,0.78,323.4,4.0,1.0,2.5,General Fitness,Strength,1.0,1.0,1.0,0.0,0.0,1.0,1.0
23.5,Female,68.4,1.63,25.87,23.1,189.3,122.9,55.6,2.5,1130.4,4.2,3.0,2.5,Muscle Gain,Powerlifting,0.0,1.0,1.0,0.0,1.0,0.0,1.0
33.2,Female,66.4,1.77,21.26,23.3,178.2,143.1,74.7,1.51,624.7,4.0,2.0,3.11,Muscle Gain,Strength,1.0,1.0,1.0,0.0,0.0,1.0,1.0
47.6,Male,84.6,1.74,28.04,26.0,173.1,133.5,64.6,0.86,447.0,2.0,2.0,3.35,Muscle Gain,Strength,0.0,1.0,1.0,0.0,1.0,1.0,0.0
47.0,Male,78.8,1.82,23.79,31.7,167.0,144.0,66.0,1.66,1163.0,4.0,2.0,2.8,General Fitness,Cardio,1.0,0.0,1.0,0.0,0.0,0.0,1.0
24.2,Male,80.6,1.73,26.93,21.5,194.1,153.1,68.9,1.29,1319.6,3.7,1.0,3.5,Athletic Performance,Functional,0.0,0.0,1.0,1.0,1.0,1.0,0.0
34.0,Female,61.0,1.69,21.36,23.6,190.0,159.0,63.0,0.99,1040.0,5.0,3.0,3.6,Weight Loss,Cardio,0.0,0.0,0.0,0.0,0.0,0.0,1.0
37.3,Female,72.3,1.58,28.85,25.9,170.9,116.4,71.0,1.81,834.0,3.5,3.0,3.0,Strength,Powerlifting,1.0,1.0,0.0,1.0,1.0,0.0,1.0
20.9,Male,59.4,1.73,19.8,18.2,184.8,143.2,71.6,0.67,238.0,3.2,2.0,2.63,Muscle Gain,Strength,1.0,1.0,1.0,1.0,0.0,0.0,1.0
40.8,Male,75.3,1.68,26.74,12.7,194.9,170.0,59.7,1.58,1167.6,4.4,2.0,3.9,Weight Loss,Cardio,1.0,0.0,0.0,1.0,0.0,0.0,1.0
18.0,Female,53.9,1.69,18.87,13.6,187.0,169.0,56.0,1.34,752.0,3.0,2.0,3.3,Muscle Gain,Strength,1.0,1.0,0.0,0.0,0.0,0.0,0.0
30.9,Male,93.8,1.83,28.03,21.9,196.4,134.6,63.2,1.71,1163.2,4.7,1.0,3.6,Strength,Strength,1.0,1.0,1.0,1.0,0.0,0.0,0.0
30.1,Male,72.7,1.88,20.54,15.6,188.1,145.6,77.7,0.75,432.7,4.4,2.0,3.1,Muscle Gain,Functional,1.0,0.0,0.0,1.0,0.0,1.0,1.0
27.3,Female,55.5,1.82,16.82,23.0,192.2,123.8,65.5,0.88,201.3,3.2,3.0,2.62,Flexibility,Yoga,0.0,0.0,0.0,0.0,1.0,0.0,1.0
42.5,Male,71.3,1.8,22.02,12.0,171.5,157.3,53.1,1.53,1392.6,3.6,1.0,4.2,Endurance,Cardio,0.0,0.0,0.0,1.0,0.0,0.0,1.0
46.8,Female,103.1,1.89,28.82,27.2,176.1,168.0,74.7,0.6,593.7,1.6,1.0,3.04,Weight Loss,HIIT,1.0,0.0,0.0,0.0,0.0,0.0,0.0
72.3,Female,89.7,1.93,24.16,29.7,147.4,115.7,68.9,0.97,574.7,1.0,1.0,2.94,Muscle Gain,Strength,1.0,1.0,1.0,0.0,0.0,0.0,1.0
37.0,Female,94.5,1.73,31.57,23.8,198.0,135.0,74.0,1.16,717.0,4.0,3.0,1.6,Muscle Gain,Strength,1.0,0.0,1.0,0.0,0.0,0.0,0.0
51.3,Male,85.2,1.89,23.8,16.7,167.2,162.2,51.5,1.4,1544.6,3.8,2.0,3.4,Weight Loss,Cardio,0.0,0.0,0.0,0.0,0.0,0.0,1.0
41.2,Male,57.1,1.69,20.08,10.3,187.6,148.8,52.6,1.0,471.0,3.9,3.0,2.5,General Fitness,Cardio,0.0,0.0,0.0,0.0,0.0,1.0,0.0
25.2,Female,64.5,1.65,23.78,26.2,197.8,151.3,51.6,1.01,488.9,4.7,3.0,3.7,Athletic Performance,Functional,0.0,0.0,1.0,1.0,0.0,1.0,1.0
46.6,Male,66.7,1.73,22.36,16.9,167.7,122.1,65.6,1.14,511.1,4.3,2.0,2.3,Muscle Gain,Powerlifting,1.0,1.0,1.0,0.0,0.0,0.0,0.0
26.1,Female,64.0,1.64,23.72,23.1,186.4,156.0,46.3,1.71,1393.7,5.6,3.0,3.2,Weight Loss,Cardio,1.0,0.0,0.0,0.0,0.0,0.0,1.0
53.7,Female,63.8,1.54,26.88,26.6,167.8,145.5,67.7,0.84,382.9,3.3,1.0,2.5,General Fitness,Functional,1.0,0.0,0.0,1.0,0.0,0.0,1.0
22.2,Female,67.6,1.6,26.48,20.3,195.2,143.1,45.0,0.97,653.3,4.3,3.0,3.4,Weight Loss,Cardio,0.0,1.0,0.0,0.0,0.0,1.0,1.0
61.4,Female,46.0,1.5,20.44,18.2,144.0,139.0,56.6,1.11,559.1,4.6,3.0,3.0,Weight Loss,Cardio,1.0,0.0,0.0,0.0,1.0,1.0,1.0
18.0,Female,64.0,1.51,28.07,26.7,176.0,129.0,74.0,1.18,992.0,5.0,3.0,3.4,Muscle Gain,Strength,1.0,1.0,1.0,1.0,0.0,0.0,1.0
18.0,Female,80.8,1.85,23.61,12.1,188.0,141.0,74.0,1.19,838.0,2.0,1.0,3.5,Strength,Strength,1.0,0.0,0.0,0.0,0.0,0.0,1.0
27.7,Male,103.1,1.8,31.67,21.0,189.0,106.1,64.1,2.11,982.1,4.5,2.0,3.1,Strength,Powerlifting,1.0,1.0,1.0,0.0,0.0,0.0,0.0
28.0,Male,75.7,1.85,22.12,29.7,160.0,157.0,64.0,1.59,1179.0,3.0,2.0,1.5,Strength,Strength,1.0,1.0,1.0,1.0,0.0,0.0,0.0
47.8,Male,76.6,1.73,25.64,16.8,167.5,162.5,51.5,0.32,420.2,4.3,3.0,2.6,General Fitness,HIIT,0.0,0.0,1.0,0.0,0.0,1.0,0.0
51.4,Male,66.2,1.76,21.33,17.2,161.4,142.7,55.6,0.7,401.4,3.8,3.0,2.6,Muscle Gain,Functional,1.0,1.0,0.0,1.0,1.0,1.0,0.0
55.1,Female,58.0,1.69,20.35,24.1,148.1,143.1,53.0,0.34,183.0,3.9,2.0,3.0,Endurance,HIIT,0.0,1.0,0.0,1.0,1.0,0.0,1.0
22.2,Male,63.9,1.76,20.56,15.0,210.0,95.6,68.0,0.64,74.3,3.4,1.0,2.0,Flexibility,Yoga,0.0,0.0,0.0,0.0,1.0,1.0,1.0
51.2,Male,54.0,1.64,19.95,8.9,160.3,155.3,54.4,0.74,602.4,4.0,2.0,3.8,Endurance,HIIT,0.0,0.0,1.0,1.0,1.0,1.0,1.0
66.9,Female,52.7,1.54,22.32,18.0,154.0,114.5,58.5,0.67,71.0,5.7,3.0,2.2,Flexibility,Yoga,0.0,0.0,0.0,0.0,1.0,1.0,1.0
37.0,Female,91.4,1.79,28.48,22.4,179.0,149.8,72.7,1.34,883.2,2.4,1.0,3.68,Endurance,Cardio,0.0,0.0,0.0,1.0,0.0,0.0,1.0
49.0,Male,60.2,1.62,22.94,23.4,162.0,155.0,72.0,1.11,1105.0,3.0,1.0,3.1,General Fitness,Strength,1.0,1.0,1.0,0.0,0.0,0.0,1.0
26.3,Female,63.5,1.54,26.85,22.0,196.4,151.4,58.8,0.74,653.6,3.3,3.0,2.5,Endurance,Cardio,0.0,0.0,0.0,0.0,0.0,0.0,1.0
36.3,Female,55.7,1.62,21.29,23.5,179.7,174.7,65.5,1.15,1243.2,4.9,3.0,3.5,Weight Loss,HIIT,0.0,0.0,0.0,1.0,1.0,0.0,1.0
69.2,Female,61.3,1.71,20.96,25.2,164.3,146.5,66.4,0.8,606.6,4.4,2.0,2.7,Athletic Performance,Functional,1.0,0.0,0.0,1.0,1.0,1.0,1.0
38.3,Female,63.8,1.63,24.03,17.2,159.7,154.7,52.7,0.68,473.9,4.7,3.0,2.3,Endurance,Cardio,0.0,0.0,1.0,1.0,1.0,1.0,1.0
64.2,Male,60.2,1.61,23.16,19.0,156.5,126.7,71.6,0.63,273.8,3.1,2.0,1.9,General Fitness,Functional,0.0,0.0,1.0,1.0,1.0,1.0,0.0
41.0,Female,45.0,1.84,13.36,17.4,169.8,139.6,70.5,1.12,303.6,4.7,3.0,2.44,Muscle Gain,Strength,0.0,1.0,0.0,0.0,0.0,0.0,1.0
42.6,Female,57.5,1.64,21.42,18.9,191.8,160.7,51.0,0.52,298.3,3.0,2.0,3.1,Endurance,HIIT,1.0,1.0,1.0,0.0,1.0,0.0,1.0
39.2,Female,65.2,1.73,21.84,26.9,182.8,117.0,66.4,1.31,297.1,1.5,2.0,3.01,General Fitness,Yoga,1.0,1.0,0.0,1.0,1.0,0.0,1.0
18.0,Male,79.2,1.66,28.74,18.1,176.0,154.0,72.0,1.58,1493.0,3.0,1.0,2.3,General Fitness,Strength,0.0,0.0,0.0,1.0,1.0,0.0,0.0
20.0,Male,92.8,2.0,23.2,24.3,195.0,154.0,58.0,1.44,676.0,4.0,2.0,,Muscle Gain,Strength,1.0,1.0,1.0,1.0,0.0,0.0,0.0
29.1,Female,61.0,1.55,25.44,18.2,183.5,164.8,64.7,0.5,362.3,5.0,3.0,3.2,Endurance,HIIT,0.0,0.0,1.0,1.0,0.0,1.0,1.0
54.0,Female,75.3,1.82,22.73,31.8,187.0,169.0,58.0,1.45,628.0,4.0,1.0,2.4,Endurance,Cardio,0.0,0.0,0.0,0.0,0.0,0.0,1.0
50.1,Male,71.6,1.85,20.88,,177.4,132.9,63.7,1.41,943.8,3.5,1.0,3.6,Muscle Gain,Strength,1.0,1.0,1.0,0.0,0.0,1.0,0.0
21.5,Male,56.5,1.69,19.71,11.7,200.9,160.8,46.6,1.04,954.0,4.0,2.0,3.2,Weight Loss,HIIT,0.0,0.0,0.0,1.0,1.0,0.0,0.0
21.0,Male,51.9,1.57,21.06,27.5,170.0,167.0,73.0,1.25,1082.0,3.0,2.0,1.6,Strength,Strength,1.0,1.0,1.0,1.0,0.0,1.0,1.0
38.0,Female,53.0,1.58,21.23,23.4,161.0,128.0,74.0,1.62,953.0,2.0,2.0,2.5,Weight Loss,HIIT,1.0,0.0,0.0,1.0,1.0,0.0,1.0
31.3,Female,69.2,1.66,25.15,15.6,195.2,151.5,47.0,0.64,636.5,4.6,2.0,3.2,Endurance,HIIT,0.0,0.0,0.0,1.0,1.0,1.0,1.0
30.0,Female,65.3,1.81,19.93,22.0,179.0,144.0,50.0,1.52,1144.0,2.0,2.0,1.5,Endurance,HIIT,1.0,0.0,0.0,0.0,1.0,0.0,1.0
33.6,Female,54.2,1.9,15.0,19.5,187.0,139.1,54.7,0.72,249.3,2.3,2.0,3.68,Strength,Strength,0.0,0.0,1.0,0.0,0.0,0.0,0.0
38.3,Male,69.7,1.74,23.02,9.2,187.3,170.5,66.3,1.73,1559.2,3.8,1.0,3.7,Endurance,Cardio,0.0,1.0,0.0,0.0,0.0,0.0,1.0
18.0,Male,54.9,1.74,18.13,24.3,187.0,131.0,74.0,0.93,597.0,3.0,3.0,3.2,Weight Loss,HIIT,0.0,1.0,0.0,1.0,0.0,0.0,1.0
58.3,Female,68.7,1.65,25.21,26.4,162.1,161.1,70.5,0.63,489.4,3.2,2.0,3.94,Endurance,HIIT,0.0,0.0,1.0,0.0,1.0,0.0,1.0
18.0,Male,84.1,1.78,26.54,30.3,194.0,145.0,64.0,2.0,686.0,3.0,3.0,3.3,Endurance,Cardio,0.0,0.0,0.0,0.0,1.0,0.0,1.0
23.6,Female,87.9,1.72,29.77,26.7,194.8,129.5,65.9,1.22,742.0,4.0,3.0,2.6,Muscle Gain,Powerlifting,1.0,1.0,1.0,1.0,0.0,0.0,0.0
29.0,Male,77.2,1.89,21.61,25.6,192.0,152.0,58.0,2.0,858.0,3.0,2.0,3.2,Weight Loss,HIIT,0.0,0.0,0.0,1.0,1.0,0.0,1.0
33.1,Male,72.0,1.7,24.8,25.8,189.8,146.0,73.1,1.35,602.5,3.4,3.0,2.55,Muscle Gain,Strength,1.0,1.0,1.0,0.0,0.0,0.0,1.0
38.4,Male,77.3,1.86,22.37,14.9,175.8,115.7,74.8,1.03,425.9,4.0,2.0,2.3,General Fitness,Strength,1.0,1.0,1.0,0.0,0.0,0.0,0.0
49.3,Male,84.4,1.73,28.32,18.9,169.0,101.9,59.6,1.96,859.1,4.4,2.0,2.9,Muscle Gain,Powerlifting,1.0,1.0,0.0,0.0,0.0,1.0,0.0
35.9,Female,67.6,1.72,23.0,27.3,190.5,157.1,73.9,1.38,619.6,3.3,2.0,2.84,Muscle Gain,Functional,,,,,,,
36.1,Male,82.2,1.76,26.4,17.7,177.5,138.1,74.9,1.71,1274.5,4.4,2.0,2.4,Muscle Gain,Strength,0.0,1.0,1.0,1.0,1.0,1.0,0.0
25.9,Female,62.9,1.57,25.47,26.2,202.0,141.6,65.3,1.69,710.7,3.0,1.0,3.3,Muscle Gain,Strength,1.0,1.0,1.0,0.0,1.0,0.0,1.0
54.5,Male,57.3,1.65,21.11,23.4,164.5,129.0,77.4,0.93,298.3,2.6,1.0,3.05,Muscle Gain,Strength,1.0,1.0,1.0,1.0,0.0,0.0,1.0
27.3,Male,63.5,1.71,21.8,15.6,193.8,144.8,68.4,0.91,473.2,4.3,1.0,2.9,General Fitness,Functional,1.0,0.0,0.0,0.0,1.0,0.0,1.0
54.4,Female,54.3,1.67,19.5,19.8,149.0,144.0,61.7,0.34,219.4,3.8,2.0,2.2,Endurance,HIIT,0.0,0.0,0.0,1.0,1.0,0.0,1.0
18.0,Female,115.4,1.79,36.02,31.2,188.0,168.0,72.0,2.0,859.0,3.0,2.0,1.8,Muscle Gain,Strength,1.0,1.0,1.0,1.0,1.0,0.0,1.0
59.4,Male,83.1,1.79,25.95,19.1,149.5,115.5,57.4,1.07,230.9,3.7,2.0,2.2,Stress Relief,Yoga,0.0,0.0,0.0,0.0,0.0,0.0,1.0
16.0,Male,57.1,1.9,15.78,17.9,203.9,165.7,64.3,1.74,744.1,2.1,1.0,3.53,Weight Loss,Cardio,0.0,0.0,1.0,1.0,0.0,0.0,1.0
16.0,Male,89.0,1.82,26.83,20.4,210.0,194.0,55.7,0.59,566.7,3.0,2.0,3.12,Weight Loss,HIIT,0.0,0.0,1.0,1.0,1.0,0.0,0.0
27.8,Female,74.4,1.71,25.34,25.9,192.7,112.3,61.2,1.77,904.1,3.4,3.0,2.4,Strength,Powerlifting,1.0,1.0,0.0,0.0,1.0,0.0,1.0
52.0,Male,83.4,1.52,36.1,25.6,176.0,142.0,56.0,1.45,596.0,3.0,2.0,1.9,Weight Loss,HIIT,0.0,1.0,0.0,0.0,1.0,0.0,0.0
37.0,Female,55.1,1.64,20.52,18.5,190.2,139.5,61.3,1.06,345.4,5.0,3.0,3.2,Strength,Strength,1.0,0.0,1.0,1.0,0.0,1.0,0.0
34.3,Male,73.9,1.68,26.11,22.0,188.1,144.0,71.7,1.0,546.1,4.7,1.0,3.0,Muscle Gain,Strength,1.0,0.0,0.0,1.0,0.0,0.0,0.0
39.5,Male,80.6,1.83,24.06,13.3,181.7,140.9,75.6,1.08,800.0,3.6,1.0,2.5,Athletic Performance,Functional,1.0,0.0,0.0,1.0,0.0,0.0,1.0
38.8,Male,61.0,1.75,19.81,11.1,172.2,98.0,66.0,0.78,152.3,4.0,1.0,,Flexibility,Yoga,0.0,0.0,0.0,0.0,1.0,0.0,1.0
36.4,Female,86.9,1.74,28.81,27.3,180.5,156.9,74.0,1.47,971.8,2.7,1.0,3.24,Weight Loss,Cardio,0.0,0.0,0.0,0.0,0.0,1.0,1.0
30.2,Male,65.7,1.67,23.46,23.1,200.4,169.4,76.1,1.47,770.6,2.4,1.0,4.1,Weight Loss,Cardio,0.0,1.0,0.0,0.0,1.0,0.0,0.0
23.8,Male,76.8,1.65,28.11,15.6,172.1,132.1,58.2,0.96,418.4,4.9,3.0,2.4,General Fitness,Strength,1.0,1.0,1.0,0.0,1.0,0.0,1.0
23.0,Male,68.6,1.8,21.17,16.8,196.0,138.0,65.0,1.08,578.0,2.0,1.0,2.6,Muscle Gain,Strength,1.0,1.0,1.0,0.0,0.0,1.0,0.0
35.8,Male,67.8,1.8,21.03,18.1,196.1,166.7,67.7,0.58,415.6,2.6,3.0,3.5,Weight Loss,HIIT,0.0,1.0,0.0,1.0,0.0,0.0,1.0
37.3,Female,69.5,1.87,19.97,22.4,175.4,132.0,66.0,1.8,794.7,3.7,3.0,2.94,General Fitness,Strength,1.0,0.0,0.0,0.0,0.0,0.0,1.0
35.2,Male,78.6,1.82,23.64,8.6,176.1,154.5,55.3,0.61,785.6,2.3,2.0,2.4,Weight Loss,HIIT,1.0,0.0,1.0,1.0,0.0,0.0,1.0
26.9,Male,53.5,1.68,19.02,13.1,180.1,111.6,62.2,0.96,114.9,5.1,3.0,2.2,Stress Relief,Yoga,0.0,0.0,0.0,0.0,0.0,0.0,1.0
25.0,Male,65.3,1.77,20.9,21.7,190.5,155.2,66.4,1.31,611.5,3.8,2.0,3.26,Endurance,Cardio,0.0,0.0,0.0,0.0,0.0,0.0,1.0
18.2,Female,63.0,1.63,23.61,19.4,205.8,132.3,66.2,0.86,581.4,3.2,2.0,2.6,Athletic Performance,Functional,1.0,1.0,0.0,0.0,1.0,0.0,1.0
19.7,Female,62.3,1.62,23.66,21.0,193.1,131.7,56.8,1.04,500.1,4.1,3.0,3.1,Muscle Gain,Strength,1.0,1.0,0.0,0.0,0.0,1.0,1.0
39.4,Female,69.6,1.65,25.68,16.3,161.7,156.7,54.9,1.06,867.1,5.7,1.0,4.1,Endurance,Cardio,0.0,0.0,0.0,1.0,0.0,0.0,1.0
26.3,Female,70.8,1.64,26.38,21.0,200.9,147.2,56.1,1.22,966.3,3.5,2.0,2.7,General Fitness,Functional,1.0,0.0,0.0,1.0,1.0,1.0,1.0
50.0,Male,55.8,1.81,17.03,23.6,161.0,126.0,55.0,1.32,909.0,4.0,2.0,2.9,Strength,Strength,1.0,1.0,1.0,0.0,0.0,1.0,0.0
20.7,Male,78.1,1.82,23.59,12.8,193.0,179.9,60.5,0.61,764.4,3.1,2.0,3.6,Weight Loss,Cardio,0.0,0.0,1.0,0.0,0.0,0.0,1.0
37.5,Female,56.8,1.6,22.28,18.5,178.4,126.2,57.5,1.24,679.8,3.2,1.0,2.2,General Fitness,Functional,0.0,0.0,1.0,1.0,1.0,1.0,0.0
29.7,Female,45.0,1.83,13.4,20.5,184.3,146.1,72.1,1.31,365.7,2.5,1.0,2.89,Strength,Strength,1.0,1.0,1.0,0.0,0.0,1.0,1.0
39.0,Female,88.6,1.8,27.35,24.3,181.0,158.0,71.0,1.29,1296.0,4.0,1.0,2.8,Strength,Strength,0.0,1.0,0.0,1.0,0.0,0.0,1.0
26.0,Male,76.6,1.77,24.41,16.4,183.0,122.3,62.6,1.5,662.8,3.9,3.0,,Strength,Powerlifting,1.0,1.0,0.0,0.0,0.0,0.0,1.0
37.0,Female,40.0,1.59,15.82,24.5,190.0,161.0,70.0,1.16,670.0,4.0,2.0,3.3,Muscle Gain,Strength,1.0,1.0,0.0,0.0,1.0,0.0,1.0
33.0,Female,76.3,1.95,20.07,21.7,188.0,125.0,72.0,0.95,899.0,5.0,1.0,2.3,Muscle Gain,Strength,1.0,1.0,1.0,1.0,1.0,1.0,1.0
46.0,Male,40.7,1.66,14.77,27.2,190.0,169.0,58.0,0.92,760.0,5.0,2.0,3.5,Endurance,HIIT,1.0,1.0,0.0,1.0,0.0,0.0,1.0
39.4,Female,48.6,1.59,19.15,22.4,192.0,154.4,60.4,1.46,767.8,3.9,1.0,3.4,Athletic Performance,Functional,0.0,1.0,1.0,0.0,1.0,0.0,1.0
37.5,Female,61.1,1.5,27.25,26.4,175.6,143.7,64.5,1.37,612.2,4.1,1.0,3.8,Strength,Strength,1.0,1.0,1.0,0.0,0.0,0.0,0.0
23.8,Female,69.6,1.55,28.95,24.3,193.6,111.9,55.5,0.93,320.1,4.9,2.0,2.6,Muscle Gain,Strength,1.0,1.0,1.0,0.0,0.0,1.0,1.0
56.3,Male,75.7,1.88,21.36,19.5,174.6,147.1,67.1,1.4,1091.9,4.0,3.0,4.6,General Fitness,Functional,1.0,0.0,0.0,1.0,1.0,0.0,1.0
23.0,Male,82.8,1.78,26.13,11.9,191.8,163.8,58.9,0.66,853.5,4.2,2.0,3.5,Weight Loss,Cardio,1.0,0.0,0.0,0.0,0.0,0.0,1.0
21.0,Male,66.6,1.85,19.46,13.9,189.0,121.0,56.0,0.88,993.0,5.0,1.0,3.4,Weight Loss,HIIT,1.0,0.0,0.0,1.0,0.0,1.0,1.0
26.3,Male,60.2,1.71,20.55,19.0,198.2,148.2,63.8,0.85,579.6,3.3,2.0,3.5,Athletic Performance,Functional,0.0,0.0,0.0,1.0,0.0,0.0,0.0
33.5,Female,67.9,1.61,26.14,15.8,188.1,180.4,62.0,1.08,791.1,3.0,3.0,3.7,Endurance,HIIT,1.0,1.0,1.0,1.0,0.0,1.0,0.0
27.0,Male,83.5,1.67,29.94,25.8,162.0,129.0,65.0,1.48,1517.0,2.0,1.0,3.3,Muscle Gain,Strength,1.0,1.0,1.0,0.0,0.0,0.0,0.0
44.0,Female,78.5,1.76,25.4,21.7,174.7,139.4,66.4,2.12,1037.2,5.1,3.0,4.29,General Fitness,Strength,1.0,1.0,1.0,0.0,1.0,0.0,1.0
29.9,Male,103.7,1.86,29.89,27.0,180.1,114.8,60.5,1.72,653.1,3.6,2.0,2.1,General Fitness,Powerlifting,0.0,1.0,0.0,0.0,0.0,1.0,0.0
25.3,Male,99.2,1.75,32.46,26.3,193.5,114.0,63.6,1.4,671.4,4.7,3.0,2.4,Strength,Powerlifting,1.0,1.0,0.0,0.0,0.0,0.0,0.0
39.6,Male,93.6,1.63,35.18,34.9,180.1,151.5,62.0,1.42,921.0,2.3,1.0,3.74,Weight Loss,Cardio,0.0,0.0,0.0,1.0,0.0,0.0,1.0
28.1,Male,87.3,1.79,27.14,17.7,176.3,150.5,46.7,1.04,1015.1,5.6,2.0,2.7,Endurance,Cardio,0.0,0.0,0.0,0.0,0.0,1.0,1.0
21.1,Female,62.1,1.52,27.02,20.5,203.6,171.1,45.0,0.67,407.6,2.6,2.0,3.6,General Fitness,HIIT,0.0,0.0,0.0,0.0,1.0,0.0,1.0
41.1,Female,49.0,1.61,18.9,26.5,183.5,96.3,50.4,1.15,143.0,4.0,3.0,2.0,General Fitness,Yoga,0.0,0.0,1.0,0.0,0.0,0.0,1.0
25.3,Male,75.9,1.73,25.35,21.5,188.0,144.4,60.6,1.34,1027.3,3.0,2.0,2.5,Strength,Strength,1.0,1.0,0.0,1.0,0.0,0.0,1.0
38.1,Female,66.8,1.62,25.43,24.9,178.8,130.9,59.1,2.12,877.1,3.6,2.0,3.8,Muscle Gain,Powerlifting,1.0,1.0,0.0,0.0,0.0,1.0,1.0
34.9,Female,78.6,1.65,28.95,19.7,184.2,119.3,61.8,0.92,533.6,4.2,1.0,2.4,Muscle Gain,Strength,1.0,1.0,1.0,0.0,1.0,1.0,1.0
36.8,Female,61.4,1.63,23.12,26.7,185.4,102.9,65.8,1.31,341.9,3.3,3.0,1.5,Muscle Gain,Powerlifting,1.0,1.0,1.0,0.0,0.0,0.0,0.0
28.6,Male,52.5,1.61,20.29,14.8,192.9,159.3,52.2,0.87,749.1,3.3,2.0,3.7,Weight Loss,HIIT,0.0,0.0,0.0,0.0,0.0,1.0,1.0
29.6,Male,70.0,1.72,23.74,15.1,196.4,148.3,56.8,1.07,623.7,3.9,2.0,3.1,General Fitness,Functional,0.0,1.0,1.0,1.0,1.0,1.0,1.0
30.3,Female,45.0,1.59,17.82,25.6,193.7,162.6,66.0,0.69,229.8,1.7,1.0,2.32,Weight Loss,Cardio,0.0,0.0,1.0,1.0,1.0,1.0,1.0
27.0,Male,63.7,1.86,18.41,24.5,183.0,126.5,70.0,0.91,759.0,3.0,3.0,3.5,Muscle Gain,Strength,1.0,1.0,0.0,1.0,1.0,0.0,1.0
52.0,Female,81.0,1.62,30.86,25.4,178.0,146.0,53.0,1.44,1628.0,4.0,1.0,2.5,Muscle Gain,Strength,1.0,1.0,1.0,1.0,1.0,0.0,1.0
22.8,Female,65.2,1.56,26.71,23.6,209.1,143.3,60.4,1.64,793.6,3.9,1.0,3.3,Endurance,Cardio,0.0,1.0,0.0,0.0,0.0,0.0,0.0
26.7,Male,67.3,1.7,23.36,16.8,188.6,150.7,67.9,1.55,1216.6,5.5,2.0,3.5,General Fitness,Cardio,0.0,0.0,0.0,1.0,0.0,0.0,1.0
32.2,Female,47.4,1.57,19.34,18.5,202.5,164.7,57.2,0.93,642.4,3.9,2.0,3.9,Weight Loss,Cardio,0.0,0.0,1.0,0.0,1.0,0.0,1.0
24.9,Male,78.0,1.78,24.73,16.8,204.0,178.8,69.0,0.36,407.6,2.4,2.0,3.4,Weight Loss,HIIT,0.0,0.0,0.0,1.0,1.0,0.0,1.0
36.2,Male,67.0,1.7,23.25,27.2,181.9,111.0,66.2,1.77,632.3,3.6,3.0,2.8,General Fitness,Powerlifting,0.0,1.0,0.0,0.0,1.0,0.0,0.0
20.4,Female,57.2,1.6,22.41,20.5,199.6,149.9,54.6,1.71,975.5,4.7,2.0,3.6,Endurance,Cardio,0.0,1.0,0.0,1.0,0.0,0.0,1.0
67.8,Female,74.1,1.52,32.03,34.8,153.3,116.0,54.4,1.45,718.9,4.8,3.0,2.4,Muscle Gain,Powerlifting,0.0,1.0,0.0,0.0,0.0,0.0,0.0
41.0,Female,40.0,1.77,12.77,19.9,168.0,154.0,74.0,1.14,628.0,5.0,1.0,3.4,Endurance,HIIT,1.0,0.0,1.0,1.0,1.0,0.0,1.0
47.1,Female,62.2,1.58,24.9,27.3,172.7,140.1,56.8,1.3,707.5,4.0,3.0,3.1,Muscle Gain,Strength,1.0,0.0,1.0,0.0,0.0,0.0,0.0
36.0,Male,48.8,1.7,16.95,26.2,191.6,144.1,61.6,1.19,346.7,2.8,2.0,3.38,Muscle Gain,Strength,1.0,0.0,0.0,0.0,0.0,1.0,1.0
49.8,Male,68.4,1.76,22.2,15.8,175.2,124.0,70.3,0.77,347.2,4.9,3.0,1.9,Muscle Gain,Strength,1.0,1.0,1.0,0.0,0.0,0.0,1.0
26.6,Female,54.9,1.57,22.36,17.6,202.2,179.3,48.4,0.73,626.4,4.5,3.0,3.5,Endurance,Cardio,0.0,0.0,0.0,1.0,0.0,0.0,1.0
55.0,Female,51.9,1.64,19.3,22.8,171.0,150.0,68.0,1.05,1619.0,5.0,3.0,2.2,Muscle Gain,Strength,1.0,1.0,1.0,1.0,0.0,0.0,1.0
60.4,Male,57.0,1.66,20.72,13.0,166.0,142.2,55.1,0.83,342.8,3.0,2.0,3.4,Weight Loss,Cardio,0.0,0.0,0.0,0.0,0.0,0.0,1.0
23.0,Female,67.7,1.73,22.62,18.0,188.0,162.0,54.0,1.76,954.0,3.0,1.0,3.2,Strength,Strength,1.0,1.0,0.0,1.0,0.0,1.0,0.0
23.0,Male,64.3,1.58,25.76,22.0,160.0,123.0,62.0,1.02,1360.0,4.0,1.0,3.4,Muscle Gain,Strength,1.0,1.0,1.0,1.0,0.0,1.0,1.0
43.0,Female,70.6,1.71,24.14,27.1,193.0,148.0,54.0,1.28,725.0,3.0,1.0,3.6,Weight Loss,Cardio,0.0,0.0,0.0,0.0,0.0,0.0,1.0
51.4,Female,71.5,1.73,24.02,30.1,190.0,124.0,65.8,0.77,207.7,1.5,1.0,3.69,Stress Relief,Yoga,1.0,0.0,0.0,0.0,0.0,0.0,1.0
35.1,Female,66.0,1.58,26.54,20.5,184.0,179.0,58.2,0.87,623.9,3.3,2.0,3.2,Endurance,HIIT,0.0,0.0,0.0,0.0,1.0,0.0,1.0
30.0,Female,98.3,1.84,29.03,23.3,178.0,161.0,74.0,1.58,576.0,3.0,2.0,1.6,Weight Loss,HIIT,1.0,0.0,0.0,1.0,1.0,0.0,1.0
35.6,Male,79.9,1.73,26.78,15.0,180.9,118.2,67.1,0.94,226.9,4.0,3.0,2.7,General Fitness,Yoga,0.0,0.0,0.0,0.0,1.0,1.0,1.0
50.7,Female,49.6,1.49,22.24,17.0,185.0,141.8,60.0,0.94,555.7,4.8,3.0,2.2,Endurance,Cardio,0.0,0.0,0.0,0.0,1.0,0.0,1.0
40.9,Male,56.1,1.6,22.01,23.1,179.8,147.0,65.2,1.7,669.6,2.6,1.0,3.71,General Fitness,Strength,,,,,,,
20.3,Male,75.7,1.69,26.59,,200.4,161.9,61.5,1.06,794.1,3.3,2.0,3.8,General Fitness,HIIT,1.0,0.0,0.0,0.0,1.0,0.0,1.0
51.6,Male,73.9,1.72,24.95,12.6,165.4,140.8,55.1,0.72,471.9,5.2,2.0,3.3,Weight Loss,Cardio,0.0,0.0,0.0,0.0,0.0,0.0,1.0
35.3,Male,51.8,1.63,19.62,11.0,182.1,169.1,64.9,1.57,1196.1,5.0,3.0,3.5,Weight Loss,Cardio,1.0,0.0,0.0,0.0,0.0,0.0,0.0
21.2,Male,70.1,1.71,24.1,20.3,210.0,133.8,63.7,1.0,423.3,3.5,2.0,2.9,Muscle Gain,Strength,1.0,1.0,1.0,1.0,1.0,1.0,1.0
24.5,Male,79.6,1.8,24.52,,208.9,141.2,61.0,1.38,1084.5,4.0,3.0,3.4,Strength,Strength,1.0,1.0,1.0,0.0,1.0,0.0,0.0
40.7,Female,100.4,1.85,29.23,23.5,188.6,116.6,60.1,0.62,249.6,4.4,2.0,2.8,Flexibility,Yoga,1.0,0.0,0.0,0.0,1.0,0.0,1.0
51.0,Male,65.6,1.74,21.7,14.5,162.8,156.3,67.8,1.62,1104.1,4.2,3.0,3.5,Weight Loss,Cardio,0.0,0.0,1.0,0.0,1.0,0.0,1.0
26.0,Male,85.8,1.82,25.97,13.1,184.8,126.4,63.0,0.96,653.2,3.6,1.0,2.2,Muscle Gain,Functional,1.0,0.0,1.0,1.0,1.0,0.0,0.0
28.3,Female,63.8,1.61,24.46,21.9,196.1,168.5,51.8,1.19,1059.5,4.4,3.0,3.4,Endurance,Cardio,0.0,0.0,0.0,0.0,0.0,0.0,1.0
40.3,Female,56.2,1.45,26.72,26.2,186.2,149.7,65.1,1.55,561.5,4.7,2.0,3.04,General Fitness,Strength,,,,,,,
16.0,Female,45.0,1.75,14.71,14.4,202.0,196.1,63.4,1.11,520.8,3.5,1.0,3.5,Weight Loss,HIIT,0.0,0.0,0.0,1.0,1.0,0.0,1.0
41.5,Male,65.5,1.71,22.43,14.0,186.2,180.2,66.1,0.94,1251.9,4.0,3.0,4.2,Endurance,HIIT,0.0,0.0,0.0,1.0,1.0,1.0,1.0
58.6,Female,89.1,1.65,32.69,32.8,166.8,114.0,64.9,1.52,945.8,4.6,3.0,2.5,General Fitness,Powerlifting,1.0,1.0,0.0,1.0,0.0,0.0,0.0
37.5,Male,45.4,1.68,15.99,18.6,187.5,160.8,69.2,1.36,475.7,3.6,3.0,2.67,Weight Loss,Cardio,0.0,0.0,0.0,0.0,0.0,0.0,1.0
61.6,Male,76.2,1.75,24.96,12.5,168.5,163.5,58.7,0.95,768.4,3.2,3.0,3.2,General Fitness,HIIT,1.0,0.0,0.0,1.0,0.0,1.0,1.0
29.0,Male,83.7,1.8,25.83,16.0,190.0,149.0,74.0,1.43,1157.0,3.0,1.0,3.5,Weight Loss,Cardio,0.0,0.0,0.0,1.0,0.0,0.0,1.0
54.1,Male,97.9,1.91,26.97,17.3,161.7,143.3,57.6,0.87,583.1,5.1,2.0,2.7,Weight Loss,Cardio,0.0,0.0,0.0,0.0,1.0,0.0,1.0
38.4,Female,45.0,1.73,15.0,14.3,179.3,147.3,78.5,1.57,459.9,3.8,2.0,2.62,Muscle Gain,Strength,1.0,1.0,0.0,0.0,0.0,0.0,1.0
28.7,Male,99.7,1.79,31.13,20.1,194.3,120.1,62.7,2.41,1804.5,3.4,3.0,3.4,Strength,Powerlifting,0.0,1.0,1.0,0.0,0.0,0.0,1.0
38.7,Female,69.5,1.62,26.43,20.4,180.6,117.0,67.5,0.86,264.1,3.5,1.0,2.6,Strength,Strength,1.0,1.0,1.0,1.0,0.0,0.0,0.0
32.2,Female,79.8,1.66,29.08,26.9,188.7,148.6,75.4,1.58,772.6,2.1,2.0,3.53,Athletic Performance,Strength,,,,,,,
24.0,Female,91.8,1.82,27.71,16.1,171.0,140.0,52.0,2.0,1065.0,4.0,2.0,2.7,Muscle Gain,Strength,1.0,1.0,1.0,0.0,0.0,0.0,1.0
26.7,Female,61.6,1.6,23.98,25.8,190.3,135.5,68.1,1.12,660.0,3.7,3.0,2.5,General Fitness,Functional,1.0,0.0,1.0,0.0,0.0,0.0,0.0
28.8,Female,66.7,1.55,27.81,26.8,189.7,135.0,56.9,1.42,601.1,4.6,2.0,2.5,Muscle Gain,Functional,1.0,1.0,0.0,1.0,1.0,1.0,1.0
31.6,Female,60.2,1.65,22.22,25.1,201.7,181.3,54.5,0.82,1008.7,3.5,2.0,4.4,Weight Loss,HIIT,1.0,0.0,1.0,1.0,0.0,0.0,1.0
24.7,Female,68.7,1.6,26.97,20.8,185.2,157.2,69.3,0.71,596.5,4.6,1.0,2.8,Athletic Performance,Functional,1.0,1.0,0.0,1.0,1.0,1.0,1.0
60.7,Male,64.1,1.73,21.41,12.8,150.5,143.5,51.7,1.36,915.9,4.1,3.0,2.8,Muscle Gain,Strength,1.0,1.0,1.0,0.0,0.0,1.0,1.0
32.2,Female,49.9,1.57,20.15,21.2,195.2,119.2,72.7,0.73,151.3,2.7,1.0,2.9,General Fitness,Yoga,1.0,0.0,0.0,0.0,1.0,1.0,1.0
35.5,Male,70.3,1.85,20.63,11.6,187.3,145.1,47.8,0.72,475.0,3.1,1.0,2.3,Weight Loss,Cardio,0.0,0.0,0.0,0.0,1.0,0.0,1.0
20.7,Male,105.5,1.97,27.25,8.0,190.0,179.4,52.2,0.4,478.3,3.1,2.0,,Endurance,HIIT,1.0,0.0,0.0,1.0,1.0,1.0,1.0
36.9,Male,84.5,1.75,27.47,21.7,179.4,116.7,74.2,2.28,1148.2,3.2,2.0,3.1,General Fitness,Powerlifting,0.0,1.0,0.0,1.0,0.0,0.0,0.0
20.9,Female,68.8,1.69,24.03,23.4,210.0,136.4,60.7,1.26,679.2,4.2,2.0,2.5,Strength,Strength,1.0,0.0,1.0,0.0,0.0,0.0,0.0
32.7,Male,85.6,1.76,27.62,20.5,189.5,127.0,63.4,1.03,827.2,3.0,2.0,3.0,General Fitness,Functional,0.0,0.0,1.0,1.0,1.0,0.0,1.0
39.3,Male,61.8,1.69,21.65,14.7,189.3,136.8,68.7,1.88,910.1,3.7,1.0,3.3,Strength,Strength,1.0,1.0,0.0,0.0,0.0,0.0,0.0
16.0,Male,90.0,1.6,35.02,28.2,210.0,158.9,67.0,1.04,588.3,2.0,1.0,4.11,Strength,Strength,1.0,1.0,1.0,0.0,0.0,0.0,0.0
27.0,Female,73.5,1.92,19.94,14.2,168.0,155.0,50.0,1.18,1048.0,5.0,2.0,3.4,Muscle Gain,Strength,1.0,1.0,1.0,1.0,1.0,1.0,1.0
46.9,Female,61.8,1.64,22.87,24.8,176.9,140.9,56.4,1.11,703.1,3.4,3.0,2.9,Muscle Gain,Strength,1.0,1.0,1.0,0.0,0.0,0.0,0.0
34.0,Male,59.8,1.77,19.09,23.0,186.0,151.0,55.0,0.97,792.0,3.0,2.0,2.1,Muscle Gain,Strength,1.0,1.0,1.0,0.0,0.0,0.0,1.0
38.5,Female,43.6,1.58,17.43,19.6,193.9,110.6,71.8,0.58,81.7,3.6,2.0,2.0,Flexibility,Yoga,0.0,0.0,0.0,0.0,0.0,1.0,1.0
46.2,Male,82.9,1.67,29.69,31.8,174.3,169.0,62.1,0.35,303.4,4.4,2.0,3.26,Weight Loss,HIIT,1.0,0.0,1.0,1.0,1.0,1.0,1.0
24.3,Female,81.5,1.65,30.03,23.2,193.7,125.8,57.3,1.54,727.1,4.8,2.0,2.3,General Fitness,Strength,1.0,1.0,1.0,0.0,1.0,0.0,1.0
47.0,Female,93.3,1.73,31.17,15.1,184.0,123.0,62.0,1.45,998.0,4.0,2.0,1.7,Strength,Strength,1.0,0.0,1.0,0.0,0.0,0.0,1.0
55.0,Male,64.4,1.76,20.79,26.7,163.0,144.0,74.0,1.48,717.0,2.0,3.0,1.7,General Fitness,Cardio,0.0,0.0,1.0,0.0,0.0,0.0,1.0
53.7,Male,85.1,1.85,24.87,16.7,174.6,139.9,53.9,1.04,624.6,4.9,3.0,3.03,General Fitness,Strength,,,,,,,
25.3,Male,82.6,1.84,24.47,14.7,210.0,158.8,61.1,1.49,1202.2,3.1,1.0,3.2,Endurance,Cardio,1.0,0.0,1.0,1.0,0.0,1.0,1.0
18.0,Male,91.1,1.7,31.52,33.7,181.0,137.0,68.0,1.03,826.0,2.0,2.0,3.5,Weight Loss,Cardio,0.0,1.0,0.0,1.0,1.0,0.0,1.0
27.1,Female,72.2,1.63,27.28,22.9,188.3,144.2,64.2,0.64,380.3,3.5,3.0,2.4,Athletic Performance,Functional,0.0,0.0,1.0,1.0,0.0,0.0,1.0
27.3,Female,64.7,1.61,24.99,,194.4,95.7,54.6,0.59,83.1,3.0,3.0,1.6,Stress Relief,Yoga,0.0,0.0,0.0,1.0,1.0,1.0,1.0
25.1,Female,84.3,1.78,26.54,27.5,181.7,151.4,54.6,1.34,1307.8,3.0,3.0,3.6,General Fitness,Functional,1.0,0.0,1.0,1.0,1.0,1.0,1.0
24.1,Male,79.1,1.75,25.89,18.1,207.6,132.7,64.0,1.64,594.5,4.6,3.0,2.5,Strength,Powerlifting,0.0,1.0,0.0,0.0,0.0,0.0,1.0
33.0,Male,69.5,1.75,22.69,32.4,178.0,131.0,74.0,1.51,1651.0,3.0,3.0,1.6,Muscle Gain,Strength,1.0,1.0,1.0,0.0,0.0,1.0,0.0
19.2,Female,53.4,1.51,23.51,24.1,195.8,153.4,51.0,1.4,554.4,4.0,2.0,3.3,General Fitness,Functional,0.0,0.0,1.0,1.0,1.0,1.0,1.0
36.5,Male,76.3,1.88,21.5,23.9,188.0,125.3,71.2,0.67,212.9,1.2,1.0,2.32,Stress Relief,Yoga,0.0,0.0,0.0,0.0,1.0,1.0,1.0
47.5,Male,77.7,1.73,25.86,20.7,169.8,114.0,65.1,1.4,607.6,3.3,2.0,2.8,General Fitness,Strength,1.0,1.0,1.0,0.0,1.0,0.0,1.0
37.7,Male,86.3,1.88,24.34,17.8,183.1,123.4,52.5,1.58,764.8,3.9,3.0,2.5,Strength,Strength,1.0,1.0,1.0,1.0,0.0,1.0,1.0
22.3,Female,72.7,1.67,26.06,24.2,200.1,110.1,78.5,1.59,679.1,4.6,3.0,,Muscle Gain,Strength,1.0,1.0,1.0,1.0,1.0,0.0,0.0
27.5,Male,73.6,1.76,23.72,14.9,191.8,123.6,55.5,1.88,746.4,3.0,1.0,3.4,Muscle Gain,Strength,1.0,1.0,0.0,1.0,0.0,0.0,1.0
42.4,Female,52.8,1.5,23.35,18.5,183.3,146.0,58.4,1.33,789.1,4.0,3.0,3.3,Athletic Performance,Functional,0.0,0.0,1.0,1.0,0.0,1.0,1.0
27.2,Female,63.1,1.63,23.67,23.1,196.5,157.8,55.2,0.98,834.4,3.9,1.0,3.5,Endurance,Cardio,0.0,0.0,0.0,0.0,0.0,0.0,1.0
22.1,Female,74.1,1.65,27.09,16.9,196.9,151.7,54.3,0.39,282.4,4.5,2.0,3.1,Weight Loss,HIIT,0.0,0.0,0.0,1.0,0.0,0.0,1.0
50.5,Female,57.2,1.7,19.77,27.4,174.4,158.5,59.3,1.04,694.8,3.6,1.0,3.1,Athletic Performance,Functional,1.0,0.0,1.0,1.0,1.0,1.0,1.0
36.5,Female,96.4,1.71,32.82,34.4,185.4,146.6,80.5,0.93,524.7,2.3,1.0,3.04,Muscle Gain,Strength,1.0,1.0,1.0,0.0,1.0,1.0,1.0
46.0,Female,57.2,1.56,23.65,25.9,158.3,125.3,50.9,1.18,401.9,4.5,3.0,2.8,Muscle Gain,Strength,1.0,1.0,1.0,1.0,0.0,0.0,0.0
67.3,Male,80.5,1.82,24.38,21.1,152.4,127.4,70.6,0.97,499.0,4.2,2.0,2.6,Muscle Gain,Strength,1.0,1.0,1.0,1.0,0.0,1.0,1.0
51.3,Male,61.7,1.75,20.09,9.9,153.6,148.6,53.8,0.7,568.8,3.9,3.0,2.4,General Fitness,HIIT,0.0,0.0,0.0,1.0,0.0,0.0,1.0
39.4,Female,57.4,1.68,20.29,27.6,184.8,122.6,54.4,1.3,637.3,4.0,3.0,2.9,Strength,Strength,1.0,1.0,0.0,1.0,0.0,0.0,1.0
18.4,Male,87.0,1.83,25.85,25.3,203.4,171.1,64.9,1.47,933.7,1.6,1.0,3.92,General Fitness,Cardio,1.0,0.0,0.0,1.0,0.0,0.0,1.0
39.4,Female,54.1,1.66,19.6,17.7,167.1,162.1,58.2,0.5,293.5,4.6,3.0,3.3,Endurance,HIIT,1.0,0.0,0.0,1.0,0.0,0.0,0.0
52.6,Female,47.1,1.5,20.94,21.9,175.8,113.0,72.5,0.95,330.1,3.1,1.0,2.2,Muscle Gain,Strength,1.0,1.0,1.0,0.0,1.0,0.0,1.0
42.9,Female,58.4,1.58,23.51,26.9,178.7,157.9,58.9,1.32,781.6,3.8,3.0,,Athletic Performance,Functional,0.0,0.0,1.0,1.0,0.0,1.0,1.0
19.0,Female,40.0,1.93,10.74,24.7,167.0,158.0,74.0,1.19,1265.0,4.0,3.0,2.6,Strength,Strength,1.0,1.0,1.0,0.0,0.0,1.0,1.0
28.9,Female,52.5,1.55,21.76,17.1,190.4,170.8,53.7,1.63,1314.4,3.6,3.0,3.6,General Fitness,Cardio,0.0,0.0,0.0,0.0,0.0,0.0,1.0
39.0,Female,66.8,1.61,25.93,26.2,183.5,174.0,79.1,0.57,390.9,2.2,1.0,2.74,Weight Loss,HIIT,1.0,1.0,0.0,1.0,1.0,0.0,1.0
36.1,Male,66.5,1.73,22.18,20.8,181.9,145.5,63.3,0.79,333.7,4.1,3.0,3.3,Strength,Strength,0.0,0.0,1.0,0.0,1.0,0.0,1.0
48.9,Male,94.5,1.75,30.69,14.2,173.9,122.5,67.0,1.21,729.6,4.8,2.0,1.8,Strength,Strength,1.0,1.0,1.0,0.0,1.0,1.0,0.0
54.7,Male,65.3,1.84,19.2,9.3,170.2,151.6,56.1,1.61,1056.2,5.7,3.0,,Weight Loss,Cardio,0.0,0.0,1.0,0.0,0.0,0.0,1.0
25.5,Male,65.0,1.72,21.94,9.0,197.9,143.0,52.3,0.9,408.4,5.7,3.0,2.7,Endurance,Cardio,1.0,0.0,0.0,1.0,0.0,0.0,1.0
39.7,Male,84.9,1.8,26.09,14.1,169.9,160.4,73.5,1.07,1348.0,4.5,3.0,3.0,Weight Loss,Cardio,0.0,0.0,0.0,1.0,0.0,0.0,1.0
32.0,Male,86.8,1.71,29.66,21.0,194.6,101.0,66.9,2.29,743.9,4.0,2.0,3.3,Muscle Gain,Powerlifting,0.0,1.0,0.0,0.0,0.0,0.0,0.0
21.7,Male,98.5,1.89,27.65,12.9,195.2,175.8,47.9,0.55,630.0,3.4,2.0,3.2,Endurance,Cardio,0.0,0.0,1.0,0.0,0.0,0.0,1.0
28.9,Female,59.8,1.61,23.1,20.8,190.5,154.6,67.3,1.44,906.2,4.6,1.0,3.4,Weight Loss,Cardio,0.0,0.0,0.0,0.0,1.0,0.0,0.0
30.0,Female,88.8,1.69,31.09,25.6,171.0,127.0,70.0,1.21,1097.0,3.0,1.0,3.4,Strength,Strength,1.0,1.0,1.0,1.0,1.0,0.0,0.0
35.3,Male,64.3,1.77,20.65,21.1,177.4,137.4,61.2,1.44,608.2,1.8,1.0,3.52,Strength,Strength,1.0,1.0,1.0,1.0,0.0,0.0,0.0
21.2,Male,69.8,1.74,23.11,17.0,192.9,176.1,45.9,0.52,331.6,4.1,2.0,3.7,Endurance,Cardio,0.0,0.0,0.0,0.0,0.0,0.0,1.0
32.8,Male,53.4,1.79,16.65,15.3,193.1,161.4,69.1,1.55,589.5,2.8,2.0,3.8,General Fitness,Strength,,,,,,,
18.0,Female,70.9,1.87,20.28,28.2,176.0,164.0,59.0,2.0,745.0,4.0,2.0,3.2,Endurance,HIIT,1.0,0.0,1.0,1.0,1.0,1.0,1.0
38.1,Female,65.3,1.5,28.99,29.5,187.2,116.2,64.7,1.83,455.6,3.5,3.0,2.9,Muscle Gain,Powerlifting,0.0,1.0,1.0,0.0,0.0,0.0,1.0
27.9,Male,70.1,1.65,25.82,18.4,192.3,147.0,53.3,1.08,926.9,3.4,1.0,2.8,Muscle Gain,Functional,0.0,1.0,0.0,1.0,1.0,1.0,1.0
52.0,Male,57.5,1.87,16.44,12.5,174.0,149.0,70.0,1.05,880.0,2.0,2.0,2.5,Strength,Strength,1.0,0.0,1.0,1.0,0.0,0.0,1.0
25.3,Female,68.0,1.62,25.75,23.8,198.2,97.8,69.7,0.5,112.8,5.3,3.0,2.0,Flexibility,Yoga,0.0,0.0,0.0,0.0,1.0,1.0,1.0
57.6,Male,120.2,1.89,33.61,27.0,162.2,113.1,56.0,1.18,571.2,3.5,3.0,2.5,Strength,Powerlifting,1.0,1.0,0.0,1.0,1.0,0.0,1.0
28.0,Male,51.9,1.65,19.12,16.9,194.6,108.5,68.6,1.33,269.0,4.3,2.0,2.6,Stress Relief,Yoga,0.0,0.0,0.0,0.0,1.0,0.0,1.0
44.6,Female,51.1,1.8,15.83,24.8,183.1,139.7,75.7,0.95,289.5,1.6,1.0,2.62,Muscle Gain,Strength,1.0,0.0,0.0,1.0,0.0,0.0,1.0
32.9,Male,61.3,1.74,20.29,8.6,169.8,163.9,48.6,1.35,669.4,4.8,3.0,3.8,Endurance,Cardio,0.0,0.0,0.0,0.0,1.0,0.0,1.0
24.5,Male,74.8,1.78,23.55,30.7,200.4,161.8,75.7,1.59,816.0,2.0,1.0,2.69,General Fitness,Functional,,,,,,,
31.8,Female,74.7,1.71,25.67,21.6,172.6,165.0,45.0,1.57,1723.9,4.4,1.0,3.8,Weight Loss,Cardio,0.0,0.0,0.0,0.0,0.0,0.0,1.0
33.7,Female,85.8,1.7,29.73,21.3,188.3,125.0,64.7,0.84,608.7,4.6,3.0,2.9,Strength,Strength,0.0,0.0,1.0,0.0,0.0,0.0,0.0
56.0,Male,42.6,1.61,16.43,23.0,190.0,161.0,60.0,1.24,1260.0,4.0,3.0,3.6,Weight Loss,HIIT,0.0,0.0,0.0,1.0,1.0,0.0,1.0
33.7,Female,54.4,1.64,20.32,23.3,179.6,113.1,56.3,1.49,619.7,4.1,1.0,2.5,Muscle Gain,Strength,1.0,1.0,1.0,0.0,1.0,0.0,0.0
25.9,Male,84.7,1.8,26.22,14.5,171.4,136.5,56.9,1.68,1137.3,4.1,3.0,3.5,Muscle Gain,Strength,1.0,1.0,1.0,0.0,0.0,1.0,0.0
27.5,Female,49.3,1.73,16.49,14.7,196.6,147.1,58.0,1.14,356.9,5.1,3.0,3.52,General Fitness,Strength,1.0,1.0,0.0,1.0,0.0,0.0,1.0
43.8,Female,65.5,1.63,24.54,18.2,184.5,140.5,53.2,0.83,710.0,5.0,1.0,3.3,Weight Loss,Cardio,0.0,0.0,0.0,0.0,0.0,0.0,1.0
36.5,Male,85.4,1.81,26.03,13.9,188.0,134.0,57.0,0.94,679.9,4.7,3.0,2.3,Athletic Performance,Functional,1.0,1.0,1.0,1.0,1.0,0.0,0.0
22.1,Female,52.4,1.5,23.26,22.5,192.9,170.2,65.0,1.15,430.1,2.2,2.0,3.39,Weight Loss,Cardio,0.0,0.0,0.0,0.0,0.0,0.0,1.0
35.2,Male,57.4,1.7,19.91,13.7,179.9,147.0,58.7,1.59,737.0,4.2,2.0,3.5,Endurance,Cardio,1.0,0.0,0.0,1.0,0.0,0.0,1.0
33.9,Male,64.8,1.72,21.86,17.0,188.0,126.1,71.9,1.5,851.0,4.6,3.0,2.6,Strength,Strength,1.0,1.0,1.0,0.0,0.0,0.0,0.0
18.0,Female,80.4,1.97,20.72,22.4,172.0,137.0,74.0,1.62,617.0,3.0,1.0,3.4,General Fitness,Strength,1.0,1.0,1.0,1.0,0.0,0.0,0.0
53.0,Male,80.5,1.64,29.93,26.3,173.0,120.0,60.0,1.26,735.0,4.0,2.0,2.8,General Fitness,Strength,1.0,1.0,1.0,0.0,1.0,0.0,1.0
37.0,Female,40.0,1.81,12.21,15.4,164.0,139.0,62.0,1.35,658.0,4.0,1.0,2.8,General Fitness,Strength,1.0,1.0,1.0,1.0,0.0,0.0,0.0
43.5,Female,102.7,1.85,29.96,32.0,168.6,155.9,73.7,0.64,686.1,1.9,1.0,3.09,Weight Loss,HIIT,0.0,1.0,0.0,1.0,0.0,0.0,1.0
34.3,Female,59.6,1.62,22.68,18.7,180.2,175.2,67.4,1.14,1169.3,3.6,3.0,3.6,Weight Loss,Cardio,0.0,0.0,0.0,0.0,0.0,0.0,0.0
40.9,Male,60.2,1.55,25.04,12.3,164.2,116.3,59.5,1.78,578.8,4.7,2.0,3.1,Muscle Gain,Strength,1.0,0.0,1.0,0.0,0.0,1.0,1.0
58.0,Female,78.3,1.52,33.89,30.5,176.0,123.0,74.0,1.49,1063.0,3.0,2.0,3.4,Weight Loss,Cardio,0.0,0.0,1.0,1.0,0.0,0.0,0.0
17.5,Male,85.5,1.75,27.97,21.8,199.5,123.3,62.0,0.83,270.3,2.2,1.0,3.21,General Fitness,Yoga,0.0,0.0,1.0,0.0,0.0,0.0,1.0
53.6,Female,67.4,1.7,23.45,22.9,169.5,159.9,73.6,1.62,1717.6,4.6,1.0,3.6,Weight Loss,Cardio,0.0,0.0,0.0,1.0,0.0,0.0,1.0
51.0,Female,87.1,1.77,27.8,21.1,185.0,126.0,60.0,1.46,990.0,2.0,1.0,3.4,Weight Loss,Cardio,0.0,0.0,0.0,0.0,0.0,0.0,1.0
21.0,Male,69.5,1.54,29.31,27.9,167.0,158.0,72.0,1.28,1044.0,2.0,2.0,2.9,Strength,Strength,1.0,1.0,1.0,0.0,1.0,0.0,1.0
41.1,Male,65.3,1.83,19.51,20.8,188.5,159.3,69.5,0.8,720.6,4.5,3.0,3.7,General Fitness,Functional,1.0,0.0,0.0,1.0,0.0,1.0,1.0
54.0,Male,70.9,1.7,24.53,29.4,175.0,131.0,74.0,1.5,750.0,4.0,2.0,3.7,Endurance,HIIT,1.0,0.0,1.0,0.0,0.0,0.0,1.0
52.5,Female,53.5,1.67,19.19,23.0,175.6,145.4,67.2,0.84,477.7,4.0,2.0,3.2,Muscle Gain,Functional,1.0,0.0,1.0,1.0,1.0,0.0,1.0
26.3,Female,63.5,1.47,29.32,18.2,190.4,124.5,61.4,1.21,657.1,3.4,3.0,3.1,Strength,Strength,1.0,1.0,1.0,1.0,0.0,0.0,1.0
16.0,Male,45.0,1.77,14.44,13.4,210.0,135.3,72.0,0.93,156.3,3.7,2.0,2.99,Flexibility,Yoga,0.0,0.0,0.0,0.0,0.0,0.0,1.0
32.8,Male,90.9,1.68,32.14,22.9,186.5,145.6,55.4,1.03,608.2,4.5,3.0,3.26,General Fitness,Strength,1.0,1.0,0.0,0.0,1.0,0.0,1.0
37.7,Female,68.3,1.69,23.79,23.2,188.2,95.5,72.2,0.87,173.8,2.1,1.0,2.3,Flexibility,Yoga,0.0,0.0,0.0,0.0,1.0,0.0,1.0
50.0,Female,57.4,1.68,20.44,18.6,169.4,90.6,84.5,0.84,117.7,4.6,1.0,1.5,Stress Relief,Yoga,0.0,0.0,0.0,0.0,1.0,0.0,1.0
36.8,Female,60.7,1.59,23.89,16.2,181.0,176.0,60.5,1.79,1781.3,4.2,2.0,4.1,General Fitness,Cardio,0.0,0.0,0.0,0.0,0.0,0.0,1.0
26.8,Female,60.2,1.6,23.47,18.8,194.0,188.0,65.7,0.51,410.1,2.6,2.0,4.1,Weight Loss,HIIT,0.0,0.0,0.0,1.0,0.0,0.0,1.0
25.0,Female,56.8,1.73,18.98,24.3,191.0,150.0,61.0,2.0,1183.0,3.0,1.0,1.7,Strength,Strength,1.0,1.0,1.0,0.0,0.0,0.0,1.0
24.9,Male,78.5,1.74,25.86,20.4,204.9,134.5,66.6,1.77,695.6,3.2,3.0,3.6,Muscle Gain,Powerlifting,1.0,1.0,0.0,1.0,0.0,0.0,0.0
24.9,Female,60.4,1.77,19.31,21.2,186.7,117.1,57.5,0.85,104.6,5.8,1.0,2.4,Stress Relief,Yoga,0.0,0.0,1.0,0.0,0.0,1.0,1.0
26.4,Female,68.1,1.5,30.38,31.0,188.5,140.2,63.1,1.03,432.6,2.3,1.0,3.62,Strength,Strength,1.0,1.0,0.0,0.0,0.0,1.0,1.0
26.4,Female,61.3,1.49,27.47,18.9,199.1,151.5,45.0,0.43,394.6,4.9,2.0,2.7,Weight Loss,HIIT,0.0,0.0,0.0,1.0,1.0,0.0,1.0
18.4,Male,77.3,1.68,27.3,21.8,207.5,146.6,51.1,1.36,994.2,4.2,2.0,3.4,Muscle Gain,Functional,1.0,0.0,1.0,1.0,1.0,1.0,1.0
29.3,Female,63.1,1.64,23.39,25.2,188.3,162.7,56.2,0.44,305.7,4.5,3.0,2.5,Endurance,HIIT,1.0,0.0,0.0,0.0,1.0,1.0,1.0
36.1,Male,88.8,1.88,25.25,17.1,179.2,138.5,69.6,1.4,1203.8,4.0,1.0,3.1,Strength,Strength,1.0,1.0,1.0,0.0,0.0,1.0,1.0
55.2,Male,61.8,1.75,20.1,13.5,177.1,165.5,55.2,1.67,962.1,4.5,1.0,4.3,General Fitness,Cardio,1.0,0.0,1.0,0.0,0.0,0.0,1.0
30.1,Male,66.2,1.67,23.69,31.0,186.8,156.2,49.8,1.89,971.0,1.7,2.0,2.86,Endurance,Cardio,0.0,1.0,0.0,1.0,0.0,0.0,1.0
41.9,Female,77.2,1.68,27.36,30.4,184.5,131.5,56.5,2.23,1328.5,4.7,3.0,2.8,Strength,Powerlifting,1.0,1.0,1.0,1.0,0.0,0.0,0.0
18.0,Male,40.0,1.7,13.84,26.8,190.0,120.0,64.0,1.33,1589.0,2.0,1.0,3.1,Muscle Gain,Strength,1.0,1.0,1.0,1.0,0.0,0.0,0.0
19.9,Male,67.0,1.63,25.15,25.2,192.0,109.3,60.0,1.45,458.0,4.6,3.0,2.9,Muscle Gain,Powerlifting,1.0,1.0,1.0,0.0,0.0,0.0,1.0
40.3,Male,64.8,1.68,23.04,17.7,173.9,168.9,59.3,1.19,1313.5,3.7,3.0,3.6,Endurance,HIIT,1.0,1.0,0.0,1.0,0.0,0.0,1.0
18.0,Male,57.6,1.74,19.02,15.0,172.0,120.0,74.0,1.46,635.0,2.0,3.0,3.2,Muscle Gain,Strength,1.0,1.0,1.0,0.0,0.0,1.0,1.0
47.4,Male,51.2,1.6,20.03,17.9,184.4,140.8,57.0,1.49,508.6,4.8,3.0,3.3,Strength,Strength,1.0,1.0,1.0,1.0,1.0,1.0,1.0
40.6,Male,57.0,1.57,23.23,23.7,171.6,144.8,56.6,1.26,513.2,6.0,3.0,3.02,Weight Loss,Cardio,0.0,0.0,0.0,1.0,0.0,0.0,1.0
29.2,Male,68.7,1.78,21.79,13.8,194.0,172.9,60.0,1.02,1154.9,5.0,3.0,3.3,Weight Loss,Cardio,0.0,0.0,0.0,1.0,0.0,1.0,0.0
18.3,Female,72.8,1.64,27.14,14.8,210.0,145.3,60.0,0.8,662.5,3.3,3.0,2.7,Weight Loss,Cardio,0.0,0.0,0.0,0.0,1.0,0.0,1.0
25.0,Male,54.8,1.71,18.67,13.3,184.3,110.3,53.7,0.65,82.7,5.5,1.0,1.7,Flexibility,Yoga,0.0,0.0,0.0,0.0,0.0,1.0,1.0
48.0,Female,77.7,1.76,25.08,28.4,181.0,156.0,53.0,2.0,1153.0,3.0,1.0,2.4,Endurance,Cardio,0.0,1.0,0.0,1.0,1.0,1.0,1.0
31.0,Female,55.0,1.6,21.48,20.6,172.0,164.0,53.0,1.85,1361.0,4.0,1.0,3.4,General Fitness,Strength,1.0,1.0,0.0,1.0,0.0,1.0,1.0
20.2,Female,65.6,1.66,23.83,30.0,193.1,125.5,62.9,1.14,562.6,4.2,3.0,2.9,Muscle Gain,Powerlifting,1.0,1.0,0.0,0.0,0.0,0.0,0.0
25.0,Female,50.4,1.65,18.49,16.8,198.9,179.8,67.4,0.34,166.6,2.1,1.0,2.69,Weight Loss,HIIT,1.0,1.0,1.0,1.0,0.0,0.0,1.0
27.0,Female,40.0,1.8,12.35,22.2,162.0,140.0,74.0,1.42,901.0,5.0,1.0,2.5,Endurance,HIIT,1.0,0.0,1.0,1.0,1.0,0.0,1.0
53.6,Female,65.7,1.63,24.63,29.0,176.6,130.4,57.9,1.07,354.0,4.8,2.0,2.2,Muscle Gain,Powerlifting,1.0,1.0,0.0,0.0,0.0,0.0,0.0
26.7,Male,80.3,1.88,22.83,8.0,194.3,185.7,75.2,1.04,1439.0,3.6,3.0,3.9,Weight Loss,HIIT,0.0,0.0,0.0,0.0,1.0,0.0,1.0
50.8,Male,79.4,1.7,27.32,12.3,173.0,164.5,47.9,1.3,1381.1,3.0,1.0,3.8,Weight Loss,Cardio,0.0,1.0,0.0,0.0,0.0,0.0,1.0
38.2,Male,95.1,1.8,29.23,18.3,176.0,105.4,69.5,1.67,1014.4,3.6,2.0,2.4,Muscle Gain,Powerlifting,0.0,1.0,1.0,1.0,0.0,0.0,0.0
37.1,Male,80.0,1.74,26.52,24.5,187.6,133.8,55.5,1.76,1250.2,3.6,3.0,2.8,Strength,Powerlifting,1.0,1.0,1.0,0.0,0.0,0.0,0.0
39.0,Male,84.8,1.85,24.8,16.7,183.0,136.3,58.9,1.81,1329.2,4.4,2.0,4.0,Muscle Gain,Strength,1.0,1.0,1.0,1.0,0.0,1.0,1.0
28.7,Male,72.0,1.74,23.77,9.9,198.9,154.4,62.2,1.18,954.7,2.7,3.0,2.7,General Fitness,HIIT,0.0,1.0,0.0,1.0,0.0,1.0,1.0
26.8,Female,72.1,1.7,25.0,24.2,196.1,143.9,64.6,1.32,769.3,3.0,1.0,3.1,Strength,Strength,1.0,1.0,1.0,0.0,1.0,0.0,0.0
38.8,Male,60.3,1.78,19.08,18.2,191.3,148.8,51.3,1.59,1048.0,5.0,2.0,3.6,Endurance,Cardio,0.0,0.0,1.0,0.0,0.0,0.0,1.0
24.6,Female,68.8,1.69,24.09,24.1,190.0,170.3,46.2,0.4,477.6,4.7,3.0,3.3,Weight Loss,HIIT,0.0,0.0,0.0,1.0,1.0,1.0,1.0
38.3,Male,77.4,1.82,23.45,15.9,189.5,131.8,52.0,1.43,760.6,4.6,3.0,2.5,Strength,Powerlifting,1.0,1.0,0.0,0.0,0.0,0.0,0.0
26.1,Female,49.0,1.54,20.75,18.3,192.0,187.0,51.4,0.56,386.2,2.7,3.0,3.8,Endurance,HIIT,0.0,0.0,0.0,1.0,0.0,0.0,1.0
28.0,Female,74.2,1.5,32.98,17.3,191.0,129.0,72.0,1.77,848.0,3.0,2.0,1.5,Strength,Strength,1.0,1.0,0.0,0.0,1.0,1.0,0.0
33.0,Female,104.5,1.63,39.12,35.2,187.6,123.8,68.2,0.59,205.7,2.3,1.0,3.88,Stress Relief,Yoga,0.0,0.0,0.0,0.0,1.0,0.0,1.0
52.1,Male,86.5,1.82,26.16,17.6,166.3,123.1,61.3,0.93,401.7,4.1,2.0,3.0,Muscle Gain,Strength,1.0,1.0,1.0,0.0,1.0,1.0,0.0
67.8,Female,74.9,1.66,27.22,20.3,159.8,154.8,55.3,1.29,1449.1,5.3,3.0,3.1,Weight Loss,Cardio,0.0,0.0,0.0,0.0,0.0,0.0,1.0
35.9,Female,77.7,1.87,22.24,20.7,196.3,164.6,67.5,1.97,1065.4,4.8,2.0,4.22,Endurance,Cardio,0.0,0.0,0.0,0.0,0.0,1.0,1.0
53.7,Male,68.4,1.59,27.0,24.2,164.9,133.8,63.8,1.57,819.0,4.2,3.0,2.9,Strength,Powerlifting,1.0,1.0,0.0,0.0,0.0,0.0,0.0
52.9,Female,71.7,1.63,26.96,24.1,158.7,142.4,73.9,0.94,689.5,3.3,2.0,3.0,Weight Loss,Cardio,0.0,1.0,0.0,0.0,1.0,0.0,1.0
27.6,Female,76.5,1.66,27.84,19.6,191.5,179.4,58.2,0.96,1142.1,3.6,2.0,3.5,General Fitness,Cardio,0.0,0.0,0.0,0.0,0.0,0.0,1.0
27.0,Female,80.0,1.86,23.12,25.1,177.0,153.0,74.0,0.9,886.0,2.0,1.0,1.6,Strength,Strength,1.0,1.0,1.0,0.0,0.0,1.0,0.0
50.4,Female,45.0,1.52,19.37,18.7,174.0,164.5,52.9,0.71,322.7,3.7,3.0,2.82,Weight Loss,HIIT,0.0,0.0,1.0,0.0,0.0,0.0,1.0
34.0,Female,65.9,1.74,21.77,30.5,195.0,169.0,73.0,2.0,1231.0,5.0,2.0,3.2,General Fitness,Strength,1.0,1.0,1.0,0.0,0.0,0.0,1.0
23.5,Female,65.7,1.55,27.2,24.8,194.9,143.2,74.1,1.06,619.1,3.4,3.0,3.1,General Fitness,Functional,0.0,0.0,1.0,1.0,0.0,1.0,1.0
32.9,Female,74.0,1.83,22.21,26.4,174.2,142.2,68.4,1.4,745.3,4.3,3.0,2.94,Endurance,Cardio,0.0,0.0,1.0,0.0,0.0,1.0,1.0
66.1,Female,68.7,1.64,25.47,21.5,147.3,135.4,77.4,0.41,209.0,4.7,3.0,2.9,Weight Loss,Cardio,0.0,0.0,0.0,0.0,0.0,0.0,0.0
35.8,Female,63.9,1.62,24.38,20.0,170.2,155.3,65.7,0.72,536.0,3.3,3.0,2.7,Endurance,Cardio,0.0,0.0,0.0,0.0,0.0,0.0,1.0
18.0,Female,92.0,1.79,28.71,14.4,199.0,169.0,56.0,1.77,1105.0,2.0,1.0,2.8,Muscle Gain,Strength,1.0,0.0,1.0,0.0,1.0,0.0,1.0
25.5,Female,71.2,1.7,24.74,28.1,205.8,123.9,60.9,2.27,743.4,3.2,3.0,3.3,Muscle Gain,Powerlifting,1.0,1.0,0.0,0.0,1.0,0.0,0.0
28.9,Male,61.8,1.75,20.2,10.3,195.2,156.7,50.2,0.62,456.4,4.7,2.0,2.4,Weight Loss,HIIT,1.0,1.0,0.0,1.0,0.0,0.0,1.0
36.9,Female,64.4,1.53,27.44,23.0,184.0,174.2,55.1,0.6,555.9,3.9,3.0,3.6,Endurance,Cardio,0.0,0.0,0.0,0.0,0.0,0.0,1.0
24.2,Female,57.9,1.5,25.61,26.4,198.8,116.9,65.6,1.15,343.2,4.2,3.0,2.5,Muscle Gain,Powerlifting,1.0,1.0,1.0,0.0,1.0,0.0,0.0
45.0,Female,40.0,1.59,15.82,15.3,199.0,144.0,70.0,1.2,820.9,3.0,3.0,2.8,Endurance,HIIT,1.0,0.0,0.0,0.0,0.0,1.0,1.0
20.3,Female,45.0,1.51,19.62,21.6,208.7,155.5,69.9,1.14,321.2,3.3,2.0,3.59,Muscle Gain,Strength,0.0,1.0,1.0,1.0,0.0,1.0,0.0
55.0,Female,98.6,1.6,38.52,22.1,197.0,167.0,74.0,1.16,802.0,4.0,2.0,2.9,Weight Loss,HIIT,1.0,0.0,0.0,0.0,1.0,0.0,0.0
38.0,Female,55.5,1.69,19.42,25.0,175.2,93.9,66.5,1.11,106.6,2.3,3.0,2.9,General Fitness,Yoga,0.0,0.0,0.0,0.0,1.0,0.0,1.0
58.2,Female,56.8,1.62,21.71,25.8,162.2,117.4,58.4,2.46,878.8,4.5,3.0,2.5,General Fitness,Powerlifting,1.0,1.0,1.0,1.0,0.0,0.0,1.0
36.6,Male,45.0,1.85,13.21,20.8,177.6,130.4,64.6,1.29,353.3,4.7,2.0,2.94,Muscle Gain,Strength,1.0,1.0,0.0,1.0,0.0,0.0,1.0
31.2,Female,65.0,1.6,25.27,21.0,192.3,134.4,74.1,1.33,768.9,4.3,3.0,3.3,Muscle Gain,Functional,1.0,0.0,0.0,1.0,1.0,0.0,1.0
44.0,Male,87.6,1.78,27.69,15.5,181.5,149.0,50.5,1.29,1542.4,3.5,2.0,3.5,Endurance,Cardio,0.0,0.0,0.0,0.0,0.0,0.0,1.0
66.2,Male,88.9,1.79,27.67,10.3,152.9,147.9,64.1,1.16,974.1,4.4,2.0,3.3,Weight Loss,HIIT,1.0,0.0,0.0,1.0,1.0,0.0,1.0
27.0,Male,85.3,1.85,24.92,,187.9,140.3,68.3,1.0,883.2,4.5,3.0,3.2,Athletic Performance,Functional,0.0,1.0,1.0,1.0,0.0,0.0,1.0
20.4,Male,66.0,1.78,20.85,16.1,186.9,145.0,82.9,0.92,494.0,3.5,3.0,3.2,Muscle Gain,Functional,1.0,0.0,0.0,1.0,1.0,0.0,1.0
37.2,Female,60.5,1.61,23.25,20.4,181.2,133.4,65.8,1.34,626.9,4.7,2.0,3.1,General Fitness,Strength,1.0,1.0,1.0,0.0,0.0,0.0,0.0
35.9,Male,69.1,1.9,19.07,8.2,182.0,163.6,51.3,1.04,1080.8,4.2,1.0,3.0,Weight Loss,Cardio,0.0,0.0,0.0,0.0,0.0,0.0,1.0
37.2,Female,68.2,1.67,24.47,18.5,177.7,120.2,67.3,1.39,621.0,4.4,2.0,1.8,Muscle Gain,Strength,1.0,1.0,1.0,0.0,0.0,0.0,1.0
44.9,Female,46.6,1.52,20.3,19.8,157.1,152.1,56.6,1.06,639.3,3.0,1.0,3.1,Weight Loss,Cardio,0.0,0.0,0.0,0.0,1.0,0.0,1.0
37.9,Male,45.0,2.01,11.15,16.4,188.5,151.3,74.1,1.21,387.1,1.6,1.0,3.41,Endurance,Cardio,0.0,0.0,0.0,0.0,1.0,0.0,0.0
34.0,Female,72.9,1.71,24.93,27.8,164.0,122.0,73.0,1.78,432.0,2.0,2.0,1.5,Weight Loss,HIIT,1.0,1.0,1.0,1.0,1.0,0.0,1.0
40.9,Female,48.0,1.63,18.05,10.7,180.2,173.7,63.9,0.67,352.4,4.1,3.0,2.38,Endurance,HIIT,0.0,0.0,0.0,1.0,1.0,0.0,1.0
26.1,Male,82.8,1.73,27.58,25.7,198.7,132.5,63.1,2.48,1028.4,4.0,2.0,3.0,Muscle Gain,Powerlifting,1.0,1.0,0.0,0.0,1.0,0.0,1.0
54.0,Female,82.0,1.63,30.74,27.3,167.8,118.5,64.1,1.69,615.1,4.8,3.0,3.4,General Fitness,Powerlifting,1.0,1.0,0.0,0.0,0.0,0.0,0.0
29.7,Female,78.5,1.6,30.58,26.9,190.9,123.4,61.2,1.43,866.9,4.0,3.0,2.4,General Fitness,Powerlifting,1.0,1.0,1.0,1.0,0.0,0.0,0.0
39.9,Male,68.2,1.75,22.25,19.1,167.8,162.8,65.1,0.45,273.0,4.5,3.0,2.9,Endurance,HIIT,0.0,1.0,0.0,0.0,0.0,0.0,1.0
40.0,Female,68.2,1.5,30.31,24.1,197.0,153.0,71.0,1.24,484.0,4.0,2.0,3.5,Endurance,Cardio,0.0,0.0,0.0,0.0,0.0,0.0,1.0
37.2,Male,84.2,1.78,26.64,14.5,177.9,159.6,47.5,1.14,1006.7,3.2,3.0,3.6,Weight Loss,Cardio,1.0,0.0,0.0,1.0,0.0,0.0,1.0
31.0,Female,68.7,1.6,26.78,20.8,176.8,140.5,65.1,1.48,984.4,5.6,1.0,3.8,Weight Loss,Cardio,0.0,0.0,1.0,1.0,1.0,1.0,1.0
18.0,Female,52.2,1.75,17.04,26.1,171.0,165.0,72.0,1.45,570.0,4.0,1.0,3.4,Muscle Gain,Strength,1.0,0.0,1.0,0.0,0.0,0.0,0.0
53.3,Female,70.0,1.53,29.99,18.5,181.4,137.2,67.4,1.26,627.4,4.5,3.0,3.0,Muscle Gain,Strength,1.0,1.0,1.0,1.0,1.0,1.0,1.0
34.0,Male,53.0,1.92,14.38,19.8,199.0,134.0,68.0,1.12,790.0,4.0,3.0,3.5,Muscle Gain,Strength,0.0,1.0,1.0,1.0,0.0,1.0,1.0
29.6,Male,76.2,1.76,24.64,15.3,198.0,172.1,60.9,0.64,570.4,5.0,1.0,3.8,Weight Loss,Cardio,0.0,0.0,0.0,1.0,0.0,1.0,1.0
46.6,Male,84.4,1.9,23.44,23.7,179.9,153.2,75.7,1.74,1054.0,3.0,1.0,3.69,Muscle Gain,Functional,,,,,,,
16.0,Male,51.1,1.84,15.11,23.2,199.2,164.5,61.5,0.71,242.9,1.7,1.0,3.15,General Fitness,Functional,,,,,,,
21.0,Female,59.7,1.65,21.93,35.0,191.0,138.0,68.0,0.95,539.0,4.0,2.0,3.2,General Fitness,HIIT,0.0,0.0,0.0,1.0,1.0,1.0,1.0
25.8,Male,55.7,1.69,19.53,13.3,195.6,146.9,45.0,1.04,506.2,3.3,3.0,3.4,Weight Loss,Cardio,0.0,0.0,0.0,0.0,0.0,0.0,1.0
36.0,Female,44.9,1.79,14.01,16.2,166.0,120.0,74.0,1.66,811.0,3.0,1.0,3.3,Weight Loss,HIIT,1.0,0.0,0.0,0.0,0.0,0.0,1.0
31.0,Female,52.7,1.92,14.29,13.8,192.8,149.5,77.7,1.63,541.8,2.5,1.0,4.06,Muscle Gain,Strength,0.0,0.0,1.0,1.0,0.0,1.0,0.0
37.7,Female,58.4,1.57,23.82,21.5,179.8,120.8,70.6,1.82,679.1,4.0,2.0,3.7,Muscle Gain,Strength,1.0,1.0,1.0,0.0,1.0,1.0,0.0
21.0,Female,61.4,1.65,22.66,23.6,200.0,141.1,71.7,1.6,949.2,3.9,3.0,3.2,Muscle Gain,Strength,1.0,0.0,1.0,0.0,0.0,0.0,1.0
18.0,Male,48.2,1.75,15.74,22.1,180.0,134.0,63.0,1.39,1053.0,4.0,1.0,2.2,Strength,Strength,1.0,0.0,1.0,1.0,1.0,1.0,1.0
27.9,Female,79.6,1.67,28.68,20.1,198.2,144.4,45.0,1.83,885.1,3.0,1.0,,Muscle Gain,Strength,1.0,1.0,1.0,1.0,0.0,0.0,1.0
63.4,Male,92.9,1.91,25.37,21.8,155.8,101.7,66.7,1.12,330.6,4.4,2.0,2.3,Muscle Gain,Powerlifting,1.0,1.0,0.0,0.0,1.0,1.0,1.0
26.9,Male,83.1,1.73,27.66,11.2,191.1,154.0,49.3,0.74,847.4,3.2,3.0,3.5,General Fitness,HIIT,1.0,1.0,0.0,0.0,1.0,0.0,0.0
24.0,Female,49.7,1.57,20.26,17.1,193.1,159.8,45.0,0.95,570.8,3.4,3.0,3.4,Weight Loss,HIIT,1.0,1.0,1.0,1.0,1.0,1.0,1.0
39.2,Male,82.1,1.78,25.89,12.3,171.4,111.9,70.5,1.21,615.7,4.0,1.0,2.8,Strength,Strength,1.0,1.0,1.0,0.0,0.0,0.0,0.0
43.0,Male,77.8,1.7,26.92,14.9,180.0,149.0,58.0,1.38,1643.0,5.0,1.0,2.8,Muscle Gain,Strength,1.0,1.0,1.0,1.0,0.0,0.0,1.0
50.7,Female,56.6,1.62,21.68,21.4,181.2,158.6,57.1,1.25,872.8,4.7,3.0,3.3,General Fitness,Functional,1.0,0.0,0.0,1.0,1.0,0.0,1.0
25.7,Male,97.7,1.93,26.14,14.2,204.6,126.6,70.6,1.39,1019.5,4.2,3.0,,Strength,Strength,1.0,1.0,1.0,0.0,0.0,1.0,1.0
36.5,Female,70.0,1.68,24.69,18.7,178.5,173.5,58.9,0.96,843.1,3.0,2.0,2.3,General Fitness,HIIT,0.0,0.0,0.0,1.0,0.0,0.0,1.0
25.3,Female,76.8,1.79,24.05,13.5,195.3,161.6,68.1,0.34,284.4,2.6,2.0,3.3,Weight Loss,HIIT,1.0,0.0,0.0,1.0,1.0,1.0,1.0
40.0,Male,61.0,1.89,17.08,27.4,196.0,123.0,71.0,1.45,625.0,3.0,1.0,3.6,Strength,Strength,1.0,1.0,0.0,0.0,0.0,0.0,1.0
31.1,Male,56.9,1.72,19.16,15.7,173.7,168.7,51.1,0.4,226.8,3.9,2.0,3.5,Endurance,HIIT,0.0,0.0,0.0,1.0,0.0,0.0,1.0
36.5,Male,76.2,1.68,27.15,15.3,182.1,166.1,45.0,0.99,840.7,2.5,2.0,3.7,General Fitness,HIIT,0.0,0.0,0.0,0.0,0.0,0.0,1.0
24.6,Male,60.9,1.7,21.14,10.8,200.2,104.0,72.3,0.75,95.4,3.7,2.0,2.5,Stress Relief,Yoga,1.0,0.0,0.0,1.0,1.0,0.0,1.0
26.4,Male,66.0,1.71,22.44,8.3,182.6,148.8,51.7,1.44,891.2,3.0,3.0,3.7,Endurance,Cardio,0.0,0.0,1.0,1.0,0.0,1.0,1.0
26.7,Male,73.6,1.73,24.58,12.4,195.2,120.2,67.3,1.79,806.9,4.5,2.0,3.1,Strength,Strength,0.0,1.0,1.0,0.0,0.0,1.0,1.0
35.7,Female,57.8,1.88,16.31,21.5,190.4,118.8,54.3,0.82,194.9,3.4,3.0,3.13,General Fitness,Yoga,0.0,1.0,0.0,0.0,1.0,0.0,1.0
40.3,Male,67.2,1.83,20.02,18.9,179.9,124.4,64.8,1.88,982.1,3.6,2.0,3.1,Muscle Gain,Strength,1.0,1.0,1.0,0.0,1.0,0.0,1.0
54.4,Male,75.5,1.66,27.54,17.1,167.5,152.1,63.9,0.56,452.0,3.9,2.0,3.1,Weight Loss,HIIT,0.0,0.0,0.0,1.0,0.0,0.0,1.0
35.0,Male,67.2,1.61,26.0,15.3,176.9,160.6,66.9,1.63,1266.3,3.9,3.0,3.9,Weight Loss,Cardio,0.0,1.0,0.0,0.0,0.0,1.0,1.0
17.8,Male,82.3,1.92,22.26,25.6,202.5,194.4,73.2,0.66,561.0,2.5,1.0,2.4,Endurance,HIIT,1.0,0.0,1.0,1.0,0.0,0.0,1.0
19.5,Male,77.8,1.93,20.98,19.3,208.0,129.0,58.3,1.08,628.6,3.2,2.0,2.7,General Fitness,Functional,1.0,0.0,1.0,1.0,1.0,0.0,1.0
58.2,Female,73.9,1.56,30.54,30.2,164.6,112.3,67.7,1.01,487.5,4.1,3.0,2.7,Muscle Gain,Powerlifting,0.0,1.0,0.0,0.0,1.0,0.0,0.0
28.7,Female,72.8,1.71,24.93,19.2,199.0,119.3,63.4,1.35,391.8,2.2,1.0,3.2,General Fitness,Yoga,0.0,0.0,0.0,0.0,0.0,1.0,1.0
24.6,Female,62.8,1.68,22.14,21.3,181.0,90.3,63.8,1.39,238.4,2.3,3.0,1.9,Stress Relief,Yoga,0.0,0.0,1.0,0.0,0.0,0.0,1.0
22.5,Female,57.5,1.64,21.35,15.1,191.2,148.4,64.2,1.04,336.5,3.7,2.0,3.17,Strength,Strength,1.0,1.0,1.0,1.0,0.0,0.0,0.0
54.0,Male,60.1,1.63,22.62,18.4,174.0,159.0,72.0,0.52,893.0,4.0,1.0,3.6,Weight Loss,Cardio,0.0,0.0,0.0,1.0,0.0,0.0,1.0
27.2,Female,61.8,1.59,24.4,18.4,189.3,152.3,53.9,0.78,662.3,4.7,3.0,2.2,Weight Loss,HIIT,0.0,0.0,1.0,1.0,0.0,0.0,1.0
50.5,Male,71.1,1.62,27.16,15.6,155.6,150.6,51.1,1.25,907.8,3.3,2.0,3.6,Weight Loss,Cardio,0.0,0.0,0.0,0.0,1.0,0.0,1.0
52.0,Male,88.0,1.87,25.17,32.2,180.0,128.0,74.0,1.44,1058.0,4.0,2.0,1.7,Strength,Strength,1.0,1.0,1.0,0.0,0.0,0.0,0.0
18.0,Male,81.0,1.64,30.12,21.7,175.0,169.0,74.0,1.99,878.0,2.0,3.0,1.5,Muscle Gain,Strength,1.0,0.0,1.0,0.0,0.0,1.0,0.0
39.8,Female,69.9,1.73,23.34,22.4,184.1,117.1,79.3,2.17,935.9,4.3,2.0,2.9,General Fitness,Powerlifting,1.0,1.0,0.0,0.0,0.0,0.0,1.0
53.0,Male,67.3,1.5,29.91,15.8,199.0,151.0,60.0,1.04,593.0,4.0,2.0,3.4,Weight Loss,HIIT,0.0,0.0,0.0,0.0,0.0,0.0,1.0
43.0,Male,88.5,1.72,29.91,23.6,185.0,131.0,67.0,1.48,1140.0,4.0,1.0,3.3,Weight Loss,Cardio,1.0,0.0,1.0,0.0,0.0,0.0,1.0
24.0,Male,54.0,1.71,18.47,29.0,191.0,169.0,71.0,1.23,730.0,2.0,2.0,2.7,Endurance,Cardio,0.0,0.0,0.0,0.0,1.0,0.0,1.0
36.6,Female,58.4,1.63,21.96,18.4,182.2,163.1,51.4,1.69,1397.2,4.8,1.0,2.7,Weight Loss,Cardio,0.0,0.0,0.0,1.0,0.0,0.0,1.0
26.3,Male,53.8,1.68,19.15,20.7,191.7,140.2,47.3,0.72,338.7,4.3,3.0,3.5,General Fitness,Functional,0.0,0.0,0.0,1.0,1.0,1.0,1.0
27.0,Male,66.1,1.78,20.87,22.9,194.3,187.2,73.6,0.71,456.3,4.5,2.0,3.5,General Fitness,HIIT,0.0,0.0,0.0,1.0,1.0,0.0,1.0
27.1,Male,75.8,1.78,23.9,13.1,188.5,155.9,63.9,1.18,1023.8,4.4,1.0,3.2,Muscle Gain,Functional,1.0,1.0,1.0,0.0,0.0,0.0,1.0
35.3,Female,57.5,1.64,21.35,25.6,187.2,139.5,66.6,1.7,591.1,3.8,3.0,1.9,Muscle Gain,Strength,1.0,1.0,1.0,1.0,0.0,1.0,1.0
28.1,Male,63.7,1.78,20.08,23.1,190.8,155.0,58.0,1.13,513.1,4.5,3.0,2.81,Endurance,Cardio,1.0,0.0,0.0,1.0,0.0,0.0,1.0
22.0,Male,80.6,1.71,27.56,31.0,176.0,139.0,60.0,2.0,957.0,4.0,2.0,2.4,Weight Loss,Cardio,0.0,0.0,0.0,0.0,0.0,0.0,1.0
58.0,Male,56.5,1.76,18.24,24.1,180.0,139.0,74.0,2.0,1396.0,2.0,2.0,3.4,Muscle Gain,Strength,0.0,1.0,1.0,0.0,1.0,0.0,0.0
28.7,Male,58.5,1.75,19.04,10.1,184.1,173.1,71.7,0.82,604.2,3.8,1.0,4.1,Weight Loss,Cardio,0.0,0.0,0.0,1.0,0.0,1.0,1.0
32.0,Female,69.5,1.65,25.53,29.8,192.0,140.0,52.0,1.71,1163.0,4.0,1.0,3.5,General Fitness,Cardio,1.0,0.0,1.0,0.0,0.0,0.0,1.0
38.8,Female,59.6,1.61,23.07,26.8,190.6,139.4,53.3,1.41,559.2,4.8,1.0,3.8,Muscle Gain,Functional,0.0,0.0,1.0,1.0,1.0,0.0,1.0
44.5,Female,48.5,1.54,20.36,15.7,160.4,155.4,53.0,0.85,539.5,2.2,3.0,2.5,Endurance,HIIT,0.0,0.0,0.0,1.0,0.0,0.0,1.0
51.1,Male,76.9,1.74,25.33,15.5,161.2,117.2,73.0,0.75,162.1,2.8,3.0,,General Fitness,Yoga,0.0,0.0,0.0,0.0,1.0,1.0,1.0
38.9,Male,64.4,1.77,20.6,16.0,191.6,136.6,68.5,1.02,361.7,3.9,2.0,3.0,Strength,Strength,1.0,1.0,1.0,0.0,0.0,0.0,1.0
54.6,Female,68.3,1.72,23.13,32.3,171.6,119.3,60.8,2.49,1019.2,4.5,3.0,3.4,Muscle Gain,Powerlifting,1.0,1.0,1.0,0.0,0.0,1.0,1.0
35.4,Female,52.2,1.51,22.86,18.8,183.6,178.2,54.4,0.97,564.5,4.8,2.0,4.2,Weight Loss,Cardio,0.0,1.0,0.0,0.0,0.0,0.0,1.0
38.0,Female,48.5,1.56,19.84,20.5,192.5,145.5,70.4,1.27,601.4,5.2,2.0,3.3,Weight Loss,Cardio,0.0,0.0,0.0,0.0,0.0,0.0,1.0
26.7,Female,68.8,1.58,27.59,17.4,186.7,158.0,46.9,0.9,550.7,4.0,2.0,3.0,Weight Loss,Cardio,0.0,0.0,0.0,0.0,0.0,0.0,1.0
39.0,Male,88.7,1.81,27.08,17.2,176.3,111.3,62.2,1.9,1185.0,3.3,3.0,3.0,Muscle Gain,Strength,1.0,0.0,1.0,0.0,0.0,0.0,0.0
29.7,Male,71.8,1.79,22.53,19.3,185.7,141.4,64.7,1.9,1290.0,3.8,2.0,3.5,Muscle Gain,Strength,1.0,1.0,1.0,1.0,0.0,0.0,1.0
40.0,Male,63.8,1.72,21.55,12.7,175.0,131.4,57.4,1.07,371.5,4.2,2.0,2.5,Muscle Gain,Strength,1.0,1.0,1.0,0.0,0.0,0.0,1.0
19.1,Female,43.1,1.53,18.47,19.5,177.3,95.4,62.1,1.4,121.5,5.7,3.0,2.2,Flexibility,Yoga,0.0,0.0,0.0,1.0,0.0,1.0,1.0
47.0,Female,74.7,1.77,23.84,22.1,195.0,130.0,68.0,1.93,1056.0,4.0,2.0,3.4,General Fitness,HIIT,0.0,1.0,0.0,0.0,0.0,0.0,0.0
35.0,Female,60.2,1.67,21.54,20.2,179.8,127.4,64.3,1.83,973.8,3.3,2.0,3.2,Muscle Gain,Strength,1.0,1.0,1.0,0.0,0.0,1.0,1.0
44.5,Female,50.9,1.85,14.93,13.4,163.4,103.6,64.7,0.85,146.8,2.6,2.0,3.86,Stress Relief,Yoga,0.0,0.0,0.0,0.0,1.0,0.0,1.0
19.6,Male,80.8,1.72,27.44,16.8,209.9,178.5,66.9,1.16,1862.5,2.1,3.0,4.0,Weight Loss,HIIT,0.0,1.0,0.0,0.0,1.0,0.0,1.0
16.0,Female,67.7,1.77,21.62,25.2,199.4,188.2,70.7,0.73,495.8,3.0,1.0,3.46,General Fitness,HIIT,1.0,0.0,0.0,1.0,1.0,0.0,0.0
35.5,Male,101.1,1.81,30.75,19.9,172.3,129.4,58.2,1.44,769.1,4.2,3.0,2.9,Strength,Powerlifting,0.0,1.0,1.0,0.0,1.0,0.0,0.0
46.3,Male,75.7,1.63,28.42,30.0,172.3,151.9,71.3,1.59,842.5,3.5,2.0,3.48,Endurance,Cardio,0.0,0.0,0.0,0.0,0.0,0.0,1.0
28.1,Female,53.4,1.65,19.64,,182.0,134.7,61.7,1.28,375.3,3.5,1.0,3.1,Muscle Gain,Strength,1.0,1.0,1.0,1.0,0.0,0.0,0.0
35.7,Female,50.1,1.53,21.48,19.1,191.2,110.2,69.4,0.82,223.0,3.8,3.0,1.8,Muscle Gain,Strength,1.0,0.0,0.0,1.0,0.0,1.0,1.0
35.0,Male,53.8,1.77,17.25,19.4,181.8,167.2,58.3,0.95,528.8,4.9,3.0,3.22,General Fitness,HIIT,0.0,0.0,0.0,0.0,1.0,0.0,0.0
29.0,Female,70.8,1.85,20.69,14.2,160.0,142.0,52.0,1.5,1624.0,2.0,3.0,3.5,Muscle Gain,Strength,1.0,0.0,1.0,1.0,1.0,0.0,1.0
29.0,Female,50.8,1.89,14.22,35.0,199.0,163.0,59.0,0.8,784.0,3.0,2.0,2.5,General Fitness,HIIT,0.0,0.0,0.0,0.0,1.0,1.0,1.0
29.1,Female,57.8,1.62,22.01,19.8,184.9,140.6,53.0,1.69,812.5,4.8,1.0,3.0,Endurance,Cardio,0.0,0.0,0.0,0.0,0.0,0.0,1.0
18.0,Female,58.4,1.87,16.7,26.9,167.0,168.0,74.0,1.42,1306.0,2.0,1.0,3.2,Weight Loss,Cardio,0.0,0.0,0.0,0.0,1.0,0.0,1.0
49.0,Female,43.6,1.68,15.45,27.6,170.0,124.0,73.0,0.94,739.0,4.0,2.0,3.5,Strength,Strength,0.0,1.0,1.0,1.0,0.0,1.0,1.0
18.0,Male,73.0,1.89,20.44,15.6,172.0,153.0,56.0,1.19,596.0,5.0,1.0,3.4,General Fitness,Cardio,0.0,0.0,0.0,0.0,0.0,0.0,1.0
31.3,Male,79.4,1.85,23.16,17.9,183.5,105.8,66.0,1.76,532.4,3.2,3.0,1.9,Strength,Powerlifting,0.0,1.0,0.0,0.0,0.0,0.0,1.0
44.8,Female,54.7,1.71,18.81,21.6,172.2,145.7,84.8,1.39,472.6,2.3,1.0,4.24,Strength,Strength,1.0,1.0,1.0,0.0,0.0,0.0,1.0
50.0,Male,46.8,1.77,14.94,17.0,180.0,128.0,70.0,1.4,803.0,4.0,1.0,3.3,Endurance,HIIT,1.0,0.0,0.0,1.0,1.0,1.0,1.0
25.1,Female,62.2,1.69,21.69,19.7,199.4,176.6,58.0,0.46,502.8,5.0,3.0,3.7,Weight Loss,HIIT,1.0,1.0,0.0,1.0,0.0,0.0,1.0
36.3,Male,108.1,1.96,28.08,18.5,192.0,116.2,68.3,1.97,1053.9,3.0,1.0,2.1,Muscle Gain,Strength,1.0,0.0,1.0,0.0,0.0,0.0,0.0
49.0,Female,77.9,1.76,25.24,25.2,181.3,166.5,72.8,0.75,622.2,3.2,1.0,3.09,General Fitness,HIIT,0.0,0.0,0.0,1.0,0.0,1.0,1.0
25.5,Female,69.9,1.58,27.85,16.9,194.7,168.8,48.4,0.7,781.3,4.4,3.0,2.5,Weight Loss,HIIT,0.0,0.0,0.0,1.0,1.0,0.0,1.0
19.1,Male,86.2,1.72,29.28,21.9,200.1,128.2,63.8,1.34,1006.5,3.1,2.0,2.3,Strength,Strength,1.0,1.0,0.0,0.0,0.0,0.0,1.0
28.5,Male,72.6,1.8,22.46,15.4,198.7,133.7,67.2,1.31,746.1,3.8,1.0,2.7,General Fitness,Functional,0.0,0.0,0.0,1.0,1.0,0.0,1.0
30.0,Male,101.6,1.73,33.95,22.1,190.0,133.0,56.0,1.38,1047.0,3.0,3.0,3.2,Endurance,Cardio,1.0,0.0,0.0,0.0,1.0,0.0,1.0
43.0,Female,65.2,1.97,16.8,23.2,184.0,121.0,72.0,1.1,594.0,3.0,2.0,2.8,Weight Loss,HIIT,0.0,1.0,0.0,1.0,0.0,0.0,1.0
52.3,Female,64.7,1.86,18.6,22.5,162.8,142.4,61.7,1.08,506.5,5.5,3.0,2.88,Weight Loss,Cardio,1.0,0.0,0.0,0.0,0.0,0.0,1.0
28.7,Female,64.4,1.58,25.69,16.8,192.2,92.1,56.7,1.15,121.3,2.4,2.0,2.4,Stress Relief,Yoga,0.0,0.0,0.0,0.0,1.0,0.0,1.0
21.2,Male,63.0,1.67,22.59,19.2,202.6,155.8,63.2,0.97,366.9,2.9,2.0,3.04,Strength,Strength,1.0,1.0,0.0,0.0,0.0,0.0,1.0
22.4,Female,60.3,1.54,25.49,19.6,200.8,174.2,45.0,0.72,766.5,3.2,2.0,3.4,Weight Loss,HIIT,1.0,1.0,1.0,1.0,0.0,1.0,1.0
18.7,Male,70.8,1.73,23.66,,183.6,127.6,67.4,1.25,531.5,4.3,3.0,2.7,General Fitness,Functional,1.0,0.0,1.0,1.0,1.0,0.0,1.0
53.0,Male,60.8,1.66,22.06,26.5,199.0,121.0,69.0,1.12,926.0,4.0,1.0,3.6,Strength,Strength,1.0,1.0,1.0,0.0,0.0,0.0,0.0
49.5,Female,63.9,1.69,22.43,21.8,169.1,159.5,55.0,1.19,986.3,4.8,3.0,3.2,Endurance,HIIT,0.0,0.0,0.0,0.0,1.0,0.0,0.0
67.5,Male,64.8,1.79,20.3,13.8,163.7,158.7,62.1,0.41,459.4,3.0,2.0,2.7,General Fitness,HIIT,1.0,0.0,1.0,1.0,1.0,0.0,0.0
22.0,Male,68.4,1.86,19.77,20.0,175.0,129.0,66.0,1.99,895.0,5.0,1.0,3.6,Weight Loss,Cardio,1.0,0.0,0.0,0.0,0.0,1.0,1.0
44.7,Male,78.8,1.68,27.92,18.1,178.4,119.6,63.4,0.9,562.1,3.2,2.0,1.9,Muscle Gain,Strength,1.0,1.0,1.0,0.0,0.0,0.0,0.0
30.5,Female,73.3,1.64,27.37,24.4,189.0,116.3,73.4,2.0,642.1,4.2,1.0,2.9,Muscle Gain,Strength,1.0,0.0,1.0,0.0,0.0,1.0,1.0
36.1,Female,57.5,1.57,23.22,24.9,184.3,127.6,69.4,1.51,574.8,3.9,2.0,3.6,Strength,Powerlifting,1.0,1.0,1.0,1.0,0.0,0.0,0.0
32.9,Male,53.4,1.66,19.32,17.3,192.9,128.2,70.0,0.86,178.5,3.1,2.0,3.39,Flexibility,Yoga,0.0,0.0,0.0,0.0,1.0,1.0,1.0
18.0,Female,66.8,1.62,25.45,30.2,161.0,169.0,74.0,1.57,1410.0,3.0,2.0,3.3,Weight Loss,HIIT,0.0,1.0,0.0,1.0,0.0,1.0,1.0
29.8,Female,81.1,1.56,33.3,33.2,202.6,126.5,70.3,2.26,907.9,3.5,2.0,4.1,Muscle Gain,Powerlifting,0.0,1.0,0.0,1.0,0.0,0.0,1.0
24.6,Female,64.4,1.61,24.89,22.6,186.6,152.0,65.9,0.83,511.9,4.2,1.0,2.9,General Fitness,Functional,1.0,0.0,1.0,1.0,1.0,1.0,0.0
33.9,Male,65.3,1.7,22.63,12.3,193.8,166.7,53.9,1.28,1288.1,4.8,3.0,3.5,Endurance,Cardio,0.0,0.0,0.0,1.0,0.0,0.0,1.0
24.8,Female,74.8,1.76,24.03,32.6,184.0,113.2,82.6,2.41,1036.5,3.8,2.0,3.2,Muscle Gain,Powerlifting,1.0,1.0,0.0,0.0,0.0,0.0,0.0
27.6,Female,64.4,1.53,27.44,24.1,189.9,166.5,69.5,1.53,1411.2,3.6,3.0,3.1,Weight Loss,Cardio,0.0,0.0,0.0,1.0,1.0,0.0,1.0
48.0,Female,87.9,1.5,39.07,22.1,180.0,164.0,68.0,1.41,974.0,4.0,1.0,2.6,Muscle Gain,Strength,1.0,1.0,1.0,0.0,0.0,0.0,1.0
53.6,Female,68.2,1.7,23.56,24.9,172.9,90.6,71.6,1.23,234.2,5.8,3.0,1.6,General Fitness,Yoga,1.0,0.0,0.0,0.0,1.0,0.0,1.0
52.0,Male,51.5,1.6,20.12,25.2,184.0,162.0,65.0,1.46,1339.0,4.0,3.0,3.2,Weight Loss,Cardio,0.0,0.0,0.0,1.0,1.0,0.0,1.0
35.7,Male,66.5,1.85,19.43,16.0,185.7,99.7,49.4,1.37,255.3,5.0,1.0,1.5,Flexibility,Yoga,0.0,0.0,0.0,0.0,1.0,0.0,1.0
20.6,Female,54.0,1.59,21.48,19.2,194.4,121.1,65.3,1.59,674.0,3.5,1.0,2.2,Strength,Strength,1.0,1.0,1.0,0.0,0.0,0.0,0.0
29.7,Female,69.2,1.68,24.41,22.5,180.1,151.3,73.1,0.75,454.0,4.6,2.0,3.4,Athletic Performance,Functional,0.0,0.0,0.0,1.0,1.0,1.0,1.0
48.6,Male,100.8,1.73,33.83,30.7,175.4,163.7,67.7,0.78,768.5,1.9,1.0,3.12,Endurance,HIIT,1.0,0.0,1.0,1.0,1.0,0.0,1.0
39.4,Male,58.8,1.62,22.31,16.1,175.7,170.7,50.1,1.09,1172.5,3.9,3.0,3.9,Weight Loss,HIIT,1.0,0.0,0.0,1.0,1.0,1.0,1.0
43.0,Male,71.7,1.82,21.72,18.9,168.1,163.1,53.5,0.79,498.7,4.7,1.0,3.4,Endurance,Cardio,1.0,0.0,0.0,1.0,0.0,0.0,1.0
31.2,Female,94.6,1.8,29.32,18.2,194.6,159.8,67.2,1.07,780.3,4.1,2.0,3.67,Weight Loss,Cardio,0.0,0.0,1.0,0.0,0.0,0.0,0.0
25.0,Female,48.8,1.84,14.41,25.0,186.0,168.0,65.0,1.68,972.0,3.0,2.0,1.7,Muscle Gain,Strength,1.0,0.0,0.0,0.0,0.0,0.0,0.0
40.1,Male,85.5,1.8,26.44,29.7,181.8,146.6,70.5,0.8,535.8,3.8,2.0,3.33,Weight Loss,Cardio,0.0,0.0,1.0,0.0,0.0,0.0,1.0
26.0,Male,68.6,1.7,23.74,25.4,172.0,167.0,57.0,1.32,501.0,3.0,2.0,1.5,Muscle Gain,Strength,1.0,1.0,1.0,0.0,0.0,0.0,1.0
34.4,Male,90.8,1.82,27.56,19.2,186.6,131.7,69.8,1.65,1063.3,4.0,3.0,2.9,Muscle Gain,Strength,0.0,1.0,0.0,0.0,1.0,0.0,1.0
45.7,Male,93.5,1.82,28.08,13.7,169.3,127.3,55.8,1.78,1408.8,3.4,3.0,2.6,Strength,Strength,1.0,1.0,1.0,0.0,0.0,1.0,1.0
25.4,Male,70.6,1.68,24.98,11.0,191.1,169.6,56.5,1.18,938.7,2.1,2.0,3.6,Weight Loss,HIIT,1.0,1.0,0.0,1.0,1.0,0.0,0.0
33.0,Male,91.5,1.45,43.5,34.1,195.0,185.0,60.9,0.63,637.0,3.0,2.0,,Endurance,HIIT,0.0,0.0,1.0,0.0,0.0,0.0,1.0
29.9,Male,97.9,1.8,30.31,21.6,196.2,126.0,69.7,1.43,590.8,4.7,3.0,3.1,General Fitness,Powerlifting,0.0,1.0,1.0,0.0,1.0,0.0,0.0
28.1,Male,64.6,1.7,22.34,23.7,188.6,128.2,69.1,2.33,912.1,4.5,3.0,3.2,Muscle Gain,Powerlifting,0.0,1.0,1.0,0.0,0.0,0.0,0.0
59.4,Female,66.9,1.57,27.17,20.4,151.9,146.9,56.8,0.78,368.4,3.5,3.0,3.0,Weight Loss,Cardio,0.0,0.0,0.0,0.0,0.0,0.0,1.0
29.4,Male,75.2,1.73,25.13,17.4,195.8,137.8,60.1,1.29,665.7,4.7,3.0,2.8,Muscle Gain,Strength,1.0,0.0,1.0,0.0,0.0,0.0,1.0
26.0,Female,58.0,1.7,20.04,20.5,181.3,176.0,55.3,1.21,899.4,5.7,3.0,3.0,Weight Loss,Cardio,0.0,0.0,0.0,0.0,0.0,0.0,1.0
45.0,Male,53.9,1.68,19.1,19.2,169.0,141.0,71.0,1.59,1031.0,3.0,3.0,2.1,Muscle Gain,Strength,1.0,1.0,1.0,1.0,0.0,1.0,0.0
32.2,Male,65.6,1.67,23.39,13.4,191.2,92.1,75.3,0.66,66.3,6.0,1.0,1.5,Stress Relief,Yoga,0.0,0.0,0.0,0.0,1.0,1.0,1.0
35.8,Female,60.5,1.56,24.83,20.3,180.8,128.5,72.0,1.75,590.8,4.7,2.0,3.6,Strength,Strength,1.0,0.0,1.0,0.0,1.0,0.0,1.0
40.2,Male,84.7,1.87,24.27,9.8,197.0,176.1,67.2,1.12,1559.9,4.3,2.0,3.5,General Fitness,Cardio,0.0,0.0,0.0,0.0,1.0,0.0,1.0
17.5,Female,105.9,1.64,39.57,34.5,195.7,163.6,65.8,1.25,963.3,2.1,1.0,3.58,Weight Loss,Cardio,0.0,0.0,0.0,0.0,0.0,0.0,1.0
42.0,Female,86.7,1.7,30.0,27.2,196.0,135.0,68.0,1.22,923.0,3.0,2.0,3.2,Muscle Gain,Strength,1.0,0.0,1.0,0.0,0.0,1.0,1.0
26.9,Male,69.5,1.81,21.16,27.2,200.0,155.3,63.3,1.48,628.0,1.7,2.0,3.33,Strength,Strength,0.0,1.0,1.0,0.0,0.0,0.0,1.0
27.0,Female,80.0,1.75,26.12,30.4,192.2,167.2,76.3,1.46,906.6,1.3,1.0,2.91,Weight Loss,Cardio,0.0,0.0,0.0,0.0,0.0,0.0,1.0
39.9,Male,60.4,1.63,22.71,11.4,182.8,160.0,73.8,0.58,461.8,5.0,1.0,3.0,General Fitness,Cardio,0.0,0.0,0.0,1.0,0.0,0.0,1.0
34.2,Male,67.4,1.7,23.26,19.4,172.1,133.7,68.0,1.53,609.4,3.3,2.0,3.2,Muscle Gain,Strength,1.0,1.0,1.0,0.0,0.0,0.0,0.0
54.4,Female,73.4,1.62,27.89,21.0,171.5,149.5,61.8,1.3,1094.3,3.3,3.0,2.1,Muscle Gain,Functional,0.0,0.0,1.0,1.0,0.0,1.0,1.0
31.0,Male,58.7,1.66,21.3,23.1,183.0,149.0,74.0,1.15,1368.0,4.0,1.0,2.3,Weight Loss,Cardio,1.0,0.0,0.0,0.0,0.0,0.0,1.0
39.6,Female,55.8,1.61,21.58,18.5,176.5,171.5,60.8,0.82,642.4,3.4,2.0,3.1,Endurance,HIIT,1.0,0.0,0.0,1.0,1.0,0.0,1.0
58.6,Male,58.5,1.75,19.14,15.4,159.6,125.5,58.1,1.38,470.7,3.7,3.0,2.8,General Fitness,Functional,0.0,0.0,0.0,1.0,0.0,1.0,1.0
50.9,Female,61.8,1.56,25.3,23.4,171.1,107.7,50.5,1.5,358.1,4.3,3.0,1.6,Muscle Gain,Powerlifting,1.0,1.0,0.0,1.0,0.0,0.0,0.0
28.8,Female,58.1,1.7,20.06,19.8,193.0,116.8,72.4,0.61,117.8,3.3,2.0,2.2,Stress Relief,Yoga,0.0,0.0,0.0,0.0,0.0,1.0,1.0
38.9,Male,65.4,1.55,27.22,13.9,184.7,151.8,62.5,1.15,913.8,3.1,2.0,3.1,Weight Loss,Cardio,1.0,0.0,0.0,1.0,0.0,0.0,1.0
18.0,Female,74.6,1.71,25.51,28.7,169.0,143.0,54.0,1.49,1213.0,2.0,1.0,2.0,Muscle Gain,Strength,1.0,1.0,1.0,0.0,0.0,0.0,1.0
25.8,Female,64.0,1.54,27.08,27.3,196.0,114.2,79.6,1.15,293.5,3.6,2.0,2.5,Strength,Powerlifting,1.0,1.0,0.0,0.0,0.0,0.0,1.0
38.5,Male,85.9,1.8,26.47,15.4,172.0,167.0,52.5,0.57,486.4,2.5,3.0,3.4,Weight Loss,HIIT,1.0,0.0,0.0,0.0,0.0,0.0,1.0
18.0,Male,41.6,1.94,11.05,25.0,168.0,153.0,57.0,0.86,1068.0,4.0,1.0,3.1,Muscle Gain,Strength,1.0,1.0,1.0,0.0,1.0,1.0,0.0
35.7,Male,62.4,1.72,21.13,14.9,184.8,126.3,68.1,1.03,383.4,4.2,3.0,2.6,General Fitness,Functional,1.0,1.0,1.0,1.0,1.0,0.0,1.0
18.7,Female,63.0,1.75,20.54,26.2,194.2,128.6,59.2,1.0,557.3,4.7,3.0,3.0,Strength,Strength,1.0,0.0,1.0,1.0,0.0,0.0,0.0
38.7,Female,50.7,1.62,19.42,14.9,181.3,176.3,57.9,1.2,1125.0,4.3,2.0,3.9,Weight Loss,HIIT,1.0,0.0,1.0,1.0,0.0,0.0,1.0
68.1,Male,54.8,1.7,19.04,12.3,140.0,135.0,55.7,0.41,154.5,2.6,2.0,,Endurance,HIIT,0.0,1.0,1.0,1.0,1.0,1.0,1.0
20.4,Male,61.3,1.69,21.44,12.9,195.4,166.5,50.4,1.49,1233.0,4.4,3.0,3.6,Weight Loss,Cardio,0.0,1.0,1.0,1.0,0.0,0.0,1.0
46.9,Male,59.5,1.77,18.99,24.8,170.6,139.0,67.5,0.93,349.4,1.8,1.0,3.09,Strength,Strength,1.0,0.0,1.0,1.0,1.0,0.0,1.0
22.6,Female,49.0,1.48,22.2,24.9,205.2,117.5,59.1,1.3,272.7,3.2,2.0,2.6,Stress Relief,Yoga,0.0,0.0,0.0,0.0,1.0,0.0,1.0
21.0,Female,68.5,1.6,26.83,26.5,206.2,159.7,59.1,1.15,519.3,5.3,3.0,,General Fitness,Functional,,,,,,,
69.8,Male,61.4,1.65,22.67,12.9,146.8,141.8,64.9,0.44,356.4,2.7,3.0,2.7,General Fitness,HIIT,0.0,0.0,1.0,0.0,0.0,0.0,1.0
43.3,Male,65.5,1.65,24.19,16.8,186.4,111.9,60.7,0.96,318.6,4.3,1.0,2.0,General Fitness,Strength,1.0,1.0,1.0,1.0,0.0,0.0,0.0
27.1,Male,89.5,1.75,29.39,16.7,192.4,122.1,67.7,0.88,660.3,5.0,3.0,2.1,Muscle Gain,Strength,1.0,1.0,0.0,1.0,0.0,0.0,1.0
26.6,Female,61.7,1.64,23.03,28.0,210.0,124.6,61.3,1.72,682.2,3.3,1.0,2.9,Strength,Strength,1.0,0.0,0.0,0.0,1.0,0.0,1.0
45.9,Male,65.6,1.75,21.45,14.5,165.4,110.7,71.1,1.09,526.4,4.9,1.0,2.2,Strength,Strength,1.0,0.0,1.0,1.0,0.0,0.0,1.0
30.1,Female,82.2,1.64,30.56,23.5,183.8,123.1,65.5,2.02,1042.6,4.0,2.0,3.5,Strength,Powerlifting,0.0,1.0,0.0,0.0,0.0,0.0,1.0
28.8,Female,79.7,1.63,29.86,27.0,181.3,119.5,77.6,1.95,638.3,4.8,3.0,2.6,Muscle Gain,Powerlifting,1.0,1.0,1.0,0.0,0.0,0.0,0.0
19.4,Female,84.6,1.76,27.31,32.7,193.9,125.1,73.4,0.79,225.4,1.7,1.0,2.85,General Fitness,Yoga,0.0,0.0,0.0,0.0,1.0,1.0,1.0
19.3,Female,79.8,1.59,31.37,31.8,199.1,121.2,77.4,1.27,604.2,3.8,3.0,2.4,Strength,Powerlifting,1.0,1.0,1.0,0.0,0.0,0.0,0.0
28.2,Male,56.0,1.7,19.33,16.5,173.2,141.0,45.4,0.83,479.2,5.9,1.0,2.6,Endurance,Cardio,0.0,1.0,0.0,1.0,0.0,0.0,1.0
20.0,Female,102.9,1.61,39.7,23.5,172.0,146.0,70.0,1.57,1113.0,3.0,3.0,3.2,Strength,Strength,1.0,1.0,1.0,0.0,0.0,1.0,1.0
33.7,Female,69.7,1.61,27.0,19.7,184.2,111.6,71.3,1.57,643.4,3.1,3.0,2.4,Muscle Gain,Strength,1.0,1.0,1.0,0.0,0.0,0.0,0.0
34.0,Female,58.2,1.7,20.14,24.0,189.0,134.0,55.0,0.73,785.0,4.0,2.0,1.6,Weight Loss,HIIT,0.0,0.0,0.0,1.0,1.0,0.0,1.0
50.5,Male,87.5,1.79,27.35,21.0,164.4,141.8,66.6,1.26,778.4,4.2,2.0,3.55,Weight Loss,Cardio,0.0,1.0,0.0,0.0,0.0,0.0,1.0
26.4,Male,61.0,1.78,19.22,20.4,193.6,129.3,60.3,1.41,516.3,4.0,2.0,3.1,Athletic Performance,Functional,1.0,0.0,0.0,1.0,1.0,0.0,0.0
41.1,Female,105.2,1.77,33.55,30.6,183.3,147.6,59.5,1.11,814.0,3.6,2.0,4.05,Muscle Gain,Functional,,,,,,,
50.4,Female,75.6,1.82,22.87,17.9,179.9,120.5,78.4,0.76,190.3,2.7,2.0,3.29,General Fitness,Yoga,0.0,0.0,0.0,0.0,1.0,0.0,1.0
26.0,Male,72.3,1.75,23.49,16.2,196.9,186.4,58.0,0.5,524.8,4.2,2.0,3.5,Endurance,HIIT,1.0,0.0,0.0,1.0,1.0,0.0,0.0
36.2,Male,84.7,1.78,26.75,13.2,189.8,139.0,73.4,1.84,961.8,4.1,2.0,2.6,Muscle Gain,Strength,1.0,1.0,1.0,0.0,1.0,0.0,1.0
33.0,Female,75.5,1.85,22.06,21.8,181.0,147.0,59.0,1.22,1267.0,3.0,2.0,2.8,Endurance,HIIT,0.0,0.0,1.0,1.0,1.0,0.0,1.0
38.0,Female,74.1,1.8,22.77,20.6,180.6,138.6,54.4,0.25,122.0,4.1,3.0,2.51,Strength,Strength,1.0,1.0,1.0,1.0,1.0,1.0,1.0
28.6,Male,81.3,1.73,27.14,17.3,190.1,131.4,63.4,1.87,755.9,4.9,3.0,3.6,Muscle Gain,Powerlifting,0.0,1.0,0.0,0.0,0.0,0.0,0.0
59.9,Male,58.8,1.64,21.9,18.3,158.3,117.6,69.2,1.85,620.8,5.0,3.0,3.2,Strength,Strength,1.0,1.0,1.0,0.0,0.0,1.0,0.0
47.0,Male,78.7,1.69,27.56,24.5,170.0,144.0,57.0,1.0,845.0,4.0,1.0,1.9,Muscle Gain,Strength,1.0,1.0,1.0,0.0,0.0,0.0,0.0
48.0,Male,56.0,1.7,19.38,26.6,164.0,132.0,50.0,2.0,1148.0,2.0,2.0,3.1,Weight Loss,HIIT,1.0,0.0,0.0,0.0,0.0,0.0,1.0
28.8,Female,57.8,1.58,23.1,19.6,192.8,117.7,78.0,0.95,259.1,3.6,2.0,2.5,Muscle Gain,Strength,0.0,1.0,1.0,0.0,1.0,0.0,1.0
39.0,Male,83.7,1.52,36.23,29.3,187.0,152.0,58.0,1.65,1647.0,3.0,2.0,3.2,Strength,Strength,1.0,1.0,1.0,1.0,0.0,0.0,0.0
38.4,Male,72.0,1.77,22.92,16.5,188.3,160.5,65.9,0.46,520.0,4.4,2.0,3.7,Weight Loss,HIIT,1.0,1.0,0.0,1.0,0.0,1.0,0.0
32.0,Female,72.1,1.71,24.66,12.0,173.0,156.0,72.0,1.61,606.0,2.0,2.0,2.7,Endurance,HIIT,1.0,1.0,0.0,1.0,0.0,0.0,1.0
33.6,Male,70.5,1.8,21.66,21.9,206.5,134.1,62.6,1.9,1053.3,4.7,1.0,2.9,Muscle Gain,Strength,1.0,1.0,0.0,1.0,1.0,0.0,0.0
69.3,Female,67.4,1.55,28.1,26.4,144.2,113.8,60.8,1.03,424.3,4.0,2.0,3.5,Strength,Strength,1.0,0.0,1.0,1.0,0.0,0.0,0.0
18.0,Male,41.6,1.85,12.15,14.5,181.0,169.0,52.0,2.0,1130.0,5.0,3.0,3.4,General Fitness,Strength,1.0,1.0,1.0,1.0,1.0,1.0,1.0
29.0,Female,57.4,1.74,18.96,20.9,198.0,165.0,67.0,1.58,880.0,4.0,1.0,3.3,Muscle Gain,Strength,1.0,1.0,1.0,1.0,0.0,0.0,1.0
23.0,Male,96.5,1.8,29.78,29.3,187.0,155.0,68.0,0.92,1465.0,3.0,1.0,3.2,Strength,Strength,1.0,1.0,1.0,1.0,0.0,0.0,1.0
26.0,Female,63.4,1.69,22.28,22.7,193.6,130.4,70.2,1.5,747.4,3.3,2.0,3.2,General Fitness,Strength,1.0,0.0,1.0,1.0,0.0,0.0,0.0
30.0,Male,80.1,1.73,26.76,31.7,192.0,153.0,50.0,0.55,1222.0,3.0,1.0,1.5,General Fitness,Strength,1.0,1.0,1.0,0.0,1.0,0.0,1.0
35.4,Female,78.2,1.65,28.77,32.2,189.7,121.4,64.7,1.53,609.2,3.6,3.0,2.9,General Fitness,Powerlifting,0.0,1.0,0.0,0.0,0.0,0.0,0.0
34.7,Female,60.9,1.66,22.07,18.5,198.1,141.0,63.0,0.88,579.5,3.5,3.0,3.3,General Fitness,Functional,1.0,0.0,0.0,1.0,1.0,0.0,1.0
50.4,Male,60.2,1.73,20.04,18.2,166.7,113.6,65.9,0.97,235.1,4.1,2.0,2.5,Flexibility,Yoga,0.0,0.0,0.0,0.0,0.0,1.0,1.0
51.2,Male,73.5,1.73,24.69,12.1,174.1,116.6,67.0,0.95,557.4,3.5,2.0,3.1,Strength,Strength,0.0,1.0,1.0,1.0,0.0,0.0,0.0
44.5,Male,63.0,1.91,17.23,22.4,169.8,137.1,70.9,1.38,559.9,3.1,1.0,3.56,General Fitness,Strength,,,,,,,
23.2,Female,47.0,1.59,18.61,24.4,208.2,108.7,50.8,1.04,97.0,4.9,1.0,2.8,Flexibility,Yoga,0.0,0.0,0.0,1.0,1.0,1.0,1.0
47.9,Male,45.0,1.86,13.03,23.5,173.2,148.7,68.9,1.39,511.0,2.6,1.0,2.73,Endurance,Cardio,0.0,0.0,0.0,0.0,0.0,0.0,1.0
38.0,Male,60.5,1.72,20.45,20.9,187.0,139.0,50.0,1.34,1096.0,4.0,2.0,3.7,Strength,Strength,1.0,1.0,0.0,0.0,0.0,1.0,1.0
32.6,Male,75.8,1.9,20.91,23.0,192.4,165.7,70.7,1.4,761.8,3.5,2.0,4.16,General Fitness,Cardio,0.0,0.0,0.0,1.0,1.0,1.0,1.0
29.5,Female,59.2,1.54,25.0,27.1,174.0,110.0,60.7,1.32,360.3,4.6,3.0,2.3,Muscle Gain,Strength,1.0,0.0,1.0,0.0,0.0,0.0,0.0
26.8,Male,82.1,1.77,26.12,12.9,201.1,139.2,63.5,2.0,898.5,3.6,2.0,3.3,Muscle Gain,Strength,1.0,1.0,1.0,0.0,0.0,0.0,1.0
23.4,Female,59.6,1.62,22.79,20.9,192.9,171.9,56.8,0.48,427.1,4.1,3.0,3.6,Endurance,HIIT,1.0,0.0,1.0,0.0,1.0,0.0,1.0
55.0,Male,75.6,1.72,25.61,21.4,159.7,129.9,61.2,1.99,1178.9,4.9,3.0,4.1,Muscle Gain,Strength,1.0,1.0,1.0,0.0,0.0,0.0,1.0
28.8,Female,46.6,1.67,16.7,21.8,192.2,185.8,71.6,0.61,304.9,2.8,2.0,3.25,Weight Loss,HIIT,1.0,0.0,0.0,0.0,0.0,0.0,1.0
26.1,Female,66.2,1.61,25.66,20.8,199.6,144.4,55.0,0.91,737.4,5.7,3.0,3.1,General Fitness,Cardio,0.0,0.0,0.0,0.0,0.0,0.0,1.0
35.0,Male,68.5,1.73,22.89,19.3,175.0,142.0,58.0,1.2,840.0,2.0,3.0,2.1,General Fitness,Cardio,0.0,0.0,0.0,0.0,0.0,0.0,1.0
38.8,Female,45.6,1.5,20.19,25.1,178.4,143.1,68.9,1.98,801.0,3.2,3.0,3.8,Muscle Gain,Strength,1.0,1.0,1.0,0.0,1.0,0.0,0.0
19.8,Female,53.4,1.56,21.83,21.7,210.0,173.9,52.7,0.79,509.7,2.8,2.0,3.1,Endurance,HIIT,0.0,0.0,0.0,1.0,0.0,0.0,1.0
22.6,Male,87.5,1.99,22.06,,210.0,177.5,75.7,0.6,947.9,4.7,2.0,3.7,General Fitness,HIIT,1.0,0.0,0.0,1.0,1.0,0.0,0.0
28.2,Female,56.4,1.65,20.64,18.0,183.8,157.7,53.4,1.15,670.3,2.1,3.0,3.1,Endurance,HIIT,1.0,1.0,1.0,1.0,1.0,0.0,1.0
37.3,Female,47.2,1.57,19.16,20.4,179.8,156.1,63.4,0.82,540.5,3.2,2.0,,Endurance,HIIT,1.0,1.0,0.0,0.0,0.0,0.0,0.0
54.2,Female,58.0,1.61,22.46,24.0,167.4,142.6,57.6,1.81,1050.3,3.3,2.0,3.5,Strength,Strength,1.0,1.0,1.0,0.0,0.0,0.0,1.0
45.4,Male,99.6,1.78,31.51,25.0,187.6,150.9,68.0,2.11,1413.6,1.2,1.0,4.75,Muscle Gain,Strength,,,,,,,
25.0,Female,48.8,1.49,22.1,16.3,182.3,177.3,55.0,1.52,929.7,4.9,2.0,3.5,Weight Loss,Cardio,0.0,0.0,0.0,1.0,0.0,0.0,1.0
57.1,Female,49.1,1.49,22.08,18.8,148.3,135.4,75.1,1.05,447.1,3.4,2.0,3.1,Strength,Strength,1.0,1.0,0.0,0.0,0.0,0.0,0.0
34.0,Female,74.2,1.83,22.16,27.3,194.0,153.0,60.0,1.24,1632.0,4.0,2.0,3.0,Muscle Gain,Strength,0.0,1.0,1.0,0.0,1.0,0.0,0.0
17.1,Female,53.9,1.87,15.49,20.1,189.9,161.3,71.7,1.52,611.2,3.1,2.0,3.26,General Fitness,Cardio,0.0,0.0,0.0,1.0,0.0,0.0,1.0
35.6,Male,62.7,1.68,22.3,15.4,195.5,116.1,68.0,1.3,466.8,3.1,1.0,2.1,Muscle Gain,Strength,0.0,1.0,1.0,0.0,0.0,0.0,0.0
37.9,Female,62.6,1.64,23.29,20.7,177.9,130.7,59.4,1.98,1030.9,3.7,3.0,3.2,Muscle Gain,Powerlifting,1.0,1.0,1.0,0.0,0.0,1.0,1.0
18.8,Male,67.0,1.79,20.91,14.4,206.2,98.3,66.5,0.54,112.6,3.5,1.0,1.6,Stress Relief,Yoga,0.0,0.0,0.0,0.0,1.0,1.0,1.0
54.0,Female,40.0,1.75,13.06,27.9,174.0,166.0,66.0,1.58,409.0,5.0,2.0,3.5,Weight Loss,Cardio,1.0,0.0,1.0,1.0,0.0,0.0,1.0
49.0,Male,40.0,1.77,12.77,24.7,175.0,127.0,73.0,1.2,1109.0,3.0,3.0,2.4,Muscle Gain,Strength,1.0,1.0,0.0,1.0,1.0,0.0,0.0
36.2,Male,72.9,1.77,23.26,21.4,186.8,122.0,57.0,1.82,723.5,4.0,1.0,3.0,Strength,Strength,1.0,1.0,1.0,0.0,0.0,0.0,1.0
27.9,Male,61.1,1.79,19.16,17.7,201.0,127.5,70.5,1.22,741.6,4.3,1.0,2.7,Muscle Gain,Functional,0.0,0.0,1.0,1.0,0.0,1.0,1.0
18.0,Male,49.9,1.74,16.48,23.0,177.0,161.0,70.0,2.0,950.0,4.0,2.0,3.4,Weight Loss,HIIT,0.0,0.0,0.0,1.0,0.0,1.0,1.0
29.8,Female,64.8,1.7,22.37,16.0,182.9,152.0,58.2,0.67,497.8,5.7,3.0,3.3,Weight Loss,Cardio,1.0,0.0,0.0,0.0,0.0,0.0,1.0
42.7,Male,78.5,1.77,25.16,19.5,166.2,145.8,57.7,1.0,571.7,3.9,2.0,3.6,General Fitness,Functional,1.0,1.0,1.0,1.0,1.0,1.0,1.0
29.3,Female,78.0,1.69,27.37,18.7,193.1,178.3,51.4,1.13,1114.7,4.8,2.0,3.8,Weight Loss,HIIT,1.0,0.0,0.0,1.0,0.0,0.0,1.0
18.0,Female,69.9,1.78,22.06,19.6,160.0,143.0,74.0,2.0,930.0,3.0,3.0,2.0,Endurance,HIIT,1.0,0.0,0.0,1.0,0.0,0.0,1.0
36.3,Male,83.7,1.8,25.86,25.8,187.8,140.3,53.9,1.55,778.1,3.1,2.0,3.84,Strength,Strength,1.0,1.0,0.0,1.0,0.0,0.0,0.0
31.7,Female,61.6,1.59,24.48,20.2,194.5,142.6,59.5,1.12,592.1,3.2,2.0,2.9,Muscle Gain,Strength,1.0,1.0,0.0,0.0,0.0,0.0,1.0
39.0,Female,57.4,1.55,23.94,18.1,175.1,161.8,45.0,1.58,1128.6,4.6,2.0,3.3,Weight Loss,Cardio,0.0,0.0,0.0,1.0,0.0,0.0,1.0
32.0,Female,90.5,1.63,34.06,31.3,184.0,166.0,50.0,1.46,1217.0,5.0,1.0,2.0,General Fitness,Strength,1.0,1.0,1.0,0.0,1.0,0.0,0.0
59.0,Female,65.5,1.78,20.67,22.8,168.0,139.0,56.0,1.26,505.0,2.0,2.0,2.0,General Fitness,Strength,1.0,1.0,1.0,1.0,0.0,1.0,1.0
23.7,Male,45.0,1.91,12.38,15.8,208.3,176.6,60.2,1.32,404.9,3.3,2.0,3.22,Endurance,Cardio,0.0,0.0,0.0,0.0,0.0,0.0,1.0
24.0,Male,58.8,1.89,16.46,27.1,163.0,150.0,73.0,1.28,800.0,2.0,2.0,2.5,Strength,Strength,0.0,1.0,1.0,0.0,0.0,0.0,1.0
41.7,Female,93.3,1.65,34.23,35.8,180.2,115.7,63.7,1.21,420.4,1.0,2.0,3.21,Flexibility,Yoga,0.0,0.0,0.0,0.0,0.0,1.0,1.0
29.7,Male,65.2,1.72,22.05,22.0,197.2,115.4,57.7,0.99,430.5,4.6,3.0,2.5,Muscle Gain,Strength,1.0,1.0,0.0,0.0,1.0,0.0,1.0
28.3,Female,92.0,1.66,33.43,31.0,202.6,111.1,61.0,1.53,735.3,3.3,3.0,1.5,General Fitness,Powerlifting,1.0,1.0,1.0,0.0,1.0,0.0,0.0
28.8,Female,54.0,1.55,22.41,20.5,186.9,135.5,51.0,0.83,401.3,3.8,2.0,3.1,Strength,Strength,1.0,1.0,1.0,0.0,0.0,0.0,1.0
25.9,Male,68.1,1.81,20.83,10.0,195.1,103.6,45.9,0.85,138.3,3.3,3.0,2.0,Flexibility,Yoga,0.0,0.0,0.0,0.0,1.0,1.0,1.0
29.8,Male,81.7,1.76,26.37,24.2,191.5,105.3,56.2,1.94,604.3,4.5,3.0,2.7,General Fitness,Powerlifting,0.0,1.0,0.0,0.0,0.0,0.0,0.0
28.1,Female,63.2,1.52,27.28,14.8,198.5,152.3,51.9,0.65,404.5,2.5,2.0,3.0,Weight Loss,HIIT,1.0,0.0,0.0,1.0,0.0,1.0,1.0
29.1,Female,62.4,1.66,22.65,20.5,207.2,148.0,72.7,0.88,508.1,3.4,3.0,2.7,Athletic Performance,Functional,0.0,0.0,1.0,1.0,1.0,0.0,1.0
28.2,Male,79.4,1.72,26.7,17.9,183.3,168.3,52.3,0.88,811.2,4.5,3.0,3.2,Weight Loss,HIIT,1.0,0.0,0.0,1.0,0.0,0.0,1.0
54.0,Female,68.0,1.79,21.23,25.4,168.1,136.8,63.5,1.16,454.8,1.7,1.0,3.03,Muscle Gain,Functional,,,,,,,
23.5,Female,65.7,1.61,25.28,20.8,201.0,166.9,56.4,0.71,474.1,5.2,2.0,3.3,Weight Loss,Cardio,1.0,0.0,0.0,0.0,0.0,0.0,1.0
35.2,Male,57.3,1.61,22.16,15.9,197.4,90.9,65.1,0.65,78.2,5.3,3.0,1.5,Flexibility,Yoga,0.0,0.0,0.0,0.0,0.0,0.0,1.0
38.2,Female,60.6,1.61,23.45,18.7,179.6,174.6,52.7,0.31,175.9,3.7,3.0,3.4,General Fitness,HIIT,1.0,0.0,1.0,1.0,0.0,1.0,0.0
18.0,Female,83.5,1.67,29.94,12.1,162.0,169.0,70.0,1.54,1389.0,2.0,1.0,1.7,Endurance,Cardio,0.0,1.0,0.0,0.0,0.0,0.0,1.0
33.4,Male,93.4,1.95,24.62,14.1,172.0,166.3,56.2,0.97,1288.6,4.6,1.0,3.6,Weight Loss,Cardio,0.0,0.0,0.0,0.0,1.0,0.0,1.0
38.1,Male,67.3,1.73,22.5,14.9,184.2,143.4,62.1,1.41,998.7,4.4,1.0,2.6,Muscle Gain,Functional,1.0,0.0,1.0,1.0,0.0,1.0,0.0
16.0,Female,75.9,1.61,29.12,26.7,203.6,147.1,67.5,1.42,649.5,2.3,2.0,2.79,Muscle Gain,Strength,1.0,1.0,1.0,0.0,1.0,1.0,1.0
38.2,Female,54.8,1.53,23.45,20.2,166.5,141.3,50.9,1.06,682.8,3.0,3.0,3.5,General Fitness,Functional,1.0,0.0,0.0,1.0,1.0,0.0,1.0
27.3,Female,58.1,1.51,25.53,21.5,192.5,164.1,65.7,1.8,720.1,3.7,2.0,3.4,Weight Loss,Cardio,0.0,0.0,0.0,1.0,0.0,0.0,1.0
28.8,Female,64.2,1.92,17.46,24.1,178.7,134.4,69.7,1.26,489.8,2.5,2.0,3.28,Strength,Strength,1.0,1.0,1.0,1.0,0.0,0.0,1.0
19.9,Female,75.1,1.66,27.24,23.7,193.1,183.3,52.3,0.47,397.5,3.9,2.0,3.2,Endurance,HIIT,0.0,0.0,0.0,1.0,1.0,0.0,1.0
28.7,Male,64.2,1.72,21.77,12.5,179.9,96.0,66.8,0.62,100.6,5.6,1.0,1.7,General Fitness,Yoga,0.0,0.0,0.0,0.0,1.0,1.0,1.0
25.2,Female,81.4,1.7,28.16,20.4,192.4,135.6,68.0,1.13,821.3,4.5,1.0,3.2,Muscle Gain,Strength,1.0,1.0,1.0,1.0,0.0,0.0,1.0
25.0,Male,78.7,1.69,27.42,17.2,192.5,176.7,55.6,1.29,1522.3,4.4,1.0,3.8,Endurance,Cardio,0.0,0.0,0.0,0.0,0.0,0.0,0.0
33.3,Male,62.0,1.76,19.93,15.5,181.2,161.4,45.0,1.09,800.4,2.8,3.0,2.2,Endurance,HIIT,0.0,0.0,0.0,1.0,1.0,0.0,1.0
35.9,Female,58.8,1.99,14.82,22.0,192.3,148.1,64.7,1.7,631.4,2.1,2.0,2.56,Strength,Strength,1.0,1.0,1.0,0.0,1.0,0.0,1.0
24.8,Male,68.2,1.82,20.6,14.9,201.6,155.1,61.2,0.68,582.2,5.6,2.0,2.6,Weight Loss,Cardio,0.0,0.0,0.0,1.0,0.0,0.0,1.0
51.8,Female,62.0,1.52,26.78,25.4,169.9,137.0,55.4,1.11,623.2,3.7,2.0,2.8,Strength,Strength,1.0,0.0,0.0,1.0,0.0,0.0,0.0
27.6,Female,73.1,1.74,24.18,19.0,198.4,152.2,61.4,0.85,674.9,4.3,3.0,2.9,Weight Loss,Cardio,0.0,1.0,0.0,0.0,0.0,0.0,1.0
22.2,Male,76.8,1.81,23.53,12.9,207.0,97.2,64.5,1.1,255.1,4.1,3.0,1.9,Flexibility,Yoga,1.0,0.0,0.0,0.0,1.0,0.0,1.0
22.5,Male,83.7,1.87,23.86,18.3,200.8,114.7,69.4,1.68,1030.2,3.8,1.0,2.3,Muscle Gain,Strength,0.0,1.0,1.0,1.0,0.0,1.0,1.0
36.5,Male,70.4,1.7,24.39,14.6,199.4,141.8,49.3,1.91,1050.5,4.4,2.0,3.5,Muscle Gain,Strength,1.0,1.0,0.0,0.0,0.0,0.0,1.0
41.0,Female,91.6,1.72,30.93,33.0,179.1,173.7,74.8,0.79,720.5,2.6,1.0,3.12,Endurance,HIIT,1.0,1.0,0.0,1.0,0.0,0.0,1.0
35.1,Male,103.8,1.78,32.86,28.2,189.9,113.6,61.1,2.28,999.5,4.0,2.0,2.8,Muscle Gain,Powerlifting,1.0,1.0,0.0,0.0,0.0,0.0,0.0
46.5,Male,66.5,1.7,23.11,11.8,172.0,167.0,56.2,0.54,454.2,4.2,1.0,2.7,Weight Loss,Cardio,0.0,0.0,0.0,0.0,0.0,0.0,1.0
32.1,Male,66.5,1.78,20.92,12.9,194.1,128.6,57.3,1.99,896.8,4.7,1.0,3.5,Muscle Gain,Strength,1.0,1.0,1.0,0.0,0.0,0.0,1.0
36.0,Female,87.9,1.54,37.06,21.1,177.0,129.0,58.0,1.93,1010.0,3.0,1.0,3.3,Endurance,Cardio,0.0,0.0,0.0,0.0,0.0,0.0,1.0
24.5,Female,60.2,1.67,21.71,23.0,186.3,167.8,45.0,1.18,954.8,4.5,3.0,3.6,General Fitness,Cardio,0.0,0.0,0.0,0.0,0.0,0.0,1.0
41.3,Male,83.2,1.83,24.95,21.4,177.6,123.3,63.7,1.29,861.7,4.0,1.0,2.8,General Fitness,Strength,1.0,1.0,1.0,1.0,1.0,1.0,1.0
37.2,Male,64.3,2.04,15.42,26.1,188.3,177.7,59.9,0.47,310.4,2.3,1.0,2.98,Weight Loss,HIIT,1.0,0.0,0.0,1.0,0.0,0.0,1.0
35.9,Female,68.5,1.62,26.18,,188.5,128.3,56.7,2.21,1240.3,3.8,2.0,3.1,Muscle Gain,Powerlifting,1.0,1.0,0.0,0.0,0.0,0.0,0.0
24.9,Male,88.8,1.7,30.84,27.0,191.0,123.2,61.9,2.38,1596.8,3.6,2.0,3.1,Muscle Gain,Powerlifting,1.0,1.0,1.0,0.0,0.0,0.0,1.0
55.0,Female,100.0,1.63,37.64,10.5,183.0,155.0,74.0,2.0,1256.0,3.0,2.0,2.4,Weight Loss,Cardio,0.0,0.0,0.0,1.0,1.0,0.0,1.0
38.0,Male,41.4,1.71,14.16,30.8,183.0,168.0,73.0,0.94,1253.0,3.0,1.0,3.2,Muscle Gain,Strength,1.0,1.0,1.0,0.0,0.0,0.0,1.0
39.9,Male,77.5,1.77,24.83,11.2,158.2,153.2,53.3,0.94,637.5,3.6,2.0,3.1,Weight Loss,Cardio,0.0,0.0,0.0,0.0,0.0,0.0,1.0
37.0,Male,72.4,1.66,26.22,18.4,202.6,134.6,71.8,1.8,965.1,3.3,2.0,3.0,Muscle Gain,Strength,1.0,1.0,0.0,0.0,0.0,1.0,1.0
27.2,Male,60.8,1.78,19.18,10.4,191.7,177.0,54.1,1.02,987.5,3.1,3.0,3.5,Weight Loss,HIIT,0.0,0.0,0.0,0.0,1.0,1.0,1.0
64.3,Female,50.9,1.48,23.36,24.0,172.6,129.3,60.8,1.55,536.5,4.8,3.0,2.4,Strength,Strength,0.0,0.0,1.0,0.0,0.0,0.0,1.0
30.2,Male,81.9,1.85,24.04,12.9,181.5,174.6,53.2,1.59,1281.3,5.0,2.0,4.1,Endurance,Cardio,0.0,0.0,0.0,0.0,1.0,0.0,1.0
29.5,Male,66.7,1.85,19.53,13.5,190.5,174.7,54.2,1.64,1875.4,5.4,2.0,3.7,General Fitness,Cardio,1.0,0.0,0.0,0.0,0.0,0.0,1.0
38.2,Female,60.2,1.71,20.65,22.0,177.1,138.7,68.7,0.92,307.5,3.1,1.0,1.9,Muscle Gain,Strength,1.0,1.0,1.0,0.0,1.0,0.0,1.0
24.0,Male,51.7,1.93,13.88,24.4,182.0,158.0,70.0,1.37,1783.0,2.0,1.0,2.7,Muscle Gain,Strength,1.0,1.0,1.0,1.0,0.0,0.0,1.0
25.1,Female,60.7,1.54,25.52,20.9,200.3,179.8,58.1,1.01,890.5,4.5,3.0,3.8,Weight Loss,HIIT,1.0,0.0,0.0,1.0,0.0,0.0,0.0
19.2,Female,54.7,1.59,21.54,24.5,200.9,152.6,63.5,0.95,500.3,2.3,3.0,3.1,Endurance,HIIT,0.0,1.0,0.0,1.0,1.0,0.0,1.0
16.0,Male,95.0,1.7,32.87,30.6,208.1,161.9,50.3,1.35,912.3,3.4,2.0,3.11,Muscle Gain,Functional,,,,,,,
45.0,Male,94.6,1.69,33.12,29.9,178.0,147.0,56.0,1.95,1105.0,2.0,2.0,1.8,Strength,Strength,1.0,1.0,0.0,1.0,0.0,0.0,0.0
65.8,Female,53.4,1.62,20.47,15.8,166.0,149.0,59.5,0.67,445.9,4.0,1.0,2.6,General Fitness,Cardio,0.0,0.0,1.0,0.0,0.0,1.0,1.0
59.0,Male,61.0,1.62,23.24,14.6,191.0,162.0,74.0,1.69,499.0,3.0,3.0,1.8,Endurance,HIIT,0.0,0.0,0.0,1.0,1.0,0.0,0.0
22.0,Male,63.7,1.85,18.61,24.4,192.0,122.0,53.0,1.06,1032.0,3.0,3.0,2.5,Strength,Strength,1.0,0.0,0.0,1.0,0.0,1.0,1.0
23.0,Male,62.3,1.68,22.07,21.1,167.0,122.0,74.0,1.69,772.0,3.0,1.0,3.3,Weight Loss,Cardio,1.0,0.0,0.0,1.0,0.0,0.0,1.0
25.3,Female,81.0,1.6,31.72,34.9,201.9,152.8,72.8,1.42,777.7,3.1,2.0,3.82,General Fitness,Strength,1.0,1.0,1.0,0.0,1.0,0.0,1.0
50.0,Male,62.5,1.67,22.41,20.9,172.0,121.0,56.0,1.14,1415.0,5.0,2.0,2.5,Weight Loss,Cardio,0.0,0.0,0.0,0.0,0.0,0.0,1.0
41.5,Male,45.3,1.69,15.8,23.9,184.3,144.4,74.7,0.99,294.5,1.9,1.0,2.74,General Fitness,Strength,1.0,1.0,1.0,1.0,0.0,0.0,1.0
28.7,Male,60.9,1.64,22.64,10.6,186.6,173.3,58.2,0.35,318.3,4.0,3.0,3.6,Weight Loss,HIIT,0.0,0.0,0.0,1.0,0.0,0.0,1.0
20.0,Female,65.3,1.75,21.32,28.4,193.0,136.0,51.0,0.58,1218.0,4.0,1.0,3.0,Muscle Gain,Strength,1.0,1.0,1.0,0.0,0.0,1.0,1.0
18.0,Female,43.8,1.96,11.4,29.7,193.0,142.0,50.0,1.03,1590.0,2.0,3.0,3.6,Strength,Strength,1.0,1.0,0.0,1.0,0.0,0.0,0.0
38.2,Male,68.1,1.77,21.68,19.2,184.8,114.3,65.7,0.63,88.3,5.2,1.0,2.7,Stress Relief,Yoga,1.0,0.0,1.0,0.0,1.0,0.0,1.0
48.1,Female,61.4,1.7,21.24,24.3,182.5,130.8,53.5,0.66,426.0,4.6,1.0,2.5,Athletic Performance,Functional,1.0,0.0,1.0,1.0,1.0,0.0,1.0
60.5,Female,68.5,1.64,25.55,17.5,152.9,147.9,57.3,1.07,677.6,5.0,2.0,3.1,Weight Loss,Cardio,0.0,0.0,1.0,0.0,0.0,0.0,1.0
24.1,Female,58.2,1.55,24.07,24.3,192.9,136.1,67.4,1.78,796.3,4.8,2.0,3.1,General Fitness,Strength,1.0,1.0,1.0,1.0,0.0,0.0,0.0
28.2,Female,69.6,1.73,23.36,14.7,199.3,186.9,50.8,0.63,523.2,3.1,2.0,4.5,Endurance,HIIT,0.0,0.0,0.0,0.0,0.0,0.0,1.0
25.0,Male,40.0,1.68,14.17,27.9,175.0,123.0,66.0,0.74,1783.0,3.0,3.0,3.5,General Fitness,Strength,0.0,1.0,1.0,1.0,0.0,1.0,0.0
33.0,Female,66.3,1.76,21.4,25.4,164.0,120.0,74.0,1.44,419.0,3.0,3.0,2.6,Muscle Gain,Strength,1.0,1.0,1.0,0.0,0.0,0.0,0.0
54.0,Female,61.1,1.6,23.77,20.2,180.3,159.8,50.3,0.81,670.2,3.5,2.0,2.5,General Fitness,Cardio,0.0,0.0,0.0,0.0,0.0,0.0,1.0
39.0,Male,52.3,1.69,18.34,15.9,186.0,118.6,63.9,1.4,206.8,2.7,1.0,2.4,Stress Relief,Yoga,0.0,0.0,0.0,0.0,1.0,0.0,1.0
25.0,Female,67.9,1.62,26.02,23.2,205.3,96.1,69.5,1.13,213.1,3.8,2.0,2.5,Stress Relief,Yoga,0.0,0.0,0.0,0.0,1.0,0.0,1.0
18.1,Female,60.4,1.65,22.29,16.0,209.3,97.8,71.6,0.66,76.5,4.1,3.0,2.3,Flexibility,Yoga,1.0,0.0,0.0,0.0,1.0,0.0,1.0
28.0,Female,74.7,1.69,26.15,14.0,163.0,158.0,58.0,1.37,854.0,4.0,2.0,3.4,Weight Loss,HIIT,0.0,0.0,0.0,0.0,0.0,0.0,1.0
49.1,Male,58.5,1.7,20.32,11.9,164.5,141.1,53.7,0.51,369.3,3.8,2.0,2.5,Weight Loss,Cardio,0.0,0.0,1.0,0.0,1.0,1.0,1.0
60.9,Male,74.5,1.71,25.63,14.3,150.3,145.3,58.9,1.4,1217.7,3.4,1.0,3.5,Weight Loss,Cardio,0.0,0.0,0.0,0.0,1.0,0.0,1.0
26.4,Female,51.6,1.61,19.97,25.0,181.7,144.5,67.6,1.14,644.6,3.4,2.0,3.1,General Fitness,Functional,0.0,0.0,1.0,1.0,1.0,0.0,1.0
28.7,Female,65.7,1.48,29.81,29.0,198.9,125.5,49.4,2.08,804.8,4.9,2.0,3.4,General Fitness,Powerlifting,0.0,1.0,1.0,0.0,0.0,0.0,0.0
31.6,Female,59.1,1.65,21.64,24.9,186.6,132.8,69.5,1.35,685.4,4.6,3.0,2.9,Muscle Gain,Powerlifting,1.0,1.0,0.0,0.0,0.0,0.0,1.0
24.6,Female,61.8,1.63,23.26,27.7,190.2,117.2,65.0,1.47,490.0,4.3,2.0,3.5,Muscle Gain,Powerlifting,0.0,1.0,0.0,0.0,1.0,0.0,1.0
26.8,Female,66.9,1.57,27.07,21.8,202.5,137.0,61.3,1.96,746.1,3.6,1.0,3.5,Muscle Gain,Strength,1.0,1.0,1.0,0.0,1.0,1.0,1.0
26.4,Male,118.2,1.89,33.25,20.4,194.6,119.2,63.4,1.53,1210.2,3.0,3.0,2.3,Strength,Powerlifting,0.0,0.0,0.0,0.0,1.0,0.0,0.0
27.0,Female,63.3,1.9,17.53,20.0,183.0,148.0,67.0,0.58,933.0,4.0,2.0,3.2,Endurance,HIIT,1.0,0.0,1.0,1.0,1.0,1.0,1.0
18.0,Female,70.8,1.96,18.43,25.2,196.0,130.0,61.0,1.46,708.0,3.0,2.0,2.2,Muscle Gain,Strength,1.0,1.0,0.0,0.0,0.0,1.0,1.0
37.2,Male,77.9,1.7,26.81,13.2,172.3,147.2,55.9,1.54,1025.4,4.8,3.0,3.4,Weight Loss,Cardio,0.0,0.0,0.0,0.0,0.0,0.0,1.0
58.7,Male,69.2,1.61,26.84,11.7,158.6,153.6,56.4,0.88,597.0,4.8,3.0,2.4,General Fitness,HIIT,1.0,0.0,0.0,1.0,1.0,1.0,0.0
57.4,Male,65.3,1.68,23.14,17.8,166.7,161.7,59.9,1.0,1143.6,4.2,2.0,3.4,Weight Loss,HIIT,0.0,1.0,0.0,0.0,1.0,0.0,1.0
34.0,Female,52.8,1.74,17.44,26.4,177.0,169.0,66.0,1.6,1286.0,4.0,2.0,3.2,Muscle Gain,Strength,1.0,1.0,0.0,0.0,0.0,1.0,0.0
47.6,Male,81.3,1.83,24.38,16.0,196.0,137.8,58.8,1.5,871.6,3.9,2.0,2.6,Strength,Strength,1.0,1.0,1.0,0.0,0.0,0.0,1.0
28.4,Female,56.0,1.68,19.72,23.8,198.4,178.7,48.2,1.17,749.6,4.3,3.0,4.1,Endurance,HIIT,1.0,0.0,0.0,1.0,0.0,0.0,1.0
18.9,Male,80.0,1.73,26.78,12.7,208.6,125.8,67.0,1.98,907.2,4.9,1.0,3.1,Muscle Gain,Strength,1.0,1.0,1.0,0.0,0.0,0.0,1.0
47.2,Male,95.2,1.85,27.94,13.3,172.2,130.7,73.8,1.06,771.9,3.1,2.0,2.4,Athletic Performance,Functional,1.0,0.0,1.0,1.0,1.0,1.0,1.0
19.4,Male,92.7,1.78,29.31,22.1,202.8,114.4,63.9,1.66,677.7,5.0,2.0,3.0,Muscle Gain,Powerlifting,0.0,1.0,1.0,0.0,1.0,0.0,0.0
47.2,Male,75.4,1.66,27.23,32.2,165.2,132.9,67.8,1.14,634.2,2.3,1.0,2.99,Weight Loss,Cardio,0.0,0.0,0.0,1.0,0.0,0.0,1.0
39.7,Male,73.4,1.55,30.38,31.2,190.4,156.0,65.9,1.09,590.4,2.7,2.0,3.46,Athletic Performance,Functional,,,,,,,
69.2,Male,80.2,1.71,27.48,21.6,148.8,110.4,72.0,2.11,690.3,3.8,2.0,2.6,Muscle Gain,Powerlifting,0.0,1.0,0.0,0.0,0.0,0.0,0.0
25.1,Male,68.1,1.64,25.47,11.8,201.7,154.3,49.8,0.72,644.4,3.8,3.0,2.7,Weight Loss,Cardio,0.0,1.0,0.0,0.0,1.0,0.0,1.0
21.7,Male,87.0,1.92,23.67,17.1,194.5,110.6,60.3,1.46,708.3,4.1,3.0,2.9,Muscle Gain,Strength,0.0,1.0,1.0,0.0,1.0,0.0,1.0
29.3,Male,64.3,1.67,23.03,10.8,197.5,151.2,61.2,1.44,957.8,4.4,3.0,3.8,Endurance,Cardio,0.0,0.0,0.0,0.0,0.0,0.0,1.0
36.5,Female,63.9,1.59,25.27,18.2,179.2,145.4,53.8,1.69,991.2,3.3,3.0,2.5,Weight Loss,Cardio,0.0,1.0,1.0,0.0,0.0,0.0,1.0
18.0,Male,72.8,1.84,21.5,23.5,174.0,152.0,62.0,1.32,730.0,2.0,3.0,2.1,Endurance,Cardio,0.0,0.0,0.0,0.0,0.0,0.0,1.0
25.7,Male,81.1,1.73,27.2,15.6,190.1,136.6,65.6,0.93,726.4,4.3,1.0,2.9,Athletic Performance,Functional,1.0,0.0,1.0,1.0,1.0,1.0,1.0
22.2,Female,68.3,1.61,26.38,26.5,190.3,155.8,65.0,0.74,529.7,4.5,1.0,3.0,Muscle Gain,Functional,0.0,1.0,0.0,1.0,0.0,0.0,1.0
37.4,Female,55.6,1.45,26.45,20.0,171.3,160.0,55.6,0.89,595.4,4.6,2.0,3.0,Muscle Gain,Functional,1.0,1.0,1.0,1.0,1.0,1.0,1.0
30.6,Male,53.0,1.64,19.75,16.4,189.0,138.5,58.2,1.36,618.5,3.5,2.0,2.4,General Fitness,Functional,1.0,0.0,0.0,0.0,1.0,0.0,1.0
27.0,Female,61.1,1.59,24.17,16.7,182.0,139.0,68.0,1.09,669.0,3.0,2.0,1.5,General Fitness,Strength,1.0,1.0,1.0,0.0,0.0,1.0,0.0
52.3,Female,72.2,1.76,23.29,25.2,172.8,113.3,57.7,1.15,627.0,4.0,2.0,2.4,Muscle Gain,Strength,1.0,1.0,1.0,1.0,0.0,0.0,0.0
41.0,Female,40.0,1.6,15.62,23.5,164.0,143.0,73.0,1.52,727.0,5.0,2.0,3.4,Strength,Strength,1.0,0.0,1.0,0.0,0.0,0.0,1.0
28.8,Male,86.1,1.78,27.21,18.9,195.5,120.2,61.6,1.37,881.4,4.6,3.0,2.8,Muscle Gain,Strength,1.0,0.0,0.0,0.0,0.0,1.0,1.0
23.5,Female,56.0,1.59,22.06,26.8,202.8,143.3,57.3,1.61,641.3,4.0,3.0,3.4,Muscle Gain,Strength,1.0,1.0,1.0,0.0,0.0,0.0,0.0
59.7,Female,67.9,1.58,27.24,24.6,158.9,141.9,58.6,0.9,583.7,5.0,2.0,2.6,General Fitness,Strength,1.0,1.0,1.0,1.0,1.0,0.0,1.0
18.0,Male,50.9,1.73,17.01,23.5,170.0,137.0,58.0,1.43,804.0,2.0,2.0,3.7,General Fitness,Strength,1.0,1.0,1.0,0.0,0.0,0.0,1.0
46.4,Male,77.8,1.69,27.13,20.9,166.7,156.4,78.4,0.89,716.7,3.1,1.0,2.67,Endurance,HIIT,1.0,0.0,0.0,0.0,1.0,1.0,1.0
34.3,Female,60.7,1.79,18.92,23.1,183.2,120.5,68.7,1.04,214.6,3.0,2.0,2.56,Flexibility,Yoga,0.0,0.0,0.0,0.0,0.0,1.0,1.0
69.1,Female,76.4,1.67,27.23,22.0,153.1,148.1,57.9,0.75,784.2,4.9,2.0,2.6,Weight Loss,HIIT,1.0,0.0,0.0,1.0,0.0,0.0,0.0
39.8,Female,73.1,1.69,25.72,23.3,176.1,141.0,52.0,1.71,827.6,3.7,2.0,3.2,General Fitness,Cardio,0.0,1.0,0.0,0.0,0.0,0.0,1.0
39.2,Male,86.0,1.81,26.25,13.7,178.7,151.0,54.4,1.11,1361.5,4.4,2.0,2.0,General Fitness,HIIT,0.0,0.0,0.0,1.0,1.0,1.0,0.0
31.0,Female,63.6,1.57,25.8,15.1,165.0,169.0,74.0,1.09,1148.0,4.0,1.0,3.4,Muscle Gain,Strength,1.0,1.0,1.0,1.0,1.0,0.0,1.0
33.2,Female,57.6,1.62,21.88,23.3,184.5,158.4,59.5,0.87,502.7,3.0,3.0,2.6,Athletic Performance,Functional,1.0,0.0,1.0,1.0,0.0,1.0,1.0
25.8,Female,76.8,1.74,25.32,26.4,194.5,149.0,61.3,1.19,994.3,3.5,3.0,2.9,General Fitness,Functional,1.0,0.0,1.0,1.0,1.0,1.0,1.0
47.0,Female,46.9,1.91,12.86,23.8,162.0,145.0,53.0,1.17,733.0,3.0,2.0,1.5,Endurance,HIIT,0.0,0.0,0.0,1.0,1.0,1.0,1.0
45.7,Male,97.4,1.79,30.31,35.4,173.8,141.8,69.9,1.87,1169.3,2.9,1.0,3.64,Athletic Performance,Strength,,,,,,,
64.1,Female,60.0,1.48,27.29,22.1,157.6,152.6,60.0,0.93,490.8,3.8,2.0,,Endurance,Cardio,0.0,0.0,1.0,1.0,0.0,0.0,1.0
54.3,Male,67.1,1.57,27.26,14.0,167.1,155.5,74.0,0.77,510.8,3.4,3.0,3.1,General Fitness,Functional,1.0,1.0,1.0,0.0,1.0,0.0,0.0
28.6,Female,64.3,1.7,22.12,26.2,182.6,137.9,57.3,1.37,689.3,4.0,1.0,3.5,General Fitness,Strength,1.0,1.0,1.0,0.0,0.0,0.0,0.0
50.6,Male,56.9,1.75,18.51,24.1,169.7,140.6,69.6,1.7,665.8,1.9,1.0,3.21,Muscle Gain,Strength,,,,,,,
54.2,Female,77.2,1.66,28.08,23.1,155.4,139.2,60.4,0.8,469.3,3.3,2.0,2.7,Strength,Strength,1.0,1.0,1.0,0.0,1.0,0.0,0.0
52.4,Female,87.9,1.82,26.55,20.3,159.7,154.7,59.6,0.81,939.9,4.4,2.0,3.0,Endurance,Cardio,0.0,0.0,1.0,1.0,0.0,0.0,1.0
51.0,Male,68.6,1.69,23.89,18.3,168.4,124.4,69.8,0.96,391.2,4.6,2.0,2.1,Strength,Strength,1.0,1.0,1.0,1.0,1.0,0.0,1.0
49.4,Female,45.0,1.74,14.93,18.7,166.3,152.3,60.5,0.48,231.4,2.9,2.0,3.13,Weight Loss,HIIT,1.0,1.0,0.0,0.0,1.0,0.0,1.0
18.5,Female,71.0,1.66,25.6,21.9,184.6,179.6,52.8,0.5,434.3,3.7,3.0,3.9,Endurance,HIIT,1.0,0.0,0.0,1.0,0.0,0.0,1.0
37.1,Female,72.6,1.69,25.31,24.6,191.2,119.0,63.5,1.79,756.5,4.6,3.0,2.5,General Fitness,Powerlifting,1.0,1.0,1.0,0.0,0.0,0.0,0.0
42.0,Female,47.7,1.72,16.12,31.4,183.0,150.0,57.0,1.95,782.0,3.0,2.0,3.1,Strength,Strength,1.0,1.0,1.0,0.0,1.0,0.0,0.0
34.0,Female,62.3,1.78,19.61,17.5,184.9,144.8,55.9,1.26,504.5,2.3,2.0,3.5,Strength,Strength,1.0,1.0,1.0,1.0,0.0,0.0,0.0
52.5,Female,85.0,1.78,26.94,21.0,172.0,148.9,46.0,1.46,1236.8,5.6,2.0,2.9,Weight Loss,Cardio,0.0,0.0,0.0,0.0,1.0,0.0,1.0
27.8,Male,56.8,1.79,17.77,17.7,190.0,177.0,61.8,0.83,492.5,4.9,3.0,3.21,Weight Loss,HIIT,0.0,1.0,1.0,1.0,1.0,0.0,1.0
26.4,Male,68.2,1.8,21.16,19.0,187.0,180.3,52.5,1.13,1268.2,4.1,2.0,4.1,General Fitness,HIIT,1.0,0.0,0.0,1.0,1.0,0.0,1.0
49.0,Female,95.6,1.67,34.28,26.0,164.0,134.0,74.0,1.71,466.0,3.0,2.0,1.8,Weight Loss,Cardio,0.0,0.0,0.0,0.0,0.0,1.0,1.0
54.8,Male,105.6,1.69,36.81,27.9,157.9,146.9,60.1,0.46,470.1,4.3,3.0,3.01,Endurance,HIIT,1.0,0.0,0.0,0.0,1.0,0.0,1.0
52.6,Female,47.8,1.52,20.57,24.2,172.9,154.0,50.8,0.7,403.8,4.2,2.0,3.9,General Fitness,HIIT,1.0,0.0,0.0,1.0,1.0,1.0,1.0
42.7,Male,77.1,1.89,21.48,16.1,178.1,157.1,58.6,1.08,1171.3,3.4,2.0,3.3,Endurance,HIIT,1.0,0.0,0.0,1.0,0.0,0.0,1.0
35.6,Female,80.2,1.67,28.78,34.4,193.7,105.5,58.0,1.65,784.3,3.3,2.0,2.2,Strength,Powerlifting,1.0,1.0,0.0,0.0,0.0,0.0,0.0
30.1,Male,86.7,1.77,27.66,22.3,191.5,130.5,51.1,1.5,584.2,4.5,3.0,2.6,General Fitness,Powerlifting,0.0,1.0,0.0,0.0,0.0,0.0,1.0
32.0,Female,71.9,1.62,27.47,19.1,177.4,172.4,58.1,0.98,597.1,5.8,1.0,3.0,Endurance,Cardio,0.0,0.0,0.0,0.0,0.0,0.0,1.0
37.8,Male,57.1,1.69,20.1,12.1,173.7,121.5,73.4,1.94,860.4,4.9,3.0,3.3,General Fitness,Strength,1.0,0.0,1.0,0.0,0.0,0.0,1.0
43.0,Female,89.2,1.73,29.8,14.5,163.0,135.0,67.0,1.51,1367.0,3.0,1.0,3.5,Muscle Gain,Strength,1.0,1.0,0.0,1.0,0.0,0.0,0.0
37.9,Male,68.5,1.79,21.48,20.2,178.9,114.1,60.7,1.97,986.7,3.1,3.0,3.4,Muscle Gain,Strength,1.0,1.0,0.0,0.0,1.0,0.0,1.0
29.0,Female,67.4,1.76,21.76,21.4,187.0,120.0,74.0,1.1,911.0,5.0,1.0,2.3,Endurance,Cardio,0.0,0.0,1.0,0.0,0.0,0.0,1.0
29.2,Female,66.7,1.72,22.66,24.1,199.7,165.9,56.5,0.79,387.9,2.9,2.0,2.82,Weight Loss,Cardio,0.0,0.0,0.0,1.0,0.0,0.0,1.0
25.0,Female,65.9,1.73,22.02,10.0,180.0,151.0,56.0,1.66,825.0,3.0,1.0,2.5,Endurance,Cardio,0.0,0.0,0.0,0.0,1.0,0.0,1.0
50.3,Male,73.5,1.71,25.02,15.2,175.9,142.8,69.4,1.45,649.0,4.2,2.0,3.9,Muscle Gain,Strength,0.0,1.0,1.0,0.0,0.0,0.0,0.0
48.0,Female,57.3,1.9,15.87,10.0,172.0,113.5,55.0,1.62,877.0,2.0,2.0,2.8,Muscle Gain,Strength,0.0,1.0,1.0,0.0,1.0,1.0,1.0
26.2,Female,83.1,1.96,21.63,23.6,187.9,155.2,67.6,1.22,709.0,2.1,1.0,3.4,Athletic Performance,Strength,,,,,,,
20.7,Male,73.1,1.77,23.44,11.5,194.2,106.9,62.7,1.19,169.2,2.6,3.0,2.7,Stress Relief,Yoga,0.0,0.0,0.0,0.0,1.0,0.0,1.0
28.2,Male,60.9,1.82,18.49,13.5,180.9,111.8,70.1,1.03,223.1,4.8,2.0,1.8,Flexibility,Yoga,0.0,0.0,0.0,0.0,0.0,0.0,1.0
35.5,Male,77.6,1.82,23.36,15.9,184.6,171.9,47.5,0.96,783.0,5.8,3.0,3.4,General Fitness,Cardio,0.0,0.0,1.0,1.0,0.0,0.0,1.0
33.1,Male,70.9,1.76,22.93,18.9,188.4,138.0,80.0,1.36,622.0,3.8,3.0,2.8,General Fitness,Strength,1.0,1.0,1.0,0.0,1.0,0.0,1.0
38.6,Female,45.0,1.75,14.67,20.3,175.7,148.6,65.2,1.26,403.0,3.1,3.0,3.1,Muscle Gain,Functional,,,,,,,
40.4,Male,61.0,1.69,21.36,23.7,192.0,158.4,74.6,1.4,641.0,2.5,1.0,3.71,Endurance,Cardio,0.0,0.0,1.0,0.0,0.0,0.0,1.0
28.6,Male,58.2,1.71,20.0,9.3,195.5,175.5,55.9,0.8,908.0,3.8,3.0,3.2,Weight Loss,HIIT,1.0,0.0,1.0,0.0,0.0,1.0,1.0
52.0,Male,47.8,1.79,14.92,27.3,168.0,144.0,68.0,0.95,715.0,5.0,3.0,2.4,Weight Loss,Cardio,0.0,0.0,0.0,0.0,1.0,0.0,1.0
39.6,Female,72.4,1.74,24.02,25.5,175.5,132.2,67.6,0.94,648.6,3.0,2.0,3.3,Muscle Gain,Functional,0.0,1.0,0.0,0.0,1.0,0.0,1.0
25.5,Male,69.3,1.76,22.25,9.1,187.2,170.3,52.3,0.81,561.3,3.6,2.0,2.8,Weight Loss,HIIT,0.0,0.0,0.0,1.0,0.0,0.0,1.0
29.1,Female,70.2,1.75,23.01,20.2,191.3,122.1,60.8,1.12,298.4,5.8,3.0,3.42,Stress Relief,Yoga,1.0,0.0,0.0,0.0,1.0,1.0,1.0
50.6,Male,45.0,1.45,21.4,23.4,161.0,126.8,63.7,1.17,341.3,5.0,2.0,4.0,Muscle Gain,Strength,1.0,1.0,1.0,0.0,0.0,0.0,0.0
26.0,Female,59.8,1.6,23.36,16.4,180.0,151.0,58.0,1.2,611.0,3.0,3.0,2.5,General Fitness,HIIT,1.0,0.0,0.0,1.0,0.0,1.0,1.0
60.0,Female,56.0,1.56,22.98,24.1,166.8,138.5,57.0,1.79,557.2,4.6,2.0,3.3,Strength,Strength,1.0,1.0,1.0,0.0,0.0,0.0,0.0
28.3,Male,83.8,1.75,27.34,17.9,189.2,122.2,73.8,1.32,796.5,4.5,3.0,2.9,Strength,Strength,0.0,0.0,1.0,1.0,0.0,0.0,0.0
34.4,Male,60.9,1.77,19.54,14.0,165.5,93.8,56.1,0.66,109.6,5.1,2.0,1.8,Flexibility,Yoga,0.0,0.0,0.0,0.0,0.0,1.0,1.0
18.6,Male,72.0,1.78,22.83,15.8,204.4,152.6,62.2,1.02,723.9,3.2,1.0,2.7,General Fitness,Functional,1.0,0.0,0.0,1.0,1.0,1.0,1.0
44.9,Female,82.1,1.74,27.03,26.4,169.0,132.6,74.3,1.62,809.2,3.0,2.0,3.59,Muscle Gain,Strength,1.0,1.0,1.0,1.0,1.0,1.0,1.0
24.0,Male,86.3,1.71,29.51,33.3,191.0,150.0,50.0,1.33,1166.0,3.0,1.0,1.8,Muscle Gain,Strength,1.0,1.0,1.0,1.0,0.0,0.0,1.0
48.1,Male,78.8,1.87,22.45,21.4,176.9,150.1,67.8,0.61,354.7,3.3,3.0,2.12,Endurance,Cardio,1.0,0.0,0.0,0.0,0.0,0.0,1.0
50.0,Male,56.6,1.96,14.73,24.8,196.0,169.0,74.0,2.0,1299.0,3.0,2.0,1.6,General Fitness,Strength,1.0,1.0,1.0,0.0,0.0,0.0,1.0
47.0,Male,100.5,1.56,41.3,22.1,185.0,133.0,64.0,0.87,872.0,4.0,2.0,1.5,Endurance,Cardio,0.0,0.0,0.0,1.0,0.0,0.0,1.0
35.0,Male,67.5,1.59,26.54,8.5,187.7,147.0,65.3,0.92,705.6,5.0,1.0,2.2,Weight Loss,Cardio,1.0,0.0,0.0,1.0,0.0,0.0,1.0
35.0,Male,69.5,1.68,24.62,23.6,172.0,155.0,59.0,1.78,1350.0,3.0,2.0,1.6,Weight Loss,HIIT,1.0,0.0,1.0,1.0,0.0,0.0,1.0
66.7,Female,64.8,1.63,24.54,27.2,160.0,107.4,56.0,1.11,213.8,3.4,3.0,1.9,Stress Relief,Yoga,0.0,0.0,0.0,0.0,0.0,1.0,1.0
29.0,Male,79.4,1.71,27.15,29.6,186.0,124.0,74.0,2.0,877.0,3.0,2.0,1.5,Strength,Strength,1.0,1.0,1.0,0.0,1.0,1.0,1.0
58.4,Female,59.6,1.73,20.01,17.2,176.7,145.4,75.0,1.15,867.5,5.8,2.0,2.8,General Fitness,Cardio,1.0,0.0,0.0,0.0,0.0,0.0,1.0
43.0,Male,57.5,2.0,14.38,16.9,172.0,126.0,64.0,1.4,735.0,3.0,1.0,2.1,General Fitness,Cardio,0.0,0.0,0.0,0.0,0.0,0.0,1.0
29.1,Male,67.1,1.79,20.9,12.2,184.9,158.8,68.1,0.63,496.8,4.9,2.0,3.1,Muscle Gain,Functional,1.0,0.0,0.0,1.0,1.0,0.0,0.0
44.7,Female,77.4,1.63,29.13,24.0,177.9,116.1,57.7,1.09,561.7,4.1,2.0,2.2,Strength,Strength,1.0,1.0,1.0,0.0,0.0,0.0,0.0
54.4,Female,49.4,1.57,20.12,23.6,179.5,117.2,61.6,1.37,269.9,3.7,3.0,2.0,Flexibility,Yoga,0.0,0.0,0.0,0.0,0.0,0.0,1.0
30.0,Female,85.4,1.71,29.21,21.6,188.0,169.0,74.0,1.17,744.0,4.0,2.0,3.6,Endurance,HIIT,0.0,1.0,1.0,1.0,0.0,0.0,1.0
49.1,Male,68.9,1.74,22.81,13.7,162.7,119.9,71.1,1.0,279.3,2.4,1.0,2.5,Flexibility,Yoga,0.0,0.0,0.0,0.0,1.0,1.0,1.0
18.5,Female,45.1,1.54,19.11,20.6,196.0,106.3,59.6,1.49,164.0,3.8,2.0,2.5,Flexibility,Yoga,0.0,0.0,0.0,0.0,1.0,0.0,1.0
58.3,Female,64.0,1.95,16.9,17.8,164.4,133.7,75.8,1.17,543.1,2.7,1.0,2.85,Athletic Performance,Functional,,,,,,,
22.6,Male,70.7,1.8,21.88,13.6,201.0,92.4,58.8,0.64,117.7,2.7,2.0,1.7,General Fitness,Yoga,0.0,0.0,0.0,0.0,1.0,1.0,1.0
32.0,Female,113.1,1.73,37.79,26.2,165.0,135.0,58.0,1.5,1081.0,4.0,1.0,3.3,Muscle Gain,Strength,1.0,1.0,1.0,0.0,0.0,0.0,0.0
53.0,Male,75.1,2.02,18.39,19.6,174.5,140.5,61.8,1.47,750.5,3.8,2.0,3.61,Muscle Gain,Functional,,,,,,,
39.8,Male,76.7,1.55,31.84,38.7,186.0,148.6,74.6,1.37,661.9,1.1,1.0,3.66,Strength,Strength,1.0,1.0,1.0,0.0,0.0,1.0,1.0
26.0,Female,68.6,1.75,22.4,29.4,184.0,140.0,60.0,1.26,681.0,3.0,3.0,1.8,General Fitness,HIIT,1.0,1.0,0.0,1.0,1.0,1.0,1.0
38.0,Female,78.8,1.74,26.17,29.3,172.2,132.2,75.7,2.12,1434.4,3.8,2.0,3.3,Muscle Gain,Powerlifting,1.0,1.0,0.0,0.0,0.0,0.0,1.0
23.0,Male,56.2,1.76,18.14,23.9,195.0,141.0,55.0,1.45,1195.0,4.0,1.0,3.2,General Fitness,HIIT,0.0,1.0,0.0,1.0,1.0,0.0,1.0
29.3,Female,67.1,1.53,28.82,21.1,180.1,121.4,65.6,1.94,1075.3,4.8,3.0,2.1,Strength,Strength,1.0,1.0,1.0,0.0,1.0,0.0,0.0
30.8,Male,71.0,1.67,25.52,14.9,194.0,102.0,72.2,0.76,179.4,3.8,2.0,2.3,Flexibility,Yoga,0.0,0.0,0.0,0.0,1.0,1.0,1.0
29.5,Male,77.4,1.8,24.01,8.6,205.6,174.0,52.6,1.53,1692.5,3.5,2.0,3.8,General Fitness,Cardio,0.0,0.0,1.0,1.0,0.0,0.0,1.0
39.0,Female,55.9,1.6,21.87,22.1,174.5,148.2,45.0,1.13,507.4,4.8,1.0,2.9,Weight Loss,Cardio,0.0,0.0,0.0,0.0,0.0,1.0,1.0
49.0,Male,88.4,1.75,28.87,23.5,192.0,145.0,74.0,1.27,493.0,3.0,1.0,2.2,Muscle Gain,Strength,1.0,0.0,0.0,0.0,0.0,0.0,1.0
39.9,Female,71.6,1.6,28.01,19.0,188.3,138.3,63.6,1.93,1343.3,3.5,1.0,3.2,Muscle Gain,Strength,1.0,1.0,1.0,1.0,0.0,1.0,0.0
27.7,Male,72.3,1.7,24.88,21.0,189.8,114.4,76.6,1.35,296.1,3.3,3.0,2.4,Flexibility,Yoga,0.0,0.0,0.0,0.0,1.0,0.0,1.0
29.3,Male,60.3,1.64,22.52,10.5,188.9,163.9,47.3,0.64,531.6,2.1,2.0,2.2,Endurance,HIIT,0.0,0.0,1.0,1.0,0.0,1.0,1.0
18.0,Female,49.0,1.72,16.56,24.4,190.0,153.0,60.0,0.72,862.0,4.0,3.0,2.8,General Fitness,HIIT,1.0,1.0,0.0,1.0,0.0,0.0,1.0
36.9,Male,57.0,1.57,23.01,15.6,180.9,107.0,54.6,1.15,343.3,3.0,2.0,2.4,Muscle Gain,Powerlifting,1.0,1.0,0.0,0.0,0.0,0.0,0.0
48.3,Female,59.1,1.61,22.92,21.5,156.9,128.6,74.1,1.38,784.0,4.3,1.0,2.0,General Fitness,Functional,1.0,0.0,1.0,1.0,0.0,1.0,1.0
18.1,Female,63.2,1.51,27.62,19.6,207.2,151.0,52.7,1.7,1224.2,3.6,2.0,3.6,Weight Loss,Cardio,0.0,0.0,0.0,0.0,0.0,0.0,1.0
52.2,Male,73.0,1.71,24.89,12.1,172.2,102.4,72.5,1.45,354.0,5.9,2.0,1.8,Flexibility,Yoga,0.0,0.0,0.0,0.0,1.0,1.0,1.0
32.0,Male,52.8,1.61,20.37,24.2,169.0,169.0,70.0,0.88,1375.0,5.0,1.0,2.7,General Fitness,Strength,1.0,1.0,1.0,0.0,0.0,1.0,0.0
23.0,Male,70.4,1.77,22.59,20.0,201.1,150.7,64.6,1.3,1069.2,4.7,3.0,2.6,Muscle Gain,Functional,1.0,0.0,1.0,1.0,1.0,0.0,1.0
28.1,Male,67.8,1.76,21.89,12.5,187.2,126.4,66.1,0.89,356.0,4.1,1.0,2.3,Muscle Gain,Strength,1.0,0.0,1.0,0.0,0.0,0.0,0.0
45.6,Male,71.4,1.76,22.96,11.8,169.7,150.1,45.0,1.04,897.5,2.1,2.0,3.2,Endurance,HIIT,0.0,1.0,0.0,1.0,0.0,0.0,1.0
16.0,Female,69.1,1.93,18.57,24.5,205.6,156.1,80.8,0.95,385.2,1.8,1.0,4.07,Muscle Gain,Strength,0.0,1.0,1.0,1.0,1.0,1.0,1.0
45.0,Male,59.5,1.61,22.95,24.5,194.0,121.0,55.0,1.3,741.0,4.0,3.0,2.0,Weight Loss,Cardio,1.0,0.0,0.0,0.0,1.0,0.0,1.0
35.7,Male,84.4,1.8,25.95,15.4,192.8,136.6,60.2,1.76,1270.7,3.5,1.0,3.0,General Fitness,Strength,0.0,1.0,1.0,1.0,0.0,0.0,0.0
52.6,Female,63.2,1.65,23.14,19.0,178.4,135.6,81.4,1.48,840.4,3.8,2.0,3.5,Athletic Performance,Functional,0.0,0.0,0.0,1.0,0.0,0.0,1.0
50.1,Male,67.8,1.74,22.36,20.7,167.5,154.6,71.0,1.42,1185.8,3.7,3.0,3.1,General Fitness,Functional,1.0,0.0,1.0,1.0,1.0,0.0,1.0
18.0,Male,87.3,1.71,29.86,30.0,199.0,145.0,65.0,1.16,1783.0,3.0,3.0,3.3,Endurance,Cardio,0.0,0.0,0.0,0.0,0.0,0.0,1.0
68.3,Male,61.8,1.6,24.16,24.7,161.8,107.7,68.6,1.02,356.3,3.9,3.0,2.4,General Fitness,Powerlifting,0.0,1.0,0.0,0.0,1.0,1.0,0.0
59.0,Male,79.3,1.79,24.75,25.2,198.0,162.0,74.0,1.78,933.0,4.0,2.0,2.7,Strength,Strength,1.0,1.0,0.0,0.0,1.0,0.0,1.0
69.1,Female,79.5,1.72,26.96,24.3,140.0,135.0,65.3,0.77,493.9,5.0,1.0,2.6,Strength,Strength,1.0,1.0,1.0,0.0,0.0,0.0,1.0
40.7,Male,64.6,1.66,23.31,14.0,187.5,156.5,55.1,1.45,845.1,4.7,2.0,3.3,Weight Loss,Cardio,0.0,0.0,0.0,0.0,0.0,0.0,1.0
28.0,Male,59.9,1.7,20.73,11.7,169.0,163.0,65.0,1.26,1474.0,4.0,1.0,2.9,Strength,Strength,0.0,1.0,1.0,0.0,1.0,0.0,1.0
20.3,Male,71.3,1.66,25.75,14.3,200.1,119.8,70.5,0.9,260.8,2.3,2.0,2.3,Flexibility,Yoga,0.0,0.0,0.0,0.0,1.0,0.0,1.0
41.1,Female,67.6,1.78,21.28,18.1,181.4,132.7,65.6,1.23,551.3,3.0,3.0,3.05,Muscle Gain,Strength,1.0,1.0,1.0,0.0,0.0,0.0,1.0
32.9,Female,56.0,1.72,18.86,18.5,182.9,92.2,66.0,0.75,87.1,2.9,3.0,1.8,Flexibility,Yoga,1.0,0.0,0.0,0.0,0.0,0.0,1.0
45.2,Female,59.8,1.61,23.0,19.6,158.0,153.0,51.3,1.31,1098.4,3.7,1.0,3.2,Weight Loss,Cardio,0.0,0.0,0.0,0.0,0.0,0.0,1.0
19.6,Male,66.2,1.7,22.8,17.5,202.8,115.8,58.8,1.31,261.4,4.8,2.0,3.1,General Fitness,Yoga,0.0,0.0,0.0,0.0,1.0,0.0,1.0
18.0,Male,71.9,1.54,30.32,18.9,170.0,121.0,59.0,1.48,658.0,4.0,2.0,2.6,Endurance,HIIT,1.0,0.0,0.0,1.0,1.0,1.0,1.0
35.9,Female,63.0,1.71,21.48,24.8,194.0,165.5,57.0,0.93,788.4,4.3,2.0,4.0,Weight Loss,HIIT,1.0,0.0,1.0,0.0,0.0,0.0,0.0
26.1,Male,90.2,1.82,27.28,18.7,200.9,168.8,48.7,0.98,1094.9,3.2,3.0,3.8,Endurance,HIIT,0.0,0.0,0.0,1.0,0.0,0.0,1.0
26.2,Male,71.6,1.89,20.01,18.1,200.5,106.8,70.4,1.19,284.0,2.6,2.0,1.6,Flexibility,Yoga,0.0,0.0,0.0,0.0,1.0,1.0,1.0
44.0,Male,86.1,1.73,28.77,22.7,178.0,140.0,51.0,1.12,1244.0,3.0,3.0,3.4,Strength,Strength,1.0,1.0,1.0,1.0,0.0,1.0,1.0
20.6,Male,94.4,1.86,27.37,18.0,200.1,126.4,68.2,1.74,1358.0,4.0,1.0,3.5,Strength,Strength,1.0,1.0,1.0,0.0,0.0,0.0,1.0
44.6,Female,81.9,1.75,26.9,17.9,175.5,118.5,70.0,1.41,269.1,5.9,1.0,3.2,General Fitness,Yoga,1.0,0.0,0.0,0.0,0.0,0.0,1.0
51.0,Male,126.0,1.74,41.62,27.3,190.0,139.0,57.0,1.04,1108.0,2.0,1.0,3.2,Strength,Strength,1.0,0.0,1.0,1.0,0.0,1.0,0.0
42.3,Female,59.0,1.69,20.71,18.9,175.0,91.8,71.3,0.54,50.2,5.8,2.0,2.0,Flexibility,Yoga,0.0,0.0,0.0,1.0,0.0,1.0,1.0
29.2,Male,69.3,1.74,22.82,29.2,182.7,113.5,64.3,2.43,632.0,5.0,3.0,3.0,Strength,Powerlifting,0.0,1.0,1.0,0.0,0.0,0.0,0.0
47.4,Female,57.2,1.53,24.58,20.0,175.4,150.3,57.3,1.13,526.4,2.6,2.0,3.5,Weight Loss,HIIT,0.0,0.0,1.0,0.0,1.0,0.0,1.0
18.0,Male,40.0,1.85,11.69,,175.0,144.0,51.0,2.0,1318.0,4.0,2.0,2.0,General Fitness,Strength,1.0,1.0,1.0,0.0,1.0,0.0,0.0
26.9,Female,68.7,1.57,27.94,19.2,195.8,139.6,53.3,1.93,893.5,4.1,2.0,4.0,Muscle Gain,Strength,1.0,1.0,0.0,1.0,1.0,0.0,1.0
37.9,Female,50.1,1.62,19.11,16.3,182.4,164.1,55.7,0.63,499.5,2.3,2.0,3.0,Weight Loss,HIIT,1.0,1.0,0.0,1.0,1.0,0.0,1.0
51.0,Female,62.7,1.73,20.95,18.2,198.0,140.0,50.0,1.98,1656.0,4.0,2.0,3.6,Muscle Gain,Strength,1.0,1.0,1.0,0.0,1.0,1.0,1.0
26.0,Male,69.7,1.82,21.07,12.7,194.6,116.3,70.6,1.48,497.0,3.1,1.0,2.1,Muscle Gain,Strength,1.0,1.0,1.0,1.0,0.0,1.0,1.0
38.8,Male,72.8,1.75,23.67,21.3,189.0,124.1,65.0,1.17,443.8,3.8,3.0,2.4,Strength,Strength,1.0,1.0,0.0,1.0,0.0,0.0,1.0
26.1,Female,66.9,1.66,24.27,25.2,196.6,167.2,78.5,1.36,676.3,1.8,1.0,3.64,Weight Loss,Cardio,0.0,1.0,0.0,0.0,0.0,0.0,1.0
20.5,Female,69.2,1.66,24.96,22.5,199.5,111.3,59.2,1.32,645.1,4.2,2.0,2.2,Muscle Gain,Strength,1.0,0.0,1.0,0.0,0.0,1.0,1.0
41.3,Female,50.3,1.6,19.68,21.0,173.5,168.5,55.9,0.59,267.8,5.0,3.0,3.3,Weight Loss,Cardio,0.0,0.0,0.0,0.0,0.0,0.0,1.0
29.3,Male,75.5,1.86,21.92,17.1,200.0,153.1,61.0,1.28,1392.1,6.0,2.0,2.4,Endurance,Cardio,1.0,0.0,0.0,0.0,0.0,0.0,1.0
25.5,Male,74.7,1.74,24.75,18.6,192.9,158.4,71.8,1.27,958.8,4.0,1.0,3.7,Muscle Gain,Functional,0.0,0.0,0.0,1.0,1.0,1.0,1.0
33.7,Male,45.0,1.69,15.68,18.7,178.7,141.6,62.8,1.06,310.1,1.7,1.0,2.85,Strength,Strength,1.0,0.0,0.0,0.0,0.0,0.0,1.0
21.6,Male,69.4,1.78,21.84,14.1,200.0,174.6,72.4,0.63,545.6,3.4,3.0,3.5,Weight Loss,HIIT,1.0,0.0,0.0,1.0,1.0,1.0,1.0
67.2,Male,69.5,1.75,22.67,20.1,153.5,128.0,63.4,2.11,1062.3,4.0,3.0,3.69,Weight Loss,Cardio,0.0,0.0,0.0,0.0,0.0,0.0,1.0
37.0,Female,68.9,1.65,25.31,23.0,171.0,132.0,50.0,1.19,767.0,3.0,3.0,2.8,General Fitness,Strength,1.0,1.0,1.0,0.0,1.0,0.0,1.0
54.4,Female,53.6,1.64,19.93,26.3,166.5,101.9,62.7,1.35,116.7,4.6,3.0,2.2,Flexibility,Yoga,0.0,1.0,0.0,0.0,1.0,1.0,1.0
49.9,Female,63.3,1.71,21.63,23.8,173.0,121.5,75.5,0.76,187.6,2.4,1.0,3.38,General Fitness,Yoga,1.0,0.0,0.0,0.0,1.0,1.0,1.0
52.2,Male,72.6,1.7,25.23,13.5,177.2,136.1,68.8,1.41,975.7,4.6,1.0,3.4,Muscle Gain,Strength,1.0,1.0,0.0,0.0,0.0,0.0,1.0
27.1,Male,68.6,1.69,24.13,25.9,184.3,121.1,59.4,2.07,559.2,4.9,3.0,3.2,General Fitness,Powerlifting,1.0,1.0,0.0,1.0,0.0,0.0,0.0
37.0,Female,94.4,1.7,32.66,16.4,193.0,127.0,70.0,1.27,1183.0,4.0,1.0,3.4,Weight Loss,HIIT,0.0,0.0,0.0,1.0,0.0,0.0,1.0
18.4,Female,74.0,1.62,28.32,19.9,203.0,118.9,62.1,0.89,448.0,4.1,1.0,2.3,Strength,Strength,1.0,0.0,1.0,1.0,1.0,0.0,0.0
25.0,Female,76.0,1.6,29.74,19.9,195.7,144.9,69.7,1.32,1044.1,3.8,3.0,3.0,Muscle Gain,Strength,0.0,1.0,1.0,0.0,1.0,1.0,0.0
18.0,Male,53.9,1.62,20.54,24.7,170.0,169.0,72.0,1.38,810.0,3.0,1.0,3.4,Weight Loss,Cardio,1.0,0.0,0.0,1.0,0.0,0.0,1.0
22.6,Male,79.8,1.76,25.75,17.5,190.5,185.5,67.2,0.36,438.5,3.9,3.0,3.9,Endurance,HIIT,1.0,1.0,0.0,1.0,1.0,0.0,1.0
18.0,Male,48.7,1.75,15.9,34.4,187.0,141.0,70.0,2.0,1266.0,3.0,1.0,2.6,Strength,Strength,1.0,1.0,1.0,0.0,0.0,0.0,1.0
25.9,Male,79.1,1.94,21.08,8.7,189.8,159.4,58.0,0.87,818.4,4.2,2.0,3.3,General Fitness,Cardio,1.0,0.0,0.0,0.0,0.0,0.0,1.0
37.8,Male,85.8,1.8,26.47,10.3,190.7,143.4,52.3,0.53,417.3,5.0,2.0,3.0,General Fitness,Cardio,0.0,0.0,0.0,1.0,0.0,0.0,1.0
40.4,Female,70.1,1.63,26.5,27.1,190.5,131.9,56.0,1.9,1063.9,3.2,1.0,3.0,Muscle Gain,Strength,1.0,1.0,1.0,0.0,0.0,0.0,1.0
33.0,Female,62.6,1.71,21.41,31.3,192.0,158.0,57.0,1.99,1081.0,2.0,2.0,3.5,Strength,Strength,1.0,1.0,1.0,1.0,0.0,1.0,1.0
24.1,Male,71.2,1.73,23.77,20.4,202.8,121.8,76.5,1.34,621.0,3.2,1.0,2.9,Muscle Gain,Strength,0.0,1.0,1.0,1.0,0.0,0.0,1.0
25.3,Male,65.7,1.64,24.51,17.0,186.1,151.8,69.9,0.87,679.2,3.9,1.0,2.8,General Fitness,Functional,0.0,0.0,0.0,1.0,1.0,1.0,0.0
21.3,Female,65.1,1.64,24.14,20.1,183.5,153.0,58.6,1.48,827.5,4.5,1.0,3.3,General Fitness,Functional,0.0,0.0,1.0,1.0,1.0,1.0,1.0
24.5,Male,61.2,1.59,24.24,11.8,181.4,144.2,66.7,0.89,354.9,4.5,3.0,3.0,Weight Loss,Cardio,0.0,0.0,0.0,0.0,0.0,1.0,1.0
48.0,Female,122.3,1.71,41.82,10.0,183.0,120.0,63.0,0.79,992.0,4.0,1.0,2.6,Muscle Gain,Strength,1.0,1.0,1.0,0.0,1.0,1.0,0.0
38.6,Male,64.1,1.91,17.65,21.6,190.4,139.1,47.0,1.36,523.1,4.8,3.0,3.64,General Fitness,Strength,1.0,1.0,1.0,0.0,0.0,0.0,1.0
28.8,Male,88.3,1.71,30.18,20.9,179.0,115.3,64.8,1.73,708.0,3.9,2.0,3.3,Strength,Powerlifting,1.0,1.0,0.0,1.0,0.0,0.0,1.0
20.0,Female,73.5,1.87,21.02,21.9,167.0,145.0,68.0,2.0,1338.0,3.0,2.0,3.5,Endurance,HIIT,1.0,0.0,1.0,1.0,0.0,0.0,1.0
26.8,Male,68.3,1.78,21.61,17.0,210.0,113.2,60.2,1.05,332.2,4.1,1.0,2.3,Muscle Gain,Strength,1.0,1.0,1.0,1.0,1.0,1.0,0.0
20.3,Male,57.0,1.65,20.81,18.3,206.0,104.9,67.6,0.5,90.1,4.2,1.0,1.9,Flexibility,Yoga,0.0,0.0,0.0,1.0,1.0,1.0,1.0
17.3,Male,88.4,1.75,28.9,31.7,198.7,189.0,66.8,0.7,606.3,2.0,1.0,3.36,Endurance,HIIT,1.0,0.0,0.0,1.0,0.0,0.0,1.0
27.3,Female,64.2,1.61,24.65,27.8,190.7,101.1,54.0,1.38,300.5,4.9,3.0,2.6,Muscle Gain,Powerlifting,1.0,1.0,1.0,0.0,0.0,0.0,1.0
43.0,Male,76.7,1.66,27.87,15.2,188.1,137.6,58.0,1.16,679.4,3.2,2.0,3.4,Strength,Strength,1.0,1.0,0.0,0.0,0.0,1.0,1.0
24.2,Male,57.7,1.64,21.39,10.7,195.0,101.4,62.7,1.08,111.1,2.8,2.0,2.6,Stress Relief,Yoga,0.0,0.0,0.0,0.0,0.0,1.0,1.0
35.7,Male,76.3,1.76,24.67,17.2,189.0,115.0,71.2,1.8,1006.8,3.8,2.0,2.7,Strength,Strength,1.0,1.0,0.0,0.0,1.0,1.0,1.0
23.1,Male,104.3,2.0,26.09,16.2,180.7,145.2,60.4,1.51,1371.7,3.5,3.0,3.3,Weight Loss,Cardio,1.0,0.0,0.0,0.0,1.0,0.0,0.0
66.6,Male,94.6,1.97,24.48,19.6,152.8,119.1,67.6,2.0,1067.2,3.3,1.0,3.6,General Fitness,Strength,1.0,1.0,0.0,0.0,1.0,0.0,1.0
24.8,Female,68.2,1.6,26.76,21.0,195.9,145.5,65.1,1.24,667.5,3.2,2.0,3.4,General Fitness,Functional,1.0,0.0,0.0,1.0,1.0,1.0,0.0
24.8,Male,95.2,1.9,26.39,12.2,176.1,171.1,49.6,0.7,1231.1,3.3,2.0,3.6,General Fitness,HIIT,1.0,0.0,1.0,0.0,1.0,0.0,1.0
34.3,Male,94.7,1.78,29.9,25.8,187.7,107.7,60.9,2.31,957.6,4.8,2.0,3.0,Strength,Powerlifting,0.0,1.0,0.0,0.0,1.0,0.0,0.0
39.9,Male,55.8,2.0,13.99,19.0,169.6,141.0,64.1,0.99,446.3,3.4,2.0,2.81,Endurance,Cardio,0.0,0.0,0.0,0.0,0.0,0.0,1.0
28.9,Female,49.7,1.49,22.29,15.4,190.6,141.3,57.4,0.68,246.7,3.6,2.0,2.7,Endurance,Cardio,0.0,0.0,0.0,1.0,0.0,0.0,1.0
29.2,Male,70.7,1.76,22.9,19.1,195.5,139.1,75.7,1.17,564.0,4.1,3.0,3.3,Strength,Strength,1.0,1.0,0.0,0.0,0.0,0.0,0.0
26.3,Female,62.8,1.56,25.9,25.8,194.2,92.2,55.6,0.86,95.1,5.0,2.0,2.2,Flexibility,Yoga,0.0,0.0,0.0,0.0,1.0,0.0,0.0
48.0,Female,40.0,1.66,14.52,14.8,189.0,120.0,74.0,1.36,614.0,3.0,1.0,2.1,Weight Loss,Cardio,0.0,0.0,0.0,0.0,0.0,0.0,1.0
45.1,Female,63.5,1.6,24.82,21.3,183.6,153.9,62.8,0.62,446.3,3.1,1.0,3.3,General Fitness,Functional,0.0,0.0,1.0,1.0,1.0,0.0,1.0
32.2,Female,73.9,1.67,26.5,25.3,176.9,97.1,77.7,1.05,197.7,3.6,1.0,2.8,Stress Relief,Yoga,0.0,0.0,0.0,1.0,0.0,0.0,1.0
25.4,Male,81.4,1.78,25.84,17.0,184.5,171.0,70.2,0.96,1119.5,2.1,3.0,3.2,Endurance,HIIT,0.0,0.0,0.0,1.0,0.0,1.0,1.0
23.0,Female,40.0,1.76,12.91,25.7,181.0,143.0,71.0,1.08,1442.0,5.0,3.0,3.3,Strength,Strength,1.0,1.0,1.0,1.0,0.0,0.0,1.0
25.2,Female,69.1,1.67,24.85,23.5,195.1,185.5,69.8,0.63,610.0,3.6,2.0,3.3,Endurance,HIIT,1.0,1.0,0.0,0.0,1.0,0.0,1.0
21.7,Female,72.2,1.67,25.95,23.0,195.4,132.3,70.6,1.19,514.3,4.0,2.0,3.3,Muscle Gain,Strength,1.0,1.0,1.0,0.0,0.0,0.0,0.0
45.9,Male,67.0,1.76,21.54,16.5,172.3,119.2,67.9,1.25,582.5,4.1,2.0,2.5,Strength,Strength,1.0,1.0,1.0,1.0,1.0,1.0,0.0
25.8,Male,74.6,1.71,25.48,12.0,199.2,172.3,46.7,0.97,879.1,3.1,3.0,3.6,Weight Loss,HIIT,0.0,1.0,0.0,1.0,1.0,0.0,1.0
29.9,Male,71.4,1.74,23.6,19.4,191.9,140.0,60.2,0.7,536.5,3.6,2.0,2.8,Muscle Gain,Functional,1.0,0.0,1.0,1.0,1.0,1.0,1.0
63.6,Female,46.8,1.57,19.09,20.1,158.2,133.0,67.4,1.44,527.0,5.0,3.0,2.8,Athletic Performance,Functional,0.0,0.0,0.0,1.0,1.0,0.0,1.0
42.6,Male,60.6,1.71,20.64,17.6,178.5,140.4,61.4,0.88,394.6,3.1,2.0,2.1,Athletic Performance,Functional,0.0,1.0,0.0,1.0,1.0,1.0,1.0
37.0,Male,45.0,1.77,14.43,18.8,173.5,147.2,55.9,1.19,405.8,4.9,3.0,3.51,Weight Loss,Cardio,0.0,1.0,0.0,0.0,0.0,0.0,1.0
27.4,Female,50.3,1.5,22.27,24.3,193.0,154.9,62.7,1.12,527.8,4.5,3.0,3.4,Weight Loss,Cardio,0.0,0.0,1.0,0.0,0.0,0.0,1.0
36.5,Male,63.2,1.89,17.75,18.7,186.6,96.0,71.5,0.84,140.1,5.4,2.0,1.5,Flexibility,Yoga,0.0,0.0,0.0,1.0,1.0,1.0,1.0
41.8,Male,77.2,1.75,25.34,27.0,178.2,163.9,62.0,0.67,520.9,3.0,3.0,2.01,Endurance,HIIT,0.0,0.0,1.0,1.0,1.0,0.0,1.0
52.4,Female,70.0,1.6,27.47,22.3,168.6,141.7,69.6,1.35,995.4,3.7,3.0,3.2,Athletic Performance,Functional,1.0,1.0,1.0,0.0,1.0,0.0,1.0
32.3,Male,81.6,1.78,25.8,17.9,188.3,177.2,54.5,0.63,541.1,4.5,2.0,3.0,Endurance,HIIT,1.0,0.0,0.0,1.0,0.0,1.0,1.0
25.1,Female,52.4,1.58,20.99,23.7,194.7,147.0,68.0,0.59,221.5,3.0,2.0,2.55,General Fitness,Strength,1.0,1.0,1.0,0.0,0.0,0.0,1.0
44.4,Female,83.3,1.73,27.72,30.5,171.7,133.7,65.2,1.95,1027.4,2.0,2.0,3.8,Strength,Strength,1.0,1.0,0.0,1.0,1.0,0.0,1.0
34.0,Male,40.0,1.88,11.32,11.9,188.0,131.0,54.0,1.29,840.0,3.0,3.0,1.9,General Fitness,Cardio,0.0,0.0,0.0,0.0,1.0,0.0,1.0
36.9,Male,55.5,1.57,22.63,33.5,177.4,148.5,64.7,1.32,464.6,3.2,1.0,3.22,Strength,Strength,1.0,1.0,1.0,0.0,0.0,0.0,0.0
18.0,Female,61.0,1.51,26.75,21.7,173.0,146.0,58.0,2.0,1403.0,2.0,2.0,2.1,Weight Loss,Cardio,0.0,0.0,0.0,0.0,0.0,0.0,1.0
39.3,Male,64.4,1.73,21.5,21.7,181.5,122.6,73.0,1.21,285.8,3.0,2.0,4.37,Flexibility,Yoga,0.0,0.0,0.0,0.0,1.0,0.0,1.0
20.6,Male,89.8,1.79,28.1,13.4,178.3,112.5,70.1,1.1,581.8,4.7,3.0,2.5,Muscle Gain,Strength,1.0,1.0,1.0,1.0,0.0,0.0,1.0
37.0,Male,62.1,1.85,18.14,26.7,196.0,151.0,64.0,1.28,943.0,4.0,1.0,3.3,General Fitness,HIIT,1.0,0.0,0.0,0.0,1.0,0.0,1.0
46.1,Male,65.6,1.79,20.5,13.4,154.0,149.0,52.3,1.16,617.1,5.0,2.0,3.1,Weight Loss,HIIT,1.0,0.0,0.0,1.0,1.0,1.0,1.0
37.3,Male,45.0,1.75,14.65,20.7,184.2,121.4,65.3,1.22,181.9,3.5,2.0,2.86,Flexibility,Yoga,0.0,0.0,0.0,0.0,0.0,1.0,1.0
38.0,Male,93.7,1.66,34.0,29.0,168.0,169.0,68.0,1.97,875.0,4.0,2.0,3.4,Weight Loss,Cardio,0.0,1.0,0.0,0.0,0.0,0.0,1.0
27.7,Male,58.3,1.6,22.76,15.1,204.5,143.7,80.4,0.69,274.1,4.3,1.0,2.1,Muscle Gain,Functional,1.0,0.0,1.0,1.0,0.0,0.0,1.0
29.0,Male,61.2,1.74,20.24,18.1,183.0,127.3,62.4,1.11,591.1,3.2,2.0,2.3,Athletic Performance,Functional,1.0,1.0,0.0,1.0,1.0,1.0,0.0
61.8,Male,63.8,1.64,23.82,28.5,146.6,118.5,66.8,1.03,323.9,4.2,3.0,2.3,Strength,Powerlifting,1.0,1.0,0.0,1.0,0.0,0.0,0.0
46.5,Female,88.1,1.7,30.59,34.7,174.7,143.5,69.8,1.85,1035.9,1.8,2.0,3.77,General Fitness,Functional,,,,,,,
59.0,Male,40.0,1.73,13.36,22.7,185.0,132.0,50.0,1.32,1266.0,4.0,3.0,2.3,Weight Loss,HIIT,1.0,0.0,0.0,1.0,0.0,1.0,1.0
36.0,Female,80.8,1.71,27.63,19.4,162.0,163.0,74.0,1.86,900.0,2.0,2.0,2.0,Muscle Gain,Strength,1.0,1.0,1.0,1.0,1.0,1.0,0.0
48.7,Male,53.0,1.74,17.47,18.4,176.9,92.0,69.2,1.43,193.2,4.1,1.0,1.9,Flexibility,Yoga,0.0,0.0,0.0,0.0,0.0,1.0,1.0
16.0,Female,62.9,1.71,21.61,19.6,199.3,156.2,78.9,1.17,449.6,4.2,2.0,2.66,Strength,Strength,1.0,1.0,1.0,0.0,1.0,0.0,0.0
22.5,Male,78.6,1.76,25.36,15.9,197.5,132.1,61.7,1.49,778.1,4.8,2.0,3.3,Muscle Gain,Strength,0.0,0.0,0.0,1.0,0.0,0.0,0.0
35.0,Male,87.0,1.83,26.06,18.7,181.4,162.5,45.3,1.21,1660.8,3.5,3.0,4.2,Weight Loss,Cardio,0.0,0.0,1.0,0.0,0.0,0.0,1.0
57.0,Female,129.9,1.88,36.75,24.0,162.0,148.0,56.0,1.71,1233.0,3.0,1.0,1.8,Strength,Strength,1.0,1.0,0.0,1.0,1.0,0.0,0.0
23.0,Female,52.0,1.6,20.27,18.1,198.5,118.6,62.2,1.93,785.8,4.9,3.0,2.6,Strength,Strength,1.0,1.0,0.0,0.0,1.0,0.0,1.0
57.0,Female,57.6,1.86,16.65,22.9,169.0,120.0,73.0,1.99,929.0,3.0,2.0,2.4,General Fitness,HIIT,1.0,0.0,1.0,0.0,0.0,0.0,1.0
21.3,Female,48.9,1.56,20.08,23.9,199.1,156.3,71.6,1.4,853.2,4.4,3.0,3.6,Athletic Performance,Functional,1.0,0.0,1.0,1.0,1.0,0.0,0.0
41.1,Female,69.8,1.65,25.7,24.3,178.1,105.8,62.6,1.2,543.1,4.1,2.0,2.3,General Fitness,Powerlifting,0.0,1.0,0.0,0.0,1.0,0.0,1.0
32.0,Male,69.9,1.76,22.57,19.1,197.5,139.9,55.0,1.98,896.0,3.3,3.0,3.3,Strength,Strength,1.0,0.0,0.0,1.0,0.0,0.0,1.0
16.0,Male,71.5,1.68,25.33,20.4,206.5,192.3,60.3,0.82,595.5,4.2,2.0,2.72,General Fitness,HIIT,0.0,1.0,0.0,1.0,0.0,0.0,1.0
63.5,Male,83.8,1.79,26.15,19.9,156.4,108.6,63.6,1.38,644.9,3.4,3.0,2.9,Strength,Powerlifting,0.0,1.0,0.0,1.0,1.0,0.0,0.0
35.0,Male,95.9,1.69,33.58,27.5,175.0,129.0,58.0,1.22,1674.0,3.0,3.0,2.1,Weight Loss,Cardio,0.0,0.0,0.0,0.0,0.0,0.0,1.0
28.6,Female,84.6,1.72,28.42,29.0,194.7,181.8,59.4,0.43,387.8,2.5,1.0,3.23,Weight Loss,HIIT,1.0,0.0,0.0,1.0,0.0,1.0,1.0
20.8,Female,65.8,1.94,17.54,27.6,202.9,164.2,69.2,0.47,206.9,2.8,1.0,2.78,Athletic Performance,Strength,,,,,,,
26.0,Male,81.7,1.82,24.7,16.3,196.3,145.2,57.5,1.19,1021.2,4.1,3.0,3.5,Weight Loss,Cardio,0.0,0.0,1.0,0.0,1.0,0.0,1.0
39.0,Female,50.3,1.94,13.36,10.0,164.0,160.0,66.0,0.58,992.0,4.0,1.0,2.9,Weight Loss,Cardio,1.0,0.0,0.0,0.0,0.0,0.0,1.0
27.3,Female,51.5,1.59,20.45,15.0,199.2,169.3,62.6,1.68,786.9,4.3,2.0,4.0,General Fitness,Cardio,1.0,0.0,1.0,0.0,0.0,0.0,1.0
50.9,Female,51.7,1.57,20.87,16.3,171.5,161.8,60.8,1.4,756.0,3.0,2.0,3.4,General Fitness,Cardio,0.0,0.0,0.0,1.0,0.0,0.0,0.0
27.6,Male,79.5,1.88,22.5,17.4,204.8,118.1,62.6,1.97,756.1,4.7,2.0,3.3,Muscle Gain,Strength,1.0,1.0,1.0,1.0,0.0,0.0,0.0
33.0,Female,103.3,1.72,34.92,22.6,180.0,162.0,58.0,0.66,1104.0,2.0,1.0,3.2,Muscle Gain,Strength,1.0,1.0,1.0,1.0,0.0,0.0,1.0
26.5,Female,85.4,1.72,28.82,22.1,190.3,110.3,59.6,0.96,449.4,4.8,1.0,,Muscle Gain,Strength,1.0,1.0,1.0,0.0,1.0,1.0,0.0
18.7,Male,72.0,1.65,26.6,11.2,210.0,170.8,64.6,1.23,1356.6,5.3,2.0,3.4,Weight Loss,Cardio,0.0,0.0,0.0,0.0,0.0,0.0,0.0
61.7,Female,52.3,1.48,23.85,21.4,157.3,142.3,64.7,0.75,360.5,4.3,2.0,2.9,Muscle Gain,Functional,0.0,0.0,1.0,1.0,1.0,1.0,0.0
21.6,Female,52.6,1.63,19.89,17.6,198.8,175.3,50.1,0.93,759.4,3.9,3.0,3.4,Endurance,HIIT,1.0,0.0,0.0,0.0,0.0,0.0,1.0
18.0,Male,65.9,1.78,20.8,23.9,170.0,135.0,69.0,2.0,1734.0,3.0,1.0,3.1,Strength,Strength,1.0,0.0,1.0,1.0,0.0,0.0,0.0
26.9,Male,72.0,1.74,23.83,16.6,202.6,178.2,59.1,0.74,641.1,3.1,2.0,3.6,Endurance,HIIT,1.0,0.0,0.0,1.0,0.0,0.0,1.0
32.1,Male,51.3,1.56,21.12,28.2,193.3,155.7,72.9,1.28,463.0,2.3,1.0,3.18,General Fitness,Strength,,,,,,,
29.0,Female,66.1,1.63,24.88,30.6,181.0,169.0,71.0,1.48,666.0,5.0,1.0,1.6,Weight Loss,HIIT,1.0,0.0,0.0,1.0,1.0,0.0,1.0
52.6,Female,63.2,1.58,25.34,19.1,162.5,157.5,46.9,0.55,416.8,3.4,2.0,2.8,Weight Loss,Cardio,0.0,0.0,0.0,1.0,1.0,0.0,1.0
47.6,Female,80.8,1.75,26.32,17.6,172.8,167.8,62.9,1.08,1216.3,4.0,3.0,3.3,General Fitness,HIIT,0.0,0.0,0.0,0.0,1.0,0.0,0.0
48.1,Female,56.4,1.63,21.27,19.5,170.0,165.0,53.6,0.87,683.3,2.1,3.0,3.3,General Fitness,HIIT,0.0,0.0,0.0,0.0,1.0,0.0,1.0
28.3,Male,84.2,1.76,27.11,12.3,198.2,113.3,62.5,1.1,663.3,3.6,1.0,2.3,Strength,Strength,1.0,1.0,0.0,1.0,1.0,1.0,1.0
39.5,Female,69.6,1.6,27.32,22.5,178.3,155.5,66.5,1.19,875.1,3.4,3.0,3.0,Muscle Gain,Functional,1.0,0.0,0.0,1.0,1.0,1.0,0.0
36.2,Female,52.9,1.59,20.91,26.1,182.1,103.6,68.4,0.63,98.3,5.7,2.0,1.6,Flexibility,Yoga,0.0,0.0,0.0,0.0,1.0,0.0,1.0
24.4,Male,79.9,1.85,23.41,16.6,198.0,185.1,52.7,0.35,370.4,2.7,3.0,3.7,Weight Loss,HIIT,0.0,0.0,1.0,1.0,1.0,0.0,1.0
55.0,Female,59.9,1.53,25.59,26.9,178.0,157.0,54.0,1.23,1044.0,4.0,1.0,3.4,Weight Loss,HIIT,0.0,1.0,0.0,0.0,0.0,1.0,1.0
23.5,Male,83.5,1.84,24.59,13.7,197.7,165.9,64.5,0.7,776.2,2.3,2.0,3.3,Endurance,HIIT,0.0,1.0,1.0,0.0,0.0,0.0,1.0
32.4,Female,65.8,1.61,25.29,23.6,191.9,153.3,65.2,1.36,911.9,4.5,1.0,3.4,Athletic Performance,Functional,1.0,1.0,0.0,1.0,1.0,1.0,1.0
35.8,Male,76.7,1.88,21.68,15.9,184.2,172.7,56.1,1.57,1077.0,3.7,2.0,3.5,Weight Loss,Cardio,0.0,0.0,0.0,0.0,0.0,0.0,1.0
20.5,Female,50.8,1.48,23.24,21.3,202.2,132.2,62.2,1.05,390.7,4.3,1.0,3.0,Strength,Strength,1.0,1.0,1.0,1.0,0.0,0.0,1.0
52.3,Male,61.4,1.91,16.73,15.7,162.3,101.8,57.5,0.68,156.6,4.2,3.0,2.78,Flexibility,Yoga,0.0,0.0,0.0,0.0,1.0,1.0,1.0
29.0,Female,40.0,1.77,12.77,22.2,191.0,169.0,58.0,1.2,613.0,4.0,2.0,2.2,Strength,Strength,1.0,1.0,0.0,0.0,0.0,0.0,0.0
51.1,Female,74.7,1.64,27.8,16.6,162.4,107.2,68.0,1.16,330.7,4.5,3.0,1.7,Stress Relief,Yoga,0.0,0.0,0.0,0.0,0.0,0.0,1.0
31.6,Male,96.7,1.65,35.51,31.4,179.5,151.8,66.1,1.85,1232.1,4.5,2.0,3.41,Endurance,Cardio,0.0,0.0,0.0,0.0,0.0,0.0,1.0
49.3,Male,70.7,1.71,24.13,15.8,171.9,115.5,60.4,0.99,501.3,4.5,3.0,1.9,Muscle Gain,Strength,0.0,1.0,1.0,0.0,1.0,0.0,1.0
51.0,Female,58.6,2.0,14.65,16.7,162.0,150.0,55.0,1.28,1030.0,3.0,2.0,3.4,Muscle Gain,Strength,1.0,1.0,1.0,1.0,0.0,0.0,0.0
27.5,Female,93.2,1.72,31.65,24.8,185.8,107.0,56.3,2.13,941.6,3.6,3.0,3.1,General Fitness,Powerlifting,1.0,0.0,0.0,0.0,0.0,1.0,0.0
22.1,Male,54.1,1.62,20.71,12.9,198.0,102.9,61.6,0.92,179.3,4.7,3.0,2.9,Stress Relief,Yoga,0.0,0.0,0.0,0.0,1.0,0.0,1.0
19.7,Male,67.2,1.66,24.28,17.5,197.6,131.5,67.9,1.18,592.9,3.7,2.0,3.1,Strength,Strength,1.0,0.0,1.0,0.0,0.0,0.0,1.0
38.8,Female,53.2,1.57,21.65,,199.0,143.6,57.8,1.82,993.7,4.3,1.0,4.0,General Fitness,Strength,1.0,1.0,1.0,0.0,1.0,1.0,0.0
45.0,Female,54.0,1.86,15.61,28.9,170.0,148.0,65.0,1.36,670.0,3.0,2.0,3.5,General Fitness,Cardio,0.0,0.0,0.0,1.0,0.0,0.0,1.0
29.5,Female,58.9,1.46,27.72,22.5,190.8,173.1,63.0,1.63,1516.0,5.9,2.0,3.9,Weight Loss,Cardio,0.0,0.0,0.0,0.0,0.0,0.0,1.0
33.4,Male,57.7,1.73,19.26,13.5,175.1,140.0,74.0,0.94,342.6,4.9,1.0,2.3,Muscle Gain,Functional,1.0,0.0,0.0,1.0,1.0,0.0,1.0
22.7,Male,74.4,1.74,24.51,14.4,190.5,170.9,54.4,1.17,1575.3,2.4,3.0,4.0,Weight Loss,HIIT,1.0,0.0,0.0,0.0,1.0,1.0,1.0
46.3,Male,56.5,1.79,17.74,21.2,170.4,166.2,53.8,0.6,370.6,3.2,2.0,2.75,Weight Loss,HIIT,1.0,0.0,0.0,1.0,1.0,1.0,1.0
27.9,Female,48.2,1.56,19.83,21.2,197.3,174.3,58.3,0.99,724.5,4.8,2.0,4.1,General Fitness,HIIT,1.0,0.0,0.0,1.0,0.0,1.0,0.0
39.2,Male,91.5,1.8,28.09,20.3,182.1,116.7,69.8,1.25,828.8,3.3,2.0,2.5,Muscle Gain,Strength,1.0,0.0,1.0,1.0,1.0,0.0,0.0
32.2,Male,97.4,1.88,27.67,14.5,183.2,128.7,73.7,1.66,1304.6,4.8,2.0,2.8,Muscle Gain,Strength,1.0,1.0,1.0,0.0,1.0,1.0,1.0
32.3,Female,61.3,1.64,22.74,20.8,189.0,92.6,68.2,0.6,103.6,4.4,2.0,1.5,General Fitness,Yoga,0.0,0.0,0.0,0.0,0.0,0.0,1.0
25.5,Female,52.4,1.6,20.37,19.5,189.1,166.1,56.5,0.81,697.5,3.5,3.0,3.2,Endurance,HIIT,0.0,0.0,0.0,1.0,1.0,1.0,1.0
26.2,Female,76.8,1.66,27.89,27.4,190.5,127.9,57.3,0.95,629.3,5.0,2.0,2.5,Muscle Gain,Strength,1.0,1.0,0.0,0.0,1.0,1.0,1.0
27.8,Male,99.4,1.86,28.7,17.3,190.5,132.2,61.6,1.84,1012.3,4.2,2.0,3.4,General Fitness,Strength,1.0,1.0,1.0,1.0,0.0,1.0,0.0
47.8,Female,60.2,1.65,22.1,25.4,173.2,141.4,76.1,2.03,706.4,2.3,1.0,3.69,Strength,Strength,1.0,1.0,1.0,1.0,0.0,0.0,1.0
36.0,Male,69.0,1.76,22.28,16.7,191.0,153.0,73.0,1.01,1276.0,4.0,1.0,2.9,Strength,Strength,1.0,1.0,1.0,0.0,0.0,0.0,1.0
66.0,Female,62.1,1.65,22.74,19.0,157.0,152.0,52.8,1.55,1266.2,5.5,1.0,3.6,Weight Loss,Cardio,0.0,0.0,0.0,0.0,0.0,0.0,1.0
37.8,Male,81.8,1.77,26.14,12.6,184.3,151.0,56.2,0.45,393.4,2.2,3.0,2.7,Endurance,HIIT,0.0,1.0,0.0,1.0,0.0,1.0,1.0
25.4,Female,56.1,1.52,24.31,19.2,200.4,91.9,57.0,1.47,153.0,2.5,2.0,2.0,Flexibility,Yoga,0.0,1.0,0.0,0.0,1.0,0.0,1.0
28.5,Female,62.4,1.64,23.33,25.0,188.5,140.0,56.9,1.13,529.4,4.9,3.0,3.1,Strength,Strength,0.0,1.0,1.0,1.0,0.0,0.0,1.0
22.8,Female,78.0,1.73,25.92,24.1,194.0,165.1,54.0,1.54,1440.4,5.8,1.0,3.9,General Fitness,Cardio,0.0,0.0,0.0,0.0,0.0,0.0,1.0
26.9,Female,61.6,1.49,27.79,21.4,192.9,166.1,57.1,1.0,788.7,3.4,3.0,3.3,Endurance,Cardio,0.0,1.0,0.0,0.0,1.0,0.0,0.0
25.9,Female,68.3,1.62,25.87,15.5,200.7,154.3,53.1,0.95,1043.0,2.4,3.0,2.9,Weight Loss,HIIT,0.0,0.0,0.0,1.0,0.0,0.0,1.0
22.7,Male,72.1,1.65,26.5,15.7,200.0,179.6,65.2,1.05,1409.0,4.7,3.0,3.7,General Fitness,HIIT,1.0,1.0,0.0,1.0,0.0,0.0,1.0
26.0,Male,57.8,1.61,22.3,18.2,162.0,135.0,65.0,1.91,684.0,3.0,1.0,3.7,Strength,Strength,1.0,1.0,1.0,0.0,0.0,0.0,0.0
32.0,Male,71.4,1.71,24.53,18.9,185.6,108.0,68.8,0.7,102.0,3.2,1.0,2.8,Flexibility,Yoga,0.0,0.0,0.0,0.0,0.0,0.0,1.0
18.0,Male,49.1,1.68,17.4,23.7,181.0,142.0,74.0,1.13,961.0,3.0,1.0,3.1,Muscle Gain,Strength,1.0,1.0,1.0,1.0,0.0,1.0,0.0
21.1,Female,58.5,1.56,23.97,18.6,194.7,171.5,48.8,0.87,660.2,4.1,3.0,3.2,Weight Loss,HIIT,1.0,0.0,0.0,1.0,0.0,1.0,0.0
37.7,Female,60.6,1.66,22.08,19.6,176.4,149.6,57.0,1.57,1236.0,4.9,1.0,3.1,Endurance,Cardio,0.0,0.0,1.0,0.0,0.0,0.0,1.0
27.1,Male,78.7,1.62,30.03,30.2,174.3,144.6,62.6,1.38,723.2,5.0,3.0,3.3,Endurance,Cardio,0.0,0.0,0.0,0.0,0.0,0.0,1.0
28.1,Male,61.7,1.68,21.83,17.4,186.1,155.8,64.8,0.68,385.3,4.4,2.0,3.6,General Fitness,Functional,1.0,1.0,1.0,1.0,0.0,1.0,1.0
38.9,Male,81.9,1.74,27.01,17.5,178.8,118.6,78.9,1.12,563.5,3.2,1.0,2.6,Muscle Gain,Strength,1.0,1.0,1.0,1.0,1.0,1.0,1.0
28.0,Male,64.1,1.55,26.68,31.1,179.0,152.0,52.0,1.41,1091.0,4.0,1.0,3.3,Weight Loss,HIIT,1.0,0.0,0.0,1.0,0.0,1.0,1.0
22.2,Female,72.0,1.62,27.49,15.7,198.8,182.7,57.9,0.76,1060.6,3.9,2.0,3.6,Endurance,HIIT,0.0,0.0,0.0,1.0,1.0,0.0,1.0
27.2,Male,72.4,1.73,24.08,16.7,190.3,172.9,53.3,0.66,659.4,3.4,3.0,3.5,General Fitness,HIIT,1.0,1.0,0.0,0.0,1.0,0.0,1.0
58.6,Male,94.3,1.81,28.65,18.4,158.8,128.8,77.4,1.81,1378.3,3.3,2.0,2.7,General Fitness,Powerlifting,1.0,1.0,0.0,0.0,0.0,1.0,0.0
38.4,Male,49.9,1.66,18.08,13.8,183.0,137.5,60.0,1.09,430.4,4.3,3.0,3.29,Endurance,Cardio,0.0,0.0,0.0,0.0,0.0,1.0,1.0
25.6,Male,84.8,1.84,25.11,16.6,200.1,118.7,71.7,1.01,527.2,4.5,1.0,1.8,Strength,Strength,1.0,1.0,1.0,0.0,1.0,0.0,1.0
46.0,Female,76.4,1.65,28.0,24.0,179.1,154.8,53.2,0.71,870.0,2.3,2.0,3.1,Endurance,HIIT,1.0,0.0,1.0,1.0,0.0,1.0,1.0
54.5,Male,62.3,1.56,25.62,18.8,167.0,91.1,59.7,1.0,119.9,4.0,1.0,2.0,Flexibility,Yoga,0.0,0.0,0.0,0.0,1.0,0.0,0.0
29.2,Female,83.2,1.69,29.12,31.1,187.9,145.8,62.4,0.76,379.5,2.7,2.0,3.13,Strength,Strength,1.0,1.0,1.0,0.0,1.0,0.0,1.0
37.0,Female,69.1,1.74,22.82,31.9,175.0,127.0,53.0,1.61,1411.0,2.0,2.0,3.6,Muscle Gain,Strength,1.0,1.0,1.0,1.0,1.0,0.0,1.0
18.0,Female,44.2,1.64,16.43,16.1,171.0,164.0,66.0,1.14,1083.0,5.0,2.0,2.2,Strength,Strength,1.0,1.0,1.0,0.0,1.0,1.0,0.0
22.8,Male,71.8,1.9,19.89,15.3,199.3,158.2,53.1,1.06,1275.9,2.2,2.0,3.4,Endurance,HIIT,1.0,0.0,0.0,1.0,0.0,0.0,1.0
21.5,Male,63.2,1.76,20.42,14.6,200.4,119.5,55.8,0.96,209.9,3.5,3.0,2.1,General Fitness,Yoga,0.0,0.0,0.0,0.0,1.0,1.0,0.0
67.8,Female,63.6,1.66,23.03,24.5,170.6,106.3,60.2,1.1,210.0,4.6,3.0,2.3,Flexibility,Yoga,0.0,0.0,0.0,0.0,1.0,0.0,1.0
47.4,Female,64.9,1.63,24.36,20.6,184.3,118.0,68.8,1.33,443.6,4.6,3.0,2.4,Muscle Gain,Strength,1.0,0.0,1.0,1.0,1.0,0.0,1.0
32.8,Female,74.7,1.73,24.97,23.4,177.8,172.8,63.8,1.15,1498.8,2.2,3.0,3.3,Endurance,HIIT,1.0,0.0,0.0,0.0,0.0,0.0,1.0
30.0,Male,73.4,1.76,23.77,18.3,194.7,148.2,47.8,1.15,1087.9,5.0,2.0,3.2,Weight Loss,Cardio,0.0,0.0,0.0,0.0,0.0,0.0,1.0
27.0,Male,78.9,1.78,24.93,14.9,204.2,151.5,52.1,1.01,1102.7,4.2,2.0,2.9,Endurance,Cardio,1.0,1.0,0.0,1.0,0.0,0.0,1.0
31.8,Female,61.5,1.81,18.75,17.0,195.0,152.9,61.7,2.14,879.5,4.3,2.0,3.14,Athletic Performance,Functional,,,,,,,
21.7,Female,73.4,1.67,26.41,22.5,185.9,144.7,69.0,1.62,839.4,3.2,1.0,4.0,Strength,Strength,1.0,0.0,1.0,1.0,1.0,0.0,1.0
18.0,Female,98.5,1.99,24.87,22.7,187.0,153.0,57.0,1.95,859.0,3.0,2.0,1.9,Muscle Gain,Strength,1.0,0.0,0.0,0.0,0.0,0.0,0.0
52.5,Male,82.7,1.78,26.01,18.7,171.4,125.8,67.0,0.99,770.1,3.7,1.0,3.4,Muscle Gain,Functional,0.0,1.0,0.0,1.0,1.0,1.0,1.0
19.6,Female,58.7,1.84,17.28,14.3,203.2,194.2,71.5,0.84,509.4,3.8,3.0,2.05,Endurance,HIIT,1.0,0.0,0.0,1.0,0.0,0.0,1.0
28.5,Female,59.1,1.99,15.0,14.9,181.6,135.1,57.4,1.34,482.4,5.0,3.0,2.83,Muscle Gain,Strength,1.0,1.0,1.0,1.0,1.0,1.0,1.0
22.7,Female,44.3,1.52,19.07,16.9,202.0,188.0,52.5,0.37,259.2,2.4,3.0,3.2,General Fitness,HIIT,0.0,0.0,0.0,1.0,0.0,0.0,0.0
30.3,Female,63.1,1.63,23.89,23.5,194.1,144.6,61.2,1.58,808.1,3.3,2.0,2.7,Muscle Gain,Strength,1.0,1.0,0.0,0.0,1.0,1.0,0.0
54.4,Male,98.3,1.92,26.62,20.5,161.9,121.1,66.8,1.0,465.9,3.3,1.0,1.8,Strength,Strength,1.0,1.0,1.0,0.0,0.0,0.0,1.0
49.0,Female,86.0,1.5,38.22,22.1,192.0,127.0,65.0,1.79,636.0,4.0,3.0,1.8,Endurance,HIIT,1.0,0.0,1.0,1.0,1.0,1.0,1.0
26.4,Female,54.9,1.69,19.25,15.5,182.1,177.1,60.9,0.46,493.8,3.1,2.0,2.8,Weight Loss,HIIT,1.0,1.0,1.0,1.0,1.0,0.0,1.0
18.9,Female,57.6,1.54,24.36,19.9,193.5,136.4,62.6,0.68,380.7,4.5,1.0,2.4,Muscle Gain,Functional,1.0,0.0,1.0,1.0,1.0,0.0,0.0
37.0,Male,40.0,1.92,10.85,10.0,194.0,128.0,72.0,1.89,1753.0,5.0,1.0,3.4,Muscle Gain,Strength,1.0,0.0,1.0,0.0,0.0,0.0,1.0
33.6,Male,58.6,1.56,23.97,8.7,182.2,159.9,55.2,1.57,697.4,4.6,1.0,2.7,General Fitness,Cardio,0.0,0.0,0.0,1.0,0.0,0.0,1.0
25.9,Female,52.4,1.58,21.08,21.1,189.2,137.9,68.9,1.67,527.7,3.7,1.0,3.1,Strength,Strength,1.0,1.0,1.0,1.0,0.0,0.0,1.0
18.0,Female,47.8,1.73,15.97,23.9,162.0,136.0,56.0,1.42,562.0,3.0,1.0,3.4,Weight Loss,Cardio,1.0,0.0,0.0,0.0,0.0,0.0,1.0
28.4,Female,88.5,1.69,30.9,31.9,180.4,118.6,65.9,2.18,968.9,3.5,3.0,3.6,Strength,Powerlifting,1.0,1.0,0.0,1.0,1.0,1.0,1.0
37.7,Male,69.9,1.81,21.33,15.2,181.9,155.8,64.9,0.68,537.9,4.3,3.0,2.3,Athletic Performance,Functional,0.0,1.0,0.0,1.0,1.0,0.0,1.0
51.2,Female,51.9,1.49,23.35,16.2,168.6,96.0,59.5,0.64,57.8,4.6,2.0,2.1,Flexibility,Yoga,0.0,0.0,0.0,0.0,0.0,0.0,1.0
46.2,Male,66.1,1.83,19.77,14.1,172.3,139.8,63.4,1.07,480.2,4.0,3.0,2.6,Muscle Gain,Functional,1.0,0.0,1.0,1.0,1.0,0.0,1.0
24.0,Female,45.5,2.0,11.38,24.9,169.0,164.0,60.0,1.82,1297.0,3.0,1.0,2.2,Endurance,HIIT,0.0,1.0,0.0,1.0,0.0,0.0,1.0
33.2,Female,50.2,1.62,19.14,,177.9,134.9,60.3,1.08,450.1,4.6,3.0,3.2,Athletic Performance,Functional,0.0,0.0,0.0,1.0,1.0,1.0,1.0
19.9,Male,79.6,1.67,28.42,16.4,199.4,113.6,54.8,1.13,494.9,4.0,3.0,2.8,Strength,Strength,1.0,1.0,0.0,0.0,0.0,1.0,0.0
19.6,Female,56.6,1.69,19.78,19.0,192.1,173.2,61.6,0.52,416.5,5.0,1.0,2.7,Weight Loss,Cardio,0.0,0.0,0.0,1.0,0.0,0.0,1.0
58.0,Male,73.5,1.93,19.73,14.0,175.0,169.0,61.0,1.45,1019.0,2.0,2.0,2.7,Weight Loss,HIIT,1.0,1.0,0.0,1.0,1.0,0.0,1.0
26.5,Female,57.4,1.62,21.76,21.9,195.6,117.3,69.8,1.35,250.4,2.9,3.0,2.2,Stress Relief,Yoga,0.0,1.0,0.0,0.0,1.0,0.0,1.0
30.4,Male,45.0,1.55,18.81,16.8,177.6,144.8,54.7,1.13,381.1,4.8,3.0,3.46,Athletic Performance,Strength,,,,,,,
45.0,Male,121.2,1.67,43.46,16.7,186.0,133.0,55.0,2.0,466.0,4.0,1.0,3.4,Endurance,Cardio,0.0,0.0,0.0,0.0,0.0,0.0,1.0
51.9,Male,71.0,1.84,21.01,11.9,166.8,90.6,65.6,0.89,171.9,3.3,2.0,3.0,General Fitness,Yoga,0.0,0.0,1.0,0.0,1.0,0.0,1.0
19.0,Female,92.2,1.73,30.81,10.0,170.0,150.0,74.0,2.0,538.0,2.0,1.0,2.2,Weight Loss,Cardio,0.0,0.0,0.0,0.0,1.0,1.0,1.0
26.4,Male,91.6,1.74,30.31,28.8,202.3,130.3,59.4,1.02,518.8,3.5,3.0,3.0,Muscle Gain,Powerlifting,1.0,1.0,0.0,0.0,1.0,0.0,0.0
42.9,Male,75.2,1.67,27.09,13.6,181.4,91.5,72.1,0.64,91.7,2.8,2.0,1.8,General Fitness,Yoga,0.0,0.0,1.0,0.0,0.0,1.0,1.0
26.5,Female,64.8,1.6,25.18,19.1,196.5,185.8,63.0,0.82,1024.5,3.8,3.0,3.4,Weight Loss,HIIT,1.0,1.0,0.0,0.0,1.0,1.0,1.0
50.1,Male,85.1,1.79,26.45,16.7,176.4,145.4,60.2,1.14,1301.7,6.0,1.0,2.5,Endurance,Cardio,1.0,0.0,1.0,0.0,0.0,0.0,1.0
18.0,Female,42.0,1.74,13.87,26.6,197.0,120.0,57.0,2.0,1236.0,3.0,2.0,1.5,Weight Loss,Cardio,0.0,0.0,0.0,0.0,0.0,0.0,1.0
22.6,Male,52.0,1.62,19.69,9.8,198.2,161.5,54.5,1.07,558.6,3.9,3.0,3.5,Weight Loss,Cardio,0.0,1.0,0.0,0.0,0.0,0.0,1.0
38.1,Female,89.9,1.67,32.2,26.4,172.4,108.2,52.4,2.25,808.1,4.8,2.0,3.1,Strength,Powerlifting,1.0,1.0,0.0,0.0,0.0,1.0,1.0
28.0,Female,48.7,1.6,19.02,23.5,175.0,133.0,59.0,1.38,996.0,2.0,2.0,1.5,Endurance,HIIT,0.0,0.0,0.0,0.0,1.0,0.0,0.0
28.9,Male,63.1,1.55,26.27,14.5,194.5,179.8,54.3,1.49,1214.8,3.4,2.0,4.1,General Fitness,Cardio,0.0,0.0,0.0,0.0,0.0,1.0,1.0
30.8,Female,72.5,1.58,29.13,24.9,173.1,104.1,74.7,1.01,429.4,4.0,3.0,2.0,Strength,Powerlifting,0.0,1.0,0.0,0.0,0.0,0.0,0.0
18.0,Female,40.0,1.68,14.17,17.3,178.0,147.0,71.0,2.0,831.0,4.0,1.0,3.5,Endurance,HIIT,0.0,0.0,0.0,1.0,0.0,0.0,1.0
53.3,Male,80.5,1.73,27.03,14.8,166.9,129.3,63.4,1.99,1145.5,3.2,3.0,3.3,Muscle Gain,Powerlifting,1.0,1.0,0.0,0.0,0.0,0.0,1.0
30.0,Male,129.9,1.78,41.0,20.0,189.0,120.0,74.0,1.51,828.0,2.0,1.0,1.5,Muscle Gain,Strength,1.0,1.0,0.0,0.0,0.0,1.0,0.0
31.4,Male,74.9,1.73,24.94,18.2,189.9,120.0,52.0,1.69,983.1,4.5,2.0,2.3,Strength,Strength,1.0,1.0,0.0,0.0,0.0,0.0,0.0
38.5,Male,80.6,1.78,25.35,22.6,181.7,148.7,71.7,1.25,701.0,2.4,1.0,2.82,General Fitness,Cardio,1.0,0.0,0.0,0.0,0.0,0.0,0.0
32.0,Male,67.3,1.7,23.2,8.6,189.3,153.6,56.9,0.61,459.1,2.1,3.0,3.6,Weight Loss,HIIT,1.0,0.0,0.0,0.0,0.0,1.0,0.0
26.6,Male,69.1,1.79,21.55,16.9,197.0,154.9,60.2,1.18,985.5,4.0,2.0,3.6,General Fitness,Functional,1.0,0.0,1.0,0.0,0.0,1.0,1.0
50.4,Female,64.7,1.59,25.49,18.4,158.4,143.9,64.7,1.29,1089.7,5.5,2.0,2.5,General Fitness,Cardio,0.0,0.0,0.0,1.0,1.0,0.0,1.0
47.0,Female,79.2,1.81,24.18,19.0,160.0,169.0,74.0,1.28,595.0,2.0,2.0,3.3,Muscle Gain,Strength,1.0,1.0,1.0,1.0,0.0,1.0,0.0
27.3,Male,82.4,1.78,26.14,21.5,200.9,166.9,65.9,1.06,677.2,4.6,3.0,3.23,Endurance,Cardio,0.0,0.0,0.0,0.0,0.0,0.0,1.0
20.9,Female,57.0,1.67,20.55,21.8,192.4,179.3,68.1,0.57,595.7,4.7,2.0,3.8,Endurance,HIIT,1.0,0.0,0.0,0.0,0.0,1.0,1.0
32.6,Female,76.4,1.69,26.78,28.2,180.0,167.7,79.0,0.49,379.3,2.9,1.0,3.71,Weight Loss,HIIT,1.0,0.0,1.0,1.0,1.0,1.0,1.0
54.0,Male,80.6,1.71,27.57,16.5,169.6,151.2,62.7,1.07,931.9,4.2,1.0,2.8,General Fitness,Functional,0.0,0.0,1.0,1.0,1.0,1.0,1.0
42.0,Female,50.3,1.69,17.61,14.8,199.0,159.0,69.0,0.95,1293.0,3.0,2.0,3.2,Strength,Strength,1.0,1.0,1.0,0.0,0.0,0.0,1.0
39.9,Male,55.9,1.59,22.18,15.6,188.5,170.5,52.0,0.78,771.2,4.2,3.0,3.3,Weight Loss,HIIT,1.0,0.0,0.0,0.0,1.0,0.0,0.0
21.4,Male,106.0,1.92,28.75,18.2,204.7,139.1,60.7,1.68,1486.1,3.2,1.0,3.4,Strength,Strength,1.0,1.0,1.0,0.0,0.0,0.0,1.0
26.6,Male,45.0,1.68,16.03,14.7,192.3,157.9,69.5,0.88,270.5,3.4,2.0,3.27,Muscle Gain,Strength,,,,,,,
30.1,Female,57.3,1.63,21.51,22.3,192.6,146.6,47.8,0.7,447.3,4.3,2.0,2.6,Endurance,Cardio,1.0,0.0,0.0,0.0,1.0,0.0,1.0
29.1,Male,98.0,1.84,28.8,17.5,186.9,132.8,61.2,1.19,629.6,3.1,2.0,3.0,Muscle Gain,Powerlifting,0.0,1.0,1.0,1.0,1.0,0.0,0.0
27.1,Male,78.5,1.79,24.52,14.6,202.0,121.8,67.1,1.93,733.6,4.4,1.0,3.7,Strength,Strength,1.0,0.0,1.0,1.0,1.0,0.0,1.0
66.0,Male,73.7,1.75,24.21,20.4,162.6,109.2,65.0,1.86,880.6,3.4,3.0,2.8,Muscle Gain,Powerlifting,0.0,1.0,1.0,1.0,0.0,0.0,0.0
27.3,Male,76.0,1.65,27.93,16.8,206.2,150.4,60.6,0.91,604.1,3.7,3.0,3.1,Weight Loss,Cardio,0.0,0.0,0.0,0.0,0.0,0.0,1.0
26.1,Female,59.4,1.65,21.76,19.5,205.3,152.5,52.1,0.33,301.1,4.5,3.0,3.5,General Fitness,HIIT,1.0,1.0,0.0,0.0,1.0,0.0,1.0
27.0,Female,71.3,1.73,23.82,28.9,168.0,162.0,71.0,1.93,1105.0,4.0,1.0,2.7,Endurance,HIIT,1.0,0.0,0.0,1.0,0.0,0.0,1.0
27.3,Male,55.7,1.69,19.43,18.0,189.5,131.0,68.8,1.14,528.0,3.4,2.0,,Muscle Gain,Functional,1.0,1.0,1.0,1.0,1.0,0.0,1.0
39.0,Female,81.2,1.68,28.75,21.8,182.2,134.0,47.9,0.86,561.1,4.4,3.0,2.7,Strength,Strength,1.0,1.0,1.0,0.0,0.0,0.0,0.0
28.3,Male,89.6,1.8,27.64,19.9,188.4,133.4,56.9,0.8,676.4,3.1,1.0,2.7,Muscle Gain,Functional,1.0,0.0,1.0,1.0,1.0,1.0,0.0
36.3,Male,61.2,1.63,23.17,20.7,183.0,107.6,64.2,1.15,349.4,3.6,3.0,2.3,Muscle Gain,Powerlifting,1.0,1.0,0.0,0.0,1.0,0.0,1.0
35.2,Male,65.1,1.83,19.42,30.2,189.7,123.0,63.1,1.1,282.8,3.2,2.0,3.01,Stress Relief,Yoga,0.0,0.0,0.0,0.0,1.0,1.0,1.0
24.4,Male,86.8,1.78,27.33,20.9,202.4,115.7,65.5,1.01,551.4,3.4,1.0,2.2,Muscle Gain,Strength,1.0,1.0,1.0,1.0,0.0,0.0,0.0
39.1,Male,81.4,1.85,23.83,12.8,183.7,178.7,53.6,0.4,576.9,4.5,2.0,3.7,Endurance,HIIT,0.0,0.0,0.0,0.0,1.0,1.0,1.0
23.8,Male,81.0,1.77,25.84,9.3,197.5,149.9,52.1,1.69,1965.4,3.6,3.0,3.7,Endurance,Cardio,0.0,0.0,0.0,1.0,1.0,0.0,1.0
47.0,Female,59.9,1.62,22.79,24.7,171.4,148.6,57.0,0.84,417.7,4.1,3.0,3.0,General Fitness,Functional,0.0,0.0,0.0,1.0,1.0,1.0,1.0
44.8,Female,46.2,1.54,19.45,25.0,160.5,144.3,49.4,0.66,273.0,4.4,3.0,2.9,General Fitness,Cardio,0.0,0.0,0.0,0.0,0.0,0.0,1.0
25.7,Male,63.8,1.76,20.69,13.0,198.8,150.1,67.8,0.87,724.0,3.0,3.0,3.0,Endurance,HIIT,0.0,0.0,0.0,1.0,0.0,1.0,1.0
53.0,Female,64.4,1.58,25.8,27.2,198.0,158.0,74.0,1.82,1144.0,2.0,1.0,3.0,Strength,Strength,1.0,0.0,1.0,1.0,1.0,0.0,1.0
63.1,Male,80.5,1.7,27.98,21.5,156.9,151.9,66.2,0.63,535.2,4.8,1.0,2.7,General Fitness,Functional,1.0,1.0,1.0,1.0,0.0,1.0,0.0
20.9,Female,62.8,1.54,26.56,23.1,203.7,182.3,46.9,0.64,524.5,3.5,2.0,3.6,Endurance,HIIT,1.0,0.0,1.0,1.0,0.0,0.0,1.0
38.4,Male,67.5,1.7,23.35,13.1,188.8,183.8,52.5,1.05,931.2,3.4,3.0,3.7,Weight Loss,HIIT,1.0,0.0,0.0,1.0,0.0,0.0,1.0
29.1,Female,67.1,1.62,25.66,32.1,187.5,127.7,73.1,2.11,1125.4,4.8,3.0,3.8,Muscle Gain,Powerlifting,1.0,1.0,0.0,1.0,0.0,0.0,0.0
53.0,Female,55.9,1.78,17.64,21.1,182.0,125.0,58.0,1.45,1308.0,3.0,2.0,1.5,Muscle Gain,Strength,1.0,1.0,0.0,0.0,0.0,0.0,0.0
37.3,Male,71.8,1.75,23.37,25.0,189.9,156.9,78.1,1.34,590.0,1.8,1.0,2.96,Strength,Strength,1.0,1.0,0.0,0.0,1.0,0.0,1.0
38.7,Female,74.4,1.75,24.31,26.1,184.7,115.6,66.7,1.53,376.0,3.4,2.0,3.22,Flexibility,Yoga,0.0,0.0,0.0,0.0,0.0,1.0,1.0
28.4,Female,52.8,1.55,21.87,23.4,187.7,182.7,61.7,0.52,519.6,4.1,2.0,3.4,Endurance,HIIT,1.0,1.0,0.0,1.0,0.0,0.0,1.0
45.5,Female,55.0,1.65,20.31,,163.4,157.7,49.1,0.6,383.1,4.3,2.0,3.3,Weight Loss,HIIT,1.0,0.0,0.0,1.0,0.0,0.0,0.0
16.0,Female,84.0,1.73,28.01,26.7,210.0,167.5,63.7,1.44,889.5,5.1,3.0,3.53,Weight Loss,Cardio,0.0,1.0,0.0,0.0,1.0,1.0,1.0
59.0,Male,45.8,1.5,20.36,24.0,163.0,137.0,55.0,1.98,1306.0,4.0,2.0,2.9,General Fitness,Strength,1.0,0.0,1.0,1.0,0.0,1.0,0.0
18.2,Male,60.6,1.68,21.44,20.9,210.0,136.6,60.6,1.78,746.8,4.4,3.0,3.1,Strength,Strength,1.0,0.0,1.0,0.0,0.0,1.0,1.0
34.4,Male,83.1,1.96,21.67,21.9,177.3,150.8,74.2,1.17,760.3,2.9,2.0,3.7,Endurance,Cardio,0.0,0.0,0.0,0.0,1.0,0.0,1.0
26.4,Male,74.3,1.75,24.3,8.1,188.2,176.8,50.1,0.62,730.8,4.8,3.0,3.8,General Fitness,HIIT,0.0,1.0,0.0,1.0,0.0,0.0,1.0
37.2,Male,70.5,1.77,22.52,15.8,166.0,105.1,68.2,2.39,656.6,5.0,2.0,4.1,Strength,Powerlifting,0.0,1.0,0.0,1.0,0.0,0.0,1.0
52.0,Female,65.8,1.82,19.86,17.1,168.0,167.0,71.0,1.15,751.0,3.0,1.0,1.5,Muscle Gain,Strength,1.0,1.0,0.0,1.0,0.0,0.0,1.0
24.0,Female,48.3,1.73,16.14,22.0,193.0,136.0,62.0,1.98,1404.0,3.0,1.0,3.5,Muscle Gain,Strength,0.0,0.0,1.0,0.0,1.0,0.0,1.0
60.1,Male,67.5,1.76,21.83,13.3,165.6,128.0,62.3,1.27,838.5,5.0,2.0,2.4,General Fitness,Functional,0.0,1.0,0.0,1.0,0.0,1.0,1.0
50.3,Male,59.0,1.56,24.25,16.2,186.4,157.3,56.8,0.67,606.5,5.8,3.0,2.5,Weight Loss,Cardio,0.0,0.0,0.0,0.0,1.0,0.0,1.0
45.3,Female,59.0,1.68,20.84,22.6,172.8,156.9,64.0,0.62,349.0,3.4,3.0,2.8,General Fitness,Functional,1.0,0.0,1.0,1.0,1.0,1.0,0.0
20.4,Male,78.3,1.73,26.04,17.9,209.0,117.0,66.4,1.36,730.8,3.3,3.0,3.3,Strength,Strength,1.0,1.0,1.0,0.0,0.0,0.0,0.0
39.1,Female,64.2,1.61,24.83,21.2,176.7,171.7,45.0,0.56,444.5,3.8,1.0,3.1,Weight Loss,Cardio,1.0,0.0,0.0,0.0,1.0,0.0,1.0
27.0,Female,43.4,1.71,14.84,10.0,184.0,165.0,71.0,1.24,945.0,2.0,2.0,3.6,Muscle Gain,Strength,1.0,0.0,1.0,1.0,0.0,0.0,1.0
46.0,Female,67.5,1.76,21.79,20.0,160.0,150.0,74.0,1.43,577.0,4.0,2.0,2.6,Muscle Gain,Strength,1.0,1.0,1.0,0.0,0.0,0.0,1.0
43.0,Female,47.6,1.65,17.48,22.0,198.0,140.0,61.0,2.0,692.0,3.0,2.0,3.5,Weight Loss,Cardio,0.0,0.0,0.0,0.0,0.0,0.0,1.0
25.3,Male,79.9,1.7,27.81,26.3,198.0,108.7,73.8,1.51,720.6,4.0,2.0,2.6,Strength,Powerlifting,1.0,1.0,1.0,1.0,0.0,0.0,1.0
51.1,Male,92.6,1.86,26.71,13.8,171.3,127.1,51.2,1.29,741.9,4.1,3.0,2.4,General Fitness,Functional,1.0,0.0,0.0,1.0,0.0,0.0,1.0
25.3,Male,80.0,1.79,25.08,16.3,210.0,119.9,49.6,0.52,138.3,4.9,2.0,,General Fitness,Yoga,0.0,0.0,0.0,1.0,1.0,1.0,1.0
39.0,Female,90.5,1.73,30.24,30.8,175.0,169.0,51.0,2.0,883.0,3.0,2.0,3.6,Endurance,HIIT,1.0,1.0,1.0,1.0,0.0,0.0,1.0
35.0,Male,75.4,1.64,28.03,20.5,198.0,167.0,63.0,1.14,1045.0,3.0,2.0,1.5,General Fitness,Strength,1.0,1.0,1.0,1.0,1.0,0.0,1.0
21.8,Male,62.9,1.78,19.87,13.1,193.8,133.3,64.8,0.81,441.8,4.4,1.0,3.0,Strength,Strength,1.0,1.0,1.0,0.0,0.0,0.0,0.0
42.3,Male,77.2,1.77,24.57,19.0,177.1,99.7,63.1,1.05,158.0,3.5,1.0,2.2,Flexibility,Yoga,0.0,1.0,0.0,0.0,0.0,1.0,1.0
64.8,Male,76.6,1.71,26.12,16.3,158.0,153.0,45.0,1.63,1320.6,3.8,2.0,3.4,Weight Loss,Cardio,1.0,0.0,0.0,0.0,0.0,0.0,1.0
50.0,Female,55.4,1.64,20.51,18.3,173.3,134.6,72.6,1.36,491.9,3.2,1.0,3.0,Muscle Gain,Strength,0.0,1.0,1.0,0.0,0.0,0.0,1.0
49.2,Female,52.0,1.55,21.54,19.2,180.2,161.9,49.3,1.08,515.2,5.1,1.0,3.1,Weight Loss,Cardio,0.0,0.0,1.0,1.0,1.0,0.0,1.0
60.4,Female,82.5,1.73,27.58,21.3,158.8,135.9,74.1,0.88,776.9,3.1,2.0,2.8,Muscle Gain,Functional,1.0,0.0,0.0,1.0,1.0,0.0,1.0
18.0,Male,75.4,1.97,19.43,29.7,177.0,136.0,67.0,0.76,1371.0,2.0,1.0,3.1,General Fitness,HIIT,0.0,1.0,0.0,1.0,1.0,1.0,1.0
43.2,Female,58.5,1.65,21.4,15.9,176.2,145.7,60.8,1.04,431.1,4.9,2.0,2.96,Weight Loss,Cardio,0.0,0.0,1.0,0.0,1.0,0.0,1.0
26.6,Female,64.1,1.59,25.39,24.5,195.9,158.0,74.3,1.68,1482.4,4.5,3.0,3.8,Weight Loss,Cardio,0.0,0.0,0.0,0.0,0.0,0.0,1.0
20.0,Male,65.3,1.81,19.93,24.4,171.0,168.0,74.0,0.75,793.0,3.0,2.0,2.1,Strength,Strength,1.0,1.0,1.0,0.0,0.0,0.0,1.0
44.5,Female,68.9,1.74,22.89,22.9,168.3,163.3,60.1,0.78,940.0,4.4,3.0,3.5,Weight Loss,HIIT,1.0,0.0,1.0,1.0,1.0,0.0,0.0
44.5,Female,78.5,1.61,30.36,33.9,177.6,114.3,64.3,2.41,1127.9,3.2,3.0,3.3,Strength,Powerlifting,1.0,1.0,0.0,0.0,0.0,0.0,1.0
22.6,Female,70.3,1.66,25.55,24.9,204.0,134.9,58.8,0.86,633.8,4.5,3.0,2.6,General Fitness,Functional,1.0,0.0,0.0,0.0,1.0,0.0,0.0
30.9,Female,76.1,1.68,26.86,14.4,196.9,178.5,49.2,1.52,1722.3,3.5,3.0,4.4,Weight Loss,Cardio,1.0,0.0,0.0,0.0,0.0,1.0,1.0
51.0,Female,96.3,1.88,27.25,28.1,166.0,127.0,59.0,1.32,1362.0,2.0,2.0,1.9,Muscle Gain,Strength,1.0,1.0,1.0,1.0,0.0,0.0,0.0
29.4,Male,87.2,1.82,26.39,14.1,202.1,113.6,79.3,0.99,620.3,3.8,1.0,2.9,Strength,Strength,1.0,0.0,1.0,0.0,0.0,0.0,1.0
37.6,Female,57.0,1.73,19.1,18.6,184.9,167.0,51.3,0.72,560.0,3.9,3.0,3.6,Weight Loss,HIIT,1.0,0.0,0.0,1.0,1.0,0.0,0.0
19.3,Male,81.7,1.69,28.58,26.6,205.5,135.8,72.0,0.58,172.7,3.4,1.0,3.34,General Fitness,Yoga,0.0,0.0,0.0,0.0,0.0,1.0,1.0
20.0,Female,80.2,1.65,29.44,20.2,209.4,124.6,71.9,1.02,639.2,3.6,3.0,2.3,General Fitness,Strength,1.0,1.0,1.0,0.0,0.0,0.0,1.0
28.0,Male,88.5,1.64,32.9,31.7,160.0,163.0,50.0,1.25,1190.0,3.0,1.0,3.2,Endurance,Cardio,0.0,0.0,0.0,0.0,0.0,0.0,0.0
42.8,Male,67.4,1.71,23.14,12.5,179.7,131.1,58.1,1.5,815.3,4.5,2.0,3.1,Muscle Gain,Strength,0.0,1.0,0.0,0.0,0.0,1.0,0.0
37.7,Female,68.2,1.63,25.8,20.0,178.3,93.7,65.5,0.69,125.0,4.0,1.0,1.5,General Fitness,Yoga,0.0,0.0,0.0,0.0,0.0,0.0,1.0
36.3,Male,68.8,1.73,22.91,20.0,182.2,137.5,48.2,1.33,714.0,4.4,3.0,2.9,Strength,Strength,1.0,1.0,1.0,0.0,0.0,1.0,1.0
25.0,Female,61.1,1.72,20.65,15.0,176.0,162.0,53.0,0.92,1378.0,4.0,1.0,3.4,Strength,Strength,1.0,1.0,1.0,0.0,1.0,0.0,0.0
27.7,Male,74.8,1.48,34.12,35.1,188.8,177.7,73.3,0.97,762.1,3.0,1.0,3.75,Endurance,HIIT,0.0,0.0,0.0,1.0,1.0,0.0,1.0
28.6,Female,63.6,1.54,26.72,24.7,188.7,111.1,66.7,1.99,563.7,3.3,1.0,1.6,Muscle Gain,Strength,1.0,1.0,1.0,0.0,0.0,0.0,1.0
32.7,Female,61.1,1.6,23.95,,196.2,149.0,67.5,0.79,588.1,3.5,3.0,2.9,General Fitness,Functional,1.0,0.0,0.0,1.0,1.0,1.0,1.0
51.0,Male,79.2,1.85,23.14,23.2,178.0,147.0,51.0,1.52,1355.0,4.0,1.0,2.0,Muscle Gain,Strength,1.0,1.0,1.0,0.0,0.0,0.0,1.0
37.0,Male,71.6,1.75,23.36,16.9,176.7,127.2,68.2,1.52,891.3,3.9,1.0,3.6,Strength,Strength,1.0,1.0,1.0,1.0,0.0,1.0,1.0
40.0,Male,76.7,1.68,27.18,27.3,177.0,133.0,57.0,0.89,984.0,2.0,3.0,3.1,Weight Loss,Cardio,0.0,0.0,0.0,0.0,0.0,0.0,1.0
16.0,Male,85.8,1.72,29.05,30.6,203.3,138.8,65.4,0.59,322.7,2.8,1.0,2.72,General Fitness,Strength,1.0,1.0,1.0,0.0,0.0,0.0,0.0
29.7,Male,58.2,1.79,18.23,16.4,190.9,96.7,66.1,0.54,54.3,3.7,1.0,1.5,Stress Relief,Yoga,0.0,0.0,0.0,0.0,1.0,1.0,1.0
49.0,Male,40.0,1.75,13.06,19.7,166.0,169.0,59.0,1.3,820.9,4.0,2.0,1.6,Strength,Strength,1.0,1.0,1.0,1.0,0.0,1.0,0.0
27.1,Female,69.1,1.54,29.25,22.1,203.8,111.9,69.8,1.68,724.8,4.1,2.0,3.2,Muscle Gain,Powerlifting,1.0,1.0,0.0,0.0,1.0,0.0,1.0
56.9,Male,50.9,1.63,19.11,10.2,174.9,150.0,59.0,1.0,712.9,3.1,2.0,3.4,General Fitness,HIIT,1.0,1.0,0.0,1.0,1.0,0.0,1.0
42.2,Male,77.8,1.73,26.09,14.5,177.4,125.6,60.7,1.43,1048.5,4.4,3.0,2.5,Athletic Performance,Functional,0.0,0.0,1.0,1.0,0.0,0.0,0.0
18.0,Female,59.1,2.0,14.78,23.2,181.0,123.0,72.0,1.94,901.0,4.0,2.0,2.4,General Fitness,HIIT,1.0,0.0,0.0,1.0,1.0,1.0,1.0
64.1,Male,72.6,1.7,25.22,17.2,158.0,119.5,69.8,1.34,474.7,3.8,3.0,2.7,Strength,Powerlifting,1.0,1.0,1.0,0.0,1.0,0.0,1.0
30.5,Female,89.6,1.67,32.16,26.0,181.1,140.2,67.1,1.19,689.6,3.5,2.0,2.27,General Fitness,Strength,1.0,1.0,1.0,0.0,0.0,0.0,1.0
18.5,Female,54.8,1.57,22.22,21.6,207.0,112.2,69.6,1.49,158.1,4.9,2.0,2.0,Stress Relief,Yoga,0.0,0.0,0.0,0.0,0.0,1.0,1.0
16.0,Male,63.6,1.75,20.89,19.5,208.9,175.9,72.3,1.13,514.3,2.1,1.0,3.67,Weight Loss,Cardio,0.0,0.0,0.0,1.0,0.0,0.0,1.0
45.6,Male,74.0,1.52,32.14,24.4,174.4,146.0,64.0,1.49,754.5,2.2,2.0,3.96,General Fitness,Strength,,,,,,,
29.0,Female,77.4,1.69,27.1,27.0,179.0,132.0,74.0,1.11,712.0,2.0,3.0,3.5,Muscle Gain,Strength,1.0,1.0,1.0,0.0,0.0,0.0,1.0
24.1,Male,96.2,1.74,31.76,31.8,200.7,164.4,64.9,1.11,820.9,2.0,1.0,2.98,Endurance,Cardio,0.0,0.0,0.0,0.0,0.0,0.0,1.0
45.6,Female,64.1,1.55,26.67,22.8,168.2,154.4,62.8,0.89,634.5,2.5,2.0,2.64,Weight Loss,HIIT,0.0,0.0,0.0,1.0,1.0,0.0,1.0
53.0,Female,70.5,1.9,19.53,31.9,198.0,146.0,69.0,0.84,766.0,5.0,1.0,2.9,Weight Loss,Cardio,0.0,0.0,0.0,0.0,0.0,0.0,1.0
41.0,Female,77.3,1.78,24.4,23.9,171.2,143.7,58.3,1.6,918.9,5.0,3.0,2.73,Weight Loss,Cardio,0.0,1.0,1.0,0.0,1.0,0.0,1.0
29.9,Male,70.6,1.8,21.88,19.3,188.3,183.3,58.6,0.78,1117.4,3.8,2.0,3.4,Endurance,HIIT,0.0,0.0,0.0,1.0,0.0,1.0,0.0
31.0,Male,61.8,1.76,19.91,21.5,185.5,156.9,66.3,1.33,1105.2,4.4,2.0,3.9,Athletic Performance,Functional,0.0,1.0,1.0,1.0,1.0,0.0,1.0
37.7,Female,59.4,1.63,22.36,22.9,180.7,144.1,75.2,1.2,437.9,3.9,2.0,2.59,Strength,Strength,1.0,1.0,1.0,0.0,0.0,0.0,1.0
27.5,Male,88.2,1.8,27.21,21.8,183.1,158.4,63.2,0.84,836.3,4.2,2.0,4.0,Muscle Gain,Functional,0.0,0.0,0.0,1.0,0.0,1.0,1.0
18.0,Male,56.2,1.75,18.35,29.6,164.0,127.0,57.0,1.45,952.0,4.0,3.0,3.5,General Fitness,Strength,1.0,1.0,0.0,0.0,1.0,1.0,0.0
39.8,Male,64.5,1.72,21.76,18.1,186.8,129.5,76.6,1.62,845.9,3.2,3.0,2.3,Strength,Strength,1.0,1.0,1.0,0.0,0.0,0.0,0.0
31.8,Female,76.6,1.67,27.33,26.9,188.4,118.1,74.4,1.2,676.8,3.7,3.0,2.7,Muscle Gain,Strength,0.0,1.0,1.0,0.0,0.0,0.0,1.0
64.7,Male,84.4,1.91,23.16,21.8,173.6,139.6,64.5,0.82,414.0,3.6,1.0,2.7,Muscle Gain,Strength,1.0,1.0,1.0,0.0,0.0,1.0,0.0
37.0,Female,58.7,1.78,18.53,29.5,195.0,154.0,59.0,1.34,1015.0,2.0,3.0,2.8,Endurance,Cardio,0.0,0.0,0.0,0.0,0.0,0.0,1.0
18.6,Male,77.4,1.73,25.88,27.3,202.1,105.1,67.3,1.14,477.2,4.8,3.0,2.5,Muscle Gain,Powerlifting,0.0,1.0,0.0,0.0,0.0,0.0,1.0
26.0,Male,83.1,1.52,35.97,10.0,163.0,139.0,51.0,1.95,925.0,3.0,1.0,2.8,General Fitness,Strength,1.0,1.0,0.0,0.0,1.0,0.0,0.0
35.8,Female,62.3,1.64,23.28,15.9,179.5,112.4,53.7,1.13,202.0,4.6,2.0,2.8,Stress Relief,Yoga,0.0,0.0,0.0,0.0,1.0,0.0,1.0
42.5,Male,65.0,1.62,24.78,26.9,174.3,138.4,72.6,1.32,534.3,3.5,2.0,3.55,Strength,Strength,1.0,1.0,1.0,0.0,0.0,0.0,1.0
37.7,Male,66.6,1.75,21.84,16.4,190.3,162.4,66.5,1.24,686.4,6.0,3.0,3.3,Endurance,Cardio,0.0,0.0,0.0,0.0,0.0,1.0,1.0
57.3,Female,59.1,1.62,22.56,18.4,149.3,124.4,64.4,1.97,848.8,4.4,1.0,3.0,Strength,Strength,1.0,1.0,1.0,0.0,1.0,0.0,1.0
31.0,Male,97.2,1.75,31.59,29.7,189.2,143.6,64.5,1.73,1074.0,2.9,1.0,3.77,Muscle Gain,Strength,1.0,0.0,1.0,1.0,0.0,0.0,0.0
44.1,Male,71.1,1.69,24.84,17.9,180.0,130.9,66.2,2.44,889.8,3.0,3.0,3.9,Strength,Powerlifting,1.0,1.0,1.0,0.0,1.0,0.0,1.0
43.0,Male,102.5,1.79,31.99,,190.0,138.0,69.0,1.54,844.0,4.0,2.0,3.7,General Fitness,Cardio,0.0,0.0,0.0,0.0,0.0,0.0,1.0
30.3,Male,51.7,1.77,16.6,20.4,179.7,135.6,65.9,1.29,430.6,1.4,2.0,2.99,Muscle Gain,Strength,1.0,1.0,0.0,0.0,0.0,0.0,0.0
24.0,Female,91.2,1.66,33.1,30.8,167.0,129.0,60.0,1.27,314.0,5.0,1.0,3.4,Endurance,HIIT,0.0,0.0,0.0,1.0,1.0,1.0,1.0
56.9,Female,74.2,1.78,23.31,27.1,168.2,111.9,69.4,0.51,145.7,1.9,2.0,3.7,Flexibility,Yoga,0.0,0.0,0.0,0.0,0.0,1.0,1.0
22.7,Male,66.9,1.69,23.33,14.4,210.0,90.8,57.6,1.13,121.8,3.6,2.0,,Stress Relief,Yoga,0.0,0.0,0.0,0.0,1.0,1.0,1.0
27.2,Female,101.1,1.69,35.42,36.8,195.6,157.0,75.6,1.74,1212.0,4.3,2.0,4.06,Athletic Performance,Functional,,,,,,,
48.5,Male,61.4,1.67,22.07,12.2,163.2,119.9,69.2,0.87,160.5,5.1,2.0,3.5,Stress Relief,Yoga,0.0,0.0,0.0,0.0,1.0,0.0,1.0
32.1,Female,68.2,1.74,22.45,19.9,188.7,155.0,53.4,1.0,504.8,3.9,3.0,3.39,Endurance,Cardio,0.0,0.0,0.0,0.0,0.0,0.0,1.0
37.0,Female,44.2,1.61,17.05,28.8,168.0,164.0,73.0,1.13,1011.0,4.0,3.0,2.5,Strength,Strength,1.0,1.0,1.0,0.0,0.0,0.0,0.0
26.0,Female,91.7,1.58,36.73,29.2,167.0,120.0,52.0,1.65,1334.0,2.0,2.0,2.6,Weight Loss,Cardio,0.0,0.0,1.0,1.0,0.0,0.0,1.0
34.3,Male,84.6,1.82,25.56,15.6,165.7,101.9,57.0,1.01,166.8,2.4,3.0,2.4,Flexibility,Yoga,0.0,0.0,0.0,1.0,0.0,1.0,1.0
26.3,Female,84.8,1.82,25.61,22.5,198.7,163.1,73.8,1.64,971.7,2.4,1.0,,Athletic Performance,Strength,,,,,,,
38.8,Male,65.7,1.69,22.94,11.7,178.6,173.6,58.2,0.72,731.6,5.2,1.0,3.1,General Fitness,Cardio,1.0,0.0,0.0,0.0,0.0,0.0,1.0
22.3,Male,67.2,1.76,21.58,19.5,210.0,131.6,70.0,0.98,407.5,3.1,3.0,2.4,General Fitness,Functional,0.0,1.0,0.0,1.0,0.0,1.0,0.0
24.3,Female,57.5,1.58,23.16,20.2,183.7,116.4,69.1,0.9,248.5,3.4,1.0,1.6,Strength,Strength,0.0,1.0,1.0,0.0,0.0,0.0,1.0
25.8,Male,74.5,1.75,24.21,17.1,180.0,137.6,57.6,0.95,393.6,3.8,1.0,3.2,Strength,Strength,0.0,1.0,1.0,0.0,0.0,1.0,0.0
29.0,Female,52.0,1.58,20.73,16.9,196.6,163.1,62.4,1.65,826.2,5.4,2.0,3.4,Weight Loss,Cardio,0.0,0.0,0.0,0.0,0.0,0.0,1.0
18.0,Female,110.3,1.76,35.61,33.0,168.0,169.0,55.0,1.86,1391.0,5.0,3.0,3.5,Strength,Strength,1.0,0.0,1.0,0.0,0.0,0.0,1.0
29.2,Female,53.1,1.63,19.96,19.8,191.4,127.3,64.1,1.28,495.1,3.6,3.0,2.3,General Fitness,Functional,1.0,0.0,1.0,1.0,1.0,0.0,0.0
32.0,Male,92.7,1.88,26.29,16.3,197.6,163.0,52.8,1.43,1370.5,5.9,2.0,3.0,Endurance,Cardio,0.0,0.0,0.0,0.0,0.0,1.0,1.0
34.2,Male,71.0,1.65,26.17,14.0,182.0,177.0,60.0,0.86,1203.3,2.6,3.0,2.7,Endurance,HIIT,1.0,1.0,0.0,1.0,1.0,0.0,0.0
66.0,Male,83.9,1.65,30.91,35.2,146.9,124.7,68.0,0.73,460.1,2.5,1.0,3.32,Weight Loss,Cardio,0.0,0.0,0.0,0.0,0.0,0.0,1.0
25.3,Male,68.8,1.73,23.07,15.3,193.8,115.3,70.5,2.31,1023.5,3.4,2.0,2.4,Muscle Gain,Powerlifting,0.0,1.0,0.0,0.0,0.0,0.0,0.0
28.5,Male,68.9,1.68,24.27,16.0,180.8,103.4,78.3,0.71,94.7,4.1,1.0,2.2,Flexibility,Yoga,0.0,0.0,0.0,0.0,1.0,1.0,1.0
35.4,Male,81.3,1.79,25.47,13.7,189.8,184.8,68.9,1.19,1362.7,4.0,2.0,3.9,Endurance,HIIT,1.0,1.0,0.0,1.0,1.0,0.0,1.0
34.9,Female,69.5,1.67,24.79,26.7,192.5,141.5,66.1,2.01,870.2,2.9,1.0,3.08,Muscle Gain,Strength,1.0,1.0,1.0,1.0,1.0,0.0,1.0
19.0,Female,51.4,1.84,15.18,20.9,169.0,152.0,58.0,1.14,1175.0,5.0,3.0,3.5,General Fitness,Strength,1.0,1.0,1.0,1.0,0.0,0.0,1.0
24.3,Male,60.1,1.78,18.92,12.8,190.1,116.2,63.2,0.8,186.6,3.2,1.0,2.7,Flexibility,Yoga,0.0,0.0,0.0,0.0,1.0,0.0,1.0
47.0,Female,71.5,1.79,22.32,29.1,162.0,169.0,65.0,1.84,822.0,5.0,2.0,2.3,General Fitness,HIIT,0.0,1.0,0.0,0.0,1.0,0.0,1.0
50.0,Female,40.0,1.75,13.06,31.7,162.0,169.0,55.0,2.0,1449.0,4.0,3.0,3.5,Muscle Gain,Strength,1.0,1.0,1.0,1.0,0.0,1.0,1.0
44.2,Male,79.9,1.77,25.45,15.4,169.9,102.6,68.2,0.76,96.4,3.9,3.0,1.5,Flexibility,Yoga,0.0,0.0,0.0,0.0,0.0,0.0,1.0
35.8,Male,74.1,1.75,24.17,27.3,189.9,160.8,56.9,1.22,610.6,2.5,2.0,3.47,Weight Loss,Cardio,0.0,0.0,0.0,0.0,0.0,0.0,1.0
26.8,Female,51.0,1.51,22.28,19.6,199.9,125.3,76.2,1.23,316.2,4.7,3.0,3.4,Strength,Strength,1.0,1.0,1.0,0.0,0.0,1.0,1.0
36.7,Female,63.9,1.68,22.59,25.0,203.6,142.9,61.9,1.96,852.1,4.0,2.0,3.3,Strength,Strength,1.0,1.0,1.0,1.0,0.0,0.0,1.0
30.5,Female,59.7,1.66,21.63,19.2,199.8,153.9,63.9,1.48,759.9,3.4,2.0,3.4,Muscle Gain,Functional,1.0,0.0,1.0,0.0,1.0,0.0,0.0
35.4,Male,67.6,1.75,22.07,8.2,173.7,158.1,55.4,0.38,237.8,3.4,3.0,3.2,Weight Loss,HIIT,1.0,1.0,0.0,0.0,0.0,0.0,1.0
33.0,Female,63.8,1.66,23.26,15.6,194.4,164.2,53.0,1.42,1165.5,5.6,2.0,3.7,Endurance,Cardio,0.0,0.0,0.0,0.0,0.0,0.0,1.0
31.7,Male,83.9,1.77,26.72,8.7,199.9,168.0,48.7,0.69,805.3,2.9,3.0,3.2,General Fitness,HIIT,1.0,1.0,1.0,1.0,1.0,0.0,1.0
28.0,Female,85.6,1.54,36.09,14.9,168.0,128.0,59.0,1.45,860.0,4.0,1.0,2.4,Muscle Gain,Strength,1.0,1.0,1.0,1.0,1.0,0.0,0.0
32.4,Male,94.8,1.88,26.8,18.2,187.8,153.6,56.7,1.45,1271.8,4.2,1.0,2.9,General Fitness,Functional,1.0,0.0,1.0,1.0,1.0,1.0,1.0
35.3,Female,49.5,1.56,20.26,23.6,176.0,171.0,60.2,0.31,203.1,2.9,2.0,3.1,Weight Loss,HIIT,1.0,0.0,0.0,1.0,1.0,0.0,1.0
54.1,Female,54.2,1.51,23.69,19.5,154.0,115.9,69.6,1.42,429.8,4.7,1.0,2.4,Muscle Gain,Strength,1.0,1.0,1.0,0.0,1.0,0.0,1.0
30.6,Female,62.9,1.76,20.31,22.0,188.5,118.2,64.6,1.26,539.0,4.8,1.0,2.6,Muscle Gain,Strength,1.0,1.0,1.0,1.0,0.0,1.0,0.0
26.9,Male,70.8,1.7,24.44,10.1,199.7,167.6,55.5,1.14,1148.1,3.2,3.0,3.7,Weight Loss,Cardio,0.0,0.0,0.0,0.0,0.0,0.0,1.0
27.5,Male,95.8,1.88,27.06,10.8,187.4,158.0,53.3,1.0,1569.7,4.9,2.0,3.1,Endurance,HIIT,1.0,0.0,1.0,0.0,0.0,0.0,1.0
28.1,Male,73.4,1.8,22.61,18.2,199.5,167.1,60.4,0.55,731.9,2.0,2.0,2.8,Weight Loss,HIIT,1.0,1.0,0.0,1.0,1.0,1.0,1.0
23.0,Male,72.9,1.51,31.97,22.3,190.0,164.0,57.0,1.29,925.0,2.0,1.0,1.5,Strength,Strength,1.0,0.0,1.0,1.0,0.0,0.0,1.0
21.8,Female,50.1,1.62,19.2,24.0,199.0,93.5,68.7,0.68,90.0,2.7,1.0,2.4,Flexibility,Yoga,0.0,0.0,0.0,0.0,0.0,1.0,1.0
28.8,Male,86.0,1.73,28.83,21.7,205.0,105.5,76.3,1.8,911.2,4.4,3.0,2.7,Muscle Gain,Powerlifting,1.0,1.0,0.0,0.0,0.0,1.0,0.0
